Exp or Imp,Year,HS,Country,Unit1,Unit2,Quantity1-Year,Quantity2-Year,Value-Year,Quantity1-Jan,Quantity2-Jan,Value-Jan,Quantity1-Feb,Quantity2-Feb,Value-Feb,Quantity1-Mar,Quantity2-Mar,Value-Mar,Quantity1-Apr,Quantity2-Apr,Value-Apr,Quantity1-May,Quantity2-May,Value-May,Quantity1-Jun,Quantity2-Jun,Value-Jun,Quantity1-Jul,Quantity2-Jul,Value-Jul,Quantity1-Aug,Quantity2-Aug,Value-Aug,Quantity1-Sep,Quantity2-Sep,Value-Sep,Quantity1-Oct,Quantity2-Oct,Value-Oct,Quantity1-Nov,Quantity2-Nov,Value-Nov,Quantity1-Dec,Quantity2-Dec,Value-Dec
2,2025,'060110010',207,  ,TH,0,57524,2778335,0,5634,185360,0,9477,409445,0,6371,295318,0,11744,557023,0,6921,374848,0,7321,428782,0,6050,315777,0,2727,155517,0,1277,55702,0,2,563,0,0,0,0,0,0
2,2025,'060110010',210,  ,TH,0,3609,207481,0,538,18418,0,264,10908,0,200,11312,0,891,63166,0,760,50857,0,612,35789,0,157,9312,0,150,6120,0,37,1599,0,0,0,0,0,0,0,0,0
2,2025,'060110010',409,  ,TH,0,4908,385233,0,0,0,0,0,0,0,0,0,0,0,0,0,0,0,0,0,0,0,0,0,0,0,0,0,296,9625,0,2439,196724,0,2173,178884,0,0,0
2,2025,'060110010',606,  ,TH,0,9475,682828,0,0,0,0,0,0,0,0,0,0,0,0,0,0,0,0,0,0,0,0,0,0,0,0,0,3812,269637,0,3957,305990,0,1706,107201,0,0,0
2,2025,'060110020',207,  ,TH,0,75281,2193842,0,1358,33167,0,0,0,0,0,0,0,0,0,0,0,0,0,0,0,0,2698,65636,0,17901,475444,0,20214,472646,0,15431,484320,0,10475,395813,0,7204,266816
2,2025,'060110020',606,  ,TH,0,2210,62405,0,0,0,0,0,0,0,0,0,0,0,0,0,0,0,0,0,0,0,2210,62405,0,0,0,0,0,0,0,0,0,0,0,0,0,0,0
2,2025,'060110090',105,  ,TH,0,353,9692,0,6,550,0,0,0,0,0,0,0,0,0,0,0,0,0,13,242,0,288,6066,0,0,0,0,31,2052,0,15,782,0,0,0,0,0,0
2,2025,'060110090',106,  ,TH,0,1,736,0,0,0,0,1,296,0,0,0,0,0,0,0,0,0,0,0,0,0,0,0,0,0,0,0,0,0,0,0,0,0,0,440,0,0,0
2,2025,'060110090',111,  ,TH,0,249,15320,0,29,1655,0,120,6001,0,70,4212,0,28,2528,0,2,386,0,0,0,0,0,0,0,0,263,0,0,275,0,0,0,0,0,0,0,0,0
2,2025,'060110090',118,  ,TH,0,85,1104,0,85,1104,0,0,0,0,0,0,0,0,0,0,0,0,0,0,0,0,0,0,0,0,0,0,0,0,0,0,0,0,0,0,0,0,0
2,2025,'060110090',123,  ,TH,0,3762,24425,0,3155,18741,0,146,1445,0,0,0,0,0,0,0,51,3105,0,0,0,0,0,0,0,0,0,0,0,0,0,0,0,0,0,0,0,410,1134
2,2025,'060110090',124,  ,TH,0,0,978,0,0,0,0,0,0,0,0,0,0,0,0,0,0,0,0,0,0,0,0,0,0,0,978,0,0,0,0,0,0,0,0,0,0,0,0
2,2025,'060110090',131,  ,TH,0,245,5898,0,0,0,0,0,0,0,0,0,0,0,0,0,0,0,0,0,0,0,0,0,0,0,0,0,0,0,0,82,2202,0,163,3696,0,0,0
2,2025,'060110090',143,  ,TH,0,73,4481,0,0,0,0,1,392,0,0,0,0,0,0,0,0,0,0,0,0,0,0,0,0,2,355,0,60,2890,0,10,844,0,0,0,0,0,0
2,2025,'060110090',205,  ,TH,0,1,349,0,0,0,0,0,0,0,0,0,0,0,0,0,0,0,0,0,0,0,0,0,0,0,0,0,1,349,0,0,0,0,0,0,0,0,0
2,2025,'060110090',207,  ,TH,0,52608,1077931,0,3719,68050,0,5128,159224,0,8756,75868,0,1870,25619,0,3199,33701,0,854,17755,0,2562,58739,0,13988,212298,0,4033,80009,0,5693,118783,0,2293,92764,0,513,135121
2,2025,'060110090',208,  ,TH,0,9,2537,0,0,0,0,9,2537,0,0,0,0,0,0,0,0,0,0,0,0,0,0,0,0,0,0,0,0,0,0,0,0,0,0,0,0,0,0
2,2025,'060110090',220,  ,TH,0,82,15702,0,0,0,0,0,0,0,1,1858,0,0,0,0,0,0,0,0,0,0,0,0,0,0,0,0,0,0,0,81,13844,0,0,0,0,0,0
2,2025,'060110090',234,  ,TH,0,314,4800,0,0,0,0,0,0,0,0,0,0,0,0,0,0,0,0,0,0,0,0,0,0,14,818,0,300,3982,0,0,0,0,0,0,0,0,0
2,2025,'060110090',304,  ,TH,0,108,14874,0,0,0,0,0,0,0,102,13411,0,6,1463,0,0,0,0,0,0,0,0,0,0,0,0,0,0,0,0,0,0,0,0,0,0,0,0
2,2025,'060110090',541,  ,TH,0,0,1596,0,0,0,0,0,0,0,0,0,0,0,0,0,0,0,0,0,0,0,0,0,0,0,534,0,0,241,0,0,821,0,0,0,0,0,0
2,2025,'060110090',543,  ,TH,0,2,37506,0,1,1750,0,1,4233,0,0,4266,0,0,4632,0,0,3035,0,0,4189,0,0,3073,0,0,3798,0,0,4093,0,0,2069,0,0,761,0,0,1607
2,2025,'060110090',545,  ,TH,0,0,6676,0,0,0,0,0,0,0,0,0,0,0,2954,0,0,1900,0,0,844,0,0,714,0,0,0,0,0,0,0,0,0,0,0,0,0,0,264
2,2025,'060110090',546,  ,TH,0,0,60126,0,0,0,0,0,7014,0,0,2071,0,0,5140,0,0,3908,0,0,6180,0,0,3963,0,0,2381,0,0,13531,0,0,8565,0,0,4693,0,0,2680
2,2025,'060110090',551,  ,TH,0,0,668,0,0,0,0,0,0,0,0,668,0,0,0,0,0,0,0,0,0,0,0,0,0,0,0,0,0,0,0,0,0,0,0,0,0,0,0
2,2025,'060120000',105,  ,TH,0,4271,105407,0,30,1671,0,198,12148,0,411,11893,0,435,13933,0,263,13078,0,477,8279,0,340,6981,0,692,7464,0,503,9933,0,284,6853,0,402,10579,0,236,2595
2,2025,'060120000',106,  ,TH,0,5,6418,0,0,0,0,0,0,0,0,0,0,4,3765,0,0,0,0,0,1716,0,0,0,0,0,0,0,1,937,0,0,0,0,0,0,0,0,0
2,2025,'060120000',111,  ,TH,0,20,17830,0,0,0,0,1,1283,0,3,1265,0,1,1545,0,4,2539,0,2,279,0,4,3059,0,0,294,0,3,4982,0,0,1076,0,0,342,0,2,1166
2,2025,'060120000',207,  ,TH,0,21,203,0,0,0,0,21,203,0,0,0,0,0,0,0,0,0,0,0,0,0,0,0,0,0,0,0,0,0,0,0,0,0,0,0,0,0,0
2,2025,'060120000',220,  ,TH,0,0,1104,0,0,0,0,0,0,0,0,0,0,0,0,0,0,0,0,0,0,0,0,1104,0,0,0,0,0,0,0,0,0,0,0,0,0,0,0
2,2025,'060120000',543,  ,TH,0,0,18340,0,0,337,0,0,2237,0,0,0,0,0,2005,0,0,1492,0,0,2072,0,0,1276,0,0,1589,0,0,2722,0,0,4610,0,0,0,0,0,0
2,2025,'060120000',545,  ,TH,0,5,4636,0,0,0,0,0,0,0,0,0,0,0,878,0,0,2063,0,3,349,0,1,237,0,0,0,0,1,321,0,0,788,0,0,0,0,0,0
2,2025,'060120000',546,  ,TH,0,0,170561,0,0,6301,0,0,13372,0,0,6876,0,0,3253,0,0,2246,0,0,10945,0,0,22670,0,0,9040,0,0,24544,0,0,31295,0,0,16031,0,0,23988
2,2025,'060210000',103,  ,NO,0,111000,10885,0,0,0,0,30000,3030,0,0,0,0,0,0,0,0,0,0,0,0,0,31000,2946,0,0,0,0,0,0,0,50000,4909,0,0,0,0,0,0
2,2025,'060210000',105,  ,NO,0,114812037,700682,0,11617191,67778,0,12168544,72550,0,14718047,86033,0,14375350,95615,0,6183879,50131,0,8707294,53966,0,5207609,31686,0,7889223,47153,0,8820356,51837,0,6346111,36867,0,9105264,52329,0,9673169,54737
2,2025,'060210000',110,  ,NO,0,66097074,401977,0,6192223,40272,0,4707240,28905,0,5118954,37393,0,6545950,39497,0,6211710,47486,0,4230240,24653,0,5823355,31031,0,7110560,36849,0,6336340,34475,0,5433785,30725,0,4462422,26722,0,3924295,23969
2,2025,'060210000',111,  ,NO,0,61304,12671,0,0,0,0,0,0,0,48270,11717,0,13034,954,0,0,0,0,0,0,0,0,0,0,0,0,0,0,0,0,0,0,0,0,0,0,0,0
2,2025,'060210000',113,  ,NO,0,2933450,10217,0,0,0,0,0,0,0,0,0,0,0,0,0,0,0,0,0,0,0,0,0,0,322700,1104,0,582600,1998,0,632050,2154,0,542850,1907,0,853250,3054
2,2025,'060210000',117,  ,NO,0,361910,8957,0,10780,265,0,20895,592,0,19640,501,0,33160,902,0,71120,1976,0,14500,428,0,17960,617,0,31590,505,0,43070,747,0,33935,1018,0,21630,600,0,43630,806
2,2025,'060210000',118,  ,NO,0,13629626,67998,0,1802700,8997,0,595000,2913,0,796300,4079,0,913726,4978,0,832000,4075,0,670500,3283,0,623200,3052,0,2032100,10149,0,1186900,6010,0,1609300,7883,0,1400900,6862,0,1167000,5717
2,2025,'060210000',123,  ,NO,0,295200,2264,0,62050,482,0,0,0,0,41500,328,0,0,0,0,44850,357,0,40300,346,0,0,0,0,0,0,0,44500,312,0,0,0,0,62000,439,0,0,0
2,2025,'060210000',125,  ,NO,0,8216824,77740,0,841470,6673,0,1340330,11310,0,1105400,9825,0,647950,8428,0,1063180,13197,0,854020,5845,0,535490,4028,0,313040,5666,0,336090,2995,0,358410,3544,0,507410,3878,0,314034,2351
2,2025,'060210000',143,  ,NO,0,94873,5379,0,24400,1213,0,21600,1186,0,0,0,0,1800,431,0,0,0,0,21773,1239,0,5600,203,0,0,0,0,0,0,0,0,0,0,4200,213,0,15500,894
2,2025,'060210000',207,  ,NO,0,30510,1875,0,0,0,0,7200,338,0,0,0,0,11380,594,0,0,0,0,0,0,0,0,0,0,0,0,0,0,0,0,6200,416,0,5730,527,0,0,0
2,2025,'060210000',210,  ,NO,0,10339,607,0,0,0,0,10000,403,0,0,0,0,0,0,0,0,0,0,339,204,0,0,0,0,0,0,0,0,0,0,0,0,0,0,0,0,0,0
2,2025,'060210000',213,  ,NO,0,21500,1649,0,0,0,0,8770,740,0,11610,703,0,0,0,0,1120,206,0,0,0,0,0,0,0,0,0,0,0,0,0,0,0,0,0,0,0,0,0
2,2025,'060210000',217,  ,NO,0,83325,5056,0,17900,993,0,0,0,0,0,0,0,34180,1876,0,18545,1362,0,0,0,0,0,0,0,0,0,0,0,0,0,0,0,0,4900,332,0,7800,493
2,2025,'060210000',218,  ,NO,0,20,208,0,0,0,0,0,0,0,0,0,0,20,208,0,0,0,0,0,0,0,0,0,0,0,0,0,0,0,0,0,0,0,0,0,0,0,0
2,2025,'060210000',220,  ,NO,0,120722,15287,0,0,0,0,0,0,0,0,0,0,0,0,0,83296,11652,0,34591,3305,0,2835,330,0,0,0,0,0,0,0,0,0,0,0,0,0,0,0
2,2025,'060210000',234,  ,NO,0,21600,1625,0,0,0,0,0,0,0,0,0,0,0,0,0,12300,1399,0,0,0,0,0,0,0,0,0,0,0,0,0,0,0,0,9300,226,0,0,0
2,2025,'060210000',238,  ,NO,0,200,715,0,0,0,0,0,0,0,0,0,0,0,0,0,0,0,0,0,0,0,0,0,0,0,0,0,200,715,0,0,0,0,0,0,0,0,0
2,2025,'060210000',304,  ,NO,0,1652,4320,0,0,0,0,0,0,0,200,754,0,1452,3566,0,0,0,0,0,0,0,0,0,0,0,0,0,0,0,0,0,0,0,0,0,0,0,0
2,2025,'060210000',305,  ,NO,0,179,5037,0,0,0,0,0,0,0,70,2261,0,0,0,0,109,2776,0,0,0,0,0,0,0,0,0,0,0,0,0,0,0,0,0,0,0,0,0
2,2025,'060210000',306,  ,NO,0,37600,2268,0,7300,392,0,10400,682,0,9900,464,0,0,0,0,10000,730,0,0,0,0,0,0,0,0,0,0,0,0,0,0,0,0,0,0,0,0,0
2,2025,'060210000',310,  ,NO,0,646300,18918,0,153700,4334,0,236900,6601,0,114500,3237,0,11800,335,0,11400,338,0,20200,621,0,10600,305,0,0,0,0,15700,476,0,21000,1507,0,31200,692,0,19300,472
2,2025,'060210000',311,  ,NO,0,385140,7341,0,129330,2356,0,136400,2512,0,65860,1324,0,0,0,0,13350,297,0,9600,218,0,0,0,0,0,0,0,9500,235,0,0,0,0,0,0,0,21100,399
2,2025,'060210000',401,  ,NO,0,1372242,36553,0,270066,5957,0,111819,2247,0,255254,7792,0,206531,2938,0,178125,6744,0,58991,1634,0,6919,1318,0,759,442,0,67806,1361,0,74980,2052,0,67421,1411,0,73571,2657
2,2025,'060210000',410,  ,NO,0,106800,3923,0,0,0,0,0,0,0,0,0,0,0,0,0,58800,2223,0,48000,1700,0,0,0,0,0,0,0,0,0,0,0,0,0,0,0,0,0,0
2,2025,'060210000',538,  ,NO,0,16915782,92262,0,1249444,6364,0,1132043,4815,0,1451408,6080,0,1975924,8471,0,1643954,9109,0,1907022,11487,0,1605307,11201,0,1860487,8469,0,2068181,10111,0,701771,4418,0,678586,6162,0,641655,5575
2,2025,'060210000',541,  ,NO,0,7592688,232886,0,838205,23288,0,737085,21316,0,513000,17167,0,152150,5263,0,215600,7640,0,487350,14347,0,340980,10365,0,330000,10130,0,964250,31219,0,1171300,36676,0,995020,30378,0,847748,25097
2,2025,'060210000',542,  ,NO,0,10623101,74464,0,282000,2518,0,322800,3302,0,331410,3555,0,415300,3798,0,432810,6993,0,1349040,10407,0,1434609,7756,0,1888635,8709,0,1919800,14874,0,695550,2859,0,822147,6824,0,729000,2869
2,2025,'060210000',543,  ,NO,0,183223,6461,0,0,0,0,0,0,0,4500,241,0,0,0,0,90500,1651,0,61854,2369,0,169,1638,0,0,0,0,0,0,0,0,0,0,26200,562,0,0,0
2,2025,'060210000',551,  ,NO,0,2530,693,0,0,0,0,0,0,0,0,0,0,0,0,0,2530,693,0,0,0,0,0,0,0,0,0,0,0,0,0,0,0,0,0,0,0,0,0
2,2025,'060220000',105,  ,NO,0,15376,15772,0,6200,6295,0,350,211,0,2460,2926,0,0,0,0,0,0,0,0,0,0,2050,1863,0,0,0,0,770,744,0,210,414,0,1300,1349,0,2036,1970
2,2025,'060220000',117,  ,NO,0,200,655,0,0,0,0,0,0,0,0,0,0,0,0,0,200,655,0,0,0,0,0,0,0,0,0,0,0,0,0,0,0,0,0,0,0,0,0
2,2025,'060220000',207,  ,NO,0,14103,11659,0,1250,717,0,6280,5092,0,4573,3600,0,0,0,0,0,0,0,0,0,0,0,0,0,0,0,0,0,0,0,0,0,0,2000,2250,0,0,0
2,2025,'060220000',218,  ,NO,0,154,18768,0,0,0,0,54,6474,0,0,0,0,0,0,0,50,9198,0,0,0,0,0,0,0,0,0,0,0,0,0,0,0,0,0,0,0,50,3096
2,2025,'060220000',220,  ,NO,0,29270,18407,0,0,0,0,19270,12749,0,10000,5658,0,0,0,0,0,0,0,0,0,0,0,0,0,0,0,0,0,0,0,0,0,0,0,0,0,0,0
2,2025,'060220000',304,  ,NO,0,187,1576,0,0,0,0,0,0,0,180,1254,0,0,0,0,0,0,0,7,322,0,0,0,0,0,0,0,0,0,0,0,0,0,0,0,0,0,0
2,2025,'060220000',601,  ,NO,0,385,1342,0,0,0,0,0,0,0,0,0,0,0,0,0,0,0,0,0,0,0,0,0,0,0,0,0,385,1342,0,0,0,0,0,0,0,0,0
2,2025,'060220000',606,  ,NO,0,1350,1007,0,0,0,0,0,0,0,292,320,0,0,0,0,0,0,0,1058,687,0,0,0,0,0,0,0,0,0,0,0,0,0,0,0,0,0,0
2,2025,'060230000',207,  ,NO,0,200,225,0,0,0,0,200,225,0,0,0,0,0,0,0,0,0,0,0,0,0,0,0,0,0,0,0,0,0,0,0,0,0,0,0,0,0,0
2,2025,'060230000',223,  ,NO,0,2726,3583,0,0,0,0,0,0,0,0,0,0,0,0,0,0,0,0,2726,3583,0,0,0,0,0,0,0,0,0,0,0,0,0,0,0,0,0,0
2,2025,'060240000',205,  ,NO,0,44698,33346,0,970,827,0,0,0,0,0,0,0,0,0,0,0,0,0,0,0,0,0,0,0,0,0,0,0,0,0,16215,12631,0,27513,19888,0,0,0
2,2025,'060240000',207,  ,NO,0,14768,12015,0,360,622,0,11610,9921,0,0,0,0,0,0,0,0,0,0,0,0,0,0,0,0,0,0,0,0,0,0,0,0,0,1948,515,0,850,957
2,2025,'060240000',208,  ,NO,0,153,334,0,153,334,0,0,0,0,0,0,0,0,0,0,0,0,0,0,0,0,0,0,0,0,0,0,0,0,0,0,0,0,0,0,0,0,0
2,2025,'060290011',105,  ,KG,0,16087301,1501857,0,1830955,176897,0,1786808,175228,0,1237231,116259,0,590212,53052,0,1200327,108359,0,785360,68198,0,833564,76346,0,906319,86974,0,1075509,100579,0,1680942,155404,0,2205398,201948,0,1954676,182613
2,2025,'060290019',105,  ,KG,0,781718,49430,0,52945,4465,0,26070,1742,0,22500,1370,0,296718,18262,0,10200,733,0,29250,1774,0,22520,1204,0,23000,1244,0,182020,11289,0,41315,2941,0,48000,2664,0,27180,1742
2,2025,'060290019',106,  ,KG,0,32360,2106,0,0,0,0,6400,493,0,0,0,0,17560,1015,0,0,0,0,0,0,0,0,0,0,0,0,0,0,0,0,0,0,0,8400,598,0,0,0
2,2025,'060290019',207,  ,KG,0,798719,86626,0,148750,14707,0,24000,1651,0,24000,1667,0,46123,3138,0,48000,3371,0,1000,535,0,115473,17002,0,104600,11615,0,101980,10098,0,57400,8512,0,80000,10290,0,47393,4040
2,2025,'060290019',210,  ,KG,0,130330,63472,0,9000,4133,0,4000,1875,0,27600,12315,0,5200,2457,0,16600,7633,0,13180,6245,0,12900,6460,0,5000,2744,0,2400,1294,0,16500,8690,0,5600,3161,0,12350,6465
2,2025,'060290019',304,  ,KG,0,135711,64199,0,7762,3592,0,6985,3669,0,4842,2510,0,25209,10381,0,26144,12626,0,7762,3322,0,4698,2823,0,0,0,0,18796,9115,0,12263,6193,0,21250,9968,0,0,0
2,2025,'060290090',103,  ,KG,0,32807,71478,0,102,538,0,57,323,0,18307,39726,0,9419,18400,0,0,0,0,0,0,0,0,0,0,213,1056,0,2175,2305,0,1456,3887,0,1078,5243,0,0,0
2,2025,'060290090',105,  ,KG,0,2185221,1747125,0,147869,123233,0,151004,107034,0,216514,154766,0,255692,186324,0,298501,225142,0,230212,235480,0,130706,95059,0,149667,75332,0,163684,127318,0,127164,148136,0,158367,141524,0,155841,127777
2,2025,'060290090',106,  ,KG,0,3186574,4836428,0,214512,369458,0,248197,377365,0,278554,376276,0,314559,439175,0,297570,451993,0,279898,427970,0,274966,423347,0,216620,348245,0,262605,399600,0,256603,418362,0,303969,397997,0,238521,406640
2,2025,'060290090',110,  ,KG,0,99540,236669,0,4517,12299,0,4948,10333,0,5231,13694,0,11721,12918,0,9217,27553,0,15215,40615,0,6978,18730,0,5059,14313,0,14443,32749,0,8098,18214,0,10501,25109,0,3612,10142
2,2025,'060290090',111,  ,KG,0,359232,609025,0,18441,27202,0,20578,39845,0,40104,85733,0,49341,77507,0,43369,71519,0,32784,56833,0,43705,60614,0,10844,20018,0,40990,58585,0,18060,44267,0,18688,30232,0,22328,36670
2,2025,'060290090',112,  ,KG,0,41084,151647,0,2515,9616,0,1777,7336,0,2885,10772,0,3508,12183,0,2474,9021,0,2801,10254,0,6302,16959,0,4368,19423,0,4593,17476,0,3673,13805,0,3337,13289,0,2851,11513
2,2025,'060290090',113,  ,KG,0,11487,35696,0,613,1521,0,295,972,0,1260,3912,0,2043,6424,0,1778,5315,0,1288,3945,0,655,2296,0,620,1893,0,838,2687,0,785,3085,0,917,2433,0,395,1213
2,2025,'060290090',117,  ,KG,0,126398,87468,0,15501,7230,0,6174,5745,0,12244,8466,0,11251,8279,0,16518,10430,0,7473,7338,0,15669,8937,0,5697,4159,0,2282,5993,0,6757,6782,0,15774,8949,0,11058,5160
2,2025,'060290090',118,  ,KG,0,17281,47969,0,837,2286,0,1047,3561,0,1850,6275,0,1899,4273,0,1189,4355,0,1592,3801,0,1895,4802,0,1709,4067,0,2232,5377,0,977,3126,0,1162,3462,0,892,2584
2,2025,'060290090',123,  ,KG,0,15346,240353,0,1282,20232,0,2283,36860,0,1311,51267,0,1333,18630,0,842,13347,0,1707,31510,0,1029,14656,0,1215,10655,0,981,9957,0,1184,9226,0,827,11567,0,1352,12446
2,2025,'060290090',125,  ,KG,0,24860,97478,0,1300,6165,0,3845,13209,0,4888,14779,0,2172,7515,0,2530,8145,0,1817,5685,0,1318,6067,0,948,7487,0,1414,7039,0,1551,7825,0,1833,8450,0,1244,5112
2,2025,'060290090',133,  ,KG,0,727,25771,0,4,1618,0,80,1969,0,115,636,0,64,5045,0,0,0,0,20,3619,0,0,0,0,242,6212,0,5,2040,0,185,986,0,0,0,0,12,3646
2,2025,'060290090',143,  ,KG,0,364,2752,0,0,0,0,0,0,0,58,1129,0,0,0,0,80,627,0,0,0,0,226,996,0,0,0,0,0,0,0,0,0,0,0,0,0,0,0
2,2025,'060290090',204,  ,KG,0,2732,17038,0,125,993,0,115,936,0,120,974,0,145,1050,0,960,2897,0,95,748,0,200,1623,0,150,1134,0,397,3277,0,130,994,0,145,1100,0,150,1312
2,2025,'060290090',205,  ,KG,0,122,4188,0,0,0,0,0,0,0,32,1883,0,0,0,0,0,0,0,0,0,0,0,0,0,0,0,0,90,2305,0,0,0,0,0,0,0,0,0
2,2025,'060290090',206,  ,KG,0,324,3652,0,0,0,0,0,0,0,154,911,0,0,0,0,0,0,0,0,0,0,0,0,0,0,0,0,0,0,0,170,2741,0,0,0,0,0,0
2,2025,'060290090',207,  ,KG,0,98769,569591,0,7569,47437,0,10815,64697,0,11749,68877,0,22569,98166,0,10450,69845,0,5517,34884,0,3125,22994,0,2165,17418,0,4160,31477,0,6425,35634,0,9881,51457,0,4344,26705
2,2025,'060290090',208,  ,KG,0,468,3623,0,0,0,0,0,0,0,299,2434,0,0,0,0,106,628,0,0,0,0,0,0,0,0,0,0,0,0,0,63,561,0,0,0,0,0,0
2,2025,'060290090',210,  ,KG,0,1999,5159,0,0,0,0,0,0,0,3,568,0,1866,2292,0,88,506,0,0,0,0,2,510,0,0,0,0,0,0,0,0,0,0,40,1283,0,0,0
2,2025,'060290090',213,  ,KG,0,4256,57511,0,0,0,0,120,3083,0,626,2393,0,84,1999,0,82,3129,0,41,2138,0,54,696,0,110,1028,0,0,0,0,1750,32084,0,829,6183,0,560,4778
2,2025,'060290090',218,  ,KG,0,239430,207183,0,10359,9629,0,18958,13296,0,11665,16918,0,42414,31653,0,72682,51458,0,1051,4785,0,4450,3064,0,12200,3371,0,32674,16262,0,14408,21926,0,17186,28729,0,1383,6092
2,2025,'060290090',220,  ,KG,0,4875,44872,0,409,2146,0,123,2547,0,272,3605,0,693,4345,0,1054,13704,0,330,2501,0,686,3987,0,146,1666,0,50,2350,0,40,456,0,880,4810,0,192,2755
2,2025,'060290090',223,  ,KG,0,722,9202,0,0,0,0,0,0,0,16,2393,0,32,1552,0,0,0,0,193,1751,0,109,734,0,0,0,0,91,1516,0,281,1256,0,0,0,0,0,0
2,2025,'060290090',227,  ,KG,0,28,345,0,0,0,0,0,0,0,0,0,0,0,0,0,0,0,0,0,0,0,0,0,0,0,0,0,0,0,0,0,0,0,0,0,0,28,345
2,2025,'060290090',230,  ,KG,0,235,2003,0,60,580,0,0,0,0,0,0,0,150,1198,0,0,0,0,0,0,0,0,0,0,25,225,0,0,0,0,0,0,0,0,0,0,0,0
2,2025,'060290090',234,  ,KG,0,1420,2602,0,0,0,0,0,0,0,340,607,0,540,701,0,0,0,0,0,0,0,0,0,0,0,0,0,0,0,0,540,1294,0,0,0,0,0,0
2,2025,'060290090',245,  ,KG,0,240,16589,0,0,0,0,0,0,0,0,0,0,80,4067,0,3,316,0,95,4481,0,9,357,0,0,302,0,40,2818,0,12,3989,0,1,259,0,0,0
2,2025,'060290090',304,  ,KG,0,4793,70651,0,278,4267,0,602,10253,0,189,9972,0,800,12557,0,1473,9317,0,509,4025,0,24,1667,0,137,2930,0,62,1503,0,105,3927,0,354,4506,0,260,5727
2,2025,'060290090',305,  ,KG,0,64753,66963,0,0,0,0,617,7411,0,17000,6960,0,30,3340,0,14432,6289,0,14,678,0,187,3648,0,16650,23229,0,15750,10200,0,27,2168,0,0,0,0,46,3040
2,2025,'060290090',306,  ,KG,0,252738,103355,0,33331,12827,0,75,392,0,20686,12300,0,514,2862,0,16366,8138,0,20643,7468,0,832,5224,0,20747,6556,0,81959,26074,0,57323,19438,0,192,1192,0,70,884
2,2025,'060290090',311,  ,KG,0,428961,119217,0,27740,9964,0,24585,5192,0,44190,11863,0,50238,12475,0,23285,4581,0,24525,5919,0,6556,7852,0,23000,3515,0,51578,14252,0,28366,10919,0,78898,25101,0,46000,7584
2,2025,'060290090',401,  ,KG,0,5243,41078,0,99,1207,0,180,2219,0,361,3633,0,166,1644,0,2015,8594,0,860,1979,0,404,3463,0,76,1860,0,245,3669,0,231,3748,0,323,5264,0,283,3798
2,2025,'060290090',406,  ,KG,0,1236,9072,0,515,4749,0,234,1321,0,0,0,0,223,1205,0,50,365,0,34,411,0,0,0,0,0,0,0,150,672,0,0,0,0,0,0,0,30,349
2,2025,'060290090',407,  ,KG,0,226,15068,0,0,0,0,69,227,0,28,3270,0,0,0,0,30,2847,0,0,0,0,31,2843,0,0,0,0,0,0,0,34,2841,0,0,0,0,34,3040
2,2025,'060290090',409,  ,KG,0,15,379,0,0,0,0,0,0,0,0,0,0,0,0,0,0,0,0,0,0,0,0,0,0,0,0,0,0,0,0,15,379,0,0,0,0,0,0
2,2025,'060290090',410,  ,KG,0,224,42765,0,25,401,0,0,0,0,0,0,0,83,17386,0,0,0,0,7,383,0,0,0,0,0,0,0,48,603,0,0,0,0,61,23992,0,0,0
2,2025,'060290090',411,  ,KG,0,12340,2762,0,0,0,0,0,0,0,0,0,0,0,0,0,0,0,0,0,0,0,12340,2762,0,0,0,0,0,0,0,0,0,0,0,0,0,0,0
2,2025,'060290090',413,  ,KG,0,9,1987,0,1,525,0,0,0,0,0,0,0,0,0,0,3,342,0,0,0,0,0,0,0,0,0,0,0,0,0,3,510,0,2,610,0,0,0
2,2025,'060290090',510,  ,KG,0,534,2834,0,0,0,0,0,0,0,0,0,0,0,0,0,534,2834,0,0,0,0,0,0,0,0,0,0,0,0,0,0,0,0,0,0,0,0,0
2,2025,'060290090',538,  ,KG,0,28270,74157,0,0,0,0,0,0,0,0,0,0,1017,2284,0,1755,3895,0,23390,61971,0,1384,4043,0,0,0,0,724,1964,0,0,0,0,0,0,0,0,0
2,2025,'060290090',541,  ,KG,0,32544,189199,0,504,3128,0,1502,10180,0,4167,23703,0,15898,94102,0,2280,12315,0,308,1795,0,415,2987,0,303,1822,0,1281,5504,0,1049,7122,0,2875,14500,0,1962,12041
2,2025,'060290090',542,  ,KG,0,22,258,0,0,0,0,0,0,0,0,0,0,0,0,0,0,0,0,0,0,0,22,258,0,0,0,0,0,0,0,0,0,0,0,0,0,0,0
2,2025,'060290090',543,  ,KG,0,22439,156974,0,2102,3263,0,1163,4853,0,2876,26750,0,2001,9753,0,800,9346,0,2420,21086,0,1329,11284,0,4744,36841,0,1555,14685,0,2731,15661,0,320,1534,0,398,1918
2,2025,'060290090',545,  ,KG,0,4619,17041,0,0,0,0,0,0,0,0,0,0,498,3089,0,745,245,0,1080,1349,0,221,1038,0,472,3488,0,429,3555,0,261,918,0,0,0,0,913,3359
2,2025,'060290090',546,  ,KG,0,32492,152123,0,2202,13620,0,513,4793,0,1971,12334,0,2149,8632,0,3032,17311,0,3931,20235,0,4471,16810,0,3058,14520,0,3253,14678,0,2604,7391,0,2444,7296,0,2864,14503
2,2025,'060290090',549,  ,KG,0,325,1136,0,0,0,0,0,0,0,0,0,0,0,0,0,325,1136,0,0,0,0,0,0,0,0,0,0,0,0,0,0,0,0,0,0,0,0,0
2,2025,'060290090',551,  ,KG,0,3512,43436,0,0,0,0,10,673,0,630,6115,0,374,8044,0,120,2302,0,100,2587,0,663,5526,0,113,718,0,54,1645,0,1072,8140,0,340,5947,0,36,1739
2,2025,'060290090',601,  ,KG,0,44405,60319,0,0,0,0,0,0,0,13550,9618,0,85,1051,0,628,3928,0,1000,3777,0,8758,11685,0,250,2070,0,1939,7132,0,17950,17543,0,0,0,0,245,3515
2,2025,'060311000',103,  ,KG,0,159140,56503,0,10532,3972,0,13444,5368,0,15717,7051,0,20043,6654,0,19056,5941,0,15929,3975,0,10857,3116,0,9167,2824,0,11335,4729,0,11246,4713,0,12136,5552,0,9678,2608
2,2025,'060311000',105,  ,KG,0,84943,55755,0,17233,11134,0,3960,3211,0,19721,11915,0,7161,4252,0,4442,4093,0,2750,1793,0,750,560,0,1030,784,0,225,247,0,2348,2122,0,10547,6456,0,14776,9188
2,2025,'060311000',110,  ,KG,0,8268,11691,0,1617,2425,0,1249,1703,0,1219,1758,0,2154,3000,0,1874,2570,0,0,0,0,0,0,0,155,235,0,0,0,0,0,0,0,0,0,0,0,0
2,2025,'060311000',123,  ,KG,0,70190,77671,0,10103,11431,0,9059,11769,0,25591,29557,0,6212,5452,0,1854,947,0,0,0,0,0,0,0,407,630,0,716,422,0,4879,5170,0,4775,5359,0,6594,6934
2,2025,'060311000',401,  ,KG,0,73818,146237,0,7053,15264,0,7866,16263,0,7414,14585,0,5736,11339,0,4397,7611,0,4538,8541,0,5316,10164,0,4801,8848,0,6263,12009,0,6553,13226,0,7602,15468,0,6279,12919
2,2025,'060311000',406,  ,KG,0,143254,339403,0,16489,40293,0,17519,45073,0,17996,42503,0,5222,12316,0,4164,10350,0,4313,10771,0,5012,11510,0,9327,19520,0,15695,36324,0,17472,38455,0,16303,38051,0,13742,34237
2,2025,'060311000',538,  ,KG,0,136225,205179,0,14178,19387,0,14105,19418,0,21775,31018,0,5149,7827,0,8253,12126,0,5253,7926,0,6545,10133,0,6498,10586,0,11754,19403,0,13337,22315,0,13992,21690,0,15386,23350
2,2025,'060311000',541,  ,KG,0,796654,1367277,0,77553,137841,0,81122,141896,0,128957,210493,0,50337,84030,0,35764,61586,0,23429,39709,0,26937,44772,0,36833,61263,0,80899,133928,0,88607,149999,0,76473,132527,0,89743,169233
2,2025,'060311000',542,  ,KG,0,46590,71807,0,4579,6937,0,4785,8108,0,6523,10349,0,4340,6688,0,2641,4382,0,2469,3717,0,1828,2850,0,2165,3394,0,3853,5753,0,3844,5474,0,4146,6346,0,5417,7809
2,2025,'060311000',551,  ,KG,0,154,227,0,0,0,0,0,0,0,0,0,0,0,0,0,0,0,0,0,0,0,0,0,0,0,0,0,0,0,0,154,227,0,0,0,0,0,0
2,2025,'060312000',105,  ,KG,0,3755408,3038731,0,233943,192785,0,220161,186576,0,514736,418252,0,304570,255574,0,173997,139719,0,194816,155098,0,431578,340472,0,377299,297025,0,472328,377698,0,220203,175225,0,249808,189483,0,361969,310824
2,2025,'060312000',110,  ,KG,0,94947,87925,0,9514,8914,0,6591,6207,0,11036,10659,0,8089,7036,0,6670,5527,0,3727,3374,0,9361,7961,0,4883,4538,0,15677,14495,0,4899,4617,0,3358,2881,0,11142,11716
2,2025,'060312000',234,  ,KG,0,801,1324,0,0,0,0,0,0,0,425,620,0,0,0,0,0,0,0,0,0,0,0,0,0,0,0,0,192,384,0,0,0,0,0,0,0,184,320
2,2025,'060312000',401,  ,KG,0,6530001,10035230,0,462958,753486,0,479554,718150,0,638761,1008645,0,683592,1091580,0,370496,569280,0,394043,544034,0,564717,842647,0,606984,910255,0,633753,979651,0,584359,841075,0,482076,727730,0,628708,1048697
2,2025,'060312000',406,  ,KG,0,929807,1122275,0,35394,50050,0,90001,123072,0,78606,94735,0,94780,113262,0,33283,36342,0,79771,86200,0,122172,135994,0,86434,102913,0,61144,76134,0,97244,110241,0,87983,108383,0,62995,84949
2,2025,'060312000',541,  ,KG,0,14570,21751,0,2010,3124,0,1974,2964,0,1647,2417,0,190,410,0,0,0,0,0,0,0,0,0,0,598,825,0,2443,3420,0,2288,3419,0,1774,2665,0,1646,2507
2,2025,'060313000',103,  ,KG,0,24521,9836,0,3558,2130,0,2448,1125,0,8830,3414,0,8278,2673,0,0,0,0,0,0,0,0,0,0,0,0,0,0,0,0,0,0,0,477,236,0,930,258
2,2025,'060313000',105,  ,KG,0,101556,427716,0,6141,36620,0,6580,33408,0,7728,28925,0,10167,34835,0,7962,26060,0,3674,16014,0,6553,21855,0,8712,37379,0,11379,51951,0,12389,56986,0,7946,31139,0,12325,52544
2,2025,'060313000',106,  ,KG,0,1588166,4496193,0,106094,463513,0,83623,363260,0,125303,420350,0,113208,368609,0,145328,332317,0,165771,340173,0,135208,291914,0,79518,305045,0,115154,360104,0,215741,428003,0,136780,352481,0,166438,470424
2,2025,'060313000',110,  ,KG,0,176217,869623,0,17423,84300,0,11595,56409,0,15350,64672,0,13726,76081,0,12890,55845,0,12321,72265,0,14571,84644,0,17336,82506,0,13728,69745,0,17756,81364,0,11521,63047,0,18000,78745
2,2025,'060313000',111,  ,KG,0,2040129,2194152,0,188421,202612,0,166934,174222,0,226043,219663,0,146262,136780,0,114657,136171,0,99056,127285,0,124350,153219,0,209944,227325,0,215599,222822,0,188135,190310,0,160153,165083,0,200575,238660
2,2025,'060313000',112,  ,KG,0,133,555,0,0,0,0,0,0,0,71,281,0,62,274,0,0,0,0,0,0,0,0,0,0,0,0,0,0,0,0,0,0,0,0,0,0,0,0
2,2025,'060313000',113,  ,KG,0,169767,174360,0,14056,12607,0,11504,11073,0,9786,8639,0,12530,12966,0,10764,11297,0,16748,16304,0,15369,15004,0,13177,13730,0,16154,17395,0,15196,16194,0,17422,20043,0,17061,19108
2,2025,'060313000',551,  ,KG,0,864,2268,0,0,0,0,0,0,0,0,0,0,0,0,0,0,0,0,0,0,0,216,567,0,216,567,0,432,1134,0,0,0,0,0,0,0,0,0
2,2025,'060313000',606,  ,KG,0,53720,196226,0,0,0,0,0,0,0,0,0,0,0,0,0,1428,4839,0,8036,26672,0,11061,37120,0,13242,48512,0,11033,43766,0,7127,28346,0,1513,5902,0,280,1069
2,2025,'060314000',103,  ,KG,0,8516,6805,0,0,0,0,0,0,0,0,0,0,0,0,0,0,0,0,0,0,0,0,0,0,1235,269,0,6381,6014,0,0,0,0,0,0,0,900,522
2,2025,'060314000',105,  ,KG,0,7978148,5447963,0,263638,179902,0,293138,186033,0,1354030,915572,0,283755,202057,0,187266,130127,0,187147,127476,0,1094769,719392,0,1078678,767119,0,1351630,882512,0,263932,171809,0,237064,159248,0,1383101,1006716
2,2025,'060314000',110,  ,KG,0,9822245,6602802,0,632355,434453,0,568681,406964,0,1167408,814269,0,680736,438867,0,562466,343001,0,650636,403330,0,1196311,800142,0,947355,635867,0,1299584,860361,0,602403,395465,0,391944,271353,0,1122366,798730
2,2025,'060314000',113,  ,KG,0,7712115,6849531,0,482860,471799,0,482559,463717,0,899271,825665,0,495872,388452,0,471061,384358,0,493515,390527,0,710301,595062,0,828806,773625,0,895788,814735,0,555466,478577,0,544285,486767,0,852331,776247
2,2025,'060314000',118,  ,KG,0,703894,624248,0,48402,44526,0,51227,44510,0,70054,59755,0,68295,59425,0,35974,30633,0,51082,43045,0,66730,58033,0,55056,50402,0,69282,59607,0,56005,51633,0,46825,43290,0,84962,79389
2,2025,'060314000',401,  ,KG,0,21291,27840,0,433,718,0,0,0,0,4359,6418,0,0,0,0,0,0,0,0,0,0,694,1034,0,1663,1977,0,4399,4621,0,2035,1788,0,0,0,0,7708,11284
2,2025,'060315000',103,  ,KG,0,27771,16520,0,0,0,0,0,0,0,0,0,0,0,0,0,0,0,0,543,225,0,1060,219,0,16222,10250,0,749,647,0,0,0,0,3835,3136,0,5362,2043
2,2025,'060315000',105,  ,KG,0,19174,18572,0,841,828,0,0,0,0,3001,2661,0,132,211,0,0,0,0,0,0,0,828,961,0,0,0,0,905,900,0,0,0,0,500,947,0,12967,12064
2,2025,'060315000',110,  ,KG,0,33812,45509,0,4838,6518,0,2456,3176,0,2584,3449,0,2137,2979,0,3274,4444,0,1691,2164,0,1860,2430,0,4972,6678,0,3369,4344,0,1394,1917,0,2268,3242,0,2969,4168
2,2025,'060315000',401,  ,KG,0,7472,13679,0,2025,3784,0,1760,3173,0,1984,3645,0,1390,2546,0,177,329,0,0,0,0,0,0,0,0,0,0,0,0,0,0,0,0,0,0,0,136,202
2,2025,'060319000',103,  ,KG,0,15475,4137,0,0,0,0,0,0,0,0,0,0,867,276,0,0,0,0,5257,1582,0,8393,2003,0,958,276,0,0,0,0,0,0,0,0,0,0,0,0
2,2025,'060319000',105,  ,KG,0,209184,157063,0,9596,6825,0,13105,10078,0,46394,36584,0,3165,6624,0,4188,3628,0,5372,2337,0,12709,4792,0,11329,5459,0,17157,13830,0,19229,17671,0,21509,17872,0,45431,31363
2,2025,'060319000',106,  ,KG,0,310378,817040,0,42951,101425,0,32237,81364,0,70880,111773,0,18967,59179,0,22569,54463,0,17653,42934,0,15969,59640,0,12383,48791,0,13864,63830,0,15061,64096,0,16548,55956,0,31296,73589
2,2025,'060319000',110,  ,KG,0,87597,155916,0,6610,14605,0,10440,19602,0,8274,17514,0,7465,13558,0,9117,12378,0,6275,8685,0,8066,10920,0,7001,9725,0,7217,9708,0,5696,12506,0,5450,12947,0,5986,13768
2,2025,'060319000',111,  ,KG,0,2069,3107,0,0,0,0,0,0,0,640,871,0,370,607,0,0,0,0,125,202,0,148,205,0,0,0,0,388,563,0,254,426,0,144,233,0,0,0
2,2025,'060319000',113,  ,KG,0,751,1266,0,0,0,0,0,0,0,0,0,0,0,0,0,0,0,0,0,0,0,0,0,0,379,601,0,372,665,0,0,0,0,0,0,0,0,0
2,2025,'060319000',117,  ,KG,0,8587,15614,0,648,1035,0,240,477,0,153,286,0,1535,3330,0,1657,3249,0,500,556,0,430,621,0,0,0,0,390,626,0,374,677,0,865,1650,0,1795,3107
2,2025,'060319000',143,  ,KG,0,8749,25457,0,1542,6032,0,1573,4862,0,1140,3161,0,1728,4261,0,431,851,0,0,0,0,0,0,0,0,0,0,0,0,0,172,452,0,1015,2808,0,1148,3030
2,2025,'060319000',207,  ,KG,0,39782,101592,0,6643,16156,0,3818,10040,0,2178,5697,0,1044,2871,0,1314,3152,0,1051,2105,0,636,1225,0,416,965,0,2626,7184,0,4874,13988,0,8406,21654,0,6776,16555
2,2025,'060319000',217,  ,KG,0,288,621,0,0,0,0,0,0,0,0,0,0,0,0,0,0,0,0,0,0,0,0,0,0,0,0,0,0,0,0,0,0,0,0,0,0,288,621
2,2025,'060319000',218,  ,KG,0,2169,6468,0,965,2883,0,484,1427,0,720,2158,0,0,0,0,0,0,0,0,0,0,0,0,0,0,0,0,0,0,0,0,0,0,0,0,0,0,0
2,2025,'060319000',220,  ,KG,0,8627,31927,0,2809,11466,0,1592,6311,0,367,1174,0,207,736,0,137,466,0,225,730,0,364,1365,0,331,1404,0,326,1078,0,707,2175,0,966,3050,0,596,1972
2,2025,'060319000',304,  ,KG,0,8584,16062,0,1864,3394,0,1097,2038,0,1070,1847,0,908,2056,0,284,670,0,0,0,0,0,0,0,0,0,0,0,0,0,1186,2056,0,1211,2179,0,964,1822
2,2025,'060319000',306,  ,KG,0,1836,2811,0,0,0,0,0,0,0,0,0,0,0,0,0,0,0,0,0,0,0,0,0,0,398,224,0,0,0,0,196,351,0,293,487,0,949,1749
2,2025,'060319000',401,  ,KG,0,463343,577127,0,48390,67229,0,33671,45228,0,37705,47749,0,32347,39921,0,31238,36851,0,26779,31570,0,26879,34532,0,36180,42589,0,40639,47602,0,49990,58780,0,50804,60472,0,48721,64604
2,2025,'060319000',406,  ,KG,0,73166,145650,0,8685,17375,0,7409,14245,0,10691,18582,0,4942,9994,0,4063,8389,0,4264,9045,0,3206,6620,0,3808,7332,0,5337,10341,0,4851,9980,0,6407,12944,0,9503,20803
2,2025,'060319000',407,  ,KG,0,12045,25017,0,0,0,0,0,0,0,94,218,0,289,864,0,248,725,0,0,0,0,458,918,0,2779,6105,0,5360,10663,0,2556,5077,0,261,447,0,0,0
2,2025,'060319000',538,  ,KG,0,47243,98709,0,2771,6074,0,3386,6354,0,12439,25409,0,6324,8550,0,2867,6256,0,2637,5775,0,3554,7803,0,4398,11239,0,1655,4079,0,2537,6554,0,2692,6184,0,1983,4432
2,2025,'060319000',541,  ,KG,0,160488,329966,0,19363,40249,0,12801,25011,0,19588,40200,0,9561,19669,0,9072,19941,0,8583,15716,0,10130,17653,0,10860,21872,0,12226,26621,0,14626,31493,0,15526,32628,0,18152,38913
2,2025,'060319000',543,  ,KG,0,1188,4326,0,0,0,0,0,0,0,0,0,0,0,0,0,264,1024,0,655,2261,0,269,1041,0,0,0,0,0,0,0,0,0,0,0,0,0,0,0
2,2025,'060319000',547,  ,KG,0,1419,4768,0,85,212,0,0,0,0,0,0,0,0,0,0,0,0,0,0,0,0,0,0,0,199,664,0,259,922,0,312,1160,0,303,995,0,261,815
2,2025,'060319000',549,  ,KG,0,54084,73751,0,602,2449,0,636,2480,0,836,2984,0,411,1521,0,85,305,0,0,0,0,0,0,0,1484,2201,0,8888,8266,0,21134,24508,0,16636,23620,0,3372,5417
2,2025,'060319000',551,  ,KG,0,344565,625119,0,5188,9440,0,9804,18695,0,11820,22150,0,13758,24514,0,14525,28210,0,24538,45986,0,34026,62257,0,33696,61151,0,63632,111140,0,63047,113304,0,54656,96959,0,15875,31313
2,2025,'060319000',601,  ,KG,0,82548,148724,0,673,593,0,721,1019,0,4431,7182,0,10927,19491,0,12818,23385,0,15032,28114,0,12944,26757,0,12861,21705,0,9168,14535,0,1904,2612,0,536,1603,0,533,1728
2,2025,'060319000',606,  ,KG,0,12774,44096,0,1385,2936,0,1952,6368,0,3149,11761,0,2509,8254,0,1362,4964,0,532,2122,0,0,0,0,0,0,0,0,0,0,244,905,0,481,1819,0,1160,4967
2,2025,'060390000',105,  ,KG,0,81069,260846,0,9270,32295,0,6201,23732,0,3821,13279,0,15664,43377,0,4744,10783,0,2436,6926,0,6476,15601,0,6901,23464,0,6355,27292,0,5471,19910,0,4963,18175,0,8767,26012
2,2025,'060390000',111,  ,KG,0,34828,136941,0,3687,15103,0,2414,8167,0,6937,27600,0,6471,23899,0,1788,6422,0,6115,23054,0,1157,5370,0,2692,11353,0,0,0,0,0,0,0,3507,15418,0,60,555
2,2025,'060390000',123,  ,KG,0,1025,1242,0,0,0,0,0,0,0,0,0,0,0,0,0,44,313,0,0,0,0,390,242,0,0,0,0,591,687,0,0,0,0,0,0,0,0,0
2,2025,'060390000',207,  ,KG,0,3329,8289,0,0,0,0,0,0,0,0,0,0,0,0,0,27,794,0,0,0,0,0,0,0,0,0,0,0,0,0,0,0,0,2823,6082,0,479,1413
2,2025,'060390000',210,  ,KG,0,446,3381,0,326,2109,0,0,0,0,0,0,0,0,0,0,0,0,0,120,1272,0,0,0,0,0,0,0,0,0,0,0,0,0,0,0,0,0,0
2,2025,'060390000',213,  ,KG,0,833,2660,0,0,0,0,0,0,0,0,0,0,0,0,0,0,0,0,0,0,0,0,0,0,0,0,0,833,2660,0,0,0,0,0,0,0,0,0
2,2025,'060390000',218,  ,KG,0,147,1931,0,0,0,0,125,997,0,0,0,0,0,0,0,9,278,0,0,0,0,0,0,0,0,0,0,0,0,0,3,350,0,0,0,0,10,306
2,2025,'060390000',220,  ,KG,0,5083,19552,0,355,1564,0,1598,4065,0,0,0,0,0,0,0,0,0,0,0,0,0,0,0,0,98,648,0,258,1877,0,2170,7319,0,604,4079,0,0,0
2,2025,'060390000',225,  ,KG,0,12,438,0,0,0,0,6,210,0,0,0,0,0,0,0,0,0,0,0,0,0,0,0,0,0,0,0,0,0,0,0,0,0,6,228,0,0,0
2,2025,'060390000',234,  ,KG,0,319,890,0,155,477,0,0,0,0,0,0,0,0,0,0,0,0,0,0,0,0,0,0,0,0,0,0,0,0,0,0,0,0,0,0,0,164,413
2,2025,'060390000',304,  ,KG,0,30006,91719,0,4082,14362,0,4535,14088,0,0,0,0,6094,13228,0,0,0,0,1442,3045,0,0,0,0,2142,6263,0,0,0,0,3453,11436,0,0,0,0,8258,29297
2,2025,'060390000',305,  ,KG,0,2,640,0,0,0,0,0,0,0,0,0,0,0,0,0,0,0,0,1,325,0,0,0,0,0,0,0,0,0,0,0,0,0,0,0,0,1,315
2,2025,'060390000',401,  ,KG,0,31138,274933,0,5340,47361,0,2821,26002,0,2371,21399,0,2792,25919,0,2574,21698,0,2532,22327,0,3057,26920,0,2764,23036,0,1300,10424,0,3078,26766,0,2509,23081,0,0,0
2,2025,'060390000',406,  ,KG,0,5523,23296,0,0,0,0,32,1163,0,1094,8147,0,0,0,0,0,0,0,0,0,0,1642,7501,0,0,0,0,0,0,0,2755,6485,0,0,0,0,0,0
2,2025,'060390000',407,  ,KG,0,18,315,0,0,0,0,0,0,0,18,315,0,0,0,0,0,0,0,0,0,0,0,0,0,0,0,0,0,0,0,0,0,0,0,0,0,0,0
2,2025,'060390000',410,  ,KG,0,3316,10138,0,2194,7176,0,1122,2962,0,0,0,0,0,0,0,0,0,0,0,0,0,0,0,0,0,0,0,0,0,0,0,0,0,0,0,0,0,0
2,2025,'060390000',541,  ,KG,0,432,1865,0,0,0,0,0,0,0,0,0,0,0,0,0,0,0,0,361,721,0,0,0,0,0,0,0,0,0,0,71,1144,0,0,0,0,0,0
2,2025,'060390000',551,  ,KG,0,9318,34305,0,548,3109,0,0,0,0,1290,6087,0,0,0,0,727,2944,0,0,0,0,471,2489,0,1631,4332,0,1301,4903,0,2250,6225,0,1100,4216,0,0,0
2,2025,'060390000',601,  ,KG,0,152,589,0,0,0,0,0,0,0,64,285,0,0,0,0,0,0,0,0,0,0,0,0,0,0,0,0,0,0,0,0,0,0,0,0,0,88,304
2,2025,'060420000',105,  ,KG,0,8246722,4057991,0,548248,270181,0,345458,170007,0,696977,338931,0,585887,288139,0,512580,245221,0,525594,257224,0,1062959,504436,0,644165,316965,0,902502,434031,0,541348,265192,0,645181,333647,0,1235823,634017
2,2025,'060420000',106,  ,KG,0,31934,29134,0,2168,1799,0,1080,1021,0,2277,2329,0,856,923,0,2782,2561,0,3359,2892,0,5292,4479,0,4026,3595,0,3868,3121,0,2845,2687,0,1499,1512,0,1882,2215
2,2025,'060420000',110,  ,KG,0,31019,18730,0,2949,1859,0,2400,831,0,1373,580,0,12457,4156,0,4728,2439,0,3957,1826,0,1126,1433,0,337,970,0,327,951,0,440,1236,0,394,1071,0,531,1378
2,2025,'060420000',111,  ,KG,0,80355,58788,0,3707,3424,0,3998,3148,0,5834,4402,0,8977,6825,0,10547,8274,0,5793,3536,0,5872,3895,0,7420,5352,0,6569,4575,0,8557,6252,0,6621,4499,0,6460,4606
2,2025,'060420000',113,  ,KG,0,1240970,1042907,0,113608,94009,0,86845,77130,0,140930,129413,0,123153,101687,0,94139,77939,0,86805,72750,0,99363,81021,0,104015,86488,0,104767,84941,0,92663,76693,0,93419,78474,0,101263,82362
2,2025,'060420000',117,  ,KG,0,22058,23505,0,730,733,0,1399,1819,0,1461,1759,0,1546,1569,0,1604,1626,0,1544,1380,0,1575,1596,0,2792,2799,0,2834,2910,0,2489,2519,0,1696,1882,0,2388,2913
2,2025,'060420000',118,  ,KG,0,504339,597701,0,52407,54491,0,37057,44597,0,50870,59774,0,48697,55284,0,37905,42383,0,41625,43667,0,36198,40278,0,37201,47197,0,37096,46735,0,42380,55103,0,33826,43524,0,49077,64668
2,2025,'060420000',123,  ,KG,0,1170,6051,0,70,325,0,140,683,0,80,431,0,160,741,0,80,358,0,125,619,0,60,309,0,130,675,0,55,324,0,100,596,0,50,301,0,120,689
2,2025,'060420000',125,  ,KG,0,195995,164062,0,16511,14582,0,15097,12806,0,18750,16117,0,18408,16087,0,18748,15484,0,15745,12029,0,18556,14894,0,15527,13199,0,16086,13107,0,15997,13274,0,14175,11596,0,12395,10887
2,2025,'060420000',143,  ,KG,0,35670,84671,0,2291,4646,0,1242,2328,0,1247,2834,0,1560,3673,0,1448,2882,0,2180,5043,0,4515,10618,0,2643,5707,0,3291,7743,0,4087,9558,0,6838,18387,0,4328,11252
2,2025,'060420000',220,  ,KG,0,9069,37128,0,914,4090,0,865,3803,0,1314,4455,0,673,3132,0,479,2243,0,121,455,0,293,1190,0,591,2499,0,1066,4374,0,1171,4731,0,1079,4210,0,503,1946
2,2025,'060420000',304,  ,KG,0,211490,226998,0,14428,17826,0,21382,25635,0,15184,15551,0,28686,29289,0,7650,6793,0,9593,9335,0,4877,8149,0,14383,14932,0,4777,6293,0,25962,25397,0,58426,56204,0,6142,11594
2,2025,'060420000',306,  ,KG,0,96914,120217,0,9340,9509,0,6001,7071,0,12536,16828,0,17227,21955,0,5511,7330,0,4369,5169,0,6150,7337,0,9763,11116,0,6843,8243,0,5753,7205,0,5754,7577,0,7667,10877
2,2025,'060420000',311,  ,KG,0,3762,2748,0,0,0,0,0,0,0,2684,1921,0,0,0,0,0,0,0,0,0,0,640,481,0,438,346,0,0,0,0,0,0,0,0,0,0,0,0
2,2025,'060420000',401,  ,KG,0,71363,98246,0,4204,6127,0,5707,8197,0,8842,12674,0,10502,15441,0,4883,5610,0,5150,6424,0,4970,6605,0,6761,9079,0,4488,6204,0,5730,7661,0,4023,5459,0,6103,8765
2,2025,'060420000',406,  ,KG,0,75591,105460,0,5597,6439,0,7526,9028,0,7810,8970,0,3674,7192,0,4764,9881,0,3517,7207,0,4521,8486,0,5552,8323,0,8403,10388,0,5790,6764,0,7615,9072,0,10822,13710
2,2025,'060420000',538,  ,KG,0,170447,300261,0,15827,35732,0,17168,28573,0,23012,39117,0,17631,22348,0,19857,35348,0,17434,30488,0,14001,25645,0,10877,20799,0,10103,17811,0,9216,16096,0,8279,14575,0,7042,13729
2,2025,'060420000',541,  ,KG,0,281380,542895,0,16306,31143,0,13254,24547,0,22491,41622,0,20728,38016,0,17963,33110,0,14848,26224,0,22264,38045,0,28866,54879,0,29780,59765,0,26431,55322,0,26707,54870,0,41742,85352
2,2025,'060420000',543,  ,KG,0,253,265,0,0,0,0,0,0,0,0,0,0,253,265,0,0,0,0,0,0,0,0,0,0,0,0,0,0,0,0,0,0,0,0,0,0,0,0
2,2025,'060420000',549,  ,KG,0,41466,74633,0,3486,6504,0,3576,6687,0,4285,7439,0,3809,6831,0,2811,4523,0,2313,3694,0,2808,4596,0,4568,7265,0,4215,7073,0,4223,8219,0,2955,6492,0,2417,5310
2,2025,'060420000',551,  ,KG,0,22089,37550,0,588,1028,0,424,815,0,1281,2003,0,2332,4192,0,3731,5851,0,2492,5593,0,2723,3363,0,1986,2531,0,518,1125,0,1117,2337,0,3138,5602,0,1759,3110
2,2025,'060420000',601,  ,KG,0,13166,35396,0,1048,3696,0,509,1695,0,1373,3089,0,2313,4562,0,1710,3703,0,985,2290,0,1188,2814,0,1081,3751,0,787,2636,0,922,3115,0,535,1886,0,715,2159
2,2025,'060420000',606,  ,KG,0,738,2669,0,0,0,0,0,0,0,0,0,0,211,672,0,368,1343,0,159,654,0,0,0,0,0,0,0,0,0,0,0,0,0,0,0,0,0,0
2,2025,'060490000',105,  ,KG,0,361097,525781,0,20907,41109,0,19547,23764,0,19092,23219,0,9618,17944,0,15563,15239,0,8827,14037,0,23136,26250,0,20220,27573,0,106194,152506,0,49795,69218,0,37109,53183,0,31089,61739
2,2025,'060490000',106,  ,KG,0,68,552,0,0,0,0,0,0,0,0,0,0,0,0,0,0,0,0,0,0,0,0,0,0,0,0,0,0,0,0,68,552,0,0,0,0,0,0
2,2025,'060490000',110,  ,KG,0,282,1014,0,0,0,0,0,0,0,0,0,0,282,1014,0,0,0,0,0,0,0,0,0,0,0,0,0,0,0,0,0,0,0,0,0,0,0,0
2,2025,'060490000',111,  ,KG,0,4319,6104,0,0,0,0,151,264,0,0,0,0,253,2625,0,411,992,0,577,1294,0,0,0,0,0,0,0,0,0,0,0,0,0,2622,640,0,305,289
2,2025,'060490000',113,  ,KG,0,1544,2939,0,776,1535,0,0,0,0,0,0,0,0,0,0,0,0,0,0,0,0,0,0,0,768,1404,0,0,0,0,0,0,0,0,0,0,0,0
2,2025,'060490000',117,  ,KG,0,2043,4823,0,265,549,0,0,0,0,350,1041,0,127,379,0,131,365,0,329,634,0,518,1025,0,0,0,0,80,204,0,0,0,0,141,332,0,102,294
2,2025,'060490000',118,  ,KG,0,5975,5394,0,0,0,0,0,0,0,0,0,0,0,0,0,0,0,0,0,0,0,0,0,0,2745,1612,0,0,0,0,0,0,0,0,0,0,3230,3782
2,2025,'060490000',123,  ,KG,0,23843,34452,0,22,452,0,250,530,0,21,204,0,2254,6002,0,1821,1626,0,646,1845,0,1885,2158,0,1417,1273,0,9078,10279,0,4575,6316,0,876,1930,0,998,1837
2,2025,'060490000',133,  ,KG,0,9,457,0,9,457,0,0,0,0,0,0,0,0,0,0,0,0,0,0,0,0,0,0,0,0,0,0,0,0,0,0,0,0,0,0,0,0,0
2,2025,'060490000',143,  ,KG,0,23328,49212,0,34,223,0,6080,11699,0,0,0,0,0,0,0,0,0,0,0,0,0,5382,10319,0,5263,10625,0,1860,5149,0,4709,11197,0,0,0,0,0,0
2,2025,'060490000',202,  ,KG,0,4807,10390,0,430,2511,0,0,0,0,0,0,0,0,0,0,1005,2406,0,0,0,0,235,1420,0,150,772,0,2610,2260,0,50,502,0,129,206,0,198,313
2,2025,'060490000',203,  ,KG,0,134,837,0,24,204,0,0,0,0,110,633,0,0,0,0,0,0,0,0,0,0,0,0,0,0,0,0,0,0,0,0,0,0,0,0,0,0,0
2,2025,'060490000',207,  ,KG,0,379,1174,0,0,0,0,0,0,0,0,0,0,0,0,0,0,0,0,0,0,0,0,0,0,0,0,0,0,0,0,0,0,0,298,930,0,81,244
2,2025,'060490000',210,  ,KG,0,232,7447,0,40,5791,0,0,0,0,0,0,0,0,0,0,0,0,0,94,699,0,0,0,0,0,0,0,0,0,0,98,957,0,0,0,0,0,0
2,2025,'060490000',217,  ,KG,0,3331,1211,0,2700,932,0,0,0,0,0,0,0,631,279,0,0,0,0,0,0,0,0,0,0,0,0,0,0,0,0,0,0,0,0,0,0,0,0
2,2025,'060490000',218,  ,KG,0,2781,16936,0,144,5121,0,45,260,0,0,0,0,901,3617,0,402,2426,0,0,0,0,0,0,0,0,0,0,841,2685,0,438,2460,0,0,0,0,10,367
2,2025,'060490000',220,  ,KG,0,3325,6985,0,280,753,0,0,0,0,40,251,0,0,0,0,2849,4843,0,0,0,0,0,0,0,0,0,0,100,761,0,0,0,0,56,377,0,0,0
2,2025,'060490000',222,  ,KG,0,3957,8466,0,0,0,0,0,0,0,0,0,0,167,1501,0,0,0,0,0,0,0,0,0,0,0,0,0,0,0,0,0,0,0,3790,6965,0,0,0
2,2025,'060490000',225,  ,KG,0,83,2059,0,0,0,0,0,0,0,0,0,0,0,0,0,0,0,0,0,0,0,0,0,0,0,0,0,50,1372,0,33,687,0,0,0,0,0,0
2,2025,'060490000',234,  ,KG,0,2658,6376,0,1500,3555,0,0,0,0,0,0,0,0,0,0,0,0,0,0,0,0,0,0,0,0,0,0,0,0,0,48,204,0,0,0,0,1110,2617
2,2025,'060490000',304,  ,KG,0,20192,26967,0,0,0,0,284,1443,0,0,0,0,1615,5971,0,0,0,0,455,1866,0,0,0,0,2760,4565,0,593,1334,0,2562,4823,0,11514,5461,0,409,1504
2,2025,'060490000',305,  ,KG,0,2481,1531,0,0,0,0,0,0,0,0,0,0,0,0,0,0,0,0,0,0,0,0,0,0,0,0,0,0,0,0,2481,1531,0,0,0,0,0,0
2,2025,'060490000',401,  ,KG,0,121,1135,0,4,298,0,0,0,0,0,0,0,0,0,0,80,590,0,0,0,0,0,0,0,0,0,0,0,0,0,0,0,0,37,247,0,0,0
2,2025,'060490000',406,  ,KG,0,89,490,0,0,0,0,0,0,0,36,246,0,0,0,0,0,0,0,0,0,0,53,244,0,0,0,0,0,0,0,0,0,0,0,0,0,0,0
2,2025,'060490000',407,  ,KG,0,2653,7808,0,0,0,0,0,0,0,231,785,0,0,0,0,269,742,0,46,344,0,0,0,0,0,0,0,160,574,0,1096,3003,0,851,2360,0,0,0
2,2025,'060490000',410,  ,KG,0,1814,1748,0,461,846,0,1353,902,0,0,0,0,0,0,0,0,0,0,0,0,0,0,0,0,0,0,0,0,0,0,0,0,0,0,0,0,0,0
2,2025,'060490000',541,  ,KG,0,13,222,0,0,0,0,0,0,0,0,0,0,0,0,0,0,0,0,0,0,0,0,0,0,0,0,0,0,0,0,13,222,0,0,0,0,0,0
2,2025,'060490000',551,  ,KG,0,9336,19915,0,934,2715,0,0,0,0,355,372,0,0,0,0,798,857,0,0,0,0,1309,3214,0,1620,4302,0,1492,2880,0,2086,3872,0,742,1703,0,0,0
2,2025,'070190000',105,  ,MT,0,28,5201,0,0,0,0,0,0,0,0,0,0,0,0,0,3,592,0,6,1343,0,6,1191,0,8,1145,0,0,0,0,1,202,0,0,0,0,4,728
2,2025,'070190000',304,  ,MT,0,48291,5798123,0,3850,476203,0,4427,552009,0,2983,330012,0,5211,638720,0,7397,865145,0,6568,819221,0,6302,734728,0,3297,381187,0,0,0,0,0,0,0,1715,199294,0,6541,801604
2,2025,'070200000',103,  ,KG,0,1122006,451443,0,82552,31182,0,67742,25527,0,69845,27063,0,70628,26844,0,82801,31229,0,89257,33449,0,103346,38166,0,103363,40073,0,94829,44695,0,114847,50884,0,87628,31848,0,155168,70483
2,2025,'070200000',207,  ,KG,0,359320,373056,0,0,0,0,0,0,0,0,0,0,0,0,0,0,0,0,13520,12506,0,38480,35662,0,107640,110085,0,101400,109771,0,98280,105032,0,0,0,0,0,0
2,2025,'070200000',302,  ,KG,0,547858,405541,0,16978,9735,0,19590,11036,0,25467,13889,0,34937,23805,0,51767,37684,0,51590,34063,0,52028,38094,0,49837,39547,0,61997,50013,0,93559,72862,0,60403,50402,0,29705,24411
2,2025,'070200000',304,  ,KG,0,386628,333924,0,22876,23727,0,18342,17514,0,12573,11085,0,3048,2747,0,0,0,0,0,0,0,16372,16000,0,45595,45248,0,86060,75292,0,110463,85761,0,44304,32186,0,26995,24364
2,2025,'070200000',305,  ,KG,0,557607,415122,0,23073,22736,0,38745,37202,0,35984,31596,0,12915,7290,0,7256,3176,0,9070,4085,0,9167,4237,0,6610,3238,0,88106,59225,0,148005,109048,0,92618,64844,0,86058,68445
2,2025,'070200000',606,  ,KG,0,912471,524701,0,122310,72035,0,91393,49072,0,43803,22898,0,2100,1050,0,2800,1400,0,2100,1142,0,0,0,0,0,0,0,8400,5880,0,92635,57863,0,295197,164961,0,251733,148400
2,2025,'070310011',105,  ,KG,0,154472208,8037296,0,5973460,355351,0,6035400,363316,0,9285490,541418,0,8162920,485091,0,13789220,724924,0,17778886,814845,0,18739140,831514,0,16486660,772507,0,17945116,902682,0,18545736,1015668,0,11785440,670217,0,9944740,559763
2,2025,'070310011',304,  ,KG,0,23678,1584,0,0,0,0,0,0,0,0,0,0,0,0,0,0,0,0,0,0,0,0,0,0,0,0,0,0,0,0,23678,1584,0,0,0,0,0,0
2,2025,'070310011',606,  ,KG,0,1246400,71629,0,0,0,0,0,0,0,0,0,0,0,0,0,0,0,0,327200,21212,0,517600,26506,0,178400,9655,0,223200,14256,0,0,0,0,0,0,0,0,0
2,2025,'070310012',105,  ,KG,0,35394010,2492435,0,4157190,290660,0,3637770,256307,0,3740510,265055,0,4120310,291154,0,2865920,201594,0,1106820,78334,0,996130,70495,0,664150,46617,0,1430980,99457,0,4030070,282649,0,4251100,299425,0,4393060,310688
2,2025,'070310012',207,  ,KG,0,25180,1825,0,0,0,0,0,0,0,0,0,0,0,0,0,0,0,0,0,0,0,0,0,0,0,0,0,0,0,0,0,0,0,0,0,0,25180,1825
2,2025,'070310012',304,  ,KG,0,1207545,85178,0,0,0,0,0,0,0,0,0,0,0,0,0,0,0,0,0,0,0,0,0,0,0,0,0,0,0,0,1089160,76700,0,71031,5058,0,47354,3420
2,2025,'070310012',606,  ,KG,0,1102480,77203,0,0,0,0,0,0,0,0,0,0,122800,8808,0,205200,14057,0,377200,26683,0,246480,17458,0,50400,3408,0,100400,6789,0,0,0,0,0,0,0,0,0
2,2025,'070310013',103,  ,KG,0,12960,10161,0,0,0,0,0,0,0,0,0,0,0,0,0,0,0,0,0,0,0,1605,1344,0,7410,5518,0,3945,3299,0,0,0,0,0,0,0,0,0
2,2025,'070310013',105,  ,KG,0,87748084,7224566,0,11962472,986010,0,10232660,835355,0,7003652,570219,0,9256042,760826,0,4998052,404269,0,3449764,281326,0,3601090,296061,0,3268832,268388,0,3163202,260380,0,5782812,470634,0,10513622,870257,0,14515884,1220841
2,2025,'070310013',111,  ,KG,0,678380,93444,0,48000,8290,0,313200,46073,0,317180,39081,0,0,0,0,0,0,0,0,0,0,0,0,0,0,0,0,0,0,0,0,0,0,0,0,0,0,0
2,2025,'070310013',122,  ,KG,0,10000,1190,0,0,0,0,0,0,0,0,0,0,0,0,0,0,0,0,0,0,0,10000,1190,0,0,0,0,0,0,0,0,0,0,0,0,0,0,0
2,2025,'070310013',207,  ,KG,0,2176780,193706,0,257600,22185,0,206000,20415,0,26815,2604,0,500,225,0,0,0,0,500,225,0,0,0,0,1750,912,0,4320,2050,0,124310,13636,0,436080,39149,0,1118905,92305
2,2025,'070310013',210,  ,KG,0,1000,485,0,0,0,0,0,0,0,0,0,0,0,0,0,0,0,0,0,0,0,0,0,0,0,0,0,0,0,0,1000,485,0,0,0,0,0,0
2,2025,'070310013',304,  ,KG,0,12666461,1092654,0,189514,20136,0,94818,9880,0,47490,5100,0,122,236,0,0,0,0,122,228,0,0,0,0,0,0,0,71032,5543,0,2179472,174227,0,3695375,314860,0,6388516,562444
2,2025,'070310013',601,  ,KG,0,1499920,187391,0,0,0,0,0,0,0,99200,12903,0,403200,50439,0,352000,43333,0,337440,41885,0,275840,34171,0,32240,4660,0,0,0,0,0,0,0,0,0,0,0,0
2,2025,'070310013',606,  ,KG,0,5964880,571712,0,0,0,0,129200,10958,0,1077600,108096,0,1023520,98524,0,947200,87083,0,1787800,161055,0,520020,55322,0,151600,17652,0,125600,13422,0,51200,4482,0,100740,10074,0,50400,5044
2,2025,'070310020',105,  ,KG,0,11340,4674,0,11340,4674,0,0,0,0,0,0,0,0,0,0,0,0,0,0,0,0,0,0,0,0,0,0,0,0,0,0,0,0,0,0,0,0,0
2,2025,'070310020',110,  ,KG,0,1049461,422750,0,90995,37040,0,70762,29340,0,65596,25635,0,95632,35535,0,72826,28169,0,93104,34114,0,65133,26583,0,94932,37759,0,113534,44232,0,88711,35697,0,68014,29110,0,130222,59536
2,2025,'070310020',111,  ,KG,0,30629,19569,0,2620,1710,0,2310,1515,0,1800,1183,0,2568,1750,0,1610,1039,0,1900,1226,0,7340,3729,0,1910,1272,0,2390,1541,0,1500,967,0,2182,1763,0,2499,1874
2,2025,'070310020',118,  ,KG,0,14100,5173,0,0,0,0,0,0,0,0,0,0,0,0,0,0,0,0,0,0,0,0,0,0,0,0,0,3000,1971,0,11100,3202,0,0,0,0,0,0
2,2025,'070310020',120,  ,KG,0,6000,1918,0,0,0,0,0,0,0,0,0,0,0,0,0,6000,1918,0,0,0,0,0,0,0,0,0,0,0,0,0,0,0,0,0,0,0,0,0
2,2025,'070310020',207,  ,KG,0,2800,1487,0,0,0,0,0,0,0,0,0,0,0,0,0,0,0,0,0,0,0,0,0,0,0,0,0,1400,756,0,0,0,0,900,489,0,500,242
2,2025,'070310020',210,  ,KG,0,210845,71828,0,16900,5432,0,25200,8409,0,14000,3805,0,18000,6039,0,30500,11325,0,0,0,0,0,0,0,0,0,0,14200,4923,0,27000,10349,0,18845,6524,0,46200,15022
2,2025,'070310020',213,  ,KG,0,1000,470,0,0,0,0,0,0,0,0,0,0,0,0,0,0,0,0,0,0,0,0,0,0,0,0,0,0,0,0,0,0,0,1000,470,0,0,0
2,2025,'070310020',304,  ,KG,0,63846,31680,0,12723,6450,0,12723,6297,0,0,0,0,0,0,0,0,0,0,0,0,0,0,0,0,0,0,0,0,0,0,12800,6217,0,12800,6321,0,12800,6395
2,2025,'070310020',601,  ,KG,0,79710,37309,0,0,0,0,0,0,0,0,0,0,0,0,0,0,0,0,35400,16489,0,20000,8297,0,24310,12523,0,0,0,0,0,0,0,0,0,0,0,0
2,2025,'070320000',103,  ,KG,0,5538,13640,0,262,654,0,403,996,0,459,1136,0,540,1327,0,408,1006,0,464,1144,0,468,1152,0,244,598,0,673,1654,0,520,1279,0,501,1233,0,596,1461
2,2025,'070320000',105,  ,KG,0,23719477,7789126,0,2037681,787928,0,1356652,511647,0,1806227,660063,0,1969839,717437,0,1933534,666914,0,1856232,593892,0,2489217,756028,0,2034884,620381,0,2072371,599995,0,2049136,606950,0,1850070,572726,0,2263634,695165
2,2025,'070320000',106,  ,KG,0,1470,1264,0,0,0,0,0,0,0,0,0,0,0,0,0,0,0,0,0,0,0,0,0,0,1470,1264,0,0,0,0,0,0,0,0,0,0,0,0
2,2025,'070320000',110,  ,KG,0,6800,3328,0,0,0,0,0,0,0,1025,549,0,1975,906,0,3800,1873,0,0,0,0,0,0,0,0,0,0,0,0,0,0,0,0,0,0,0,0,0
2,2025,'070320000',218,  ,KG,0,1238887,963012,0,88001,68123,0,52105,40647,0,108874,82899,0,94375,72410,0,42687,36429,0,184156,131300,0,160073,126677,0,97355,71689,0,29887,24144,0,177803,146198,0,92667,73623,0,110904,88873
2,2025,'070320000',220,  ,KG,0,57015,52690,0,6037,5760,0,0,0,0,0,0,0,6069,5557,0,0,0,0,6267,5725,0,0,0,0,0,0,0,12717,11505,0,13297,12210,0,0,0,0,12628,11933
2,2025,'070320000',304,  ,KG,0,174840,182599,0,11461,14215,0,11461,13894,0,15520,15234,0,10591,11942,0,11098,13125,0,9285,9743,0,15525,15007,0,39121,31750,0,9720,10650,0,16830,17368,0,4350,7049,0,19878,22622
2,2025,'070320000',413,  ,KG,0,132200,49125,0,0,0,0,0,0,0,66200,24128,0,44000,16952,0,22000,8045,0,0,0,0,0,0,0,0,0,0,0,0,0,0,0,0,0,0,0,0,0
2,2025,'070390010',105,  ,KG,0,67387697,9957796,0,5540919,1043624,0,5530530,977727,0,6693705,898999,0,6217464,810995,0,4367584,482526,0,4120830,490887,0,5647796,705098,0,5031998,698075,0,5767612,809548,0,7000179,1027944,0,5645936,949439,0,5823144,1062934
2,2025,'070390010',527,  ,KG,0,17380,1628,0,0,0,0,0,0,0,0,0,0,0,0,0,0,0,0,17380,1628,0,0,0,0,0,0,0,0,0,0,0,0,0,0,0,0,0,0
2,2025,'070390090',105,  ,KG,0,1984326,1052900,0,159340,97047,0,132935,79248,0,160978,90071,0,168322,96517,0,151757,80917,0,165901,80326,0,181201,90689,0,178617,88578,0,182652,84045,0,194859,102524,0,139894,73893,0,167870,89045
2,2025,'070390090',106,  ,KG,0,78045,46169,0,9260,5445,0,9935,5317,0,980,851,0,12345,6270,0,1569,1363,0,6000,3047,0,10260,5393,0,1540,920,0,7970,5125,0,5980,4076,0,3121,2103,0,9085,6259
2,2025,'070390090',111,  ,KG,0,250,309,0,0,0,0,0,0,0,0,0,0,0,0,0,0,0,0,0,0,0,0,0,0,0,0,0,0,0,0,0,0,0,0,0,0,250,309
2,2025,'070390090',207,  ,KG,0,53080,41448,0,7225,5564,0,7110,5410,0,6405,4860,0,7200,5466,0,1200,916,0,0,0,0,0,0,0,0,0,0,0,0,0,4305,3450,0,10675,8600,0,8960,7182
2,2025,'070390090',208,  ,KG,0,14880,12308,0,2030,1652,0,1750,1370,0,2905,2161,0,1925,1457,0,910,692,0,0,0,0,0,0,0,0,0,0,0,0,0,0,0,0,3050,2807,0,2310,2169
2,2025,'070390090',601,  ,KG,0,13720,12641,0,0,0,0,0,0,0,0,0,0,0,0,0,1080,968,0,2840,2545,0,2360,2168,0,2700,2516,0,2040,1896,0,2700,2548,0,0,0,0,0,0
2,2025,'070390090',606,  ,KG,0,46405,42485,0,0,0,0,0,0,0,0,0,0,0,0,0,5230,4951,0,10465,9885,0,9650,9100,0,6455,6132,0,10555,8972,0,4050,3445,0,0,0,0,0,0
2,2025,'070410010',105,  ,KG,0,4000,548,0,0,0,0,0,0,0,0,0,0,0,0,0,0,0,0,4000,548,0,0,0,0,0,0,0,0,0,0,0,0,0,0,0,0,0,0
2,2025,'070410020',105,  ,KG,0,1805504,570203,0,142800,47800,0,107100,35728,0,151404,45606,0,166600,43741,0,166600,47106,0,154700,44872,0,154700,48442,0,119000,39578,0,142800,47161,0,154700,52034,0,130900,44797,0,214200,73338
2,2025,'070410020',304,  ,KG,0,66288,31644,0,18392,13501,0,0,0,0,0,0,0,0,0,0,0,0,0,0,0,0,9579,3527,0,28738,10978,0,9579,3638,0,0,0,0,0,0,0,0,0
2,2025,'070420000',207,  ,KG,0,1620,1165,0,0,0,0,0,0,0,0,0,0,0,0,0,0,0,0,0,0,0,0,0,0,0,0,0,0,0,0,720,518,0,900,647,0,0,0
2,2025,'070420000',208,  ,KG,0,1420,1631,0,0,0,0,0,0,0,0,0,0,0,0,0,0,0,0,0,0,0,0,0,0,0,0,0,0,0,0,0,0,0,240,273,0,1180,1358
2,2025,'070420000',304,  ,KG,0,9934,10827,0,2720,2366,0,0,0,0,0,0,0,0,0,0,0,0,0,0,0,0,0,0,0,0,0,0,0,0,0,852,952,0,5819,6845,0,543,664
2,2025,'070420000',305,  ,KG,0,59476,31198,0,453,244,0,18132,9596,0,26020,13620,0,14871,7738,0,0,0,0,0,0,0,0,0,0,0,0,0,0,0,0,0,0,0,0,0,0,0,0
2,2025,'070420000',601,  ,KG,0,59715,56271,0,720,795,0,0,0,0,0,0,0,8125,7023,0,13160,10968,0,6900,5926,0,4920,4285,0,6030,5262,0,6560,6823,0,5540,6191,0,5060,5837,0,2700,3161
2,2025,'070490020',103,  ,KG,0,546777,80918,0,185625,22693,0,237000,36497,0,108000,17304,0,0,0,0,16152,4424,0,0,0,0,0,0,0,0,0,0,0,0,0,0,0,0,0,0,0,0,0
2,2025,'070490020',105,  ,KG,0,68027385,4192276,0,16671210,1210273,0,13147825,935963,0,16126750,946925,0,9315325,481480,0,3931975,188533,0,1118785,42058,0,1715870,61544,0,1490030,65859,0,1147815,56004,0,1654870,90199,0,940345,61046,0,766585,52392
2,2025,'070490020',106,  ,KG,0,4334636,448271,0,46702,6523,0,209561,24556,0,1347974,137592,0,2533829,261716,0,196570,17884,0,0,0,0,0,0,0,0,0,0,0,0,0,0,0,0,0,0,0,0,0
2,2025,'070490020',110,  ,KG,0,2005005,150492,0,579810,43718,0,710640,53888,0,568575,42321,0,128700,9315,0,0,0,0,0,0,0,0,0,0,0,0,0,0,0,0,0,0,0,17280,1250,0,0,0
2,2025,'070490020',210,  ,KG,0,157,203,0,0,0,0,0,0,0,0,0,0,0,0,0,157,203,0,0,0,0,0,0,0,0,0,0,0,0,0,0,0,0,0,0,0,0,0
2,2025,'070490020',304,  ,KG,0,55175,13266,0,245,209,0,19051,4684,0,19051,4500,0,16828,3873,0,0,0,0,0,0,0,0,0,0,0,0,0,0,0,0,0,0,0,0,0,0,0,0
2,2025,'070490020',601,  ,KG,0,37044,10011,0,0,0,0,37044,10011,0,0,0,0,0,0,0,0,0,0,0,0,0,0,0,0,0,0,0,0,0,0,0,0,0,0,0,0,0,0
2,2025,'070490030',105,  ,KG,0,13283480,789117,0,1440630,91653,0,1989315,123259,0,4404465,246296,0,3246345,191234,0,460140,26099,0,125715,6431,0,116190,6724,0,285440,18098,0,401115,26477,0,566130,34738,0,149055,10412,0,98940,7696
2,2025,'070490030',106,  ,KG,0,152340,15237,0,0,0,0,0,0,0,152340,15237,0,0,0,0,0,0,0,0,0,0,0,0,0,0,0,0,0,0,0,0,0,0,0,0,0,0,0
2,2025,'070490030',110,  ,KG,0,48300,3973,0,0,0,0,15300,1349,0,33000,2624,0,0,0,0,0,0,0,0,0,0,0,0,0,0,0,0,0,0,0,0,0,0,0,0,0,0,0
2,2025,'070490090',105,  ,KG,0,17617,6641,0,1080,346,0,3985,1315,0,5125,1444,0,2420,779,0,0,0,0,0,0,0,0,0,0,0,0,0,0,0,0,0,0,0,2310,1112,0,2697,1645
2,2025,'070490090',207,  ,KG,0,2904,3577,0,544,580,0,1760,2232,0,600,765,0,0,0,0,0,0,0,0,0,0,0,0,0,0,0,0,0,0,0,0,0,0,0,0,0,0,0
2,2025,'070511000',103,  ,KG,0,3976,1520,0,0,0,0,0,0,0,0,0,0,0,0,0,0,0,0,0,0,0,0,0,0,0,0,0,0,0,0,3976,1520,0,0,0,0,0,0
2,2025,'070511000',105,  ,KG,0,615599,110010,0,15120,3289,0,2160,664,0,0,0,0,4320,1411,0,0,0,0,0,0,0,24327,4121,0,168724,29531,0,326074,57021,0,71955,12685,0,0,0,0,2919,1288
2,2025,'070511000',106,  ,KG,0,5317984,820099,0,1963696,305184,0,1556240,235527,0,934800,139817,0,174400,26904,0,0,0,0,0,0,0,0,0,0,0,0,0,0,0,0,0,0,0,0,0,0,688848,112667
2,2025,'070511000',304,  ,KG,0,105119,36439,0,44503,19153,0,0,0,0,14152,3403,0,0,0,0,0,0,0,0,0,0,0,0,0,23232,6944,0,23232,6939,0,0,0,0,0,0,0,0,0
2,2025,'070519000',105,  ,KG,0,45597,11204,0,3216,720,0,11580,2286,0,7800,1280,0,6645,1167,0,0,0,0,0,0,0,0,0,0,0,0,0,0,0,0,0,0,0,5124,2196,0,11232,3555
2,2025,'070519000',106,  ,KG,0,5040,1380,0,2520,689,0,2520,691,0,0,0,0,0,0,0,0,0,0,0,0,0,0,0,0,0,0,0,0,0,0,0,0,0,0,0,0,0,0
2,2025,'070519000',218,  ,KG,0,7239,7909,0,0,0,0,200,204,0,0,0,0,390,443,0,630,646,0,200,204,0,435,466,0,435,470,0,677,733,0,1045,1149,0,1858,2050,0,1369,1544
2,2025,'070519000',304,  ,KG,0,5660,2800,0,945,712,0,0,0,0,0,0,0,0,0,0,0,0,0,0,0,0,0,0,0,0,0,0,4715,2088,0,0,0,0,0,0,0,0,0
2,2025,'070521000',207,  ,KG,0,59932,68300,0,6320,7178,0,4129,5176,0,4396,4970,0,4416,4509,0,4360,4810,0,4352,4429,0,4365,4126,0,4549,4733,0,4764,5019,0,5985,7163,0,5969,7886,0,6327,8301
2,2025,'070521000',208,  ,KG,0,50302,45236,0,4174,3941,0,2726,2594,0,4685,4012,0,3223,2729,0,4464,3807,0,3697,3168,0,3817,3382,0,4335,3904,0,4449,4020,0,4427,4014,0,5646,5244,0,4659,4421
2,2025,'070521000',220,  ,KG,0,880,913,0,0,0,0,0,0,0,0,0,0,880,913,0,0,0,0,0,0,0,0,0,0,0,0,0,0,0,0,0,0,0,0,0,0,0,0
2,2025,'070521000',304,  ,KG,0,1159153,591977,0,75065,39826,0,87785,46178,0,111988,55522,0,40604,20460,0,98807,49511,0,99584,50081,0,99413,49483,0,135554,67296,0,112536,56120,0,113246,59268,0,112313,59360,0,72258,38872
2,2025,'070521000',305,  ,KG,0,24888,14731,0,0,0,0,0,0,0,0,0,0,24888,14731,0,0,0,0,0,0,0,0,0,0,0,0,0,0,0,0,0,0,0,0,0,0,0,0
2,2025,'070529000',103,  ,KG,0,17700,6964,0,0,0,0,0,0,0,0,0,0,0,0,0,0,0,0,9300,3712,0,0,0,0,8400,3252,0,0,0,0,0,0,0,0,0,0,0,0
2,2025,'070529000',210,  ,KG,0,160,444,0,0,0,0,0,0,0,0,0,0,80,222,0,80,222,0,0,0,0,0,0,0,0,0,0,0,0,0,0,0,0,0,0,0,0,0
2,2025,'070529000',220,  ,KG,0,31348,40157,0,1740,3544,0,1174,2390,0,1425,2656,0,23088,23518,0,642,725,0,0,0,0,0,0,0,0,0,0,0,0,0,341,796,0,1532,3509,0,1406,3019
2,2025,'070529000',304,  ,KG,0,581675,395289,0,32040,23640,0,58114,41087,0,45266,31441,0,46390,32367,0,63732,42849,0,37136,24465,0,36335,23934,0,76164,48859,0,57787,37340,0,51408,35006,0,44913,31499,0,32390,22802
2,2025,'070610010',105,  ,KG,0,103229000,5930086,0,6923720,483803,0,8223360,549789,0,9075290,529965,0,9088110,559763,0,8044730,493350,0,8215000,419792,0,9121560,425394,0,9329440,429588,0,7482560,364146,0,8767440,444753,0,8394820,502909,0,10562970,726834
2,2025,'070610010',106,  ,KG,0,1624210,170217,0,24500,2323,0,117800,12857,0,774400,84049,0,612010,63233,0,95500,7755,0,0,0,0,0,0,0,0,0,0,0,0,0,0,0,0,0,0,0,0,0
2,2025,'070610010',110,  ,KG,0,378000,21642,0,0,0,0,25000,1273,0,203000,11473,0,125000,7095,0,0,0,0,25000,1801,0,0,0,0,0,0,0,0,0,0,0,0,0,0,0,0,0,0
2,2025,'070610010',207,  ,KG,0,30330,18996,0,0,0,0,0,0,0,0,0,0,1170,695,0,4410,2687,0,6825,4223,0,3900,2462,0,6715,4263,0,3535,2252,0,1435,928,0,1710,1081,0,630,405
2,2025,'070610010',304,  ,KG,0,128074,65195,0,8114,4382,0,12875,6667,0,10722,5264,0,12522,6297,0,10969,5388,0,9768,4674,0,9064,4587,0,12421,6277,0,10969,5519,0,10969,5565,0,9064,4815,0,10617,5760
2,2025,'070610010',601,  ,KG,0,2715196,384550,0,77260,13874,0,236800,35820,0,215236,32440,0,245600,38131,0,256800,34297,0,290400,36816,0,217120,29053,0,149600,23152,0,246000,38069,0,356000,47039,0,209600,28091,0,214780,27768
2,2025,'070690010',105,  ,KG,0,42055950,4677981,0,3570590,510463,0,3385100,473450,0,3570930,556001,0,3534140,616104,0,2700300,351823,0,2871080,292466,0,3903210,331338,0,2919180,251728,0,3416980,279004,0,4478320,359257,0,4194780,346671,0,3511340,309676
2,2025,'070690010',106,  ,KG,0,103050,21393,0,0,0,0,0,0,0,0,0,0,35870,7105,0,36000,7093,0,0,0,0,10280,2377,0,20900,4818,0,0,0,0,0,0,0,0,0,0,0,0
2,2025,'070690090',105,  ,KG,0,5911000,511657,0,448150,41034,0,473760,39128,0,1538290,98394,0,870680,64375,0,266470,29595,0,244740,39865,0,454630,41611,0,569980,48373,0,363520,29589,0,419950,41679,0,140970,17789,0,119860,20225
2,2025,'070690090',110,  ,KG,0,4000,528,0,0,0,0,0,0,0,0,0,0,0,0,0,0,0,0,0,0,0,4000,528,0,0,0,0,0,0,0,0,0,0,0,0,0,0,0
2,2025,'070690090',123,  ,KG,0,425,265,0,0,0,0,0,0,0,0,0,0,0,0,0,0,0,0,0,0,0,0,0,0,0,0,0,0,0,0,425,265,0,0,0,0,0,0
2,2025,'070690090',207,  ,KG,0,96035,55887,0,7450,4744,0,6320,3543,0,11125,6168,0,11540,6172,0,6600,3329,0,2520,1205,0,3185,1734,0,8070,4644,0,10585,5775,0,9255,5564,0,8085,5086,0,11300,7923
2,2025,'070690090',208,  ,KG,0,10500,8686,0,2635,2066,0,1410,1092,0,500,381,0,0,0,0,0,0,0,0,0,0,0,0,0,0,0,0,250,212,0,2935,2527,0,2770,2408,0,0,0
2,2025,'070690090',210,  ,KG,0,2055,5078,0,155,399,0,0,0,0,0,0,0,500,390,0,0,0,0,0,0,0,0,0,0,0,0,0,0,0,0,300,1007,0,640,2237,0,460,1045
2,2025,'070690090',304,  ,KG,0,1231,1378,0,0,0,0,0,0,0,0,0,0,0,0,0,0,0,0,0,0,0,0,0,0,0,0,0,0,0,0,471,668,0,570,485,0,190,225
2,2025,'070690090',305,  ,KG,0,38610,15846,0,0,0,0,0,0,0,12870,5424,0,12870,5183,0,0,0,0,12870,5239,0,0,0,0,0,0,0,0,0,0,0,0,0,0,0,0,0,0
2,2025,'070690090',601,  ,KG,0,95006,41954,0,1900,838,0,7680,3341,0,8400,3421,0,3840,1614,0,12016,4944,0,20640,9401,0,22640,10500,0,5890,2560,0,4000,1740,0,4000,1768,0,0,0,0,4000,1827
2,2025,'070690090',606,  ,KG,0,9455,7564,0,0,0,0,0,0,0,0,0,0,0,0,0,375,300,0,1875,1500,0,1605,1284,0,1600,1280,0,4000,3200,0,0,0,0,0,0,0,0,0
2,2025,'070700000',103,  ,KG,0,3775,1898,0,0,0,0,650,366,0,2000,1049,0,1125,483,0,0,0,0,0,0,0,0,0,0,0,0,0,0,0,0,0,0,0,0,0,0,0,0
2,2025,'070810000',105,  ,KG,0,22337,12657,0,16900,10210,0,1732,927,0,2544,959,0,1161,561,0,0,0,0,0,0,0,0,0,0,0,0,0,0,0,0,0,0,0,0,0,0,0,0
2,2025,'070810000',110,  ,KG,0,52576,34708,0,0,0,0,0,0,0,0,0,0,0,0,0,13492,7044,0,0,0,0,14364,7684,0,0,0,0,0,0,0,0,0,0,12000,8798,0,12720,11182
2,2025,'070810000',111,  ,KG,0,131290,91785,0,13980,9290,0,0,0,0,31308,18763,0,0,0,0,15272,8785,0,0,0,0,0,0,0,29432,22595,0,0,0,0,12060,8251,0,13796,11047,0,15442,13054
2,2025,'070810000',220,  ,KG,0,3351,4931,0,0,0,0,381,586,0,1607,2354,0,1156,1644,0,207,347,0,0,0,0,0,0,0,0,0,0,0,0,0,0,0,0,0,0,0,0,0
2,2025,'070810000',306,  ,KG,0,25789,31800,0,526,724,0,18000,17490,0,0,0,0,0,0,0,0,0,0,0,0,0,0,0,0,0,0,0,0,0,0,0,0,0,0,0,0,7263,13586
2,2025,'070810000',407,  ,KG,0,219379,244207,0,0,0,0,0,0,0,0,0,0,0,0,0,0,0,0,3240,4224,0,67486,73462,0,53577,62125,0,70695,76252,0,23301,26693,0,1080,1451,0,0,0
2,2025,'070820000',110,  ,KG,0,3000,1170,0,0,0,0,0,0,0,0,0,0,0,0,0,0,0,0,0,0,0,3000,1170,0,0,0,0,0,0,0,0,0,0,0,0,0,0,0
2,2025,'070820000',305,  ,KG,0,59466,67139,0,6202,7522,0,5549,6616,0,6307,6703,0,9104,9283,0,4243,4713,0,4242,4716,0,3588,4030,0,3262,3721,0,4243,4832,0,4568,5273,0,3916,4627,0,4242,5103
2,2025,'070820000',601,  ,KG,0,420,296,0,420,296,0,0,0,0,0,0,0,0,0,0,0,0,0,0,0,0,0,0,0,0,0,0,0,0,0,0,0,0,0,0,0,0,0
2,2025,'070820000',612,  ,KG,0,1461,862,0,0,0,0,0,0,0,1111,633,0,0,0,0,350,229,0,0,0,0,0,0,0,0,0,0,0,0,0,0,0,0,0,0,0,0,0
2,2025,'070890000',106,  ,KG,0,66469,24856,0,0,0,0,0,0,0,12000,4281,0,54469,20575,0,0,0,0,0,0,0,0,0,0,0,0,0,0,0,0,0,0,0,0,0,0,0,0
2,2025,'070890000',111,  ,KG,0,2798,3279,0,0,0,0,0,0,0,0,0,0,0,0,0,0,0,0,0,0,0,0,0,0,0,0,0,0,0,0,719,884,0,373,426,0,1706,1969
2,2025,'070890000',118,  ,KG,0,2380,1610,0,600,404,0,1000,658,0,0,0,0,0,0,0,350,216,0,0,0,0,0,0,0,0,0,0,0,0,0,430,332,0,0,0,0,0,0
2,2025,'070920000',103,  ,KG,0,25806,24998,0,0,0,0,0,0,0,0,0,0,10188,9956,0,15618,15042,0,0,0,0,0,0,0,0,0,0,0,0,0,0,0,0,0,0,0,0,0
2,2025,'070920000',110,  ,KG,0,840,1242,0,0,0,0,0,0,0,0,0,0,0,0,0,0,0,0,0,0,0,0,0,0,0,0,0,0,0,0,0,0,0,0,0,0,840,1242
2,2025,'070920000',111,  ,KG,0,2944,5805,0,240,470,0,696,1362,0,720,1374,0,0,0,0,120,220,0,0,0,0,0,0,0,112,219,0,104,205,0,0,0,0,552,1110,0,400,845
2,2025,'070920000',207,  ,KG,0,13399,23234,0,0,0,0,0,0,0,100,250,0,1507,3491,0,9955,15279,0,1837,4214,0,0,0,0,0,0,0,0,0,0,0,0,0,0,0,0,0,0
2,2025,'070920000',210,  ,KG,0,51234,163350,0,1835,7533,0,5268,21399,0,15889,57546,0,16726,46609,0,10441,27131,0,1075,3132,0,0,0,0,0,0,0,0,0,0,0,0,0,0,0,0,0,0
2,2025,'070920000',213,  ,KG,0,9079,25392,0,0,0,0,0,0,0,0,0,0,2304,6493,0,5863,16413,0,912,2486,0,0,0,0,0,0,0,0,0,0,0,0,0,0,0,0,0,0
2,2025,'070920000',220,  ,KG,0,11657,39420,0,0,0,0,1324,4859,0,5378,18270,0,4304,14236,0,651,2055,0,0,0,0,0,0,0,0,0,0,0,0,0,0,0,0,0,0,0,0,0
2,2025,'070920000',305,  ,KG,0,4361251,3988878,0,372923,493664,0,884000,708953,0,1428759,964575,0,338830,308775,0,198685,194032,0,125039,115753,0,52526,51025,0,32459,42367,0,97125,110253,0,224776,240730,0,291851,344553,0,314278,414198
2,2025,'070920000',407,  ,KG,0,122591,154397,0,7189,7890,0,9347,13989,0,15546,22991,0,27095,34046,0,17820,17031,0,0,0,0,0,0,0,3588,5439,0,7134,7642,0,11292,12510,0,4494,7048,0,19086,25811
2,2025,'070920000',601,  ,KG,0,542537,588935,0,0,0,0,0,0,0,0,0,0,0,0,0,0,0,0,0,0,0,0,0,0,2223,3556,0,65708,76043,0,274116,277587,0,173430,198398,0,27060,33351
2,2025,'070920000',606,  ,KG,0,600,732,0,0,0,0,0,0,0,0,0,0,0,0,0,0,0,0,0,0,0,0,0,0,0,0,0,0,0,0,0,0,0,600,732,0,0,0
2,2025,'070940000',304,  ,KG,0,1208677,250235,0,87084,20104,0,94951,20975,0,58056,11970,0,43542,8816,0,77215,14671,0,72570,14421,0,72570,14286,0,94058,18045,0,119607,21017,0,91290,18490,0,194517,37622,0,203217,49818
2,2025,'070940000',305,  ,KG,0,1769280,282432,0,109440,18900,0,145920,23759,0,310080,49782,0,182400,29118,0,91200,13958,0,200640,30969,0,164160,25785,0,218880,34390,0,109440,17468,0,164160,26186,0,54720,8925,0,18240,3192
2,2025,'070951000',105,  ,KG,0,34878,12364,0,0,0,0,0,0,0,0,0,0,15000,5310,0,0,0,0,0,0,0,0,0,0,0,0,0,0,0,0,0,0,0,4878,1377,0,15000,5677
2,2025,'070951000',302,  ,KG,0,188524,217790,0,18450,22135,0,15990,18684,0,13530,15283,0,22073,27140,0,15250,17762,0,10865,11828,0,11890,12868,0,20206,22782,0,12915,14405,0,13120,14838,0,14350,16644,0,19885,23421
2,2025,'070951000',606,  ,KG,0,482,541,0,0,0,0,0,0,0,0,0,0,0,0,0,0,0,0,0,0,0,0,0,0,0,0,0,0,0,0,0,0,0,0,0,0,482,541
2,2025,'070952000',105,  ,KG,0,1576,7075,0,0,0,0,0,0,0,0,0,0,0,0,0,0,0,0,80,328,0,295,1219,0,333,1884,0,410,1997,0,458,1647,0,0,0,0,0,0
2,2025,'070952000',210,  ,KG,0,4481,32697,0,0,0,0,0,0,0,0,0,0,0,0,0,0,0,0,0,0,0,0,0,0,0,0,0,1807,12857,0,2644,19498,0,30,342,0,0,0
2,2025,'070952000',218,  ,KG,0,1251,11231,0,0,0,0,0,0,0,0,0,0,0,0,0,0,0,0,0,0,0,0,0,0,0,0,0,0,0,0,0,0,0,1251,11231,0,0,0
2,2025,'070952000',231,  ,KG,0,10457,72367,0,0,0,0,0,0,0,0,0,0,0,0,0,0,0,0,0,0,0,0,0,0,2069,13192,0,4895,33417,0,2601,18090,0,892,7668,0,0,0
2,2025,'070952000',232,  ,KG,0,2609,19063,0,0,0,0,0,0,0,0,0,0,0,0,0,168,1199,0,137,1068,0,0,0,0,711,4645,0,1410,10481,0,0,0,0,183,1670,0,0,0
2,2025,'070952000',244,  ,KG,0,156,1456,0,0,0,0,0,0,0,0,0,0,0,0,0,0,0,0,0,0,0,0,0,0,0,0,0,0,0,0,156,1456,0,0,0,0,0,0
2,2025,'070953000',210,  ,KG,0,1606,5526,0,327,861,0,0,0,0,0,0,0,0,0,0,0,0,0,0,0,0,56,368,0,0,0,0,51,266,0,306,1230,0,356,1267,0,510,1534
2,2025,'070953000',217,  ,KG,0,1164,5432,0,0,0,0,0,0,0,309,1613,0,183,808,0,672,3011,0,0,0,0,0,0,0,0,0,0,0,0,0,0,0,0,0,0,0,0,0
2,2025,'070953000',218,  ,KG,0,1211,6222,0,603,3769,0,269,1384,0,288,867,0,0,0,0,0,0,0,0,0,0,0,0,0,0,0,0,0,0,0,51,202,0,0,0,0,0,0
2,2025,'070953000',223,  ,KG,0,936,3762,0,0,0,0,0,0,0,0,0,0,0,0,0,0,0,0,0,0,0,936,3762,0,0,0,0,0,0,0,0,0,0,0,0,0,0,0
2,2025,'070953000',231,  ,KG,0,1617,6164,0,0,0,0,0,0,0,0,0,0,0,0,0,0,0,0,39,226,0,0,0,0,444,1595,0,789,2812,0,345,1531,0,0,0,0,0,0
2,2025,'070953000',232,  ,KG,0,686,3277,0,0,0,0,0,0,0,0,0,0,0,0,0,0,0,0,686,3277,0,0,0,0,0,0,0,0,0,0,0,0,0,0,0,0,0,0
2,2025,'070953000',237,  ,KG,0,4075,14336,0,0,0,0,0,0,0,0,0,0,0,0,0,0,0,0,0,0,0,924,3323,0,820,2429,0,909,2773,0,1222,4808,0,200,1003,0,0,0
2,2025,'070953000',243,  ,KG,0,141,690,0,0,0,0,0,0,0,0,0,0,0,0,0,0,0,0,0,0,0,0,0,0,0,0,0,0,0,0,0,0,0,141,690,0,0,0
2,2025,'070953000',244,  ,KG,0,355,1671,0,0,0,0,0,0,0,0,0,0,0,0,0,0,0,0,355,1671,0,0,0,0,0,0,0,0,0,0,0,0,0,0,0,0,0,0
2,2025,'070953000',302,  ,KG,0,711,3883,0,0,0,0,0,0,0,0,0,0,0,0,0,0,0,0,0,0,0,0,0,0,0,0,0,0,0,0,0,0,0,0,0,0,711,3883
2,2025,'070953000',504,  ,KG,0,72,429,0,0,0,0,72,429,0,0,0,0,0,0,0,0,0,0,0,0,0,0,0,0,0,0,0,0,0,0,0,0,0,0,0,0,0,0
2,2025,'070954000',105,  ,KG,0,3582868,1125406,0,352602,115312,0,251834,84541,0,219257,70252,0,175680,59554,0,232305,69382,0,159381,50225,0,149161,50632,0,229433,70539,0,232191,73520,0,430219,129336,0,431053,131953,0,719752,220160
2,2025,'070955000',103,  ,KG,0,1093,76620,0,0,0,0,0,0,0,0,0,0,0,0,0,0,0,0,0,0,0,0,0,0,0,0,0,28,2835,0,995,70265,0,70,3520,0,0,0
2,2025,'070955000',105,  ,KG,0,382365,3231598,0,0,0,0,0,0,0,0,0,0,0,0,0,41,1173,0,607,12024,0,29276,229988,0,83663,565365,0,118660,906000,0,108410,1179002,0,40938,331858,0,770,6188
2,2025,'070955000',132,  ,KG,0,9309,107150,0,0,0,0,0,0,0,0,0,0,0,0,0,0,0,0,0,0,0,1617,20673,0,4677,53601,0,2627,27941,0,388,4935,0,0,0,0,0,0
2,2025,'070955000',234,  ,KG,0,2334,8741,0,0,0,0,0,0,0,0,0,0,0,0,0,0,0,0,0,0,0,0,0,0,0,0,0,0,0,0,0,0,0,2018,7507,0,316,1234
2,2025,'070955000',302,  ,KG,0,46303,268591,0,0,0,0,0,0,0,0,0,0,0,0,0,0,0,0,0,0,0,0,0,0,597,5605,0,25499,145213,0,13512,82666,0,6695,35107,0,0,0
2,2025,'070955000',304,  ,KG,0,84524,518249,0,0,0,0,0,0,0,0,0,0,0,0,0,0,0,0,0,0,0,0,0,0,294,2701,0,9230,66112,0,45142,287282,0,25989,142549,0,3869,19605
2,2025,'070956000',105,  ,KG,0,7094,77746,0,2195,20784,0,396,4693,0,130,2183,0,70,1488,0,0,0,0,0,0,0,0,0,0,0,0,0,17,225,0,311,4305,0,1429,16060,0,2546,28008
2,2025,'070956000',133,  ,KG,0,36,1255,0,0,0,0,0,0,0,6,204,0,30,1051,0,0,0,0,0,0,0,0,0,0,0,0,0,0,0,0,0,0,0,0,0,0,0,0
2,2025,'070956000',134,  ,KG,0,7,257,0,0,0,0,0,0,0,7,257,0,0,0,0,0,0,0,0,0,0,0,0,0,0,0,0,0,0,0,0,0,0,0,0,0,0,0
2,2025,'070956000',210,  ,KG,0,2641,319842,0,579,78969,0,404,56625,0,180,30436,0,10,271,0,74,1831,0,147,2534,0,138,2435,0,78,1661,0,113,7462,0,150,12137,0,144,11492,0,624,113989
2,2025,'070956000',217,  ,KG,0,14,780,0,0,0,0,0,0,0,0,0,0,0,0,0,0,0,0,0,0,0,0,0,0,0,0,0,0,0,0,14,780,0,0,0,0,0,0
2,2025,'070956000',218,  ,KG,0,1807,170724,0,211,20528,0,272,27854,0,211,31304,0,52,6264,0,40,1111,0,65,911,0,89,1406,0,72,2171,0,169,8103,0,76,6151,0,148,10879,0,402,54042
2,2025,'070956000',220,  ,KG,0,11028,1394660,0,597,119594,0,500,71044,0,598,75789,0,611,31965,0,877,22566,0,1475,30611,0,1314,27744,0,1156,35556,0,580,45766,0,891,201073,0,1127,349559,0,1302,383393
2,2025,'070956000',227,  ,KG,0,10,525,0,0,0,0,0,0,0,0,0,0,0,0,0,0,0,0,0,0,0,0,0,0,0,0,0,10,525,0,0,0,0,0,0,0,0,0
2,2025,'070956000',228,  ,KG,0,1,609,0,0,0,0,0,0,0,0,0,0,0,0,0,0,0,0,0,0,0,0,0,0,0,0,0,0,0,0,0,0,0,1,609,0,0,0
2,2025,'070956000',231,  ,KG,0,686,45791,0,3,290,0,0,0,0,18,867,0,13,463,0,0,0,0,0,0,0,0,0,0,36,1070,0,335,19615,0,201,16651,0,59,4775,0,21,2060
2,2025,'070956000',232,  ,KG,0,480,11947,0,0,0,0,4,298,0,62,2038,0,205,5600,0,114,2504,0,40,614,0,55,893,0,0,0,0,0,0,0,0,0,0,0,0,0,0,0
2,2025,'070956000',241,  ,KG,0,142,38353,0,6,3140,0,3,301,0,0,0,0,10,327,0,20,379,0,0,0,0,0,0,0,0,0,0,14,4237,0,38,8668,0,31,14072,0,20,7229
2,2025,'070956000',409,  ,KG,0,163,17015,0,0,0,0,0,0,0,0,0,0,0,0,0,5,732,0,61,7390,0,57,4800,0,40,4093,0,0,0,0,0,0,0,0,0,0,0,0
2,2025,'070956000',413,  ,KG,0,104,13942,0,0,0,0,0,0,0,0,0,0,0,0,0,0,0,0,5,719,0,26,3224,0,63,8307,0,10,1692,0,0,0,0,0,0,0,0,0
2,2025,'070956000',601,  ,KG,0,1569,142288,0,0,0,0,0,0,0,0,0,0,0,0,0,5,671,0,477,46697,0,808,67866,0,279,27054,0,0,0,0,0,0,0,0,0,0,0,0
2,2025,'070959000',103,  ,KG,0,243483,89115,0,40000,13213,0,37200,12779,0,3600,1495,0,6513,2879,0,9834,4436,0,7100,3251,0,7920,3612,0,11472,4845,0,16538,6856,0,17986,7495,0,24360,9165,0,60960,19089
2,2025,'070959000',105,  ,KG,0,224892,81358,0,306,2003,0,490,3445,0,8886,10825,0,16444,10195,0,8062,3618,0,15716,4661,0,7812,1991,0,23467,6747,0,39117,10488,0,23436,6259,0,23436,6347,0,57720,14779
2,2025,'070959000',210,  ,KG,0,4847,16951,0,160,573,0,0,0,0,0,0,0,0,0,0,393,1511,0,296,1210,0,0,0,0,387,1495,0,1043,3745,0,1033,3781,0,1030,2966,0,505,1670
2,2025,'070959000',217,  ,KG,0,622,1988,0,252,742,0,0,0,0,168,519,0,102,372,0,0,0,0,0,0,0,0,0,0,100,355,0,0,0,0,0,0,0,0,0,0,0,0
2,2025,'070959000',218,  ,KG,0,654,2316,0,450,1619,0,102,225,0,0,0,0,0,0,0,0,0,0,0,0,0,0,0,0,0,0,0,0,0,0,0,0,0,0,0,0,102,472
2,2025,'070959000',220,  ,KG,0,812,2209,0,80,304,0,0,0,0,0,0,0,0,0,0,0,0,0,60,211,0,0,0,0,0,0,0,0,0,0,192,545,0,380,914,0,100,235
2,2025,'070959000',223,  ,KG,0,819,3503,0,0,0,0,0,0,0,0,0,0,0,0,0,0,0,0,0,0,0,0,0,0,0,0,0,102,332,0,288,1239,0,429,1932,0,0,0
2,2025,'070959000',227,  ,KG,0,183,990,0,0,0,0,0,0,0,81,478,0,102,512,0,0,0,0,0,0,0,0,0,0,0,0,0,0,0,0,0,0,0,0,0,0,0,0
2,2025,'070959000',231,  ,KG,0,40,205,0,0,0,0,0,0,0,0,0,0,0,0,0,0,0,0,0,0,0,0,0,0,0,0,0,0,0,0,40,205,0,0,0,0,0,0
2,2025,'070959000',232,  ,KG,0,666,4838,0,0,0,0,0,0,0,0,0,0,213,1699,0,402,2745,0,51,394,0,0,0,0,0,0,0,0,0,0,0,0,0,0,0,0,0,0
2,2025,'070959000',234,  ,KG,0,490,3577,0,0,0,0,0,0,0,0,0,0,0,0,0,337,2644,0,42,333,0,0,0,0,0,0,0,0,0,0,0,0,0,0,0,0,111,600
2,2025,'070959000',243,  ,KG,0,150,622,0,0,0,0,0,0,0,0,0,0,0,0,0,0,0,0,0,0,0,0,0,0,0,0,0,150,622,0,0,0,0,0,0,0,0,0
2,2025,'070960010',103,  ,KG,0,14997432,7294129,0,1038267,718398,0,667176,450331,0,889927,552442,0,1258652,673444,0,1623489,615288,0,2164744,746136,0,2335756,726206,0,779875,490576,0,1020820,594204,0,656605,385215,0,1201151,653467,0,1360970,688422
2,2025,'070960010',207,  ,KG,0,1270875,807387,0,0,0,0,0,0,0,0,0,0,0,0,0,73500,40618,0,50250,28632,0,62250,37747,0,475125,314354,0,391875,255220,0,217875,130816,0,0,0,0,0,0
2,2025,'070960010',302,  ,KG,0,279947,212837,0,0,0,0,0,0,0,4500,2490,0,44429,35213,0,29590,23249,0,22650,18919,0,24051,20821,0,49197,35932,0,57322,40518,0,36961,26663,0,11247,9032,0,0,0
2,2025,'070960010',606,  ,KG,0,2304660,1618251,0,420760,336111,0,371955,271492,0,414055,269773,0,161325,108161,0,3985,2442,0,0,0,0,0,0,0,1000,1000,0,41070,30537,0,358490,234549,0,269755,190841,0,262265,173345
2,2025,'070960090',103,  ,KG,0,180393,143123,0,21063,19259,0,19326,16571,0,18541,17423,0,25895,18482,0,19122,12933,0,14110,9980,0,8360,7964,0,5450,4445,0,3080,2977,0,9830,6989,0,13168,10116,0,22448,15984
2,2025,'070960090',110,  ,KG,0,35166,15758,0,6400,3107,0,0,0,0,2400,1112,0,24266,10616,0,2100,923,0,0,0,0,0,0,0,0,0,0,0,0,0,0,0,0,0,0,0,0,0
2,2025,'070960090',207,  ,KG,0,1920,2842,0,0,0,0,0,0,0,0,0,0,0,0,0,150,224,0,360,534,0,330,488,0,780,1155,0,150,219,0,150,222,0,0,0,0,0,0
2,2025,'070960090',606,  ,KG,0,34800,19935,0,0,0,0,0,0,0,23100,12705,0,150,300,0,0,0,0,0,0,0,0,0,0,0,0,0,0,0,0,0,0,0,0,0,0,11550,6930
2,2025,'070991000',210,  ,KG,0,2529,6651,0,0,0,0,0,0,0,0,0,0,0,0,0,160,477,0,551,1497,0,501,1246,0,795,2051,0,420,1161,0,0,0,0,0,0,0,102,219
2,2025,'070991000',218,  ,KG,0,93,214,0,0,0,0,0,0,0,0,0,0,0,0,0,0,0,0,0,0,0,93,214,0,0,0,0,0,0,0,0,0,0,0,0,0,0,0
2,2025,'070991000',220,  ,KG,0,1208,2842,0,52,222,0,0,0,0,286,636,0,770,1675,0,100,309,0,0,0,0,0,0,0,0,0,0,0,0,0,0,0,0,0,0,0,0,0
2,2025,'070992000',218,  ,KG,0,9036,3068,0,0,0,0,0,0,0,0,0,0,0,0,0,9036,3068,0,0,0,0,0,0,0,0,0,0,0,0,0,0,0,0,0,0,0,0,0
2,2025,'070993000',103,  ,KG,0,651930,118841,0,1440,766,0,400,227,0,0,0,0,0,0,0,0,0,0,0,0,0,477230,87472,0,86760,15038,0,54100,9458,0,32000,5880,0,0,0,0,0,0
2,2025,'070993000',207,  ,KG,0,378,525,0,0,0,0,0,0,0,0,0,0,0,0,0,0,0,0,0,0,0,0,0,0,378,525,0,0,0,0,0,0,0,0,0,0,0,0
2,2025,'070993000',218,  ,KG,0,460,223,0,0,0,0,0,0,0,460,223,0,0,0,0,0,0,0,0,0,0,0,0,0,0,0,0,0,0,0,0,0,0,0,0,0,0,0
2,2025,'070993000',304,  ,KG,0,1285,840,0,0,0,0,0,0,0,0,0,0,0,0,0,0,0,0,0,0,0,0,0,0,0,0,0,1285,840,0,0,0,0,0,0,0,0,0
2,2025,'070993000',305,  ,KG,0,23575398,3972189,0,7454083,1220948,0,1840733,352981,0,819838,159538,0,704244,111628,0,3790875,618935,0,4369859,723781,0,390830,75965,0,1778,1059,0,13333,7681,0,7111,3904,0,7556,4248,0,4175158,691521
2,2025,'070993000',601,  ,KG,0,240000,42642,0,0,0,0,0,0,0,0,0,0,0,0,0,0,0,0,0,0,0,0,0,0,0,0,0,0,0,0,0,0,0,240000,42642,0,0,0
2,2025,'070993000',606,  ,KG,0,40365660,5342336,0,1218400,199330,0,4779200,730611,0,15216000,2039153,0,11902660,1546920,0,7249400,826322,0,0,0,0,0,0,0,0,0,0,0,0,0,0,0,0,0,0,0,0,0
2,2025,'070993000',618,  ,KG,0,1321920,243897,0,0,0,0,0,0,0,0,0,0,0,0,0,0,0,0,0,0,0,0,0,0,0,0,0,0,0,0,155520,27499,0,738720,136080,0,427680,80318
2,2025,'070999200',105,  ,KG,0,971089,897922,0,96457,98663,0,80208,81052,0,188311,135502,0,146950,81907,0,22667,44682,0,21272,43035,0,37428,67885,0,32526,59302,0,77992,66165,0,112207,64062,0,49813,54599,0,105258,101068
2,2025,'070999200',106,  ,KG,0,113489,78965,0,8985,6636,0,7460,5463,0,7223,5638,0,7521,5369,0,10334,7766,0,8327,5950,0,8732,5586,0,7654,4323,0,13226,7546,0,11298,8186,0,11123,8190,0,11606,8312
2,2025,'070999200',110,  ,KG,0,94870,58555,0,8768,5855,0,12970,5151,0,7140,4557,0,18418,11011,0,5371,2711,0,3363,2021,0,9043,5763,0,2859,1771,0,2892,2019,0,10361,6031,0,3216,2797,0,10469,8868
2,2025,'070999200',111,  ,KG,0,1927922,1542443,0,184880,148681,0,181291,142768,0,223557,169181,0,249450,186075,0,176717,136695,0,138195,111560,0,90999,79547,0,82037,73639,0,91826,78024,0,163518,128426,0,186767,150985,0,158685,136862
2,2025,'070999200',117,  ,KG,0,1305652,925769,0,209087,153216,0,172845,125643,0,203116,144184,0,201212,142109,0,114164,78151,0,49571,32350,0,2372,1494,0,4968,3228,0,11770,7637,0,56872,40508,0,152717,107114,0,126958,90135
2,2025,'070999200',118,  ,KG,0,1020,268,0,0,0,0,0,0,0,1020,268,0,0,0,0,0,0,0,0,0,0,0,0,0,0,0,0,0,0,0,0,0,0,0,0,0,0,0
2,2025,'070999200',123,  ,KG,0,3301,3190,0,766,626,0,319,257,0,713,570,0,468,344,0,0,0,0,0,0,0,0,0,0,0,0,0,88,239,0,0,0,0,0,0,0,947,1154
2,2025,'070999200',127,  ,KG,0,3295,1237,0,785,246,0,1577,598,0,0,0,0,0,0,0,0,0,0,0,0,0,0,0,0,0,0,0,0,0,0,0,0,0,0,0,0,933,393
2,2025,'070999200',143,  ,KG,0,23052,58345,0,2772,7546,0,2016,5397,0,2016,5220,0,2604,5153,0,2364,5869,0,852,2109,0,2268,5713,0,1608,4089,0,1512,3866,0,1512,3928,0,1512,4015,0,2016,5440
2,2025,'070999200',207,  ,KG,0,264,464,0,0,0,0,0,0,0,0,0,0,162,205,0,102,259,0,0,0,0,0,0,0,0,0,0,0,0,0,0,0,0,0,0,0,0,0
2,2025,'070999200',210,  ,KG,0,7893,23623,0,0,0,0,468,1612,0,417,1378,0,0,0,0,6435,18944,0,573,1689,0,0,0,0,0,0,0,0,0,0,0,0,0,0,0,0,0,0
2,2025,'070999200',220,  ,KG,0,2529,3040,0,406,496,0,1404,1862,0,314,371,0,405,311,0,0,0,0,0,0,0,0,0,0,0,0,0,0,0,0,0,0,0,0,0,0,0,0
2,2025,'070999200',304,  ,KG,0,28607,30639,0,1694,2088,0,1621,1980,0,2069,2438,0,2343,2733,0,2188,2474,0,2014,2278,0,1845,2102,0,2368,2908,0,1864,2162,0,2153,2625,0,2164,2580,0,6284,4271
2,2025,'070999200',305,  ,KG,0,4460,6504,0,0,0,0,0,0,0,0,0,0,0,0,0,180,208,0,438,861,0,270,306,0,1186,1531,0,1147,1508,0,567,783,0,355,639,0,317,668
2,2025,'070999200',612,  ,KG,0,342,244,0,0,0,0,0,0,0,0,0,0,0,0,0,0,0,0,0,0,0,0,0,0,0,0,0,0,0,0,0,0,0,342,244,0,0,0
2,2025,'071010000',105,  ,KG,0,16340381,2745225,0,1280070,229423,0,969724,179408,0,1520097,256379,0,1464892,243785,0,1418238,230878,0,1159033,183028,0,1452022,239525,0,1276681,210371,0,1219707,202145,0,1432476,235090,0,1548687,263257,0,1598754,271936
2,2025,'071010000',123,  ,KG,0,90040,16370,0,0,0,0,0,0,0,4540,825,0,22500,4235,0,0,0,0,0,0,0,22500,4084,0,0,0,0,18000,3325,0,0,0,0,0,0,0,22500,3901
2,2025,'071010000',208,  ,KG,0,469650,118291,0,92000,22533,0,0,0,0,50290,11926,0,3240,789,0,0,0,0,90850,22052,0,45340,11483,0,0,0,0,45370,11676,0,91730,24027,0,5400,1454,0,45430,12351
2,2025,'071010000',304,  ,KG,0,10010945,2391790,0,659400,163420,0,926230,230219,0,471000,110792,0,586450,138894,0,1035050,235643,0,987263,229082,0,823550,193445,0,1079373,256501,0,879634,209999,0,1126445,271193,0,612300,148130,0,824250,204472
2,2025,'071021000',105,  ,KG,0,6344948,2178741,0,643972,252068,0,397496,155366,0,655785,243056,0,514774,181107,0,571697,192785,0,527843,165309,0,511536,157115,0,480933,159275,0,528360,170785,0,433559,138344,0,509094,170524,0,569899,193007
2,2025,'071021000',111,  ,KG,0,4650,4291,0,0,0,0,0,0,0,0,0,0,4650,4291,0,0,0,0,0,0,0,0,0,0,0,0,0,0,0,0,0,0,0,0,0,0,0,0
2,2025,'071021000',123,  ,KG,0,139953,28522,0,9800,2165,0,0,0,0,0,0,0,3579,1001,0,1250,328,0,35796,6304,0,24400,4963,0,15600,3203,0,21310,4409,0,0,0,0,7200,1547,0,21018,4602
2,2025,'071021000',124,  ,KG,0,1200,232,0,0,0,0,0,0,0,0,0,0,0,0,0,0,0,0,0,0,0,0,0,0,0,0,0,0,0,0,0,0,0,1200,232,0,0,0
2,2025,'071021000',207,  ,KG,0,11520,3898,0,0,0,0,3840,1239,0,0,0,0,0,0,0,0,0,0,0,0,0,0,0,0,2880,1004,0,4800,1655,0,0,0,0,0,0,0,0,0
2,2025,'071021000',208,  ,KG,0,321800,89964,0,106320,30466,0,0,0,0,16800,4563,0,23040,6727,0,0,0,0,14370,4012,0,23990,5149,0,10800,3170,0,64800,16854,0,15600,4456,0,23040,7245,0,23040,7322
2,2025,'071021000',210,  ,KG,0,31280,8589,0,0,0,0,0,0,0,0,0,0,0,0,0,4560,1748,0,0,0,0,0,0,0,0,0,0,24568,5655,0,1008,537,0,1144,649,0,0,0
2,2025,'071021000',217,  ,KG,0,130176,34578,0,18432,4759,0,3456,870,0,4608,1156,0,21888,5637,0,8064,2085,0,9216,2381,0,0,0,0,25344,6918,0,10368,2829,0,25344,6975,0,3456,968,0,0,0
2,2025,'071021000',220,  ,KG,0,2210,1364,0,0,0,0,0,0,0,0,0,0,0,0,0,0,0,0,734,431,0,0,0,0,0,0,0,0,0,0,0,0,0,1476,933,0,0,0
2,2025,'071021000',227,  ,KG,0,291960,70137,0,19584,4548,0,29952,6805,0,33408,8178,0,18432,4241,0,26496,6127,0,34560,8047,0,16128,3899,0,32832,8051,0,27648,6780,0,13512,3405,0,26736,6718,0,12672,3338
2,2025,'071021000',304,  ,KG,0,1620710,580526,0,111246,42267,0,163480,60718,0,145215,51333,0,133724,49709,0,175893,61253,0,121933,42311,0,221299,78064,0,147487,50546,0,102446,38054,0,158775,52551,0,39530,15136,0,99682,38584
2,2025,'071021000',306,  ,KG,0,33660,17927,0,0,0,0,0,0,0,0,0,0,0,0,0,0,0,0,18000,9398,0,0,0,0,0,0,0,0,0,0,15660,8529,0,0,0,0,0,0
2,2025,'071021000',606,  ,KG,0,1519384,402888,0,51470,15945,0,38516,11586,0,197836,51811,0,119916,29424,0,99198,28756,0,139752,36295,0,255588,63852,0,78796,22685,0,88050,21451,0,225228,57056,0,102404,27235,0,122630,36792
2,2025,'071022000',105,  ,KG,0,13900882,3280730,0,1304481,326214,0,888473,220154,0,1044324,245563,0,1216272,279155,0,1257735,278251,0,1164577,258493,0,1220182,283304,0,1062451,250514,0,1013652,240997,0,1243550,293625,0,1346335,317993,0,1138850,286467
2,2025,'071022000',106,  ,KG,0,329854,108680,0,12680,4325,0,41000,13296,0,7584,3071,0,40500,11857,0,26300,7993,0,0,0,0,46400,15015,0,1160,464,0,55700,18246,0,25500,9270,0,35000,11087,0,38030,14056
2,2025,'071022000',110,  ,KG,0,305940,101866,0,16620,5798,0,17250,5847,0,36650,12290,0,74660,24449,0,37610,12446,0,21900,6997,0,15480,5087,0,24890,8158,0,16000,5386,0,37740,12773,0,0,0,0,7140,2635
2,2025,'071022000',111,  ,KG,0,5259439,1684830,0,363816,121806,0,532070,170883,0,518253,162852,0,506705,162102,0,392980,120833,0,296004,87242,0,483396,149029,0,379591,120891,0,408890,134560,0,414950,134592,0,518138,175083,0,444646,144957
2,2025,'071022000',118,  ,KG,0,140005,40207,0,8000,2534,0,1700,556,0,14750,4328,0,8754,2607,0,5000,1445,0,18000,5128,0,0,0,0,43801,12141,0,13500,3628,0,0,0,0,18000,5420,0,8500,2420
2,2025,'071022000',123,  ,KG,0,903200,169494,0,75870,14930,0,40400,8050,0,32810,5958,0,66000,12557,0,87000,15985,0,21040,3872,0,176200,31878,0,122000,22471,0,98290,18390,0,76620,14187,0,15300,3057,0,91670,18159
2,2025,'071022000',127,  ,KG,0,792,277,0,0,0,0,0,0,0,0,0,0,0,0,0,0,0,0,792,277,0,0,0,0,0,0,0,0,0,0,0,0,0,0,0,0,0,0
2,2025,'071022000',207,  ,KG,0,9600,2713,0,0,0,0,3840,1039,0,0,0,0,0,0,0,0,0,0,0,0,0,0,0,0,2880,842,0,2880,832,0,0,0,0,0,0,0,0,0
2,2025,'071022000',208,  ,KG,0,662640,143401,0,58680,13010,0,63000,13991,0,69480,15436,0,104520,21243,0,68040,13986,0,56520,12463,0,46320,9934,0,69480,15154,0,0,0,0,71640,15925,0,20040,4569,0,34920,7690
2,2025,'071022000',210,  ,KG,0,4137,2162,0,511,262,0,482,243,0,0,0,0,0,0,0,648,335,0,1776,946,0,0,0,0,0,0,0,0,0,0,720,376,0,0,0,0,0,0
2,2025,'071022000',217,  ,KG,0,370440,89404,0,31320,7474,0,50760,11694,0,10800,2488,0,21600,5089,0,65880,15454,0,31320,7497,0,49680,12439,0,15120,3772,0,33480,8268,0,17280,4292,0,23760,5899,0,19440,5038
2,2025,'071022000',218,  ,KG,0,36973,9625,0,4996,1332,0,7977,2071,0,0,0,0,0,0,0,9000,2262,0,0,0,0,5000,1273,0,0,0,0,0,0,0,0,0,0,0,0,0,10000,2687
2,2025,'071022000',304,  ,KG,0,135599,44793,0,17400,6373,0,0,0,0,0,0,0,0,0,0,47399,14739,0,0,0,0,24000,6747,0,0,0,0,23400,8682,0,0,0,0,0,0,0,23400,8252
2,2025,'071022000',506,  ,KG,0,92610,18547,0,0,0,0,0,0,0,22940,4645,0,0,0,0,23760,4601,0,0,0,0,0,0,0,23570,4710,0,0,0,0,0,0,0,22340,4591,0,0,0
2,2025,'071029010',105,  ,KG,0,25498534,6470917,0,1593569,423367,0,1498396,378567,0,1833962,472915,0,2482391,651147,0,2365712,573257,0,2406370,593956,0,2787971,680023,0,2349880,591434,0,2058759,509107,0,2257067,568164,0,1862400,487490,0,2002057,541490
2,2025,'071029010',106,  ,KG,0,21750071,7699983,0,1621197,612375,0,1470572,529908,0,1745978,609263,0,1502312,529501,0,2125318,709531,0,2387191,811763,0,2597969,894549,0,2156402,756403,0,1940130,686850,0,1770970,634326,0,1274630,468911,0,1157402,456603
2,2025,'071029010',110,  ,KG,0,941794,295202,0,8000,2496,0,42000,13241,0,73957,21634,0,101000,31625,0,146432,44903,0,44020,13107,0,110500,34270,0,24000,8464,0,132050,41135,0,84432,25279,0,47451,15325,0,127952,43723
2,2025,'071029010',111,  ,KG,0,12029680,4064160,0,619814,219454,0,399570,144160,0,1118520,379277,0,1035699,352092,0,1509361,493766,0,1445687,475513,0,1179961,391523,0,1383130,464545,0,1043256,353745,0,848841,290065,0,846198,289145,0,599643,210875
2,2025,'071029010',118,  ,KG,0,2285470,786740,0,159000,58862,0,205000,73133,0,279040,98298,0,271350,90829,0,217810,69864,0,308760,102019,0,188400,61760,0,130480,45487,0,241990,86238,0,183660,63881,0,22000,7453,0,77980,28916
2,2025,'071029010',207,  ,KG,0,388,483,0,0,0,0,0,0,0,0,0,0,388,483,0,0,0,0,0,0,0,0,0,0,0,0,0,0,0,0,0,0,0,0,0,0,0,0
2,2025,'071029090',105,  ,KG,0,5014896,1619781,0,518636,174797,0,313842,108705,0,618600,197571,0,458844,150840,0,403347,116614,0,504863,156731,0,524712,165599,0,245342,81393,0,385620,123245,0,446716,145631,0,316910,108861,0,277464,89794
2,2025,'071029090',111,  ,KG,0,2916,4146,0,0,0,0,0,0,0,0,0,0,0,0,0,648,767,0,891,1438,0,518,814,0,0,0,0,283,475,0,0,0,0,576,652,0,0,0
2,2025,'071029090',118,  ,KG,0,4255,4112,0,0,0,0,500,629,0,0,0,0,495,1000,0,0,0,0,0,0,0,0,0,0,215,310,0,0,0,0,0,0,0,645,1126,0,2400,1047
2,2025,'071029090',127,  ,KG,0,1269,515,0,0,0,0,0,0,0,0,0,0,540,249,0,0,0,0,0,0,0,0,0,0,729,266,0,0,0,0,0,0,0,0,0,0,0,0
2,2025,'071029090',210,  ,KG,0,2736,1661,0,0,0,0,0,0,0,0,0,0,0,0,0,576,321,0,0,0,0,0,0,0,0,0,0,1728,1033,0,432,307,0,0,0,0,0,0
2,2025,'071029090',406,  ,KG,0,896,377,0,0,0,0,0,0,0,0,0,0,0,0,0,0,0,0,0,0,0,0,0,0,0,0,0,0,0,0,896,377,0,0,0,0,0,0
2,2025,'071029090',506,  ,KG,0,6530,4514,0,0,0,0,0,0,0,0,0,0,0,0,0,0,0,0,0,0,0,0,0,0,0,0,0,6260,4183,0,0,0,0,0,0,0,270,331
2,2025,'071030000',105,  ,KG,0,58406097,12316467,0,5047747,1119800,0,3899741,852598,0,4732368,1000835,0,5424261,1143764,0,4467833,909756,0,4294797,876077,0,4830350,976645,0,4026894,836048,0,4805959,984785,0,5384326,1108615,0,5019104,1055995,0,6472717,1451549
2,2025,'071030000',106,  ,KG,0,596754,222971,0,97224,37390,0,4892,1819,0,77880,27936,0,117300,44268,0,17000,5704,0,70636,26764,0,26000,9854,0,22200,8015,0,41332,15188,0,59950,22640,0,24640,9404,0,37700,13989
2,2025,'071030000',110,  ,KG,0,244755,63937,0,15050,4023,0,0,0,0,16490,3315,0,62500,17984,0,17000,4416,0,43490,8374,0,10000,2566,0,7000,2246,0,16000,5216,0,26895,9372,0,19330,4108,0,11000,2317
2,2025,'071030000',118,  ,KG,0,10296,2811,0,0,0,0,0,0,0,0,0,0,0,0,0,0,0,0,0,0,0,0,0,0,0,0,0,3600,966,0,6696,1845,0,0,0,0,0,0
2,2025,'071030000',122,  ,KG,0,769060,197067,0,0,0,0,74840,22246,0,375820,102935,0,198840,51665,0,31080,5583,0,0,0,0,0,0,0,35560,5870,0,52920,8768,0,0,0,0,0,0,0,0,0
2,2025,'071030000',208,  ,KG,0,88590,21466,0,0,0,0,0,0,0,0,0,0,0,0,0,39520,9159,0,0,0,0,18270,4746,0,0,0,0,0,0,0,10800,2100,0,0,0,0,20000,5461
2,2025,'071030000',210,  ,KG,0,8192,2992,0,576,280,0,0,0,0,0,0,0,0,0,0,1680,490,0,432,206,0,0,0,0,0,0,0,3920,1175,0,720,389,0,432,222,0,432,230
2,2025,'071030000',406,  ,KG,0,301838,104834,0,5376,2220,0,15670,5156,0,25340,7708,0,16164,5132,0,20790,6198,0,13920,4874,0,30336,10366,0,39536,13428,0,13320,4020,0,20240,6707,0,45190,17779,0,55956,21246
2,2025,'071040000',105,  ,KG,0,8038784,1593340,0,580364,119507,0,619275,122606,0,586441,124958,0,642972,126580,0,645246,123173,0,736102,150982,0,892360,179958,0,470694,92369,0,508907,102652,0,739151,140960,0,676002,125058,0,941270,184537
2,2025,'071040000',110,  ,KG,0,945689,194533,0,55500,10438,0,21800,4091,0,150046,30388,0,82472,18271,0,48624,11957,0,106575,22093,0,112897,23908,0,21530,4090,0,94038,17001,0,65110,12540,0,112065,24454,0,75032,15302
2,2025,'071040000',111,  ,KG,0,15212334,3265547,0,724998,174642,0,1098139,243397,0,1147190,248026,0,1830201,394350,0,1162043,243268,0,1551743,319765,0,1851881,384870,0,1268508,265946,0,1493025,313053,0,1258762,272929,0,977544,216187,0,848300,189114
2,2025,'071040000',123,  ,KG,0,87000,12652,0,0,0,0,0,0,0,0,0,0,24000,3441,0,0,0,0,0,0,0,24000,3468,0,0,0,0,0,0,0,24000,3540,0,15000,2203,0,0,0
2,2025,'071040000',218,  ,KG,0,27840,9325,0,0,0,0,9600,3065,0,0,0,0,0,0,0,0,0,0,0,0,0,0,0,0,9600,3313,0,8640,2947,0,0,0,0,0,0,0,0,0
2,2025,'071040000',227,  ,KG,0,1770200,436228,0,92544,21815,0,148528,32850,0,142848,34454,0,136644,32875,0,171936,40930,0,159856,37207,0,131128,35914,0,175888,43828,0,175464,43696,0,145724,39280,0,167712,44003,0,121928,29376
2,2025,'071040000',304,  ,KG,0,21140238,6689617,0,1347085,451203,0,2660593,852301,0,1557375,491084,0,1637461,512869,0,2066144,635912,0,2073869,627401,0,2110964,653896,0,1442789,466646,0,1993960,632333,0,1986255,637415,0,1374938,434527,0,888805,294030
2,2025,'071040000',407,  ,KG,0,18046,6577,0,0,0,0,3458,1306,0,0,0,0,4711,1771,0,0,0,0,0,0,0,4975,1804,0,0,0,0,4902,1696,0,0,0,0,0,0,0,0,0
2,2025,'071040000',409,  ,KG,0,113080,31269,0,10500,3076,0,0,0,0,17762,4942,0,31762,8691,0,0,0,0,10500,2799,0,10500,2826,0,0,0,0,21409,5858,0,0,0,0,0,0,0,10647,3077
2,2025,'071040000',606,  ,KG,0,1564488,558477,0,71328,24244,0,80048,24655,0,102152,27722,0,120648,42757,0,71400,26780,0,103716,31035,0,187056,69010,0,197664,76353,0,92176,32656,0,175818,66237,0,181494,68193,0,180988,68835
2,2025,'071080010',105,  ,KG,0,53236597,12956595,0,3929813,1011947,0,3538782,857856,0,5096499,1218553,0,5390987,1294990,0,3901534,927028,0,4233734,985610,0,4198611,1007786,0,3675175,895289,0,4192495,995585,0,4488790,1097065,0,4808948,1184434,0,5781229,1480452
2,2025,'071080010',123,  ,KG,0,451020,111368,0,79820,21483,0,84500,22059,0,21200,5184,0,33800,8394,0,50700,11758,0,18000,4239,0,27800,6493,0,16900,3990,0,33800,7990,0,33800,8092,0,0,0,0,50700,11686
2,2025,'071080010',207,  ,KG,0,777,495,0,0,0,0,0,0,0,0,0,0,777,495,0,0,0,0,0,0,0,0,0,0,0,0,0,0,0,0,0,0,0,0,0,0,0,0
2,2025,'071080010',210,  ,KG,0,4740,2539,0,0,0,0,1440,717,0,0,0,0,0,0,0,0,0,0,600,324,0,0,0,0,900,495,0,0,0,0,600,324,0,600,337,0,600,342
2,2025,'071080010',217,  ,KG,0,447260,137839,0,0,0,0,98210,28873,0,0,0,0,16320,4846,0,16310,4917,0,132670,39787,0,34990,10673,0,34080,10887,0,16480,5265,0,0,0,0,49200,16078,0,49000,16513
2,2025,'071080010',218,  ,KG,0,237933,65945,0,0,0,0,0,0,0,0,0,0,0,0,0,0,0,0,20000,4993,0,19890,5500,0,19878,5492,0,96205,26676,0,42180,11936,0,31780,8982,0,8000,2366
2,2025,'071080010',220,  ,KG,0,120363,69703,0,0,0,0,0,0,0,0,0,0,22739,13007,0,0,0,0,48812,28176,0,0,0,0,24406,14191,0,0,0,0,24406,14329,0,0,0,0,0,0
2,2025,'071080010',305,  ,KG,0,258065,105149,0,15334,6731,0,20947,9022,0,36652,14593,0,20944,8232,0,16456,6399,0,0,0,0,38896,15556,0,19450,8143,0,55165,22329,0,17578,7134,0,16643,7010,0,0,0
2,2025,'071080010',306,  ,KG,0,533463,210130,0,28602,11323,0,47634,18761,0,95277,37448,0,152400,60666,0,123825,47250,0,28575,10965,0,0,0,0,0,0,0,0,0,0,0,0,0,19050,7846,0,38100,15871
2,2025,'071080010',406,  ,KG,0,39987283,13822740,0,2010141,725329,0,3548287,1260011,0,3599176,1225134,0,3460161,1196742,0,2801042,923370,0,3792872,1275549,0,2768098,948126,0,4008463,1361979,0,3001294,1031008,0,4081023,1423345,0,3116086,1117984,0,3800640,1334163
2,2025,'071080010',506,  ,KG,0,10,219,0,0,0,0,0,0,0,0,0,0,0,0,0,0,0,0,0,0,0,0,0,0,10,219,0,0,0,0,0,0,0,0,0,0,0,0
2,2025,'071080030',105,  ,KG,0,8175901,2381004,0,809426,253568,0,618886,193226,0,621737,186295,0,715651,216597,0,518780,157314,0,651932,184803,0,681498,195809,0,471664,136386,0,690846,192126,0,673342,184902,0,715288,197928,0,1006851,282050
2,2025,'071080090',103,  ,KG,0,12134,10108,0,0,0,0,0,0,0,0,0,0,3000,2702,0,0,0,0,434,419,0,0,0,0,0,0,0,3420,2944,0,0,0,0,0,0,0,5280,4043
2,2025,'071080090',105,  ,KG,0,253589260,55462312,0,22142337,5157378,0,15896250,3545443,0,21558411,4830388,0,21588231,4831299,0,20183920,4186304,0,20328077,4425761,0,22919361,4844053,0,18543453,4032299,0,21312627,4650573,0,22351238,4716698,0,20611230,4500990,0,26154125,5741126
2,2025,'071080090',106,  ,KG,0,53100,62037,0,0,0,0,0,0,0,0,0,0,0,0,0,0,0,0,5100,2840,0,24000,29457,0,24000,29740,0,0,0,0,0,0,0,0,0,0,0,0
2,2025,'071080090',110,  ,KG,0,6443652,2095379,0,336897,115735,0,345620,118898,0,383282,121808,0,593249,188303,0,603946,187678,0,702103,218328,0,808613,260447,0,584536,190332,0,707383,227180,0,466698,155743,0,413041,141469,0,498284,169458
2,2025,'071080090',111,  ,KG,0,2436972,1058621,0,124959,69139,0,252518,124048,0,206057,81131,0,191725,76539,0,184072,77018,0,297981,124042,0,282384,120152,0,232649,89833,0,211882,89599,0,113476,45954,0,170038,70976,0,169231,90190
2,2025,'071080090',117,  ,KG,0,128,209,0,0,0,0,0,0,0,0,0,0,0,0,0,0,0,0,0,0,0,0,0,0,0,0,0,0,0,0,0,0,0,0,0,0,128,209
2,2025,'071080090',118,  ,KG,0,8603182,2468071,0,594600,183898,0,676921,230309,0,729254,208553,0,699381,190560,0,889847,250488,0,851267,219357,0,891177,240870,0,729300,211210,0,806303,230462,0,711644,208726,0,469354,122226,0,554134,171412
2,2025,'071080090',122,  ,KG,0,790942,227627,0,101300,33848,0,24852,8053,0,0,0,0,20100,5755,0,0,0,0,0,0,0,0,0,0,0,0,0,167620,45505,0,131880,36023,0,225490,64027,0,119700,34416
2,2025,'071080090',123,  ,KG,0,103436,26630,0,8705,2483,0,2246,907,0,7580,1785,0,5844,1557,0,2100,539,0,11002,3446,0,9800,1903,0,0,0,0,0,0,0,31352,7711,0,18630,3733,0,6177,2566
2,2025,'071080090',124,  ,KG,0,5910,987,0,0,0,0,0,0,0,0,0,0,0,0,0,0,0,0,3300,552,0,0,0,0,0,0,0,0,0,0,0,0,0,2610,435,0,0,0
2,2025,'071080090',127,  ,KG,0,23435,7403,0,0,0,0,1080,492,0,0,0,0,1080,498,0,7120,1913,0,2623,765,0,5050,1236,0,5438,2062,0,0,0,0,0,0,0,0,0,0,1044,437
2,2025,'071080090',207,  ,KG,0,446590,163317,0,2160,1170,0,45100,14909,0,21480,7869,0,107600,38300,0,22560,8466,0,21600,8259,0,43130,15357,0,46820,16671,0,25500,8688,0,67440,26095,0,43200,17533,0,0,0
2,2025,'071080090',208,  ,KG,0,543094,161211,0,67920,20267,0,17064,6662,0,60400,18861,0,106740,29626,0,47800,14419,0,80040,18213,0,35600,10025,0,35570,15243,0,38640,14050,0,0,0,0,30360,7327,0,22960,6518
2,2025,'071080090',210,  ,KG,0,402194,190462,0,25314,12496,0,1177,558,0,2620,3105,0,44740,16257,0,46640,17769,0,24884,15415,0,73960,37872,0,21940,7804,0,69470,27578,0,25579,19253,0,1500,1596,0,64370,30759
2,2025,'071080090',217,  ,KG,0,816506,329268,0,51120,20933,0,67392,24224,0,42768,16835,0,60746,21949,0,132672,52262,0,76032,31489,0,69984,29847,0,61200,26432,0,97848,39039,0,21024,9039,0,73080,28301,0,62640,28918
2,2025,'071080090',218,  ,KG,0,570290,420085,0,83500,57107,0,23000,13957,0,19950,12630,0,75240,51479,0,78498,55844,0,40076,26000,0,60350,56684,0,58120,52856,0,42920,33984,0,21810,16414,0,41480,23840,0,25346,19290
2,2025,'071080090',220,  ,KG,0,110148,143540,0,3060,1357,0,14244,25141,0,12968,5540,0,5000,4694,0,1840,4249,0,632,278,0,13050,28394,0,698,1705,0,27960,32866,0,16054,11571,0,60,1234,0,14582,26511
2,2025,'071080090',223,  ,KG,0,19884,15385,0,405,213,0,1050,1041,0,2805,1488,0,500,609,0,490,605,0,2510,1985,0,0,0,0,10370,6335,0,250,322,0,710,1040,0,544,1407,0,250,340
2,2025,'071080090',228,  ,KG,0,6250,19388,0,0,0,0,0,0,0,1100,3192,0,0,0,0,0,0,0,2550,7821,0,0,0,0,0,0,0,0,0,0,2600,8375,0,0,0,0,0,0
2,2025,'071080090',231,  ,KG,0,13924,34313,0,0,0,0,0,0,0,0,0,0,0,0,0,0,0,0,560,1411,0,4680,11917,0,0,0,0,0,0,0,8684,20985,0,0,0,0,0,0
2,2025,'071080090',232,  ,KG,0,3994,7993,0,1293,2594,0,0,0,0,0,0,0,0,0,0,1108,1756,0,0,0,0,0,0,0,0,0,0,0,0,0,150,420,0,1293,2772,0,150,451
2,2025,'071080090',234,  ,KG,0,1544629,720179,0,189780,85071,0,92983,39433,0,89800,27317,0,82390,41309,0,216770,91554,0,194090,82686,0,145120,66505,0,25600,20523,0,175122,73634,0,89780,36923,0,112214,73589,0,130980,81635
2,2025,'071080090',235,  ,KG,0,3090,9777,0,0,0,0,0,0,0,0,0,0,0,0,0,0,0,0,0,0,0,290,798,0,0,0,0,0,0,0,0,0,0,2800,8979,0,0,0
2,2025,'071080090',237,  ,KG,0,1022,2847,0,0,0,0,0,0,0,0,0,0,0,0,0,0,0,0,0,0,0,672,2151,0,0,0,0,200,382,0,0,0,0,0,0,0,150,314
2,2025,'071080090',245,  ,KG,0,700,1269,0,0,0,0,150,251,0,0,0,0,0,0,0,0,0,0,0,0,0,0,0,0,250,447,0,0,0,0,150,275,0,0,0,0,150,296
2,2025,'071080090',304,  ,KG,0,283123,123433,0,41488,18811,0,38682,17576,0,22050,10580,0,18046,8456,0,28577,10594,0,2500,453,0,62258,27763,0,48080,20368,0,0,0,0,21442,8832,0,0,0,0,0,0
2,2025,'071080090',305,  ,KG,0,468963,177432,0,37946,15454,0,51496,20497,0,3451,1204,0,32892,11685,0,36863,13480,0,54342,19980,0,59531,21375,0,36775,14313,0,41749,15188,0,20509,7488,0,39676,15082,0,53733,21686
2,2025,'071080090',406,  ,KG,0,445560,169120,0,33520,12340,0,19920,7434,0,11920,3689,0,59080,25703,0,7000,2177,0,91350,32972,0,42130,14542,0,3470,848,0,0,0,0,14760,4830,0,66880,24911,0,95530,39674
2,2025,'071080090',407,  ,KG,0,889095,718545,0,161155,141601,0,69295,53153,0,66546,56723,0,98410,74137,0,62160,58988,0,49770,42586,0,70502,61319,0,98160,67185,0,12327,5341,0,70200,56324,0,58520,53177,0,72050,48011
2,2025,'071080090',409,  ,KG,0,1292603,1141760,0,188529,181873,0,88370,80488,0,71580,63415,0,109240,87284,0,282092,252318,0,43341,37323,0,83530,67437,0,108841,82117,0,128010,107393,0,33620,29189,0,270,384,0,155180,152539
2,2025,'071080090',413,  ,KG,0,280,392,0,0,0,0,0,0,0,0,0,0,0,0,0,0,0,0,0,0,0,0,0,0,280,392,0,0,0,0,0,0,0,0,0,0,0,0
2,2025,'071080090',506,  ,KG,0,6160,5725,0,0,0,0,0,0,0,0,0,0,0,0,0,4240,3854,0,0,0,0,0,0,0,0,0,0,1920,1871,0,0,0,0,0,0,0,0,0
2,2025,'071080090',601,  ,KG,0,11122,6844,0,1000,1548,0,0,0,0,0,0,0,0,0,0,0,0,0,0,0,0,0,0,0,0,0,0,10122,5296,0,0,0,0,0,0,0,0,0
2,2025,'071080090',606,  ,KG,0,704700,301166,0,0,0,0,0,0,0,0,0,0,0,0,0,0,0,0,23940,9991,0,241305,102688,0,142035,58857,0,166575,73142,0,28275,11648,0,0,0,0,102570,44840
2,2025,'071090100',105,  ,KG,0,280126,97798,0,27201,10037,0,9799,3629,0,23189,8128,0,30501,10572,0,18200,6343,0,29801,10161,0,15400,5525,0,31477,10711,0,30357,10255,0,9200,3350,0,38027,13332,0,16974,5755
2,2025,'071090100',304,  ,KG,0,256765,129736,0,33200,17622,0,13500,7141,0,24300,12319,0,13900,7562,0,32490,15141,0,11600,5763,0,8700,4339,0,23320,11523,0,21275,10733,0,63480,30697,0,11000,6896,0,0,0
2,2025,'071090200',105,  ,KG,0,19392073,5760074,0,1431972,479330,0,1369093,388061,0,2048647,571696,0,1981920,566897,0,1458987,412834,0,1239399,345800,0,1535228,458148,0,1170963,360041,0,1421665,429482,0,2011877,602008,0,1876701,585979,0,1845621,559798
2,2025,'071090200',110,  ,KG,0,574028,331610,0,49144,30247,0,25044,15082,0,51600,29290,0,71744,41143,0,21600,12327,0,22800,12828,0,126348,70167,0,8000,5228,0,42600,24508,0,68448,39508,0,82700,49406,0,4000,1876
2,2025,'071090200',111,  ,KG,0,51980,20414,0,0,0,0,2000,631,0,3000,909,0,0,0,0,2000,582,0,9956,4461,0,4000,1200,0,0,0,0,15024,6858,0,6000,2614,0,7000,2202,0,3000,957
2,2025,'071090200',208,  ,KG,0,266551,66308,0,44976,13264,0,23853,5215,0,24000,4541,0,0,0,0,46080,13626,0,24624,5325,0,18144,3933,0,250,359,0,47328,10124,0,0,0,0,23040,6831,0,14256,3090
2,2025,'071090200',210,  ,KG,0,24562,12498,0,2858,1352,0,442,462,0,1139,358,0,646,474,0,3760,1308,0,4808,2567,0,1125,646,0,1030,274,0,2351,1363,0,3999,2034,0,2125,1165,0,279,495
2,2025,'071090200',218,  ,KG,0,26654,8278,0,0,0,0,0,0,0,714,284,0,0,0,0,5000,1175,0,2634,1191,0,5480,1455,0,576,411,0,5474,1450,0,1200,573,0,0,0,0,5576,1739
2,2025,'071090200',220,  ,KG,0,23398,12446,0,0,0,0,0,0,0,0,0,0,658,377,0,612,226,0,600,331,0,0,0,0,600,343,0,816,321,0,18888,10228,0,624,251,0,600,369
2,2025,'071090200',223,  ,KG,0,16010,3215,0,0,0,0,0,0,0,0,0,0,0,0,0,0,0,0,0,0,0,0,0,0,16010,3215,0,0,0,0,0,0,0,0,0,0,0,0
2,2025,'071090200',227,  ,KG,0,240816,55468,0,12240,2745,0,34128,7466,0,18432,4397,0,13824,3069,0,9936,2209,0,18432,4129,0,37536,8489,0,18720,4414,0,8064,1895,0,12912,3127,0,28272,6852,0,28320,6676
2,2025,'071090200',304,  ,KG,0,2433518,1044625,0,212719,95528,0,147717,68892,0,237680,108447,0,227367,88462,0,331863,147499,0,235242,93921,0,216162,87866,0,196550,80264,0,145737,67410,0,229523,93473,0,139906,58292,0,113052,54571
2,2025,'071090200',409,  ,KG,0,120826,33460,0,10605,3107,0,0,0,0,46024,12784,0,10500,2837,0,0,0,0,10762,2869,0,10762,2896,0,0,0,0,21410,5857,0,0,0,0,0,0,0,10763,3110
2,2025,'071090200',606,  ,KG,0,973204,275679,0,51904,14374,0,16596,4718,0,81568,21354,0,104440,26116,0,55636,16019,0,68090,16800,0,129032,39086,0,72316,24012,0,104274,28454,0,69158,17544,0,107432,34789,0,112758,32413
2,2025,'071120000',220,  ,KG,0,743,822,0,0,0,0,0,0,0,0,0,0,0,0,0,650,607,0,0,0,0,0,0,0,0,0,0,93,215,0,0,0,0,0,0,0,0,0
2,2025,'071140000',105,  ,KG,0,10630358,1297364,0,1041320,136226,0,646560,76590,0,935136,127039,0,1051560,127104,0,1034766,117766,0,1183020,139854,0,614880,67252,0,566560,61457,0,637460,73970,0,818016,96977,0,955280,124532,0,1145800,148597
2,2025,'071140000',110,  ,KG,0,932050,149440,0,112570,18756,0,36000,6049,0,103650,16887,0,89740,13471,0,76700,12177,0,67880,12172,0,103390,16121,0,37080,6929,0,143740,21584,0,42000,5008,0,45500,7512,0,73800,12774
2,2025,'071140000',121,  ,KG,0,377000,50374,0,0,0,0,0,0,0,0,0,0,0,0,0,0,0,0,0,0,0,108000,14474,0,108000,14464,0,0,0,0,0,0,0,71000,8098,0,90000,13338
2,2025,'071140000',123,  ,KG,0,761800,73832,0,54400,5642,0,79800,7845,0,105600,10220,0,53600,4959,0,78400,7638,0,80660,7358,0,0,0,0,79880,7350,0,80800,7075,0,54260,4913,0,68800,8238,0,25600,2594
2,2025,'071151000',105,  ,KG,0,14450,6005,0,11000,4536,0,0,0,0,0,0,0,0,0,0,0,0,0,1350,724,0,0,0,0,0,0,0,0,0,0,0,0,0,2100,745,0,0,0
2,2025,'071159000',105,  ,KG,0,862278,382499,0,98620,61834,0,63905,21665,0,75656,28417,0,37475,15470,0,52675,31203,0,122015,68627,0,31160,12094,0,58445,18688,0,53470,18680,0,116080,44050,0,93157,29457,0,59620,32314
2,2025,'071190012',105,  ,KG,0,645540,178532,0,75020,20118,0,100000,31167,0,44500,13959,0,53500,15063,0,45000,9247,0,94500,24219,0,33000,10193,0,26000,6710,0,5000,936,0,72020,19876,0,2000,457,0,95000,26587
2,2025,'071190012',111,  ,KG,0,30240,8248,0,0,0,0,0,0,0,15120,4150,0,0,0,0,0,0,0,0,0,0,0,0,0,15120,4098,0,0,0,0,0,0,0,0,0,0,0,0
2,2025,'071190013',105,  ,KG,0,371235,109923,0,13500,3939,0,13500,3983,0,55700,15713,0,55200,16325,0,41700,11593,0,26700,7279,0,13435,3817,0,0,0,0,55500,17164,0,27500,7961,0,41500,12876,0,27000,9273
2,2025,'071190013',110,  ,KG,0,100327,52967,0,0,0,0,24000,13219,0,0,0,0,24000,12641,0,52327,27107,0,0,0,0,0,0,0,0,0,0,0,0,0,0,0,0,0,0,0,0,0
2,2025,'071190019',105,  ,KG,0,757764,262205,0,84175,32501,0,37585,14423,0,25395,8150,0,84500,32879,0,58350,18135,0,65254,19953,0,92465,29085,0,59280,19168,0,98750,36957,0,45895,15495,0,49850,17614,0,56265,17845
2,2025,'071190019',224,  ,KG,0,266712,126318,0,43318,20200,0,14652,6863,0,15120,6825,0,15120,6746,0,60480,25469,0,13698,6048,0,14256,6252,0,0,0,0,14468,7622,0,15120,7607,0,15120,8076,0,45360,24610
2,2025,'071190091',105,  ,KG,0,963020,153080,0,99000,16758,0,74370,11957,0,36370,5507,0,80000,11607,0,105870,16979,0,131800,17930,0,68870,12718,0,24000,3741,0,49370,9365,0,119000,19736,0,87000,13309,0,87370,13473
2,2025,'071190091',110,  ,KG,0,6000,1025,0,0,0,0,0,0,0,0,0,0,0,0,0,0,0,0,0,0,0,1500,251,0,0,0,0,3000,508,0,0,0,0,1500,266,0,0,0
2,2025,'071190091',111,  ,KG,0,17500,6220,0,0,0,0,0,0,0,17500,6220,0,0,0,0,0,0,0,0,0,0,0,0,0,0,0,0,0,0,0,0,0,0,0,0,0,0,0
2,2025,'071190092',105,  ,KG,0,2682650,505748,0,274636,54083,0,176296,34290,0,187623,34724,0,306047,56804,0,343548,63490,0,167655,32588,0,132983,24522,0,124817,23834,0,209824,39193,0,272559,50414,0,254521,47281,0,232141,44525
2,2025,'071190092',110,  ,KG,0,99400,31819,0,9940,3247,0,9940,3163,0,9940,3221,0,9940,3145,0,9940,3099,0,9940,3103,0,9940,3148,0,0,0,0,9940,3178,0,9940,3185,0,9940,3330,0,0,0
2,2025,'071190093',105,  ,KG,0,599674,122166,0,35660,7507,0,36428,6825,0,58240,11444,0,45216,9018,0,58600,12596,0,49856,10706,0,52560,10291,0,41580,8532,0,56260,10897,0,57532,12613,0,65118,13706,0,42624,8031
2,2025,'071190094',220,  ,KG,0,6094,18461,0,420,782,0,117,222,0,170,986,0,862,2452,0,360,1642,0,216,741,0,164,323,0,0,0,0,2200,6783,0,1209,3748,0,0,0,0,376,782
2,2025,'071190094',234,  ,KG,0,1332,906,0,0,0,0,0,0,0,0,0,0,0,0,0,0,0,0,0,0,0,0,0,0,0,0,0,1332,906,0,0,0,0,0,0,0,0,0
2,2025,'071190094',501,  ,KG,0,37109,22023,0,0,0,0,345,475,0,0,0,0,13272,7118,0,0,0,0,0,0,0,0,0,0,13412,7050,0,0,0,0,0,0,0,0,0,0,10080,7380
2,2025,'071190099',105,  ,KG,0,27495796,4567391,0,2757986,479057,0,1678842,324476,0,2229919,408888,0,3066691,513961,0,2762549,439682,0,2462924,405461,0,1721969,257853,0,1394640,214973,0,2018116,297046,0,2230066,353487,0,2595609,407744,0,2576485,464763
2,2025,'071190099',106,  ,KG,0,10000,7186,0,0,0,0,0,0,0,0,0,0,0,0,0,0,0,0,0,0,0,0,0,0,0,0,0,0,0,0,0,0,0,0,0,0,10000,7186
2,2025,'071190099',110,  ,KG,0,2579097,522803,0,255320,47448,0,196000,33604,0,270500,44225,0,108000,14892,0,237384,42950,0,247652,49422,0,222036,48012,0,93768,24734,0,162536,43498,0,326568,64148,0,183268,40283,0,276065,69587
2,2025,'071190099',117,  ,KG,0,27420,6758,0,11640,2120,0,0,0,0,0,0,0,0,0,0,0,0,0,0,0,0,0,0,0,0,0,0,15780,4638,0,0,0,0,0,0,0,0,0
2,2025,'071190099',118,  ,KG,0,51660,23479,0,0,0,0,11520,6546,0,0,0,0,3420,769,0,0,0,0,0,0,0,18360,7757,0,0,0,0,0,0,0,18360,8407,0,0,0,0,0,0
2,2025,'071190099',122,  ,KG,0,3990,1192,0,0,0,0,0,0,0,3990,1192,0,0,0,0,0,0,0,0,0,0,0,0,0,0,0,0,0,0,0,0,0,0,0,0,0,0,0
2,2025,'071220000',105,  ,KG,0,919825,693811,0,34390,28681,0,95920,78415,0,174190,134341,0,99200,68572,0,71410,53631,0,127840,91006,0,65140,52129,0,23975,16999,0,56580,36237,0,53660,34005,0,82670,67911,0,34850,31884
2,2025,'071220000',110,  ,KG,0,600,3219,0,0,0,0,0,0,0,0,0,0,0,0,0,200,1050,0,0,0,0,0,0,0,400,2169,0,0,0,0,0,0,0,0,0,0,0,0
2,2025,'071220000',123,  ,KG,0,400643,179457,0,39734,17966,0,26482,12400,0,6372,2753,0,31004,13342,0,17496,8205,0,24000,8807,0,46228,18992,0,2700,1352,0,43035,21403,0,32876,14395,0,33720,14176,0,96996,45666
2,2025,'071220000',210,  ,KG,0,212700,152721,0,28950,19597,0,0,0,0,24000,15485,0,0,0,0,24000,16794,0,24000,16734,0,28950,21103,0,48000,35327,0,0,0,0,10800,9029,0,0,0,0,24000,18652
2,2025,'071220000',218,  ,KG,0,121312,95789,0,0,0,0,20000,14712,0,2000,1616,0,2000,1643,0,0,0,0,20000,15035,0,20000,16036,0,2000,1759,0,41312,33111,0,0,0,0,14000,11877,0,0,0
2,2025,'071220000',232,  ,KG,0,110693,130214,0,0,0,0,27720,31966,0,0,0,0,0,0,0,27720,32375,0,41580,49090,0,0,0,0,0,0,0,13673,16783,0,0,0,0,0,0,0,0,0
2,2025,'071220000',304,  ,KG,0,3355828,2914458,0,382677,367973,0,167585,145219,0,189399,162745,0,241520,207769,0,338550,289444,0,337310,269025,0,212538,169381,0,247178,203614,0,375244,316539,0,361087,338394,0,275909,239329,0,226831,205026
2,2025,'071220000',506,  ,KG,0,2226512,969181,0,139373,54365,0,114385,43380,0,228542,98087,0,230460,122700,0,209844,100181,0,190320,84346,0,216800,104039,0,217800,90720,0,220368,79087,0,194600,82013,0,197720,85691,0,66300,24572
2,2025,'071231000',105,  ,KG,0,24378,159496,0,5260,35686,0,5000,25075,0,0,0,0,2000,17207,0,0,0,0,3200,20114,0,2934,19970,0,0,0,0,2000,16958,0,0,0,0,3320,19431,0,664,5055
2,2025,'071231000',110,  ,KG,0,2115,4649,0,175,460,0,0,0,0,255,641,0,232,529,0,225,531,0,357,856,0,250,556,0,0,0,0,296,293,0,0,0,0,0,0,0,325,783
2,2025,'071231000',213,  ,KG,0,840,3837,0,0,0,0,0,0,0,0,0,0,840,3837,0,0,0,0,0,0,0,0,0,0,0,0,0,0,0,0,0,0,0,0,0,0,0,0
2,2025,'071231000',304,  ,KG,0,12,1231,0,3,324,0,0,0,0,0,0,0,0,0,0,6,603,0,0,0,0,0,0,0,0,0,0,3,304,0,0,0,0,0,0,0,0,0
2,2025,'071231000',410,  ,KG,0,360,6733,0,335,5680,0,25,1053,0,0,0,0,0,0,0,0,0,0,0,0,0,0,0,0,0,0,0,0,0,0,0,0,0,0,0,0,0,0
2,2025,'071232000',105,  ,KG,0,2387352,3193590,0,226156,325418,0,139463,193306,0,198725,273540,0,229632,302691,0,203910,271919,0,221971,276198,0,222393,267072,0,175021,242149,0,140565,175197,0,222999,310094,0,160898,217266,0,245619,338740
2,2025,'071232000',110,  ,KG,0,22789,24921,0,1520,2006,0,655,756,0,919,701,0,2465,2340,0,4859,5530,0,1700,1834,0,1710,1822,0,427,328,0,1320,1349,0,795,812,0,1249,1696,0,5170,5747
2,2025,'071233000',105,  ,KG,0,77137,137776,0,3880,8215,0,6330,10608,0,3590,7590,0,8811,13962,0,5400,10044,0,3530,6953,0,13791,23137,0,3020,5461,0,8378,16628,0,6312,11045,0,2436,4493,0,11659,19640
2,2025,'071234000',105,  ,KG,0,4259491,6478771,0,441931,774590,0,224685,364676,0,364075,591132,0,427462,644302,0,334881,486793,0,307316,467540,0,366244,490696,0,267592,365342,0,354069,508322,0,377975,544508,0,381468,579545,0,411793,661325
2,2025,'071234000',110,  ,KG,0,8963,17371,0,527,874,0,249,305,0,2008,5041,0,460,754,0,665,992,0,535,769,0,225,261,0,0,0,0,1072,3055,0,34,337,0,777,1585,0,2411,3398
2,2025,'071239000',105,  ,KG,0,31190,237784,0,6003,49854,0,24,214,0,186,579,0,1812,4515,0,7495,48885,0,760,1859,0,4807,32487,0,707,35214,0,794,11060,0,767,5318,0,6773,41647,0,1062,6152
2,2025,'071239000',108,  ,KG,0,184,3333,0,0,0,0,0,0,0,120,2739,0,0,0,0,0,0,0,0,0,0,0,0,0,64,594,0,0,0,0,0,0,0,0,0,0,0,0
2,2025,'071239000',113,  ,KG,0,50,1803,0,0,0,0,50,1803,0,0,0,0,0,0,0,0,0,0,0,0,0,0,0,0,0,0,0,0,0,0,0,0,0,0,0,0,0,0
2,2025,'071239000',117,  ,KG,0,456,937,0,0,0,0,0,0,0,0,0,0,0,0,0,0,0,0,0,0,0,228,459,0,0,0,0,0,0,0,0,0,0,0,0,0,228,478
2,2025,'071239000',123,  ,KG,0,27,1080,0,0,0,0,0,0,0,0,0,0,0,0,0,0,0,0,0,0,0,0,0,0,0,0,0,0,0,0,0,0,0,0,0,0,27,1080
2,2025,'071239000',124,  ,KG,0,498,19697,0,23,1005,0,0,0,0,105,4427,0,55,1987,0,45,1607,0,63,2587,0,72,2626,0,0,0,0,60,2544,0,33,1250,0,0,0,0,42,1664
2,2025,'071239000',210,  ,KG,0,6346,69399,0,223,2302,0,632,5563,0,0,0,0,2806,33550,0,499,5448,0,18,233,0,44,1176,0,358,3044,0,1358,13932,0,360,2961,0,48,1190,0,0,0
2,2025,'071239000',218,  ,KG,0,137,1759,0,0,0,0,0,0,0,0,0,0,0,0,0,0,0,0,82,843,0,0,0,0,0,0,0,27,477,0,0,0,0,28,439,0,0,0
2,2025,'071239000',220,  ,KG,0,12686,150682,0,431,4180,0,1240,13272,0,340,2762,0,2102,23968,0,1446,13468,0,1975,25344,0,954,10360,0,652,13223,0,1180,11769,0,1853,24863,0,0,0,0,513,7473
2,2025,'071239000',223,  ,KG,0,110,1877,0,0,0,0,0,0,0,0,0,0,24,326,0,16,460,0,0,0,0,70,1091,0,0,0,0,0,0,0,0,0,0,0,0,0,0,0
2,2025,'071239000',224,  ,KG,0,32,518,0,0,0,0,0,0,0,0,0,0,0,0,0,0,0,0,0,0,0,0,0,0,0,0,0,0,0,0,32,518,0,0,0,0,0,0
2,2025,'071239000',228,  ,KG,0,905,12223,0,138,1824,0,0,0,0,0,0,0,0,0,0,180,2331,0,0,0,0,108,2256,0,0,0,0,312,4370,0,167,1442,0,0,0,0,0,0
2,2025,'071239000',231,  ,KG,0,227,2940,0,27,403,0,0,0,0,0,0,0,36,456,0,0,0,0,0,0,0,27,364,0,0,0,0,62,797,0,21,305,0,0,0,0,54,615
2,2025,'071239000',232,  ,KG,0,1431,13386,0,27,235,0,224,1794,0,70,757,0,0,0,0,78,871,0,0,0,0,0,0,0,324,2939,0,378,3674,0,282,2393,0,0,0,0,48,723
2,2025,'071239000',234,  ,KG,0,9,423,0,0,0,0,0,0,0,0,0,0,0,0,0,0,0,0,9,423,0,0,0,0,0,0,0,0,0,0,0,0,0,0,0,0,0,0
2,2025,'071239000',235,  ,KG,0,150,2910,0,0,0,0,0,0,0,0,0,0,0,0,0,0,0,0,0,0,0,0,0,0,0,0,0,0,0,0,0,0,0,150,2910,0,0,0
2,2025,'071239000',302,  ,KG,0,2400,2933,0,0,0,0,0,0,0,0,0,0,0,0,0,0,0,0,0,0,0,0,0,0,1200,1469,0,0,0,0,1200,1464,0,0,0,0,0,0
2,2025,'071239000',409,  ,KG,0,129,3886,0,0,0,0,0,0,0,40,1363,0,20,824,0,0,0,0,0,0,0,0,0,0,0,0,0,0,0,0,0,0,0,0,0,0,69,1699
2,2025,'071239000',411,  ,KG,0,300,5022,0,0,0,0,0,0,0,300,5022,0,0,0,0,0,0,0,0,0,0,0,0,0,0,0,0,0,0,0,0,0,0,0,0,0,0,0
2,2025,'071239000',413,  ,KG,0,6,260,0,0,0,0,0,0,0,0,0,0,0,0,0,0,0,0,0,0,0,6,260,0,0,0,0,0,0,0,0,0,0,0,0,0,0,0
2,2025,'071290010',105,  ,KG,0,1752806,4171708,0,187900,520700,0,121930,305551,0,173820,419280,0,151100,368813,0,168490,383756,0,89680,209466,0,168678,362488,0,96770,221342,0,107654,256732,0,117584,260328,0,167900,377715,0,201300,485537
2,2025,'071290010',106,  ,KG,0,31318,94819,0,5408,15721,0,0,0,0,2720,8546,0,12180,36086,0,4790,15606,0,0,0,0,0,0,0,3060,10253,0,1780,4015,0,0,0,0,360,1187,0,1020,3405
2,2025,'071290010',110,  ,KG,0,107374,257040,0,16716,46402,0,10188,28528,0,3150,7664,0,13500,33189,0,7950,18467,0,7650,17680,0,8470,11699,0,13860,32192,0,0,0,0,11346,20430,0,4644,13283,0,9900,27506
2,2025,'071290010',122,  ,KG,0,3900,4126,0,0,0,0,0,0,0,300,748,0,0,0,0,0,0,0,3600,3378,0,0,0,0,0,0,0,0,0,0,0,0,0,0,0,0,0,0
2,2025,'071290020',105,  ,KG,0,25975,84115,0,2250,8157,0,50,201,0,2500,9470,0,900,3212,0,1850,5673,0,2500,7371,0,2700,6931,0,0,0,0,5780,21468,0,4945,13604,0,1500,4036,0,1000,3992
2,2025,'071290031',111,  ,KG,0,680,5582,0,0,0,0,50,515,0,0,0,0,0,0,0,30,296,0,0,0,0,0,0,0,0,0,0,0,0,0,0,0,0,0,0,0,600,4771
2,2025,'071290031',234,  ,KG,0,22683,252033,0,0,0,0,0,0,0,0,0,0,0,0,0,0,0,0,7776,83893,0,0,0,0,0,0,0,14907,168140,0,0,0,0,0,0,0,0,0
2,2025,'071290031',304,  ,KG,0,122371,860581,0,2360,21576,0,10912,82126,0,14534,69267,0,10122,61932,0,0,0,0,17914,104102,0,7644,67386,0,0,0,0,28204,123461,0,2237,24454,0,0,0,0,28444,306277
2,2025,'071290031',409,  ,KG,0,19470,191887,0,0,0,0,0,0,0,0,0,0,1458,18885,0,0,0,0,138,1419,0,0,0,0,0,0,0,375,574,0,0,0,0,6990,79510,0,10509,91499
2,2025,'071290031',601,  ,KG,0,4914,23093,0,0,0,0,0,0,0,0,0,0,0,0,0,0,0,0,0,0,0,0,0,0,0,0,0,0,0,0,0,0,0,0,0,0,4914,23093
2,2025,'071290039',105,  ,KG,0,563106,1131137,0,51605,111917,0,31179,47505,0,43529,98331,0,60719,145294,0,25349,35120,0,79159,143999,0,31640,77912,0,27400,64127,0,29039,44918,0,62680,157419,0,56039,108802,0,64768,95793
2,2025,'071290039',110,  ,KG,0,100440,198145,0,6960,15266,0,12040,24129,0,8230,15984,0,9040,17594,0,4000,7379,0,12370,24010,0,7340,13823,0,8630,16579,0,10190,20534,0,8730,16869,0,3820,7532,0,9090,18446
2,2025,'071290039',111,  ,KG,0,2000,3296,0,0,0,0,0,0,0,0,0,0,0,0,0,0,0,0,0,0,0,0,0,0,0,0,0,2000,3296,0,0,0,0,0,0,0,0,0
2,2025,'071290039',210,  ,KG,0,1921,12004,0,0,0,0,0,0,0,732,3337,0,0,0,0,0,0,0,0,0,0,0,0,0,1189,8667,0,0,0,0,0,0,0,0,0,0,0,0
2,2025,'071290039',234,  ,KG,0,26196,259582,0,0,0,0,0,0,0,0,0,0,0,0,0,0,0,0,0,0,0,0,0,0,0,0,0,2450,21129,0,0,0,0,23746,238453,0,0,0
2,2025,'071290039',240,  ,KG,0,75,672,0,0,0,0,0,0,0,0,0,0,0,0,0,0,0,0,0,0,0,0,0,0,0,0,0,0,0,0,0,0,0,0,0,0,75,672
2,2025,'071290039',304,  ,KG,0,81064,552951,0,0,0,0,17959,175344,0,16973,81089,0,4236,16580,0,7081,53260,0,7700,30997,0,2736,41302,0,363,3250,0,0,0,0,23116,147114,0,900,4015,0,0,0
2,2025,'071290039',407,  ,KG,0,2000,850,0,0,0,0,0,0,0,0,0,0,0,0,0,2000,850,0,0,0,0,0,0,0,0,0,0,0,0,0,0,0,0,0,0,0,0,0
2,2025,'071290039',409,  ,KG,0,9666,84159,0,0,0,0,0,0,0,0,0,0,0,0,0,0,0,0,5397,41987,0,1937,19422,0,0,0,0,0,0,0,2332,22750,0,0,0,0,0,0
2,2025,'071290039',606,  ,KG,0,62280,97320,0,0,0,0,17280,26807,0,0,0,0,0,0,0,0,0,0,0,0,0,0,0,0,21600,33585,0,0,0,0,23400,36928,0,0,0,0,0,0
2,2025,'071290040',105,  ,KG,0,4598400,2405764,0,486876,271507,0,320388,166023,0,350127,200462,0,524845,280603,0,419217,221513,0,315153,156829,0,378976,182917,0,191306,92836,0,398712,196520,0,348928,169889,0,389864,199825,0,474008,266840
2,2025,'071290040',106,  ,KG,0,422,1688,0,0,0,0,422,1688,0,0,0,0,0,0,0,0,0,0,0,0,0,0,0,0,0,0,0,0,0,0,0,0,0,0,0,0,0,0
2,2025,'071290040',110,  ,KG,0,3390,15990,0,356,2036,0,709,3139,0,172,963,0,135,631,0,313,1405,0,421,1885,0,221,992,0,118,550,0,351,1613,0,594,2776,0,0,0,0,0,0
2,2025,'071290040',118,  ,KG,0,8636,11915,0,1346,2140,0,522,1026,0,324,617,0,378,728,0,1250,1676,0,860,1095,0,500,429,0,1100,1465,0,1140,1421,0,716,869,0,500,449,0,0,0
2,2025,'071290050',105,  ,KG,0,5365,31927,0,0,0,0,0,0,0,0,0,0,0,0,0,0,0,0,2640,15193,0,0,0,0,0,0,0,0,0,0,0,0,0,2725,16734,0,0,0
2,2025,'071290050',223,  ,KG,0,960,644,0,0,0,0,0,0,0,0,0,0,0,0,0,0,0,0,0,0,0,600,324,0,0,0,0,0,0,0,0,0,0,0,0,0,360,320
2,2025,'071290050',304,  ,KG,0,63283,30504,0,0,0,0,0,0,0,0,0,0,0,0,0,26851,13388,0,0,0,0,0,0,0,0,0,0,18289,8194,0,0,0,0,18143,8922,0,0,0
2,2025,'071290050',407,  ,KG,0,9950,3224,0,2750,857,0,0,0,0,0,0,0,2000,650,0,0,0,0,0,0,0,2200,670,0,0,0,0,0,0,0,0,0,0,3000,1047,0,0,0
2,2025,'071290060',105,  ,KG,0,643195,1084584,0,71870,124560,0,27690,72429,0,62986,105075,0,58084,109655,0,103304,163055,0,48424,80475,0,11600,19020,0,16743,37334,0,33253,54064,0,35451,36196,0,71240,111310,0,102550,171411
2,2025,'071290060',111,  ,KG,0,2200,2528,0,0,0,0,0,0,0,0,0,0,800,854,0,0,0,0,1400,1674,0,0,0,0,0,0,0,0,0,0,0,0,0,0,0,0,0,0
2,2025,'071290090',103,  ,KG,0,2100,1552,0,0,0,0,100,313,0,0,0,0,0,0,0,0,0,0,0,0,0,2000,1239,0,0,0,0,0,0,0,0,0,0,0,0,0,0,0
2,2025,'071290090',105,  ,KG,0,22299018,21596873,0,2536218,2566765,0,1410734,1371673,0,1861921,1825808,0,2040700,1904101,0,2310500,2194256,0,1935686,1778211,0,1816461,1692647,0,1391518,1309049,0,1546166,1509157,0,1732891,1697395,0,1958365,1923541,0,1757858,1824270
2,2025,'071290090',106,  ,KG,0,2460,6339,0,0,0,0,1100,2860,0,0,0,0,0,0,0,380,931,0,980,2548,0,0,0,0,0,0,0,0,0,0,0,0,0,0,0,0,0,0
2,2025,'071290090',110,  ,KG,0,76137,291309,0,4790,21598,0,7240,31734,0,6333,27302,0,10185,42368,0,10283,38185,0,8129,23420,0,2102,11145,0,1720,9569,0,11206,34850,0,3472,16075,0,2637,10808,0,8040,24255
2,2025,'071290090',111,  ,KG,0,48660,148679,0,1364,5768,0,3588,11163,0,3581,10061,0,4275,14501,0,6040,13826,0,4924,12168,0,8520,24155,0,1996,11272,0,4118,16644,0,7593,15141,0,424,3706,0,2237,10274
2,2025,'071290090',117,  ,KG,0,3911,6226,0,220,344,0,408,731,0,490,870,0,0,0,0,240,363,0,400,581,0,0,0,0,1061,1582,0,400,585,0,450,805,0,0,0,0,242,365
2,2025,'071290090',118,  ,KG,0,21650,27111,0,0,0,0,0,0,0,0,0,0,0,0,0,8800,12931,0,500,530,0,0,0,0,600,291,0,0,0,0,600,483,0,3100,4580,0,8050,8296
2,2025,'071290090',121,  ,KG,0,1800,3379,0,0,0,0,0,0,0,0,0,0,0,0,0,0,0,0,0,0,0,0,0,0,0,0,0,0,0,0,0,0,0,0,0,0,1800,3379
2,2025,'071290090',122,  ,KG,0,95270,77674,0,15900,13065,0,0,0,0,15930,12343,0,0,0,0,0,0,0,15930,12071,0,0,0,0,15758,12270,0,15930,13782,0,15822,14143,0,0,0,0,0,0
2,2025,'071290090',123,  ,KG,0,445961,161044,0,27070,16034,0,29816,17342,0,43383,11194,0,80374,24347,0,1598,1640,0,71304,21080,0,43160,14348,0,31338,18375,0,370,210,0,2612,1810,0,80831,24615,0,34105,10049
2,2025,'071290090',131,  ,KG,0,1597,1427,0,420,456,0,0,0,0,0,0,0,0,0,0,0,0,0,900,694,0,277,277,0,0,0,0,0,0,0,0,0,0,0,0,0,0,0
2,2025,'071290090',204,  ,KG,0,36,3672,0,0,0,0,0,0,0,0,0,0,0,0,0,0,0,0,36,3672,0,0,0,0,0,0,0,0,0,0,0,0,0,0,0,0,0,0
2,2025,'071290090',210,  ,KG,0,176245,307937,0,15549,20212,0,18676,25667,0,5480,10098,0,9934,18328,0,14296,19925,0,11192,20874,0,24148,37575,0,8680,10732,0,27989,60566,0,29233,58706,0,0,0,0,11068,25254
2,2025,'071290090',213,  ,KG,0,75500,110240,0,3140,3450,0,6000,9289,0,0,0,0,13997,20391,0,9870,13462,0,6600,9674,0,10135,15116,0,6558,10536,0,9600,13950,0,0,0,0,6000,10203,0,3600,4169
2,2025,'071290090',218,  ,KG,0,2654,2669,0,1000,1168,0,0,0,0,0,0,0,0,0,0,0,0,0,0,0,0,0,0,0,800,1034,0,0,0,0,0,0,0,0,0,0,854,467
2,2025,'071290090',220,  ,KG,0,96023,133556,0,9150,11584,0,784,1624,0,13738,17474,0,9490,12923,0,1080,1740,0,7860,10404,0,4500,5879,0,400,649,0,5149,8288,0,3200,4310,0,15187,22671,0,25485,36010
2,2025,'071290090',223,  ,KG,0,13623,13936,0,0,0,0,0,0,0,4990,5080,0,0,0,0,0,0,0,0,0,0,4264,4188,0,0,0,0,0,0,0,105,228,0,4264,4440,0,0,0
2,2025,'071290090',225,  ,KG,0,3024,6871,0,0,0,0,0,0,0,0,0,0,504,1073,0,0,0,0,2520,5798,0,0,0,0,0,0,0,0,0,0,0,0,0,0,0,0,0,0
2,2025,'071290090',227,  ,KG,0,35381,48318,0,6380,8139,0,0,0,0,0,0,0,0,0,0,18009,24593,0,0,0,0,0,0,0,0,0,0,0,0,0,2540,4250,0,0,0,0,8452,11336
2,2025,'071290090',234,  ,KG,0,4780,5193,0,0,0,0,0,0,0,0,0,0,0,0,0,0,0,0,0,0,0,3700,3901,0,0,0,0,0,0,0,0,0,0,1080,1292,0,0,0
2,2025,'071290090',238,  ,KG,0,86,518,0,0,0,0,0,0,0,0,0,0,0,0,0,0,0,0,0,0,0,0,0,0,0,0,0,0,0,0,0,0,0,86,518,0,0,0
2,2025,'071290090',246,  ,KG,0,34,354,0,0,0,0,0,0,0,0,0,0,0,0,0,0,0,0,0,0,0,0,0,0,0,0,0,34,354,0,0,0,0,0,0,0,0,0
2,2025,'071290090',304,  ,KG,0,376974,677390,0,44252,78022,0,44304,80551,0,23357,37418,0,39299,75133,0,21093,32883,0,31238,63774,0,7959,20382,0,39420,53818,0,38522,65590,0,52650,90438,0,11601,30904,0,23279,48477
2,2025,'071290090',409,  ,KG,0,1280,2664,0,0,0,0,0,0,0,0,0,0,0,0,0,0,0,0,0,0,0,1280,2664,0,0,0,0,0,0,0,0,0,0,0,0,0,0,0
2,2025,'071290090',506,  ,KG,0,117604,111042,0,1902,1726,0,9936,5401,0,15062,18072,0,498,812,0,330,535,0,420,677,0,0,0,0,7382,6669,0,35300,27803,0,15464,19580,0,15956,21168,0,15354,8599
2,2025,'071290090',601,  ,KG,0,1000,12050,0,0,0,0,300,3702,0,0,0,0,200,2272,0,0,0,0,0,0,0,300,3690,0,0,0,0,0,0,0,200,2386,0,0,0,0,0,0
2,2025,'071290090',606,  ,KG,0,61565,102327,0,5760,9926,0,0,0,0,1740,3076,0,8283,14798,0,902,4986,0,0,0,0,5760,9210,0,0,0,0,13840,21193,0,25280,39138,0,0,0,0,0,0
2,2025,'071310010',105,  ,KG,0,6623,6111,0,0,0,0,0,0,0,0,0,0,0,0,0,0,0,0,0,0,0,0,0,0,0,0,0,0,0,0,3779,3686,0,0,0,0,2844,2425
2,2025,'071310010',304,  ,KG,0,117134,114270,0,57171,47943,0,43919,51426,0,1150,3021,0,6750,4017,0,3501,2013,0,0,0,0,0,0,0,0,0,0,0,0,0,4643,5850,0,0,0,0,0,0
2,2025,'071310010',606,  ,KG,0,5000,1550,0,0,0,0,0,0,0,0,0,0,5000,1550,0,0,0,0,0,0,0,0,0,0,0,0,0,0,0,0,0,0,0,0,0,0,0,0
2,2025,'071310211',105,  ,KG,0,118328,139795,0,2903,2732,0,21621,28741,0,0,0,0,4075,3862,0,62078,77547,0,3323,2430,0,0,0,0,9188,9348,0,0,0,0,5174,4430,0,4906,4276,0,5060,6429
2,2025,'071310211',111,  ,KG,0,4613,3938,0,0,0,0,0,0,0,0,0,0,0,0,0,0,0,0,0,0,0,4184,3452,0,0,0,0,0,0,0,429,486,0,0,0,0,0,0
2,2025,'071310211',123,  ,KG,0,739,919,0,0,0,0,0,0,0,0,0,0,0,0,0,0,0,0,0,0,0,0,0,0,0,0,0,0,0,0,739,919,0,0,0,0,0,0
2,2025,'071310211',210,  ,KG,0,3580,6455,0,3580,6455,0,0,0,0,0,0,0,0,0,0,0,0,0,0,0,0,0,0,0,0,0,0,0,0,0,0,0,0,0,0,0,0,0
2,2025,'071310211',409,  ,KG,0,3174,5298,0,0,0,0,0,0,0,1455,3318,0,0,0,0,1719,1980,0,0,0,0,0,0,0,0,0,0,0,0,0,0,0,0,0,0,0,0,0
2,2025,'071310221',123,  ,MT,0,10,2517,0,0,0,0,0,0,0,0,0,0,0,0,0,10,2517,0,0,0,0,0,0,0,0,0,0,0,0,0,0,0,0,0,0,0,0,0
2,2025,'071310221',205,  ,MT,0,2249,419156,0,64,14933,0,226,43328,0,336,65619,0,124,23161,0,141,26286,0,422,71568,0,241,43895,0,176,34475,0,206,38411,0,104,19774,0,84,13853,0,125,23853
2,2025,'071310221',220,  ,MT,0,30,6585,0,0,0,0,0,0,0,0,0,0,0,0,0,0,0,0,20,3777,0,0,0,0,10,2808,0,0,0,0,0,0,0,0,0,0,0,0
2,2025,'071310221',224,  ,MT,0,21,1767,0,0,0,0,0,0,0,21,1767,0,0,0,0,0,0,0,0,0,0,0,0,0,0,0,0,0,0,0,0,0,0,0,0,0,0,0
2,2025,'071310221',302,  ,MT,0,7302,996647,0,233,31317,0,1010,134818,0,1076,165493,0,421,63082,0,828,113505,0,698,98180,0,527,65140,0,621,81850,0,788,113329,0,424,55862,0,208,24062,0,468,50009
2,2025,'071310221',304,  ,MT,0,2034,398129,0,72,15341,0,271,55477,0,48,7239,0,0,424,0,426,80408,0,572,112862,0,216,38469,0,0,0,0,150,28904,0,0,0,0,0,0,0,279,59005
2,2025,'071310221',601,  ,MT,0,397,43880,0,21,2015,0,42,4005,0,40,3970,0,21,1799,0,64,6092,0,0,0,0,0,0,0,42,4066,0,104,14371,0,42,4057,0,21,3505,0,0,0
2,2025,'071310221',606,  ,MT,0,1290,238432,0,128,29523,0,0,0,0,165,24836,0,0,0,0,21,4646,0,190,34386,0,147,26271,0,64,13033,0,188,33640,0,125,23932,0,162,28609,0,100,19556
2,2025,'071310229',105,  ,MT,0,7,20712,0,1,4033,0,0,0,0,1,2291,0,3,5745,0,0,0,0,0,578,0,0,0,0,0,2170,0,0,0,0,2,5895,0,0,0,0,0,0
2,2025,'071310229',122,  ,MT,0,61,13729,0,8,1699,0,3,887,0,0,0,0,14,3033,0,8,1715,0,0,0,0,15,2954,0,0,0,0,2,405,0,0,0,0,0,0,0,11,3036
2,2025,'071310229',123,  ,MT,0,0,222,0,0,0,0,0,0,0,0,0,0,0,0,0,0,0,0,0,0,0,0,0,0,0,0,0,0,0,0,0,0,0,0,0,0,0,222
2,2025,'071310229',131,  ,MT,0,1,647,0,0,0,0,1,647,0,0,0,0,0,0,0,0,0,0,0,0,0,0,0,0,0,0,0,0,0,0,0,0,0,0,0,0,0,0
2,2025,'071310229',205,  ,MT,0,64,12862,0,21,3814,0,0,0,0,0,0,0,0,0,0,0,0,0,0,0,0,43,9048,0,0,0,0,0,0,0,0,0,0,0,0,0,0,0
2,2025,'071310229',302,  ,MT,0,194,32064,0,0,0,0,0,0,0,0,0,0,0,0,0,0,0,0,172,29336,0,0,0,0,12,1339,0,0,0,0,10,1389,0,0,0,0,0,0
2,2025,'071310229',606,  ,MT,0,2,1546,0,0,222,0,1,405,0,0,0,0,0,0,0,1,411,0,0,0,0,0,0,0,0,0,0,0,0,0,0,254,0,0,0,0,0,254
2,2025,'071320020',105,  ,MT,0,83,26778,0,6,2115,0,8,2644,0,18,5195,0,1,313,0,4,1389,0,10,3388,0,6,2028,0,7,2056,0,0,0,0,11,3514,0,5,1633,0,7,2503
2,2025,'071320020',122,  ,MT,0,211,33511,0,5,888,0,49,8613,0,0,0,0,44,6959,0,21,2924,0,0,0,0,92,14127,0,0,0,0,0,0,0,0,0,0,0,0,0,0,0
2,2025,'071320020',123,  ,MT,0,390,82791,0,20,5219,0,40,10381,0,35,5694,0,48,8155,0,32,7558,0,31,7258,0,61,12353,0,27,7264,0,25,4334,0,33,6446,0,0,0,0,38,8129
2,2025,'071320020',124,  ,MT,0,1,1000,0,0,0,0,0,0,0,0,0,0,0,0,0,1,1000,0,0,0,0,0,0,0,0,0,0,0,0,0,0,0,0,0,0,0,0,0
2,2025,'071320020',127,  ,MT,0,1,294,0,0,0,0,0,0,0,0,0,0,0,0,0,0,0,0,0,0,0,0,0,0,0,0,0,0,0,0,0,0,0,0,0,0,1,294
2,2025,'071320020',131,  ,MT,0,22,4760,0,5,1320,0,0,0,0,0,0,0,0,0,0,0,0,0,0,0,0,17,3440,0,0,0,0,0,0,0,0,0,0,0,0,0,0,0
2,2025,'071320020',147,  ,MT,0,79,14642,0,33,6725,0,15,2905,0,0,0,0,0,0,0,8,1320,0,0,0,0,3,350,0,0,0,0,9,1419,0,5,1088,0,0,0,0,6,835
2,2025,'071320020',210,  ,MT,0,19,3729,0,0,0,0,0,0,0,0,0,0,0,0,0,0,0,0,19,3729,0,0,0,0,0,0,0,0,0,0,0,0,0,0,0,0,0,0
2,2025,'071320020',220,  ,MT,0,6,4987,0,0,469,0,0,0,0,0,0,0,0,240,0,3,2096,0,0,0,0,1,930,0,0,0,0,0,0,0,2,1252,0,0,0,0,0,0
2,2025,'071320020',234,  ,MT,0,45,10949,0,10,3633,0,1,220,0,0,0,0,5,1367,0,6,1762,0,0,0,0,0,0,0,7,1388,0,0,0,0,0,0,0,16,2579,0,0,0
2,2025,'071320020',302,  ,MT,0,727,126393,0,96,18761,0,41,7627,0,125,22101,0,21,4180,0,232,39320,0,41,7147,0,0,0,0,45,7164,0,21,3174,0,21,3549,0,21,3275,0,63,10095
2,2025,'071320020',304,  ,MT,0,647,164485,0,18,4271,0,71,17605,0,57,20228,0,50,12292,0,58,12480,0,24,5875,0,41,17101,0,38,8129,0,92,24565,0,123,26519,0,39,7925,0,36,7495
2,2025,'071320020',305,  ,MT,0,63,13430,0,0,0,0,0,0,0,0,0,0,0,0,0,0,0,0,0,0,0,0,0,0,63,13430,0,0,0,0,0,0,0,0,0,0,0,0
2,2025,'071320020',601,  ,MT,0,413,59857,0,85,13515,0,21,3676,0,84,12091,0,85,11002,0,0,0,0,0,0,0,35,5073,0,21,2400,0,0,0,0,42,5507,0,40,6593,0,0,0
2,2025,'071331000',105,  ,MT,0,25026,7675930,0,3009,938943,0,3481,1093979,0,4610,1437707,0,4673,1424455,0,4161,1260212,0,1960,569587,0,1585,466117,0,241,68679,0,320,99718,0,265,85051,0,349,111698,0,372,119784
2,2025,'071331000',110,  ,MT,0,898,188853,0,31,8631,0,9,2211,0,47,11271,0,117,19218,0,287,41986,0,178,28226,0,48,15721,0,28,9446,0,5,2369,0,42,14335,0,23,7162,0,83,28277
2,2025,'071331000',111,  ,MT,0,43,10794,0,1,517,0,0,0,0,0,0,0,3,883,0,0,0,0,7,1975,0,24,4978,0,1,270,0,2,656,0,3,877,0,0,0,0,2,638
2,2025,'071331000',117,  ,MT,0,9,2348,0,0,0,0,0,0,0,4,1147,0,0,0,0,0,0,0,0,0,0,0,0,0,0,0,0,0,0,0,5,1201,0,0,0,0,0,0
2,2025,'071331000',122,  ,MT,0,19460,3328576,0,383,67787,0,407,75332,0,42,7330,0,393,64405,0,1250,212298,0,2403,409580,0,5062,850556,0,3550,601334,0,4248,725147,0,925,162417,0,677,129241,0,120,23149
2,2025,'071331000',123,  ,MT,0,736,165432,0,77,17762,0,26,5494,0,100,22221,0,95,22973,0,56,12701,0,30,6346,0,54,12142,0,118,23955,0,13,3811,0,101,22719,0,32,7283,0,34,8025
2,2025,'071331000',147,  ,MT,0,75,13825,0,39,7547,0,0,0,0,0,0,0,0,0,0,0,0,0,0,0,0,17,3047,0,0,0,0,0,0,0,14,2248,0,0,0,0,5,983
2,2025,'071331000',152,  ,MT,0,3696,851143,0,221,51639,0,142,31638,0,500,114299,0,706,159283,0,583,134072,0,1021,241371,0,340,75550,0,0,0,0,21,4354,0,0,0,0,162,38937,0,0,0
2,2025,'071331000',304,  ,MT,0,0,1496,0,0,0,0,0,509,0,0,0,0,0,484,0,0,0,0,0,0,0,0,0,0,0,0,0,0,0,0,0,503,0,0,0,0,0,0
2,2025,'071331000',407,  ,MT,0,21,5120,0,0,0,0,0,0,0,0,0,0,0,0,0,0,0,0,0,0,0,0,0,0,0,0,0,0,0,0,0,0,0,21,5120,0,0,0
2,2025,'071331000',413,  ,MT,0,21,3110,0,0,0,0,0,0,0,0,0,0,0,0,0,0,0,0,0,0,0,0,0,0,0,0,0,0,0,0,0,0,0,21,3110,0,0,0
2,2025,'071331000',546,  ,MT,0,4120,901696,0,163,37769,0,20,4610,0,262,58666,0,594,127760,0,549,115340,0,305,62760,0,639,138370,0,324,70882,0,20,4085,0,82,17568,0,229,49821,0,933,214065
2,2025,'071331000',551,  ,MT,0,19,4167,0,0,0,0,0,0,0,0,0,0,0,0,0,0,0,0,0,0,0,0,0,0,0,0,0,0,0,0,19,4167,0,0,0,0,0,0
2,2025,'071331000',601,  ,MT,0,8,1388,0,0,0,0,0,0,0,0,0,0,0,0,0,0,0,0,0,0,0,8,1388,0,0,0,0,0,0,0,0,0,0,0,0,0,0,0
2,2025,'071332010',105,  ,MT,0,9748,2140468,0,879,207980,0,1456,343573,0,2142,474732,0,94,20492,0,322,64364,0,494,101420,0,1469,318290,0,1062,232969,0,130,27627,0,494,101289,0,407,85802,0,799,161930
2,2025,'071332010',302,  ,MT,0,9546,2587538,0,189,56252,0,830,233792,0,1299,353352,0,368,102743,0,1327,357401,0,1975,535616,0,1441,388598,0,359,97107,0,381,101661,0,366,91665,0,482,134686,0,529,134665
2,2025,'071332010',413,  ,MT,0,240,40879,0,72,11531,0,28,4463,0,0,0,0,0,0,0,0,0,0,0,0,0,0,0,0,50,7620,0,0,0,0,9,1759,0,11,1892,0,70,13614
2,2025,'071332010',601,  ,MT,0,139,29072,0,0,0,0,0,0,0,18,4478,0,0,0,0,60,12658,0,20,3141,0,30,6070,0,0,0,0,11,2725,0,0,0,0,0,0,0,0,0
2,2025,'071332090',105,  ,MT,0,142,31853,0,39,8738,0,2,1116,0,0,0,0,16,3490,0,21,4782,0,5,1066,0,0,0,0,41,8549,0,1,375,0,17,3737,0,0,0,0,0,0
2,2025,'071332090',122,  ,MT,0,582,102442,0,21,3653,0,0,0,0,142,24407,0,42,6920,0,0,0,0,253,43450,0,0,0,0,0,0,0,0,0,0,21,3950,0,84,16257,0,19,3805
2,2025,'071332090',302,  ,MT,0,2947,814926,0,0,0,0,103,32705,0,35,10188,0,3,1066,0,42,11531,0,54,15609,0,20,3755,0,271,75683,0,761,211354,0,1357,378357,0,101,22086,0,200,52592
2,2025,'071332090',413,  ,MT,0,112,23712,0,0,0,0,0,0,0,19,8961,0,0,0,0,49,7383,0,44,7368,0,0,0,0,0,0,0,0,0,0,0,0,0,0,0,0,0,0
2,2025,'071332090',601,  ,MT,0,37,6486,0,0,0,0,0,0,0,0,0,0,0,0,0,0,0,0,0,0,0,0,0,0,30,4553,0,0,0,0,0,0,0,0,0,0,7,1933
2,2025,'071333010',105,  ,KG,0,17828,15027,0,3643,3850,0,792,634,0,0,0,0,0,0,0,0,0,0,0,0,0,0,0,0,0,0,0,9618,6139,0,3225,4012,0,0,0,0,550,392
2,2025,'071333010',123,  ,KG,0,6542,6584,0,0,0,0,0,0,0,0,0,0,0,0,0,0,0,0,0,0,0,1971,1877,0,0,0,0,0,0,0,4571,4707,0,0,0,0,0,0
2,2025,'071333010',207,  ,KG,0,1650,3156,0,1000,1915,0,0,0,0,0,0,0,0,0,0,0,0,0,0,0,0,0,0,0,0,0,0,650,1241,0,0,0,0,0,0,0,0,0
2,2025,'071333010',304,  ,KG,0,66975,66300,0,0,0,0,7863,9364,0,4000,5233,0,3400,3887,0,20199,24016,0,0,0,0,10250,6492,0,21263,17308,0,0,0,0,0,0,0,0,0,0,0,0
2,2025,'071333210',105,  ,KG,0,111449,106156,0,2185,2209,0,2507,2614,0,9509,10559,0,32103,28803,0,8919,7720,0,1756,1044,0,0,0,0,53153,51814,0,0,0,0,810,872,0,0,0,0,507,521
2,2025,'071333210',111,  ,KG,0,6397,4831,0,0,0,0,0,0,0,0,0,0,0,0,0,0,0,0,0,0,0,3826,2702,0,0,0,0,0,0,0,2571,2129,0,0,0,0,0,0
2,2025,'071333210',122,  ,KG,0,139,406,0,0,0,0,0,0,0,0,0,0,0,0,0,0,0,0,0,0,0,139,406,0,0,0,0,0,0,0,0,0,0,0,0,0,0,0
2,2025,'071333210',123,  ,KG,0,2903,4132,0,0,0,0,0,0,0,0,0,0,0,0,0,0,0,0,0,0,0,0,0,0,560,504,0,0,0,0,2343,3628,0,0,0,0,0,0
2,2025,'071333210',207,  ,KG,0,226,1062,0,0,0,0,226,1062,0,0,0,0,0,0,0,0,0,0,0,0,0,0,0,0,0,0,0,0,0,0,0,0,0,0,0,0,0,0
2,2025,'071333210',304,  ,KG,0,1500,1691,0,0,0,0,1500,1691,0,0,0,0,0,0,0,0,0,0,0,0,0,0,0,0,0,0,0,0,0,0,0,0,0,0,0,0,0,0
2,2025,'071333221',105,  ,MT,0,816,331827,0,81,33758,0,41,17554,0,94,38413,0,62,24372,0,209,83624,0,133,58682,0,11,6225,0,42,14629,0,0,0,0,41,15370,0,55,19152,0,47,20048
2,2025,'071333221',122,  ,MT,0,21,3282,0,0,0,0,0,0,0,0,0,0,0,0,0,0,0,0,21,3282,0,0,0,0,0,0,0,0,0,0,0,0,0,0,0,0,0,0
2,2025,'071333221',123,  ,MT,0,52,14742,0,6,2218,0,0,0,0,6,1370,0,17,4305,0,0,0,0,2,632,0,0,0,0,0,0,0,5,1237,0,10,3324,0,6,1656,0,0,0
2,2025,'071333221',210,  ,MT,0,1,460,0,0,0,0,0,0,0,0,0,0,0,0,0,0,0,0,1,460,0,0,0,0,0,0,0,0,0,0,0,0,0,0,0,0,0,0
2,2025,'071333221',223,  ,MT,0,105,31488,0,0,0,0,0,0,0,0,0,0,0,0,0,21,6882,0,63,19202,0,0,0,0,0,0,0,21,5404,0,0,0,0,0,0,0,0,0
2,2025,'071333221',238,  ,MT,0,298,29922,0,0,0,0,0,0,0,63,6389,0,21,2312,0,42,4351,0,21,2207,0,42,4401,0,21,2179,0,21,2178,0,46,4315,0,21,1590,0,0,0
2,2025,'071333221',302,  ,MT,0,5148,1068161,0,185,35846,0,281,63870,0,186,37083,0,122,30281,0,479,101402,0,856,180206,0,1101,241230,0,435,91484,0,610,108929,0,520,107600,0,82,13507,0,291,56723
2,2025,'071333221',304,  ,MT,0,2705,630056,0,200,44718,0,317,65448,0,168,34418,0,41,11492,0,159,35300,0,277,51251,0,359,72717,0,159,24387,0,139,24925,0,78,16383,0,317,86853,0,491,162164
2,2025,'071333221',407,  ,MT,0,28,9199,0,0,0,0,0,0,0,28,9199,0,0,0,0,0,0,0,0,0,0,0,0,0,0,0,0,0,0,0,0,0,0,0,0,0,0,0
2,2025,'071333221',410,  ,MT,0,580,126631,0,89,21459,0,121,28400,0,89,19859,0,0,0,0,66,13689,0,42,7853,0,42,8264,0,0,0,0,68,14747,0,21,4273,0,0,0,0,42,8087
2,2025,'071333221',413,  ,MT,0,529,72474,0,0,0,0,0,0,0,42,5980,0,65,9019,0,63,8801,0,64,8226,0,20,1730,0,147,20104,0,0,0,0,0,0,0,43,6078,0,85,12536
2,2025,'071333221',538,  ,MT,0,21,3082,0,21,3082,0,0,0,0,0,0,0,0,0,0,0,0,0,0,0,0,0,0,0,0,0,0,0,0,0,0,0,0,0,0,0,0,0
2,2025,'071333229',105,  ,MT,0,1,796,0,0,0,0,0,0,0,0,0,0,0,514,0,0,0,0,0,0,0,0,0,0,1,282,0,0,0,0,0,0,0,0,0,0,0,0
2,2025,'071333229',110,  ,MT,0,0,266,0,0,0,0,0,0,0,0,0,0,0,0,0,0,0,0,0,0,0,0,0,0,0,0,0,0,266,0,0,0,0,0,0,0,0,0
2,2025,'071333229',122,  ,MT,0,110,21779,0,41,8776,0,15,3234,0,0,0,0,5,914,0,9,1577,0,0,0,0,23,4253,0,0,0,0,8,1386,0,0,0,0,0,0,0,9,1639
2,2025,'071333229',131,  ,MT,0,28,12376,0,2,469,0,0,0,0,1,528,0,6,2623,0,0,0,0,2,1041,0,4,1846,0,0,0,0,4,2168,0,0,0,0,9,3701,0,0,0
2,2025,'071333229',210,  ,MT,0,0,1183,0,0,0,0,0,0,0,0,0,0,0,1183,0,0,0,0,0,0,0,0,0,0,0,0,0,0,0,0,0,0,0,0,0,0,0,0
2,2025,'071333229',220,  ,MT,0,11,11378,0,2,1571,0,0,0,0,0,0,0,2,2246,0,0,425,0,0,0,0,4,3163,0,0,236,0,0,509,0,3,2590,0,0,0,0,0,638
2,2025,'071333229',223,  ,MT,0,42,4349,0,0,0,0,0,0,0,0,0,0,0,0,0,0,0,0,0,0,0,0,0,0,0,0,0,0,0,0,21,2144,0,0,0,0,21,2205
2,2025,'071333229',302,  ,MT,0,42,9559,0,0,0,0,0,0,0,0,0,0,0,0,0,0,0,0,0,0,0,0,0,0,0,0,0,0,0,0,42,9559,0,0,0,0,0,0
2,2025,'071333229',304,  ,MT,0,0,1095,0,0,0,0,0,334,0,0,444,0,0,0,0,0,0,0,0,0,0,0,317,0,0,0,0,0,0,0,0,0,0,0,0,0,0,0
2,2025,'071333229',506,  ,MT,0,0,236,0,0,0,0,0,0,0,0,0,0,0,236,0,0,0,0,0,0,0,0,0,0,0,0,0,0,0,0,0,0,0,0,0,0,0,0
2,2025,'071333229',538,  ,MT,0,0,545,0,0,0,0,0,0,0,0,209,0,0,0,0,0,0,0,0,0,0,0,336,0,0,0,0,0,0,0,0,0,0,0,0,0,0,0
2,2025,'071335210',111,  ,KG,0,573,1604,0,0,0,0,0,0,0,0,0,0,0,0,0,0,0,0,0,0,0,0,0,0,573,1604,0,0,0,0,0,0,0,0,0,0,0,0
2,2025,'071335291',105,  ,MT,0,64,18329,0,1,475,0,0,0,0,0,0,0,0,0,0,0,0,0,0,0,0,0,0,0,0,0,0,21,5705,0,0,0,0,21,5873,0,21,6276
2,2025,'071335291',111,  ,MT,0,0,300,0,0,0,0,0,0,0,0,0,0,0,0,0,0,0,0,0,0,0,0,300,0,0,0,0,0,0,0,0,0,0,0,0,0,0,0
2,2025,'071335291',122,  ,MT,0,14,3589,0,0,0,0,0,0,0,0,0,0,0,0,0,9,2971,0,0,0,0,5,618,0,0,0,0,0,0,0,0,0,0,0,0,0,0,0
2,2025,'071335291',123,  ,MT,0,24,5966,0,4,1156,0,0,0,0,2,373,0,0,0,0,14,3370,0,4,1067,0,0,0,0,0,0,0,0,0,0,0,0,0,0,0,0,0,0
2,2025,'071335291',407,  ,MT,0,4,926,0,0,0,0,0,0,0,4,926,0,0,0,0,0,0,0,0,0,0,0,0,0,0,0,0,0,0,0,0,0,0,0,0,0,0,0
2,2025,'071335299',105,  ,MT,0,1,239,0,0,0,0,0,0,0,0,0,0,0,0,0,0,0,0,0,0,0,0,0,0,1,239,0,0,0,0,0,0,0,0,0,0,0,0
2,2025,'071335299',110,  ,MT,0,7,2882,0,0,0,0,0,0,0,0,0,0,0,0,0,0,0,0,0,0,0,0,0,0,0,0,0,0,0,0,0,0,0,0,0,0,7,2882
2,2025,'071335299',122,  ,MT,0,229,30903,0,15,2850,0,3,461,0,0,0,0,10,1493,0,34,4355,0,21,2562,0,62,8047,0,0,0,0,11,1603,0,25,3354,0,0,0,0,48,6178
2,2025,'071339221',111,  ,MT,0,439,60247,0,0,0,0,125,18268,0,63,8803,0,0,0,0,63,8317,0,0,0,0,62,8362,0,21,2786,0,0,0,0,21,2862,0,21,2759,0,63,8090
2,2025,'071339221',122,  ,MT,0,795,92408,0,21,2278,0,62,7000,0,21,2665,0,0,0,0,177,20190,0,126,14830,0,97,11377,0,105,11512,0,21,2133,0,58,6748,0,24,3022,0,83,10653
2,2025,'071339222',122,  ,MT,0,401,49226,0,0,0,0,0,0,0,21,2651,0,0,0,0,51,6020,0,60,7562,0,21,2653,0,20,2558,0,145,16969,0,41,5428,0,21,2792,0,21,2593
2,2025,'071339226',105,  ,MT,0,1242,667203,0,129,69004,0,118,69809,0,278,142084,0,99,51905,0,154,77949,0,202,108580,0,1,363,0,20,9238,0,16,9176,0,8,4232,0,38,19178,0,179,105685
2,2025,'071339226',122,  ,MT,0,5235,876397,0,0,0,0,0,0,0,196,38828,0,84,15559,0,1297,228325,0,1621,259976,0,844,140386,0,347,56513,0,280,44573,0,341,54439,0,163,28068,0,62,9730
2,2025,'071339226',223,  ,MT,0,153,49533,0,0,0,0,45,15414,0,0,0,0,0,0,0,21,6772,0,0,0,0,21,7042,0,0,0,0,24,6939,0,21,5669,0,21,7697,0,0,0
2,2025,'071339226',304,  ,MT,0,807,191772,0,0,0,0,75,21698,0,36,10197,0,19,5296,0,96,25632,0,166,35497,0,124,35330,0,109,21946,0,36,6513,0,18,2029,0,54,15546,0,74,12088
2,2025,'071339226',407,  ,MT,0,2749,474534,0,440,91782,0,199,36882,0,601,107967,0,83,16205,0,295,46416,0,143,22877,0,125,20513,0,278,46726,0,41,6916,0,63,10063,0,355,52617,0,126,15570
2,2025,'071339227',122,  ,MT,0,2167,362642,0,0,0,0,0,0,0,32,6919,0,126,24333,0,472,86481,0,188,30597,0,394,66161,0,453,76454,0,251,37579,0,146,20503,0,105,13615,0,0,0
2,2025,'071339227',223,  ,MT,0,42,12918,0,0,0,0,0,0,0,0,0,0,0,0,0,0,0,0,42,12918,0,0,0,0,0,0,0,0,0,0,0,0,0,0,0,0,0,0
2,2025,'071339227',304,  ,MT,0,54,15307,0,0,0,0,0,0,0,0,0,0,0,0,0,0,0,0,0,0,0,0,0,0,0,0,0,0,0,0,54,15307,0,0,0,0,0,0
2,2025,'071339227',407,  ,MT,0,67,9607,0,0,0,0,0,0,0,0,0,0,0,0,0,0,0,0,0,0,0,0,0,0,0,0,0,0,0,0,67,9607,0,0,0,0,0,0
2,2025,'071340020',105,  ,MT,0,1,377,0,0,0,0,0,0,0,0,0,0,0,0,0,0,0,0,0,0,0,0,0,0,1,377,0,0,0,0,0,0,0,0,0,0,0,0
2,2025,'071340020',123,  ,MT,0,437,83278,0,42,7860,0,25,4124,0,38,6426,0,70,12559,0,7,1587,0,32,5809,0,15,2640,0,61,11806,0,33,6125,0,36,7938,0,30,5467,0,48,10937
2,2025,'071340020',125,  ,MT,0,31,2818,0,5,361,0,0,0,0,0,0,0,4,356,0,7,552,0,0,0,0,0,0,0,0,0,0,3,321,0,0,0,0,12,1228,0,0,0
2,2025,'071340020',131,  ,MT,0,20,3644,0,0,0,0,0,0,0,0,0,0,0,0,0,0,0,0,0,0,0,20,3644,0,0,0,0,0,0,0,0,0,0,0,0,0,0,0
2,2025,'071340020',147,  ,MT,0,51,6876,0,15,2245,0,0,0,0,0,0,0,0,0,0,11,1500,0,0,0,0,0,0,0,0,0,0,12,1544,0,2,248,0,0,0,0,11,1339
2,2025,'071340020',210,  ,MT,0,13,15884,0,0,0,0,4,6075,0,0,0,0,2,2373,0,0,0,0,0,0,0,5,4119,0,0,0,0,2,3317,0,0,0,0,0,0,0,0,0
2,2025,'071340020',220,  ,MT,0,8,8631,0,2,1761,0,0,0,0,0,0,0,0,602,0,2,2096,0,0,0,0,2,1955,0,0,0,0,0,0,0,2,1567,0,0,0,0,0,650
2,2025,'071340020',234,  ,MT,0,32,7040,0,0,0,0,2,403,0,0,0,0,8,1559,0,6,1566,0,1,251,0,2,319,0,0,0,0,2,1318,0,0,0,0,11,1624,0,0,0
2,2025,'071340020',302,  ,MT,0,728,106908,0,42,7749,0,64,10403,0,21,3044,0,42,5898,0,90,13093,0,105,15107,0,89,12819,0,78,10832,0,25,3804,0,21,2770,0,123,17380,0,28,4009
2,2025,'071340020',304,  ,MT,0,139,34898,0,20,4441,0,27,7426,0,20,4184,0,12,3920,0,20,4579,0,0,488,0,0,490,0,0,0,0,0,0,0,1,1019,0,39,8351,0,0,0
2,2025,'071340020',601,  ,MT,0,217,33171,0,0,0,0,1,506,0,46,6606,0,2,772,0,4,1666,0,69,8954,0,1,351,0,22,2830,0,24,4157,0,0,0,0,25,3985,0,23,3344
2,2025,'071350010',105,  ,KG,0,6956,16430,0,0,0,0,0,0,0,0,0,0,0,0,0,0,0,0,0,0,0,0,0,0,6956,16430,0,0,0,0,0,0,0,0,0,0,0,0
2,2025,'071350010',304,  ,KG,0,34495,73748,0,0,0,0,0,0,0,10760,35552,0,0,0,0,0,0,0,0,0,0,23735,38196,0,0,0,0,0,0,0,0,0,0,0,0,0,0,0
2,2025,'071350210',105,  ,KG,0,5674,16252,0,0,0,0,0,0,0,0,0,0,0,0,0,160,421,0,0,0,0,0,0,0,0,0,0,0,0,0,172,529,0,0,0,0,5342,15302
2,2025,'071350210',220,  ,KG,0,900,812,0,0,0,0,0,0,0,0,0,0,0,0,0,900,812,0,0,0,0,0,0,0,0,0,0,0,0,0,0,0,0,0,0,0,0,0
2,2025,'071350210',304,  ,KG,0,47815,77769,0,0,0,0,27223,30439,0,0,0,0,0,0,0,0,0,0,0,0,0,18144,26626,0,0,0,0,0,0,0,0,0,0,0,0,0,2448,20704
2,2025,'071350221',105,  ,MT,0,1371,356127,0,204,54097,0,162,41579,0,297,77146,0,80,21002,0,263,65202,0,96,25026,0,56,15767,0,0,0,0,0,0,0,11,2876,0,0,0,0,202,53432
2,2025,'071350221',205,  ,MT,0,5,750,0,0,0,0,0,0,0,0,0,0,0,0,0,0,0,0,0,0,0,0,0,0,5,750,0,0,0,0,0,0,0,0,0,0,0,0
2,2025,'071350221',302,  ,MT,0,62,10066,0,0,0,0,0,0,0,21,3419,0,0,0,0,0,0,0,0,0,0,0,0,0,0,0,0,0,0,0,41,6647,0,0,0,0,0,0
2,2025,'071350221',407,  ,MT,0,45,18693,0,0,0,0,0,0,0,20,6649,0,0,0,0,0,0,0,0,0,0,0,0,0,0,0,0,0,0,0,0,0,0,20,9427,0,5,2617
2,2025,'071350221',601,  ,MT,0,1496,200872,0,127,16477,0,85,10181,0,68,8542,0,80,10781,0,104,14690,0,43,4669,0,317,40421,0,209,27599,0,126,16038,0,127,16464,0,63,9387,0,147,25623
2,2025,'071350221',606,  ,MT,0,43,6247,0,0,0,0,0,0,0,0,0,0,0,0,0,0,0,0,0,0,0,0,0,0,0,0,0,0,0,0,0,0,0,43,6247,0,0,0
2,2025,'071350229',220,  ,MT,0,0,485,0,0,284,0,0,0,0,0,0,0,0,0,0,0,0,0,0,0,0,0,0,0,0,0,0,0,201,0,0,0,0,0,0,0,0,0
2,2025,'071360291',123,  ,MT,0,73,26030,0,9,4760,0,17,4709,0,0,0,0,11,2622,0,8,2975,0,0,0,0,0,0,0,13,5533,0,0,0,0,15,5431,0,0,0,0,0,0
2,2025,'071360299',122,  ,MT,0,32,8880,0,7,1958,0,4,1293,0,0,0,0,21,5629,0,0,0,0,0,0,0,0,0,0,0,0,0,0,0,0,0,0,0,0,0,0,0,0
2,2025,'071360299',123,  ,MT,0,0,304,0,0,0,0,0,0,0,0,0,0,0,0,0,0,0,0,0,0,0,0,0,0,0,0,0,0,0,0,0,0,0,0,0,0,0,304
2,2025,'071390210',111,  ,KG,0,271,1208,0,0,0,0,0,0,0,0,0,0,0,0,0,0,0,0,0,0,0,0,0,0,271,1208,0,0,0,0,0,0,0,0,0,0,0,0
2,2025,'071390221',105,  ,MT,0,26,9392,0,17,6777,0,0,0,0,0,0,0,0,0,0,9,2615,0,0,0,0,0,0,0,0,0,0,0,0,0,0,0,0,0,0,0,0,0
2,2025,'071390229',105,  ,MT,0,0,273,0,0,0,0,0,0,0,0,0,0,0,273,0,0,0,0,0,0,0,0,0,0,0,0,0,0,0,0,0,0,0,0,0,0,0,0
2,2025,'071390229',131,  ,MT,0,2,660,0,0,0,0,2,660,0,0,0,0,0,0,0,0,0,0,0,0,0,0,0,0,0,0,0,0,0,0,0,0,0,0,0,0,0,0
2,2025,'071410110',111,  ,KG,0,58000,3194,0,0,0,0,0,0,0,0,0,0,0,0,0,0,0,0,0,0,0,0,0,0,0,0,0,0,0,0,0,0,0,20000,1067,0,38000,2127
2,2025,'071410190',111,  ,KG,0,4700,959,0,0,0,0,0,0,0,0,0,0,0,0,0,0,0,0,0,0,0,0,0,0,4700,959,0,0,0,0,0,0,0,0,0,0,0,0
2,2025,'071410210',111,  ,KG,0,1518160,73251,0,0,0,0,0,0,0,12200,655,0,42000,2277,0,46850,2365,0,30000,1516,0,102200,5144,0,307330,14660,0,175140,7872,0,402920,18621,0,60490,2995,0,339030,17146
2,2025,'071410290',111,  ,KG,0,675910,31815,0,0,0,0,0,0,0,0,0,0,0,0,0,0,0,0,0,0,0,39070,1974,0,137270,6215,0,0,0,0,199820,9322,0,0,0,0,299750,14304
2,2025,'071410390',111,  ,KG,0,7140,3151,0,0,0,0,0,0,0,0,0,0,0,0,0,0,0,0,0,0,0,2420,1054,0,2000,885,0,0,0,0,2720,1212,0,0,0,0,0,0
2,2025,'071420100',105,  ,KG,0,2033559,520677,0,93570,26290,0,106904,25719,0,124256,30046,0,82569,21932,0,216002,52241,0,128462,31737,0,356386,88286,0,250537,65664,0,233550,59487,0,60600,17280,0,103476,27650,0,277247,74345
2,2025,'071420100',106,  ,KG,0,4000,1802,0,0,0,0,0,0,0,0,0,0,0,0,0,0,0,0,0,0,0,0,0,0,0,0,0,0,0,0,4000,1802,0,0,0,0,0,0
2,2025,'071420100',110,  ,KG,0,3601063,1168440,0,379622,137193,0,126046,44455,0,274422,94325,0,217310,67906,0,242452,74689,0,260776,83748,0,244792,74668,0,311190,93930,0,526936,164969,0,259792,81752,0,340734,109250,0,416991,141555
2,2025,'071420100',118,  ,KG,0,2378223,606656,0,211540,55074,0,178960,45722,0,259410,67629,0,206610,50692,0,192570,48901,0,238752,54705,0,230290,56017,0,120840,29754,0,210160,58493,0,196431,52512,0,148660,37688,0,184000,49469
2,2025,'071420200',105,  ,KG,0,1602130,305527,0,54680,16313,0,256010,50104,0,126720,33727,0,129600,27888,0,34970,23156,0,206000,14716,0,260530,41574,0,0,0,0,128450,26758,0,143950,41306,0,0,0,0,261220,29985
2,2025,'071420200',110,  ,KG,0,399052,32297,0,52000,2960,0,78000,4429,0,900,951,0,2352,2463,0,52000,2700,0,78000,4130,0,26750,2169,0,600,631,0,5250,5453,0,77200,4951,0,0,0,0,26000,1460
2,2025,'071420200',118,  ,KG,0,48000,3081,0,24000,1581,0,0,0,0,24000,1500,0,0,0,0,0,0,0,0,0,0,0,0,0,0,0,0,0,0,0,0,0,0,0,0,0,0,0
2,2025,'071430100',105,  ,KG,0,873287,376969,0,113650,48255,0,25750,10081,0,95367,41438,0,62100,24980,0,131210,50637,0,76900,33439,0,83628,38122,0,62750,25871,0,43824,20172,0,61820,29440,0,58108,28632,0,58180,25902
2,2025,'071430100',110,  ,KG,0,13288,5426,0,0,0,0,0,0,0,0,0,0,0,0,0,0,0,0,12040,5083,0,0,0,0,0,0,0,0,0,0,0,0,0,1248,343,0,0,0
2,2025,'071430100',117,  ,KG,0,525,615,0,0,0,0,0,0,0,0,0,0,0,0,0,0,0,0,0,0,0,0,0,0,0,0,0,300,346,0,0,0,0,0,0,0,225,269
2,2025,'071430200',105,  ,KG,0,383265,599395,0,69631,101109,0,24620,23377,0,46018,68729,0,9108,10731,0,6930,5648,0,36686,56527,0,24303,21540,0,38401,58746,0,47979,90350,0,4000,3842,0,41963,93465,0,33626,65331
2,2025,'071430200',110,  ,KG,0,231423,192720,0,0,0,0,30600,31008,0,9600,9720,0,44280,36859,0,613,251,0,9600,9362,0,19970,11723,0,26240,15472,0,4600,10414,0,66220,49091,0,9600,9099,0,10100,9721
2,2025,'071430200',311,  ,KG,0,9600,3174,0,0,0,0,0,0,0,0,0,0,0,0,0,9600,3174,0,0,0,0,0,0,0,0,0,0,0,0,0,0,0,0,0,0,0,0,0
2,2025,'071440100',105,  ,KG,0,26255754,7676751,0,2293553,749594,0,1516097,460290,0,2323624,687227,0,1958496,564534,0,1817075,506576,0,1793958,503523,0,1940829,546400,0,1589334,444702,0,2369635,676867,0,2921344,838350,0,2559494,760926,0,3172315,937762
2,2025,'071440100',106,  ,KG,0,14165,8516,0,5000,2715,0,0,0,0,675,698,0,0,0,0,0,0,0,0,0,0,0,0,0,1050,1126,0,0,0,0,0,0,0,900,301,0,6540,3676
2,2025,'071440100',110,  ,KG,0,14692,6561,0,0,0,0,0,0,0,2194,1218,0,0,0,0,0,0,0,1000,387,0,3590,1536,0,1310,520,0,1060,469,0,600,245,0,4438,1952,0,500,234
2,2025,'071440100',111,  ,KG,0,5524,2719,0,390,224,0,830,381,0,0,0,0,480,216,0,0,0,0,2534,1287,0,500,261,0,0,0,0,790,350,0,0,0,0,0,0,0,0,0
2,2025,'071440100',127,  ,KG,0,1503,465,0,0,0,0,0,0,0,0,0,0,0,0,0,0,0,0,0,0,0,0,0,0,1503,465,0,0,0,0,0,0,0,0,0,0,0,0
2,2025,'071440100',406,  ,KG,0,2300,615,0,0,0,0,0,0,0,0,0,0,0,0,0,0,0,0,0,0,0,0,0,0,0,0,0,0,0,0,0,0,0,0,0,0,2300,615
2,2025,'071440200',105,  ,KG,0,2274720,401828,0,350630,55011,0,380830,64048,0,254120,43698,0,137220,20687,0,166140,30165,0,63000,13637,0,89820,22008,0,87600,19177,0,150940,29156,0,211480,38301,0,152560,27194,0,230380,38746
2,2025,'071450200',406,  ,KG,0,1061,407,0,0,0,0,0,0,0,0,0,0,1061,407,0,0,0,0,0,0,0,0,0,0,0,0,0,0,0,0,0,0,0,0,0,0,0,0
2,2025,'071490100',105,  ,KG,0,924846,306422,0,103900,30659,0,55560,17690,0,101106,43314,0,66000,19916,0,18000,5567,0,31300,10975,0,90220,27750,0,110000,32033,0,68800,20123,0,86660,35712,0,63000,19550,0,130300,43133
2,2025,'071490200',103,  ,KG,0,1640,1486,0,0,0,0,0,0,0,0,0,0,0,0,0,0,0,0,0,0,0,1640,1486,0,0,0,0,0,0,0,0,0,0,0,0,0,0,0
2,2025,'071490200',105,  ,KG,0,538992,305472,0,19114,11508,0,62000,23527,0,42978,25777,0,76641,26430,0,23740,15611,0,16070,5671,0,27831,18543,0,73411,56293,0,37577,22453,0,58443,49786,0,15357,5708,0,85830,44165
2,2025,'071490200',110,  ,KG,0,375476,54575,0,32503,3903,0,13366,2382,0,55666,8735,0,53226,7006,0,68200,10798,0,15820,3374,0,56770,6677,0,0,0,0,8275,1811,0,33000,3150,0,19105,3557,0,19545,3182
2,2025,'071490200',111,  ,KG,0,127,1391,0,127,1391,0,0,0,0,0,0,0,0,0,0,0,0,0,0,0,0,0,0,0,0,0,0,0,0,0,0,0,0,0,0,0,0,0
2,2025,'071490200',210,  ,KG,0,1110,1315,0,0,0,0,0,0,0,0,0,0,0,0,0,0,0,0,0,0,0,0,0,0,0,0,0,415,564,0,545,519,0,150,232,0,0,0
2,2025,'071490200',227,  ,KG,0,19000,23028,0,0,0,0,0,0,0,0,0,0,0,0,0,0,0,0,19000,23028,0,0,0,0,0,0,0,0,0,0,0,0,0,0,0,0,0,0
2,2025,'071490200',410,  ,KG,0,70,819,0,0,0,0,0,0,0,0,0,0,0,0,0,70,819,0,0,0,0,0,0,0,0,0,0,0,0,0,0,0,0,0,0,0,0,0
2,2025,'080111000',110,  ,KG,0,334089,159988,0,6000,3637,0,8032,5090,0,13500,4618,0,30460,17718,0,37700,15221,0,1380,690,0,65020,27067,0,27483,17718,0,27269,10023,0,43454,25290,0,25000,9189,0,48791,23727
2,2025,'080111000',111,  ,KG,0,5000,2573,0,0,0,0,0,0,0,0,0,0,5000,2573,0,0,0,0,0,0,0,0,0,0,0,0,0,0,0,0,0,0,0,0,0,0,0,0
2,2025,'080111000',117,  ,KG,0,3072059,1510009,0,291430,109425,0,286399,108997,0,281001,116145,0,303448,107160,0,165605,77368,0,284966,131138,0,299547,133966,0,261619,145843,0,223408,138992,0,220575,140321,0,182829,117051,0,271232,183603
2,2025,'080111000',118,  ,KG,0,298943,170163,0,0,0,0,0,0,0,14322,6309,0,10625,4714,0,24925,14418,0,24551,14304,0,49896,24770,0,49884,29753,0,12474,8180,0,37422,22628,0,0,0,0,74844,45087
2,2025,'080111000',123,  ,KG,0,58119,45200,0,2097,1618,0,0,0,0,6170,2949,0,5752,3930,0,6683,4538,0,2472,1897,0,1321,1108,0,1459,1261,0,8205,6854,0,8860,7284,0,5035,3942,0,10065,9819
2,2025,'080111000',125,  ,KG,0,606201,373401,0,4000,1778,0,1287,841,0,7622,4877,0,79482,36304,0,6707,3421,0,4000,3699,0,27962,18452,0,74482,53284,0,128982,73489,0,150464,97293,0,67225,40828,0,53988,39135
2,2025,'080111000',238,  ,KG,0,115,696,0,0,0,0,0,0,0,0,0,0,0,0,0,0,0,0,0,0,0,0,0,0,0,0,0,0,0,0,0,0,0,115,696,0,0,0
2,2025,'080111000',517,  ,KG,0,887,2016,0,0,0,0,0,0,0,323,723,0,0,0,0,0,0,0,0,0,0,0,0,0,0,0,0,0,0,0,0,0,0,564,1293,0,0,0
2,2025,'080111000',601,  ,KG,0,4077,2719,0,0,0,0,1648,923,0,0,0,0,1029,1001,0,0,0,0,240,206,0,0,0,0,0,0,0,0,0,0,0,0,0,1160,589,0,0,0
2,2025,'080112000',110,  ,KG,0,972411,137086,0,32405,4621,0,53449,7054,0,100360,11652,0,134505,17872,0,85067,14252,0,117576,18024,0,104943,16656,0,79368,12445,0,77049,8872,0,92160,13119,0,49424,6191,0,46105,6328
2,2025,'080112000',111,  ,KG,0,379231,81396,0,0,0,0,0,0,0,64800,17847,0,58595,13215,0,40966,9674,0,31200,6918,0,31720,5953,0,50400,10284,0,51150,8710,0,33600,5820,0,16800,2975,0,0,0
2,2025,'080112000',123,  ,KG,0,846,322,0,0,0,0,0,0,0,0,0,0,0,0,0,0,0,0,0,0,0,0,0,0,0,0,0,0,0,0,846,322,0,0,0,0,0,0
2,2025,'080112000',125,  ,KG,0,5447,1248,0,0,0,0,0,0,0,0,0,0,0,0,0,1062,317,0,0,0,0,1270,448,0,3115,483,0,0,0,0,0,0,0,0,0,0,0,0
2,2025,'080112000',131,  ,KG,0,4205,1573,0,0,0,0,0,0,0,0,0,0,0,0,0,0,0,0,0,0,0,0,0,0,0,0,0,1595,478,0,2610,1095,0,0,0,0,0,0
2,2025,'080119000',110,  ,KG,0,546201,69678,0,27244,3369,0,24919,3259,0,22386,3035,0,65009,8927,0,50230,7648,0,71409,10260,0,70107,9611,0,42509,4574,0,26603,2268,0,57705,6726,0,40141,4954,0,47939,5047
2,2025,'080119000',111,  ,KG,0,916,897,0,172,269,0,0,0,0,272,284,0,0,0,0,0,0,0,0,0,0,472,344,0,0,0,0,0,0,0,0,0,0,0,0,0,0,0
2,2025,'080119000',123,  ,KG,0,1535,766,0,0,0,0,790,538,0,0,0,0,0,0,0,0,0,0,0,0,0,0,0,0,0,0,0,745,228,0,0,0,0,0,0,0,0,0
2,2025,'080119000',125,  ,KG,0,5192,2279,0,0,0,0,0,0,0,0,0,0,900,420,0,180,281,0,0,0,0,0,0,0,0,0,0,0,0,0,4112,1578,0,0,0,0,0,0
2,2025,'080122000',407,  ,KG,0,20000,31669,0,0,0,0,0,0,0,0,0,0,0,0,0,20000,31669,0,0,0,0,0,0,0,0,0,0,0,0,0,0,0,0,0,0,0,0,0
2,2025,'080132000',110,  ,KG,0,8198199,9005449,0,590561,616649,0,495538,559911,0,500404,507354,0,619968,680626,0,598929,661687,0,770234,859096,0,1082097,1192930,0,826345,907056,0,839315,934081,0,612229,694801,0,554689,572478,0,707890,818780
2,2025,'080132000',118,  ,KG,0,2041,2538,0,0,0,0,0,0,0,0,0,0,0,0,0,0,0,0,0,0,0,0,0,0,0,0,0,2041,2538,0,0,0,0,0,0,0,0,0
2,2025,'080132000',120,  ,KG,0,2000,3783,0,0,0,0,0,0,0,0,0,0,0,0,0,0,0,0,800,1455,0,0,0,0,0,0,0,0,0,0,800,1495,0,0,0,0,400,833
2,2025,'080132000',122,  ,KG,0,8000,4391,0,0,0,0,0,0,0,0,0,0,0,0,0,0,0,0,0,0,0,5000,2357,0,0,0,0,3000,2034,0,0,0,0,0,0,0,0,0
2,2025,'080132000',123,  ,KG,0,4890168,6129908,0,452839,587472,0,323867,384907,0,501676,615785,0,436586,523467,0,522767,624664,0,439736,518482,0,390091,499139,0,446787,555293,0,302775,388850,0,285538,374954,0,377231,503006,0,410275,553889
2,2025,'080132000',516,  ,KG,0,15000,13197,0,0,0,0,0,0,0,0,0,0,0,0,0,0,0,0,0,0,0,0,0,0,0,0,0,0,0,0,0,0,0,0,0,0,15000,13197
2,2025,'080132000',543,  ,KG,0,342,468,0,0,0,0,342,468,0,0,0,0,0,0,0,0,0,0,0,0,0,0,0,0,0,0,0,0,0,0,0,0,0,0,0,0,0,0
2,2025,'080212200',110,  ,KG,0,10614,11308,0,0,0,0,0,0,0,0,0,0,0,0,0,10614,11308,0,0,0,0,0,0,0,0,0,0,0,0,0,0,0,0,0,0,0,0,0
2,2025,'080212200',218,  ,KG,0,237619,342714,0,18386,23471,0,5276,7254,0,42607,60199,0,8800,12896,0,23270,33618,0,16000,20898,0,15800,22857,0,19080,28270,0,65342,95484,0,19630,31072,0,3428,6695,0,0,0
2,2025,'080212200',220,  ,KG,0,79464,129197,0,354,1027,0,18500,24154,0,0,0,0,4754,12235,0,8500,12303,0,3057,5557,0,0,0,0,7500,11507,0,6599,11019,0,30100,50869,0,100,526,0,0,0
2,2025,'080212200',304,  ,KG,0,40091967,39540747,0,3827042,3525831,0,3413472,3225531,0,4105912,3796530,0,5014525,4832268,0,3646130,3511428,0,4176024,4076724,0,3845894,3838723,0,2803926,2902341,0,1643962,1638892,0,2409947,2591395,0,2332496,2517414,0,2872637,3083670
2,2025,'080212200',601,  ,KG,0,165297,192073,0,0,0,0,5000,5002,0,11340,13397,0,11340,13321,0,0,0,0,29753,31205,0,34020,39201,0,22680,26952,0,10250,14566,0,0,0,0,11340,13861,0,29574,34568
2,2025,'080221000',220,  ,KG,0,4000,4878,0,4000,4878,0,0,0,0,0,0,0,0,0,0,0,0,0,0,0,0,0,0,0,0,0,0,0,0,0,0,0,0,0,0,0,0,0
2,2025,'080222000',210,  ,KG,0,350,588,0,0,0,0,0,0,0,0,0,0,0,0,0,0,0,0,0,0,0,0,0,0,350,588,0,0,0,0,0,0,0,0,0,0,0,0
2,2025,'080222000',220,  ,KG,0,18960,48796,0,110,312,0,1400,2853,0,2000,4125,0,3500,13410,0,3100,6647,0,0,0,0,0,0,0,2850,6432,0,1100,2600,0,4900,12417,0,0,0,0,0,0
2,2025,'080222000',234,  ,KG,0,791395,1191733,0,117250,167778,0,45250,62045,0,228600,326215,0,36500,46308,0,24400,33464,0,44950,63936,0,20000,28161,0,51200,73105,0,48570,79675,0,73050,118040,0,30525,54161,0,71100,138845
2,2025,'080222000',304,  ,KG,0,9071,12557,0,0,0,0,0,0,0,0,0,0,0,0,0,9071,12557,0,0,0,0,0,0,0,0,0,0,0,0,0,0,0,0,0,0,0,0,0
2,2025,'080232000',105,  ,KG,0,1340933,1004483,0,38280,28326,0,40800,38246,0,108777,80048,0,272042,199996,0,109159,77076,0,255888,180576,0,186487,134364,0,50458,41065,0,104043,82555,0,76862,60725,0,68153,52704,0,29984,28802
2,2025,'080232000',210,  ,KG,0,20652,36421,0,0,0,0,805,1118,0,3500,6664,0,0,0,0,10080,17639,0,0,0,0,0,0,0,480,770,0,0,0,0,5787,10230,0,0,0,0,0,0
2,2025,'080232000',304,  ,KG,0,16223930,17764455,0,1294215,1365398,0,1590613,1658106,0,1925541,2045381,0,2408937,2567603,0,2494198,2756862,0,1454237,1670143,0,1007530,1159191,0,570985,695613,0,544869,682102,0,404787,491161,0,921388,992878,0,1606630,1680017
2,2025,'080232000',409,  ,KG,0,260385,310721,0,45670,45400,0,0,0,0,0,0,0,0,0,0,0,0,0,0,0,0,22990,30306,0,46200,55836,0,23100,27489,0,46200,54971,0,32930,41847,0,43295,54872
2,2025,'080241000',105,  ,KG,0,1709032,648427,0,83010,27173,0,58220,20412,0,57510,19298,0,53810,17778,0,6700,2213,0,0,0,0,19560,6671,0,0,0,0,55000,23008,0,481204,186581,0,430500,164509,0,463518,180784
2,2025,'080242000',103,  ,KG,0,1380434,2015505,0,0,0,0,0,0,0,0,0,0,0,0,0,0,0,0,0,0,0,0,0,0,0,0,0,9246,14183,0,551161,827748,0,572654,825397,0,247373,348177
2,2025,'080242000',105,  ,KG,0,364693,284610,0,11875,6462,0,0,0,0,0,0,0,0,0,0,0,0,0,0,0,0,0,0,0,0,0,0,6462,4710,0,215423,165981,0,69396,60250,0,61537,47207
2,2025,'080242000',220,  ,KG,0,3750,5631,0,0,0,0,0,0,0,0,0,0,3750,5631,0,0,0,0,0,0,0,0,0,0,0,0,0,0,0,0,0,0,0,0,0,0,0,0
2,2025,'080251000',133,  ,KG,0,35950,50877,0,12000,17871,0,0,0,0,0,0,0,11950,16624,0,12000,16382,0,0,0,0,0,0,0,0,0,0,0,0,0,0,0,0,0,0,0,0,0
2,2025,'080251000',234,  ,KG,0,24,339,0,0,0,0,0,0,0,0,0,0,0,0,0,0,0,0,0,0,0,0,0,0,24,339,0,0,0,0,0,0,0,0,0,0,0,0
2,2025,'080251000',304,  ,KG,0,1727958,2366590,0,134207,190377,0,147648,205466,0,111160,154377,0,127907,171290,0,55388,75432,0,354690,471575,0,132619,174433,0,113288,155085,0,175377,238585,0,95200,131877,0,188280,264053,0,92194,134040
2,2025,'080252000',133,  ,KG,0,163243,605185,0,20580,81644,0,18822,74332,0,21020,70068,0,785,4740,0,30174,99007,0,12224,36376,0,0,0,0,15140,49844,0,1523,7577,0,19560,72420,0,15625,58679,0,7790,50498
2,2025,'080252000',213,  ,KG,0,328,3574,0,0,0,0,0,0,0,0,0,0,0,0,0,0,0,0,0,0,0,0,0,0,0,0,0,0,0,0,328,3574,0,0,0,0,0,0
2,2025,'080252000',218,  ,KG,0,2508,11866,0,0,0,0,864,3438,0,0,0,0,0,0,0,0,0,0,0,0,0,0,0,0,576,2423,0,864,4755,0,0,0,0,204,1250,0,0,0
2,2025,'080252000',220,  ,KG,0,20467,211317,0,1950,18574,0,800,7507,0,1500,13111,0,1000,14500,0,2200,21296,0,100,1153,0,2540,23892,0,2300,24630,0,127,1315,0,5450,58005,0,1000,11537,0,1500,15797
2,2025,'080252000',234,  ,KG,0,9660,69757,0,0,0,0,500,3412,0,100,1009,0,0,0,0,6440,46161,0,1400,9638,0,500,3524,0,0,0,0,100,1052,0,0,0,0,620,4961,0,0,0
2,2025,'080252000',304,  ,KG,0,657560,2014666,0,77484,218001,0,22252,64544,0,38100,110542,0,75158,208933,0,73727,218034,0,70492,207820,0,46781,134010,0,37079,125894,0,68039,217606,0,7485,28606,0,70484,235202,0,70479,245474
2,2025,'080261000',110,  ,KG,0,22644,28525,0,0,0,0,9072,11582,0,9072,11395,0,0,0,0,0,0,0,0,0,0,4500,5548,0,0,0,0,0,0,0,0,0,0,0,0,0,0,0
2,2025,'080261000',411,  ,KG,0,2000,888,0,0,0,0,0,0,0,0,0,0,0,0,0,0,0,0,0,0,0,0,0,0,0,0,0,0,0,0,2000,888,0,0,0,0,0,0
2,2025,'080262000',110,  ,KG,0,10206,21058,0,0,0,0,0,0,0,0,0,0,0,0,0,0,0,0,0,0,0,10206,21058,0,0,0,0,0,0,0,0,0,0,0,0,0,0,0
2,2025,'080262000',304,  ,KG,0,56,251,0,0,0,0,56,251,0,0,0,0,0,0,0,0,0,0,0,0,0,0,0,0,0,0,0,0,0,0,0,0,0,0,0,0,0,0
2,2025,'080262000',306,  ,KG,0,112259,234871,0,0,0,0,20411,41397,0,10205,20277,0,0,0,0,0,0,0,0,0,0,0,0,0,0,0,0,30616,66593,0,0,0,0,51027,106604,0,0,0
2,2025,'080262000',526,  ,KG,0,5356,12600,0,56,297,0,0,0,0,4660,10154,0,300,1080,0,0,0,0,0,0,0,0,0,0,0,0,0,340,1069,0,0,0,0,0,0,0,0,0
2,2025,'080262000',541,  ,KG,0,235705,415167,0,43045,58644,0,0,0,0,0,0,0,0,0,0,0,0,0,16329,29484,0,65090,110568,0,13267,30904,0,48987,90116,0,16329,31079,0,32658,64372,0,0,0
2,2025,'080262000',551,  ,KG,0,1423481,2289895,0,193123,286609,0,191360,292617,0,115122,168603,0,131905,206442,0,46210,71459,0,84799,112564,0,49328,71745,0,128888,212665,0,168361,270726,0,107989,185842,0,101889,206308,0,104507,204315
2,2025,'080262000',553,  ,KG,0,114292,218171,0,0,0,0,0,0,0,0,0,0,0,0,0,16329,21902,0,16329,30060,0,32647,67576,0,16329,28921,0,0,0,0,16329,31050,0,16329,38662,0,0,0
2,2025,'080262000',601,  ,KG,0,1482734,3026517,0,170674,329869,0,181909,346933,0,48258,96251,0,127870,232817,0,130650,248678,0,57009,116375,0,86714,192196,0,117518,208328,0,96840,222461,0,220231,463111,0,123306,295829,0,121755,273669
2,2025,'080270000',410,  ,KG,0,150,1075,0,0,0,0,0,0,0,0,0,0,0,0,0,0,0,0,0,0,0,0,0,0,0,0,0,150,1075,0,0,0,0,0,0,0,0,0
2,2025,'080280000',105,  ,KG,0,4618,8121,0,0,0,0,0,0,0,0,0,0,0,0,0,0,0,0,3634,7160,0,484,611,0,0,0,0,0,0,0,0,0,0,0,0,0,500,350
2,2025,'080280000',121,  ,KG,0,255,622,0,255,622,0,0,0,0,0,0,0,0,0,0,0,0,0,0,0,0,0,0,0,0,0,0,0,0,0,0,0,0,0,0,0,0,0
2,2025,'080292000',105,  ,KG,0,110402,426369,0,7189,30005,0,15454,63080,0,10360,37871,0,580,2199,0,16882,62793,0,6120,22010,0,7140,26663,0,6280,23200,0,9975,35230,0,4990,19414,0,9812,36201,0,15620,67703
2,2025,'080292000',220,  ,KG,0,1100,11552,0,0,0,0,0,0,0,0,0,0,0,0,0,50,495,0,0,0,0,500,5253,0,0,0,0,0,0,0,550,5804,0,0,0,0,0,0
2,2025,'080292000',234,  ,KG,0,940,10894,0,0,0,0,0,0,0,0,0,0,0,0,0,300,2773,0,0,0,0,0,0,0,0,0,0,0,0,0,0,0,0,640,8121,0,0,0
2,2025,'080292000',606,  ,KG,0,260,1505,0,0,0,0,0,0,0,0,0,0,260,1505,0,0,0,0,0,0,0,0,0,0,0,0,0,0,0,0,0,0,0,0,0,0,0,0
2,2025,'080299100',304,  ,KG,0,628750,1143756,0,44128,80929,0,20022,37970,0,32906,58670,0,41042,71892,0,59218,100459,0,72848,132503,0,75594,140397,0,73809,95584,0,43909,85385,0,48841,97882,0,24017,50133,0,92416,191952
2,2025,'080299100',551,  ,KG,0,10500,23859,0,4000,9124,0,0,0,0,0,0,0,0,0,0,0,0,0,0,0,0,0,0,0,0,0,0,0,0,0,0,0,0,0,0,0,6500,14735
2,2025,'080299900',105,  ,KG,0,163510,72054,0,21460,4103,0,25200,3663,0,24650,5080,0,4454,6906,0,1881,2068,0,1440,940,0,2403,3576,0,330,229,0,14000,2579,0,11571,21747,0,29500,12282,0,26621,8881
2,2025,'080299900',110,  ,KG,0,3508,3947,0,244,280,0,0,0,0,200,274,0,1125,1266,0,250,347,0,0,0,0,0,0,0,0,0,0,240,336,0,500,502,0,0,0,0,949,942
2,2025,'080299900',118,  ,KG,0,9130,10857,0,3070,4009,0,0,0,0,0,0,0,0,0,0,3000,3578,0,0,0,0,1000,598,0,0,0,0,0,0,0,0,0,0,0,0,0,2060,2672
2,2025,'080299900',406,  ,KG,0,340,1104,0,140,492,0,0,0,0,0,0,0,0,0,0,0,0,0,0,0,0,0,0,0,0,0,0,0,0,0,0,0,0,0,0,0,200,612
2,2025,'080310100',117,  ,KG,0,882758,151522,0,62418,10511,0,60046,10304,0,58718,9457,0,69060,11822,0,75092,12961,0,85894,14661,0,75670,13015,0,83162,14362,0,75630,13211,0,92962,16019,0,75338,13089,0,68768,12110
2,2025,'080310100',406,  ,KG,0,213261,31494,0,0,0,0,18160,2677,0,18160,3139,0,33517,6800,0,0,0,0,0,0,0,0,0,0,0,0,0,12258,2675,0,0,0,0,117546,12971,0,13620,3232
2,2025,'080310100',542,  ,KG,0,487,318,0,0,0,0,0,0,0,0,0,0,487,318,0,0,0,0,0,0,0,0,0,0,0,0,0,0,0,0,0,0,0,0,0,0,0,0
2,2025,'080390100',106,  ,KG,0,465616,119264,0,0,0,0,1500,460,0,5448,1708,0,49908,14349,0,158652,41207,0,183396,44222,0,44488,11475,0,5184,1468,0,1296,368,0,9744,2622,0,6000,1385,0,0,0
2,2025,'080390100',110,  ,KG,0,46186389,6669280,0,3747060,561061,0,2974230,438305,0,3615368,513022,0,3289770,459087,0,3600064,499671,0,4074910,577377,0,4511376,650549,0,3834544,558185,0,4038148,579198,0,4673655,681930,0,3926020,574373,0,3901244,576522
2,2025,'080390100',111,  ,KG,0,2703046,460164,0,167616,29258,0,154180,27458,0,251541,42773,0,212851,36750,0,252497,42746,0,224468,37143,0,283577,47365,0,193728,32712,0,310915,52050,0,295606,49818,0,181436,31082,0,174631,31009
2,2025,'080390100',117,  ,KG,0,788410076,115291529,0,59850530,7106748,0,60537786,7233873,0,62555960,7406096,0,71269857,11020524,0,72305313,12007954,0,74474874,13056337,0,69030527,12388680,0,65136056,11523399,0,62761437,10311834,0,68101391,8231317,0,61274356,7172799,0,61111989,7831968
2,2025,'080390100',118,  ,KG,0,3961818,443475,0,324874,38302,0,309612,35812,0,309612,34640,0,371623,41283,0,293985,31685,0,432801,46706,0,355987,38850,0,325056,35937,0,387015,42770,0,309612,34772,0,278360,31923,0,263281,30795
2,2025,'080390100',120,  ,KG,0,35387950,4773518,0,1455983,203864,0,1878072,262063,0,1817095,247699,0,2490113,337782,0,2608574,346044,0,2940799,388231,0,3639807,479980,0,3139304,423453,0,3258043,435194,0,3773819,506834,0,3828595,520867,0,4557746,621507
2,2025,'080390100',121,  ,KG,0,14212920,2369215,0,1220400,212000,0,643500,109801,0,726000,120374,0,1171500,194158,0,1287000,207122,0,1188000,191717,0,1683000,273532,0,1072500,176889,0,1171500,193367,0,1624020,271556,0,1254000,214602,0,1171500,204097
2,2025,'080390100',210,  ,KG,0,657,1223,0,225,316,0,0,0,0,0,0,0,240,321,0,0,0,0,0,0,0,0,0,0,0,0,0,0,0,0,0,0,0,0,0,0,192,586
2,2025,'080390100',305,  ,KG,0,56005297,8244936,0,5002369,757512,0,3699604,544001,0,4309348,626688,0,4894351,707702,0,4748328,680226,0,4426135,629091,0,4407962,632802,0,5484310,790822,0,4754629,703334,0,5402548,806853,0,4226945,643471,0,4648768,722434
2,2025,'080390100',306,  ,KG,0,11882075,1876263,0,959475,129136,0,955792,128461,0,767391,103217,0,1223813,200610,0,997468,170820,0,978178,167513,0,853416,146129,0,1419072,243057,0,1090202,186707,0,944317,152135,0,769046,112876,0,923905,135602
2,2025,'080390100',311,  ,KG,0,530593,80430,0,52710,6940,0,69356,9119,0,101962,14185,0,66703,9620,0,0,0,0,93702,14126,0,46088,6652,0,15974,2278,0,50288,8131,0,5390,1508,0,10500,3024,0,17920,4847
2,2025,'080390100',406,  ,KG,0,94056663,10656846,0,8465580,976578,0,7429380,834133,0,8149715,883866,0,8619848,963832,0,8145010,928943,0,8784266,1002263,0,8426527,980647,0,7852066,914254,0,7496986,852644,0,7268197,834163,0,6683441,739386,0,6735647,746137
2,2025,'080390100',407,  ,KG,0,4893707,933868,0,637000,110357,0,455000,81093,0,398307,68711,0,564200,106788,0,473200,96536,0,218400,44349,0,473200,97334,0,291200,60138,0,273000,56351,0,436800,84079,0,455000,86809,0,218400,41323
2,2025,'080390200',105,  ,KG,0,2168,5223,0,555,1203,0,0,0,0,80,234,0,108,303,0,224,876,0,140,401,0,100,288,0,0,0,0,358,736,0,503,864,0,0,0,0,100,318
2,2025,'080390200',110,  ,KG,0,39142,130592,0,2090,7738,0,5950,20586,0,3600,12107,0,2540,8579,0,5010,16183,0,4300,13920,0,4766,14627,0,4830,15965,0,3150,10474,0,0,0,0,46,353,0,2860,10060
2,2025,'080390200',111,  ,KG,0,14691,16405,0,2140,2420,0,2600,2659,0,680,1055,0,2732,3301,0,0,0,0,1474,1685,0,1500,461,0,0,0,0,90,217,0,3365,4329,0,0,0,0,110,278
2,2025,'080390200',117,  ,KG,0,204928,64231,0,9600,9365,0,0,0,0,34048,10778,0,0,0,0,35200,10354,0,25600,1813,0,30080,10074,0,25600,1857,0,9600,8777,0,0,0,0,25600,1957,0,9600,9256
2,2025,'080390200',120,  ,KG,0,3075,2503,0,1050,869,0,0,0,0,0,0,0,0,0,0,525,391,0,0,0,0,450,357,0,0,0,0,0,0,0,525,424,0,0,0,0,525,462
2,2025,'080390200',125,  ,KG,0,3870,3718,0,0,0,0,650,653,0,500,490,0,0,0,0,470,447,0,0,0,0,1250,1130,0,0,0,0,500,488,0,0,0,0,500,510,0,0,0
2,2025,'080390200',527,  ,KG,0,150,278,0,0,0,0,0,0,0,0,0,0,0,0,0,0,0,0,0,0,0,0,0,0,150,278,0,0,0,0,0,0,0,0,0,0,0,0
2,2025,'080410000',105,  ,KG,0,9178,3298,0,0,0,0,0,0,0,0,0,0,0,0,0,3000,636,0,6178,2662,0,0,0,0,0,0,0,0,0,0,0,0,0,0,0,0,0,0
2,2025,'080410000',124,  ,KG,0,735852,95145,0,7864,3870,0,8433,7261,0,2000,767,0,79488,11022,0,79296,8932,0,4000,1376,0,132032,14897,0,36058,6779,0,50000,5165,0,82281,11516,0,75000,6842,0,179400,16718
2,2025,'080410000',133,  ,KG,0,945230,268607,0,97011,26667,0,40990,11933,0,127955,32058,0,87511,23028,0,132211,42180,0,94914,22809,0,45575,13287,0,0,0,0,95119,27998,0,101017,31229,0,72010,21384,0,50917,16034
2,2025,'080410000',134,  ,KG,0,24000,3531,0,0,0,0,0,0,0,24000,3531,0,0,0,0,0,0,0,0,0,0,0,0,0,0,0,0,0,0,0,0,0,0,0,0,0,0,0
2,2025,'080410000',137,  ,KG,0,98021,107201,0,11817,21496,0,580,493,0,350,590,0,17212,12794,0,95,1398,0,12850,11864,0,612,2626,0,29340,35581,0,0,0,0,12400,9521,0,8565,8365,0,4200,2473
2,2025,'080410000',138,  ,KG,0,774,1671,0,0,0,0,0,0,0,0,0,0,0,0,0,774,1671,0,0,0,0,0,0,0,0,0,0,0,0,0,0,0,0,0,0,0,0,0
2,2025,'080410000',140,  ,KG,0,840,2943,0,0,0,0,0,0,0,0,0,0,0,0,0,420,1461,0,0,0,0,420,1482,0,0,0,0,0,0,0,0,0,0,0,0,0,0,0
2,2025,'080410000',141,  ,KG,0,12000,5170,0,0,0,0,0,0,0,0,0,0,0,0,0,0,0,0,0,0,0,0,0,0,0,0,0,0,0,0,0,0,0,12000,5170,0,0,0
2,2025,'080410000',143,  ,KG,0,10090,13955,0,0,0,0,10090,13955,0,0,0,0,0,0,0,0,0,0,0,0,0,0,0,0,0,0,0,0,0,0,0,0,0,0,0,0,0,0
2,2025,'080410000',144,  ,KG,0,9906,9206,0,9706,8890,0,0,0,0,0,0,0,0,0,0,0,0,0,0,0,0,0,0,0,0,0,0,0,0,0,0,0,0,0,0,0,200,316
2,2025,'080410000',147,  ,KG,0,216909,105201,0,23940,20701,0,43204,16868,0,48985,18617,0,26850,9382,0,16330,10295,0,24823,15652,0,0,0,0,9845,3579,0,192,1552,0,0,0,0,18940,7021,0,3800,1534
2,2025,'080410000',158,  ,KG,0,2754,6626,0,0,0,0,1176,2772,0,0,0,0,0,0,0,0,0,0,0,0,0,0,0,0,0,0,0,0,0,0,1408,3405,0,0,0,0,170,449
2,2025,'080410000',234,  ,KG,0,12400,4282,0,1000,823,0,0,0,0,11000,3161,0,400,298,0,0,0,0,0,0,0,0,0,0,0,0,0,0,0,0,0,0,0,0,0,0,0,0
2,2025,'080410000',304,  ,KG,0,239816,397379,0,12573,24253,0,33515,60036,0,25139,46125,0,58415,91485,0,41905,69379,0,26173,35671,0,0,0,0,0,0,0,25132,45258,0,16964,25172,0,0,0,0,0,0
2,2025,'080410000',503,  ,KG,0,6318,4869,0,0,0,0,0,0,0,0,0,0,0,0,0,0,0,0,0,0,0,0,0,0,0,0,0,0,0,0,0,0,0,0,0,0,6318,4869
2,2025,'080410000',504,  ,KG,0,427493,318900,0,17480,16832,0,99498,55643,0,38866,32477,0,37240,27430,0,1500,1576,0,36562,32103,0,49740,33485,0,15804,11733,0,34430,23930,0,29605,25452,0,58320,49575,0,8448,8664
2,2025,'080410000',506,  ,KG,0,8552,10333,0,0,0,0,0,0,0,4016,5370,0,0,0,0,0,0,0,0,0,0,0,0,0,0,0,0,2028,2455,0,1500,968,0,0,0,0,1008,1540
2,2025,'080420010',304,  ,KG,0,3467,4668,0,0,0,0,0,0,0,0,0,0,0,0,0,0,0,0,1308,1659,0,0,0,0,1306,1820,0,853,1189,0,0,0,0,0,0,0,0,0
2,2025,'080420090',105,  ,KG,0,144,634,0,72,325,0,0,0,0,0,0,0,0,0,0,0,0,0,0,0,0,0,0,0,0,0,0,72,309,0,0,0,0,0,0,0,0,0
2,2025,'080420090',130,  ,KG,0,1111,2724,0,0,0,0,0,0,0,0,0,0,1111,2724,0,0,0,0,0,0,0,0,0,0,0,0,0,0,0,0,0,0,0,0,0,0,0,0
2,2025,'080420090',133,  ,KG,0,168728,173548,0,33040,35029,0,0,0,0,23300,23545,0,22980,21118,0,19744,20956,0,0,0,0,12500,12253,0,12000,13883,0,3267,4386,0,12200,13079,0,23829,24157,0,5868,5142
2,2025,'080420090',220,  ,KG,0,242,725,0,0,0,0,0,0,0,0,0,0,0,0,0,0,0,0,0,0,0,0,0,0,0,0,0,0,0,0,100,417,0,0,0,0,142,308
2,2025,'080420090',229,  ,KG,0,1000,1348,0,0,0,0,0,0,0,0,0,0,0,0,0,0,0,0,1000,1348,0,0,0,0,0,0,0,0,0,0,0,0,0,0,0,0,0,0
2,2025,'080420090',234,  ,KG,0,1468134,1952645,0,171181,240276,0,134083,178595,0,230851,313571,0,135718,165596,0,143685,172642,0,53995,86757,0,101657,143862,0,80836,108068,0,97266,125797,0,191375,249309,0,87692,108110,0,39795,60062
2,2025,'080420090',304,  ,KG,0,6395,10671,0,0,0,0,0,0,0,5579,9333,0,0,0,0,0,0,0,0,0,0,0,0,0,816,1338,0,0,0,0,0,0,0,0,0,0,0,0
2,2025,'080430010',106,  ,KG,0,15843406,3404555,0,30320,6843,0,433897,97515,0,3036594,641912,0,5416683,1152600,0,3892304,828530,0,2069758,448350,0,564530,130928,0,279830,71437,0,62340,14773,0,44580,9180,0,12570,2487,0,0,0
2,2025,'080430010',110,  ,KG,0,6240,698,0,6240,698,0,0,0,0,0,0,0,0,0,0,0,0,0,0,0,0,0,0,0,0,0,0,0,0,0,0,0,0,0,0,0,0,0
2,2025,'080430010',113,  ,KG,0,88134,16732,0,0,0,0,16800,2984,0,0,0,0,0,0,0,8040,1800,0,0,0,0,7800,1091,0,18700,3519,0,36794,7338,0,0,0,0,0,0,0,0,0
2,2025,'080430010',117,  ,KG,0,151666987,18623536,0,10773783,1324103,0,11148409,1346481,0,10511352,1224244,0,12065863,1546982,0,12872417,1621036,0,12219027,1521340,0,16250078,1948010,0,14550856,1763343,0,12207566,1577803,0,14617757,1856248,0,11077942,1325763,0,13371937,1568183
2,2025,'080430010',118,  ,KG,0,16800,1935,0,0,0,0,0,0,0,0,0,0,0,0,0,0,0,0,0,0,0,0,0,0,16800,1935,0,0,0,0,0,0,0,0,0,0,0,0
2,2025,'080430010',304,  ,KG,0,2953,1128,0,0,0,0,0,0,0,0,0,0,0,0,0,0,0,0,302,292,0,1846,559,0,805,277,0,0,0,0,0,0,0,0,0,0,0,0
2,2025,'080430010',541,  ,KG,0,6258,3185,0,0,0,0,0,0,0,0,0,0,0,0,0,0,0,0,894,421,0,1788,842,0,0,0,0,1788,842,0,894,540,0,0,0,0,894,540
2,2025,'080430090',105,  ,KG,0,288,1161,0,72,401,0,0,0,0,0,0,0,0,0,0,0,0,0,108,371,0,0,0,0,0,0,0,0,0,0,0,0,0,108,389,0,0,0
2,2025,'080430090',106,  ,KG,0,48,474,0,0,0,0,0,0,0,0,0,0,0,0,0,0,0,0,0,0,0,0,0,0,48,474,0,0,0,0,0,0,0,0,0,0,0,0
2,2025,'080430090',110,  ,KG,0,4891,13675,0,365,2301,0,100,343,0,117,677,0,470,1921,0,200,855,0,0,0,0,1899,3303,0,1440,2447,0,0,0,0,300,1828,0,0,0,0,0,0
2,2025,'080430090',111,  ,KG,0,10658,14535,0,4000,2477,0,0,0,0,407,498,0,0,0,0,25,475,0,635,1222,0,0,0,0,1740,5842,0,0,0,0,3445,2992,0,0,0,0,406,1029
2,2025,'080430090',117,  ,KG,0,11016,17168,0,0,0,0,0,0,0,3659,5441,0,0,0,0,1859,1089,0,1599,3812,0,0,0,0,2040,5468,0,0,0,0,1859,1358,0,0,0,0,0,0
2,2025,'080430090',120,  ,KG,0,6531,13493,0,3452,7097,0,0,0,0,0,0,0,0,0,0,818,1302,0,0,0,0,1253,2769,0,0,0,0,0,0,0,0,0,0,1008,2325,0,0,0
2,2025,'080430090',305,  ,KG,0,1632,4045,0,0,0,0,952,2633,0,0,0,0,0,0,0,0,0,0,0,0,0,0,0,0,0,0,0,680,1412,0,0,0,0,0,0,0,0,0
2,2025,'080430090',311,  ,KG,0,16416,33302,0,0,0,0,0,0,0,0,0,0,8256,15835,0,0,0,0,0,0,0,0,0,0,0,0,0,0,0,0,0,0,0,8160,17467,0,0,0
2,2025,'080430090',517,  ,KG,0,8358,12514,0,7875,11255,0,0,0,0,0,0,0,0,0,0,0,0,0,0,0,0,0,0,0,0,0,0,0,0,0,0,0,0,483,1259,0,0,0
2,2025,'080430090',518,  ,KG,0,224,630,0,0,0,0,0,0,0,0,0,0,0,0,0,0,0,0,0,0,0,0,0,0,224,630,0,0,0,0,0,0,0,0,0,0,0,0
2,2025,'080430090',542,  ,KG,0,410,940,0,0,0,0,200,461,0,0,0,0,0,0,0,0,0,0,0,0,0,0,0,0,0,0,0,0,0,0,0,0,0,0,0,0,210,479
2,2025,'080430090',543,  ,KG,0,8883,13119,0,0,0,0,0,0,0,2907,4104,0,0,0,0,0,0,0,0,0,0,1116,2102,0,0,0,0,0,0,0,4860,6913,0,0,0,0,0,0
2,2025,'080430090',551,  ,KG,0,400,672,0,0,0,0,0,0,0,0,0,0,0,0,0,0,0,0,400,672,0,0,0,0,0,0,0,0,0,0,0,0,0,0,0,0,0,0
2,2025,'080440010',117,  ,KG,0,450657,158914,0,0,0,0,0,0,0,18967,7040,0,54897,20470,0,40719,15200,0,36597,13748,0,61291,22734,0,15289,5618,0,0,0,0,86772,28670,0,90052,29694,0,46073,15740
2,2025,'080440010',304,  ,KG,0,183026,166000,0,23356,22637,0,28769,25405,0,80508,69335,0,18873,16772,0,25935,26262,0,680,945,0,566,766,0,510,694,0,453,607,0,0,0,0,1600,1281,0,1776,1296
2,2025,'080440010',305,  ,KG,0,33457952,14185125,0,2943073,1319485,0,3067599,1744835,0,3097990,1806739,0,1772918,1113702,0,669308,446525,0,501933,317951,0,617341,352945,0,979663,401962,0,3493845,1200239,0,5257829,1758019,0,5174545,1728504,0,5881908,1994219
2,2025,'080440010',407,  ,KG,0,19176504,6947295,0,0,0,0,0,0,0,56448,28608,0,1403773,674345,0,2815745,1216628,0,3883495,1379383,0,5757106,1904519,0,3738351,1231152,0,1331814,444314,0,189772,68346,0,0,0,0,0,0
2,2025,'080440010',409,  ,KG,0,78848,45861,0,0,0,0,19712,11907,0,59136,33954,0,0,0,0,0,0,0,0,0,0,0,0,0,0,0,0,0,0,0,0,0,0,0,0,0,0,0
2,2025,'080440010',601,  ,KG,0,658111,328783,0,69760,41878,0,0,0,0,0,0,0,0,0,0,0,0,0,0,0,0,3921,2764,0,35840,16872,0,112963,52418,0,153664,74059,0,155520,76584,0,126443,64208
2,2025,'080440010',606,  ,KG,0,738138,294157,0,0,0,0,0,0,0,0,0,0,0,0,0,0,0,0,0,0,0,0,0,0,17600,7868,0,87269,34207,0,300745,114742,0,243684,96603,0,88840,40737
2,2025,'080450011',106,  ,KG,0,464201,586303,0,0,0,0,0,0,0,0,0,0,0,0,0,0,0,0,254387,303420,0,208279,280095,0,1535,2788,0,0,0,0,0,0,0,0,0,0,0,0
2,2025,'080450011',110,  ,KG,0,1596106,731879,0,139879,61461,0,112311,49057,0,156523,72382,0,178817,80251,0,74135,32028,0,118263,50851,0,153660,70187,0,95683,46298,0,161115,75088,0,126997,59124,0,97357,47435,0,181366,87717
2,2025,'080450011',111,  ,KG,0,1480994,1066046,0,66596,55723,0,78128,62123,0,222816,161881,0,356543,243771,0,361456,237888,0,199151,130080,0,46476,30350,0,14459,12486,0,35551,32914,0,35369,33228,0,16577,16535,0,47872,49067
2,2025,'080450011',117,  ,KG,0,15235,14752,0,827,853,0,693,663,0,1245,1306,0,2520,2549,0,2220,2197,0,1830,1704,0,1435,1344,0,0,0,0,0,0,0,3250,2995,0,725,546,0,490,595
2,2025,'080450011',123,  ,KG,0,61315,52347,0,0,0,0,0,0,0,0,0,0,1871,1616,0,34861,30231,0,17913,15426,0,6670,5074,0,0,0,0,0,0,0,0,0,0,0,0,0,0,0
2,2025,'080450011',124,  ,KG,0,238922,154774,0,0,0,0,0,0,0,0,0,0,0,0,0,0,0,0,14965,11014,0,130005,83775,0,72374,44744,0,21578,15241,0,0,0,0,0,0,0,0,0
2,2025,'080450011',304,  ,KG,0,3840,6004,0,0,0,0,0,0,0,0,0,0,0,0,0,0,0,0,0,0,0,0,0,0,0,0,0,2304,3586,0,1536,2418,0,0,0,0,0,0
2,2025,'080450011',305,  ,KG,0,1193935,841305,0,0,0,0,0,0,0,16200,13743,0,58404,41097,0,318675,201120,0,320651,210419,0,233201,177604,0,192696,156448,0,54108,40874,0,0,0,0,0,0,0,0,0
2,2025,'080450011',407,  ,KG,0,641969,404102,0,140148,83784,0,88140,58554,0,199881,110753,0,168460,101465,0,27036,27664,0,0,0,0,0,0,0,0,0,0,0,0,0,0,0,0,0,0,0,18304,21882
2,2025,'080450011',410,  ,KG,0,79794,73793,0,0,0,0,0,0,0,0,0,0,0,0,0,0,0,0,0,0,0,0,0,0,0,0,0,4004,3148,0,35420,32219,0,30206,28759,0,10164,9667
2,2025,'080450011',601,  ,KG,0,105456,75253,0,0,0,0,0,0,0,0,0,0,0,0,0,0,0,0,0,0,0,0,0,0,0,0,0,0,0,0,0,0,0,42323,27052,0,63133,48201
2,2025,'080450019',111,  ,KG,0,200389,186420,0,0,0,0,0,0,0,0,0,0,36242,30116,0,64056,65005,0,57867,52251,0,32272,29636,0,9952,9412,0,0,0,0,0,0,0,0,0,0,0,0
2,2025,'080450019',612,  ,KG,0,5899,5430,0,0,0,0,0,0,0,266,250,0,1750,1650,0,751,653,0,761,617,0,293,243,0,301,250,0,792,797,0,200,243,0,463,468,0,322,259
2,2025,'080450090',105,  ,KG,0,9789,11509,0,673,2086,0,0,0,0,0,0,0,1242,842,0,306,1261,0,420,1589,0,72,324,0,0,0,0,351,1360,0,5080,2738,0,150,581,0,1495,728
2,2025,'080450090',106,  ,KG,0,170,1186,0,0,0,0,0,0,0,0,0,0,0,0,0,0,0,0,0,0,0,0,0,0,70,682,0,0,0,0,100,504,0,0,0,0,0,0
2,2025,'080450090',110,  ,KG,0,9992,17691,0,0,0,0,240,679,0,1131,5649,0,1200,1530,0,576,605,0,1670,2770,0,3483,3685,0,1440,2096,0,0,0,0,0,0,0,60,459,0,192,218
2,2025,'080450090',111,  ,KG,0,20081,38628,0,0,0,0,0,0,0,815,967,0,0,0,0,0,0,0,4210,7017,0,488,1320,0,6252,17884,0,270,479,0,1641,2752,0,3000,3594,0,3405,4615
2,2025,'080450090',117,  ,KG,0,8888,23073,0,0,0,0,0,0,0,2800,7515,0,0,0,0,0,0,0,3000,7629,0,0,0,0,2800,7328,0,0,0,0,288,601,0,0,0,0,0,0
2,2025,'080450090',120,  ,KG,0,80721,120646,0,4300,5767,0,0,0,0,6992,10147,0,10198,16075,0,4508,6576,0,10806,15333,0,12595,19804,0,14055,20517,0,1750,2728,0,6503,10252,0,2995,4624,0,6019,8823
2,2025,'080450090',305,  ,KG,0,12627,26935,0,0,0,0,0,0,0,0,0,0,0,0,0,0,0,0,0,0,0,5443,11247,0,0,0,0,6168,13011,0,0,0,0,1016,2677,0,0,0
2,2025,'080450090',407,  ,KG,0,2050,3793,0,0,0,0,0,0,0,2050,3793,0,0,0,0,0,0,0,0,0,0,0,0,0,0,0,0,0,0,0,0,0,0,0,0,0,0,0
2,2025,'080450090',517,  ,KG,0,3000,6664,0,0,0,0,0,0,0,0,0,0,0,0,0,0,0,0,0,0,0,0,0,0,3000,6664,0,0,0,0,0,0,0,0,0,0,0,0
2,2025,'080450090',520,  ,KG,0,60,236,0,0,0,0,0,0,0,0,0,0,0,0,0,0,0,0,60,236,0,0,0,0,0,0,0,0,0,0,0,0,0,0,0,0,0,0
2,2025,'080450090',521,  ,KG,0,6260,10633,0,0,0,0,0,0,0,0,0,0,0,0,0,960,2319,0,200,298,0,0,0,0,0,0,0,0,0,0,0,0,0,5100,8016,0,0,0
2,2025,'080450090',543,  ,KG,0,226,699,0,0,0,0,0,0,0,160,470,0,0,0,0,0,0,0,0,0,0,66,229,0,0,0,0,0,0,0,0,0,0,0,0,0,0,0
2,2025,'080450090',551,  ,KG,0,1875,2875,0,0,0,0,0,0,0,0,0,0,0,0,0,0,0,0,0,0,0,0,0,0,0,0,0,1875,2875,0,0,0,0,0,0,0,0,0
2,2025,'080510000',234,  ,KG,0,592260,114171,0,156900,25074,0,221040,45881,0,214320,43216,0,0,0,0,0,0,0,0,0,0,0,0,0,0,0,0,0,0,0,0,0,0,0,0,0,0,0
2,2025,'080510000',304,  ,KG,0,34561845,8343838,0,2497793,658559,0,5728168,1400631,0,5017793,1192382,0,12262294,2883624,0,7348939,1721098,0,1011027,258733,0,134596,52371,0,258,205,0,517,376,0,0,0,0,688,564,0,559772,175295
2,2025,'080510000',305,  ,KG,0,70187,16698,0,0,0,0,0,0,0,24580,5516,0,45607,11182,0,0,0,0,0,0,0,0,0,0,0,0,0,0,0,0,0,0,0,0,0,0,0,0
2,2025,'080510000',506,  ,KG,0,2793170,221053,0,0,0,0,192960,16149,0,216000,17200,0,950210,80425,0,547500,42817,0,430500,30699,0,456000,33763,0,0,0,0,0,0,0,0,0,0,0,0,0,0,0
2,2025,'080510000',551,  ,KG,0,341599,59405,0,0,0,0,0,0,0,300,615,0,0,0,0,0,0,0,300,601,0,81456,14413,0,20225,3625,0,74627,11813,0,164691,28338,0,0,0,0,0,0
2,2025,'080510000',601,  ,KG,0,46050348,9297320,0,1507340,260953,0,482720,53790,0,557960,45961,0,69360,9213,0,45360,7306,0,2906934,621199,0,8814753,1874439,0,10565846,2150216,0,7682604,1559089,0,6004299,1230663,0,4561760,934205,0,2851412,550286
2,2025,'080521000',105,  ,KG,0,3084,21148,0,0,0,0,0,0,0,0,0,0,0,0,0,0,0,0,0,0,0,0,0,0,1296,8796,0,1080,7375,0,708,4977,0,0,0,0,0,0
2,2025,'080521000',106,  ,KG,0,15494,8407,0,0,0,0,0,0,0,0,0,0,0,0,0,0,0,0,0,0,0,0,0,0,0,0,0,0,0,0,0,0,0,0,0,0,15494,8407
2,2025,'080521000',120,  ,KG,0,1960,8232,0,0,0,0,0,0,0,0,0,0,0,0,0,1960,8232,0,0,0,0,0,0,0,0,0,0,0,0,0,0,0,0,0,0,0,0,0
2,2025,'080521000',234,  ,KG,0,3242061,793216,0,1189661,262041,0,454200,114844,0,609588,155916,0,986112,254555,0,2500,5860,0,0,0,0,0,0,0,0,0,0,0,0,0,0,0,0,0,0,0,0,0
2,2025,'080521000',304,  ,KG,0,1281920,504508,0,89622,32597,0,296817,120146,0,552979,216921,0,243953,93607,0,98549,41237,0,0,0,0,0,0,0,0,0,0,0,0,0,0,0,0,0,0,0,0,0
2,2025,'080521000',407,  ,KG,0,3985130,1032833,0,0,0,0,0,0,0,0,0,0,0,0,0,727120,181982,0,2535620,652131,0,706330,194204,0,16060,4516,0,0,0,0,0,0,0,0,0,0,0,0
2,2025,'080521000',409,  ,KG,0,8812,2544,0,0,0,0,0,0,0,0,0,0,0,0,0,0,0,0,0,0,0,0,0,0,0,0,0,8812,2544,0,0,0,0,0,0,0,0,0
2,2025,'080521000',501,  ,KG,0,44000,6930,0,0,0,0,22000,3299,0,0,0,0,22000,3631,0,0,0,0,0,0,0,0,0,0,0,0,0,0,0,0,0,0,0,0,0,0,0,0
2,2025,'080521000',601,  ,KG,0,3790231,1000262,0,0,0,0,0,0,0,0,0,0,0,0,0,395200,114891,0,126760,37442,0,730591,209490,0,943421,257141,0,712016,185783,0,518243,120740,0,260000,54629,0,104000,20146
2,2025,'080521000',606,  ,KG,0,1143,659,0,0,0,0,0,0,0,0,0,0,0,0,0,1143,659,0,0,0,0,0,0,0,0,0,0,0,0,0,0,0,0,0,0,0,0,0
2,2025,'080522000',409,  ,KG,0,69120,15956,0,0,0,0,0,0,0,0,0,0,0,0,0,0,0,0,0,0,0,46080,10664,0,23040,5292,0,0,0,0,0,0,0,0,0,0,0,0
2,2025,'080529000',106,  ,KG,0,7920,5439,0,0,0,0,0,0,0,0,0,0,0,0,0,0,0,0,0,0,0,0,0,0,0,0,0,0,0,0,0,0,0,0,0,0,7920,5439
2,2025,'080529000',234,  ,KG,0,4730656,1261155,0,23010,5834,0,1386621,371253,0,1355118,361001,0,1965907,523067,0,0,0,0,0,0,0,0,0,0,0,0,0,0,0,0,0,0,0,0,0,0,0,0
2,2025,'080529000',304,  ,KG,0,5591829,1267206,0,17442,4186,0,1206696,291993,0,2540758,567824,0,1671730,369388,0,152813,32551,0,0,0,0,0,0,0,0,0,0,0,0,0,0,0,0,0,0,0,2390,1264
2,2025,'080529000',305,  ,KG,0,19999,7492,0,0,0,0,0,0,0,19999,7492,0,0,0,0,0,0,0,0,0,0,0,0,0,0,0,0,0,0,0,0,0,0,0,0,0,0,0
2,2025,'080529000',601,  ,KG,0,1756610,433323,0,0,0,0,0,0,0,0,0,0,0,0,0,0,0,0,87120,28841,0,429675,111413,0,837635,189199,0,271880,71862,0,130300,32008,0,0,0,0,0,0
2,2025,'080529000',606,  ,KG,0,685671,170638,0,0,0,0,0,0,0,0,0,0,0,0,0,0,0,0,202419,50895,0,257492,66113,0,173315,43396,0,51850,9923,0,0,0,0,0,0,0,595,311
2,2025,'080540000',106,  ,KG,0,11763,10546,0,0,0,0,0,0,0,0,0,0,0,0,0,0,0,0,0,0,0,0,0,0,0,0,0,3663,2565,0,6600,6227,0,0,0,0,1500,1754
2,2025,'080540000',111,  ,KG,0,46898,15177,0,14604,4080,0,0,0,0,0,0,0,0,0,0,0,0,0,0,0,0,0,0,0,0,0,0,1430,1145,0,896,524,0,640,369,0,29328,9059
2,2025,'080540000',143,  ,KG,0,1851141,346014,0,40367,8067,0,182682,36504,0,321661,65834,0,725545,148289,0,453395,83615,0,127491,3705,0,0,0,0,0,0,0,0,0,0,0,0,0,0,0,0,0,0
2,2025,'080540000',234,  ,KG,0,4246103,956055,0,964975,215875,0,837683,193326,0,949715,209446,0,1493730,337408,0,0,0,0,0,0,0,0,0,0,0,0,0,0,0,0,0,0,0,0,0,0,0,0
2,2025,'080540000',304,  ,KG,0,5405227,1414921,0,1115458,309228,0,1057975,275522,0,221852,61933,0,400640,95894,0,155809,32134,0,0,0,0,0,0,0,0,0,0,0,0,0,36118,10754,0,1217364,317088,0,1200011,312368
2,2025,'080540000',305,  ,KG,0,815446,191692,0,212700,45745,0,0,0,0,41521,10155,0,0,0,0,0,0,0,0,0,0,0,0,0,0,0,0,0,0,0,93375,23345,0,354675,85078,0,113175,27369
2,2025,'080540000',409,  ,KG,0,1228583,280509,0,0,0,0,0,0,0,0,0,0,0,0,0,0,0,0,0,0,0,0,0,0,0,0,0,0,0,0,39788,8989,0,447474,102322,0,741321,169198
2,2025,'080540000',506,  ,KG,0,54000,9492,0,0,0,0,54000,9492,0,0,0,0,0,0,0,0,0,0,0,0,0,0,0,0,0,0,0,0,0,0,0,0,0,0,0,0,0,0
2,2025,'080540000',551,  ,KG,0,16608084,2427187,0,0,0,0,0,0,0,300,509,0,0,0,0,3230467,502228,0,4515111,673362,0,4923442,693652,0,2957722,415657,0,658814,98117,0,322228,43662,0,0,0,0,0,0
2,2025,'080540000',601,  ,KG,0,3404355,748814,0,0,0,0,0,0,0,0,0,0,166400,39264,0,83200,19042,0,18900,3750,0,76545,14164,0,75600,14051,0,442039,94115,0,1395932,310064,0,965280,214003,0,180459,40361
2,2025,'080550010',105,  ,KG,0,207020,647226,0,28920,92470,0,9640,30125,0,19280,58228,0,19280,58361,0,25770,74838,0,8590,25085,0,17180,50807,0,17180,51678,0,25770,81044,0,17180,59747,0,8590,30178,0,9640,34665
2,2025,'080550010',152,  ,KG,0,400,330,0,0,0,0,400,330,0,0,0,0,0,0,0,0,0,0,0,0,0,0,0,0,0,0,0,0,0,0,0,0,0,0,0,0,0,0
2,2025,'080550010',234,  ,KG,0,1519110,332313,0,531000,112764,0,432864,94505,0,282150,63370,0,273096,61674,0,0,0,0,0,0,0,0,0,0,0,0,0,0,0,0,0,0,0,0,0,0,0,0
2,2025,'080550010',304,  ,KG,0,18476797,5924626,0,1963633,703789,0,2785426,934580,0,3628613,1119623,0,3820244,1055485,0,2583801,691959,0,415314,125187,0,17730,5523,0,0,0,0,0,0,0,41091,15607,0,802004,347705,0,2418941,925168
2,2025,'080550010',305,  ,KG,0,66415,21305,0,0,0,0,0,0,0,0,0,0,0,0,0,0,0,0,0,0,0,0,0,0,0,0,0,1034,974,0,0,0,0,0,0,0,65381,20331
2,2025,'080550010',409,  ,KG,0,17037245,3885623,0,0,0,0,0,0,0,0,0,0,0,0,0,0,0,0,934851,255621,0,4591497,1098349,0,5261841,1192597,0,3519992,772725,0,2009859,424693,0,626181,129050,0,93024,12588
2,2025,'080550010',551,  ,KG,0,941170,188159,0,0,0,0,0,0,0,0,0,0,0,0,0,433509,84527,0,256564,49500,0,142219,30102,0,108878,24030,0,0,0,0,0,0,0,0,0,0,0,0
2,2025,'080550010',601,  ,KG,0,2781558,596869,0,0,0,0,0,0,0,0,0,0,21600,5256,0,64620,22737,0,457242,96463,0,546465,116811,0,418248,92022,0,550080,114270,0,497943,104628,0,185940,36522,0,39420,8160
2,2025,'080550010',606,  ,KG,0,444516,119838,0,0,0,0,0,0,0,0,0,0,0,0,0,2142,1124,0,117657,31529,0,203966,55323,0,111384,27941,0,8653,3585,0,714,336,0,0,0,0,0,0
2,2025,'080550090',304,  ,KG,0,619,516,0,0,0,0,0,0,0,0,0,0,0,0,0,0,0,0,0,0,0,619,516,0,0,0,0,0,0,0,0,0,0,0,0,0,0,0
2,2025,'080550090',305,  ,KG,0,2019871,1479261,0,143228,111811,0,152590,114337,0,139628,102387,0,182765,132482,0,160749,116222,0,176717,126444,0,199884,143958,0,202592,148162,0,185125,137601,0,178901,127735,0,133403,97255,0,164289,120867
2,2025,'080550090',606,  ,KG,0,8652,5937,0,0,0,0,0,0,0,600,444,0,1300,962,0,1950,1443,0,1900,1406,0,2902,1682,0,0,0,0,0,0,0,0,0,0,0,0,0,0,0
2,2025,'080590090',304,  ,KG,0,42,518,0,0,0,0,0,0,0,0,0,0,0,0,0,0,0,0,25,301,0,0,0,0,0,0,0,0,0,0,0,0,0,0,0,0,17,217
2,2025,'080590090',606,  ,KG,0,4284,2355,0,0,0,0,0,0,0,0,0,0,0,0,0,2856,1570,0,1428,785,0,0,0,0,0,0,0,0,0,0,0,0,0,0,0,0,0,0
2,2025,'080610000',106,  ,KG,0,4080,6283,0,0,0,0,0,0,0,0,0,0,0,0,0,0,0,0,0,0,0,0,0,0,0,0,0,0,0,0,0,0,0,0,0,0,4080,6283
2,2025,'080610000',152,  ,KG,0,3850,2293,0,0,0,0,0,0,0,0,0,0,0,0,0,0,0,0,0,0,0,0,0,0,2000,1319,0,960,431,0,890,543,0,0,0,0,0,0
2,2025,'080610000',304,  ,KG,0,6073850,3450421,0,0,0,0,0,0,0,0,0,0,0,0,0,0,0,0,0,0,0,92626,65555,0,1275990,749259,0,1050311,576152,0,1466883,797242,0,1825676,1043480,0,362364,218733
2,2025,'080610000',305,  ,KG,0,1377770,1006923,0,0,0,0,0,0,0,0,0,0,0,0,0,0,0,0,295680,217336,0,585302,451518,0,496788,338069,0,0,0,0,0,0,0,0,0,0,0,0
2,2025,'080610000',407,  ,KG,0,5376029,3197922,0,1863720,1140207,0,284048,183503,0,136940,88685,0,15580,9646,0,0,0,0,37392,18809,0,74784,32703,0,73800,31948,0,36408,16799,0,140712,73709,0,1022814,591384,0,1689831,1010529
2,2025,'080610000',409,  ,KG,0,11153435,5272748,0,368251,230251,0,1263958,660169,0,3721116,1802728,0,3039575,1376164,0,2351559,1034449,0,408976,168987,0,0,0,0,0,0,0,0,0,0,0,0,0,0,0,0,0,0
2,2025,'080610000',601,  ,KG,0,9067047,4215539,0,51840,25785,0,639144,320035,0,2157057,993814,0,2787582,1279886,0,2618304,1234591,0,709440,324370,0,103680,37058,0,0,0,0,0,0,0,0,0,0,0,0,0,0,0
2,2025,'080610000',606,  ,KG,0,3969,13526,0,0,0,0,0,0,0,2625,8190,0,1344,5336,0,0,0,0,0,0,0,0,0,0,0,0,0,0,0,0,0,0,0,0,0,0,0,0
2,2025,'080620000',105,  ,KG,0,1532774,769359,0,107755,66646,0,56783,29476,0,106398,53337,0,84068,43673,0,97194,52224,0,121474,58510,0,223581,102567,0,141677,70427,0,133295,61518,0,107028,53616,0,132343,63583,0,221178,113782
2,2025,'080620000',123,  ,KG,0,20788,17598,0,1595,919,0,0,0,0,2236,821,0,0,0,0,2908,1815,0,2016,1380,0,2185,2036,0,1200,1310,0,2189,2387,0,5139,5489,0,1320,1441,0,0,0
2,2025,'080620000',127,  ,KG,0,2222,1998,0,0,0,0,0,0,0,0,0,0,248,207,0,0,0,0,966,956,0,0,0,0,0,0,0,0,0,0,504,380,0,504,455,0,0,0
2,2025,'080620000',130,  ,KG,0,4602,3854,0,0,0,0,0,0,0,4602,3854,0,0,0,0,0,0,0,0,0,0,0,0,0,0,0,0,0,0,0,0,0,0,0,0,0,0,0
2,2025,'080620000',133,  ,KG,0,21328,15079,0,0,0,0,5140,4496,0,0,0,0,0,0,0,16188,10583,0,0,0,0,0,0,0,0,0,0,0,0,0,0,0,0,0,0,0,0,0
2,2025,'080620000',152,  ,KG,0,39011,27509,0,0,0,0,0,0,0,1000,1157,0,0,0,0,17433,13163,0,20578,13189,0,0,0,0,0,0,0,0,0,0,0,0,0,0,0,0,0,0
2,2025,'080620000',218,  ,KG,0,1008,1763,0,0,0,0,0,0,0,0,0,0,0,0,0,1008,1763,0,0,0,0,0,0,0,0,0,0,0,0,0,0,0,0,0,0,0,0,0
2,2025,'080620000',230,  ,KG,0,20303,11916,0,20000,11583,0,0,0,0,0,0,0,0,0,0,303,333,0,0,0,0,0,0,0,0,0,0,0,0,0,0,0,0,0,0,0,0,0
2,2025,'080620000',234,  ,KG,0,4680189,2680978,0,435442,259830,0,664366,372013,0,116457,66849,0,482427,280069,0,381806,200926,0,572029,297294,0,292386,162733,0,381682,219875,0,337482,198548,0,303458,180121,0,426853,264990,0,285801,177730
2,2025,'080620000',304,  ,KG,0,16957157,9694104,0,1756296,1039065,0,1113647,653998,0,1540209,900621,0,1268668,748054,0,1670514,927365,0,1845637,1021183,0,1370471,747062,0,973745,526992,0,975993,563877,0,1632791,916584,0,1374421,798068,0,1434765,851235
2,2025,'080620000',409,  ,KG,0,897793,425022,0,62961,29092,0,102000,44326,0,20000,9164,0,628,385,0,60140,28015,0,80140,35171,0,122000,53775,0,81140,37916,0,101881,49245,0,105903,57968,0,60000,30109,0,101000,49856
2,2025,'080620000',551,  ,KG,0,316225,145721,0,42500,17350,0,40000,15711,0,0,0,0,0,0,0,59975,28056,0,20000,9244,0,18750,8683,0,0,0,0,20000,8580,0,0,0,0,76250,38854,0,38750,19243
2,2025,'080620000',601,  ,KG,0,414180,251719,0,17640,9155,0,18000,15485,0,0,0,0,36720,17336,0,18000,8466,0,58680,36705,0,56160,29848,0,59964,43701,0,36828,24060,0,19275,11537,0,37188,21644,0,55725,33782
2,2025,'080711000',103,  ,KG,0,19238,8062,0,0,0,0,0,0,0,0,0,0,0,0,0,0,0,0,6400,2546,0,12838,5516,0,0,0,0,0,0,0,0,0,0,0,0,0,0,0
2,2025,'080711000',304,  ,KG,0,297542,55844,0,0,0,0,0,0,0,0,0,0,0,0,0,0,0,0,0,0,0,507,349,0,106680,18356,0,190355,37139,0,0,0,0,0,0,0,0,0
2,2025,'080711000',305,  ,KG,0,107600,24150,0,0,0,0,49000,11540,0,58600,12610,0,0,0,0,0,0,0,0,0,0,0,0,0,0,0,0,0,0,0,0,0,0,0,0,0,0,0
2,2025,'080711000',601,  ,KG,0,367239,125584,0,36171,14225,0,7576,2705,0,15774,5676,0,16976,6122,0,27132,10229,0,37825,10349,0,3024,1044,0,46728,13126,0,67512,25437,0,61201,20593,0,15912,5741,0,31408,10337
2,2025,'080719000',103,  ,KG,0,270829,158518,0,0,0,0,15976,16455,0,12310,9547,0,38873,26860,0,81421,45607,0,91589,47820,0,30020,11646,0,0,0,0,0,0,0,0,0,0,0,0,0,640,583
2,2025,'080719000',152,  ,KG,0,10797,4018,0,0,0,0,0,0,0,0,0,0,0,0,0,0,0,0,923,402,0,2000,716,0,4110,1387,0,1814,689,0,0,0,0,1000,381,0,950,443
2,2025,'080719000',207,  ,KG,0,468,470,0,0,0,0,0,0,0,0,0,0,0,0,0,0,0,0,0,0,0,0,0,0,468,470,0,0,0,0,0,0,0,0,0,0,0,0
2,2025,'080719000',210,  ,KG,0,468,470,0,0,0,0,0,0,0,0,0,0,0,0,0,0,0,0,0,0,0,0,0,0,0,0,0,468,470,0,0,0,0,0,0,0,0,0
2,2025,'080719000',220,  ,KG,0,3046,3649,0,0,0,0,0,0,0,0,0,0,0,0,0,394,502,0,1843,2143,0,582,687,0,227,317,0,0,0,0,0,0,0,0,0,0,0,0
2,2025,'080719000',304,  ,KG,0,1353036,278127,0,0,0,0,0,0,0,0,0,0,0,0,0,0,0,0,39548,14142,0,146367,29041,0,651835,133529,0,314263,62443,0,201023,38972,0,0,0,0,0,0
2,2025,'080719000',305,  ,KG,0,1848293,425867,0,183086,49133,0,195538,52253,0,195945,48539,0,306630,63675,0,206601,43699,0,299232,63003,0,84000,17552,0,0,0,0,0,0,0,15960,3774,0,168459,38848,0,192842,45391
2,2025,'080719000',306,  ,KG,0,87315,21563,0,34926,8532,0,34926,8882,0,0,0,0,17463,4149,0,0,0,0,0,0,0,0,0,0,0,0,0,0,0,0,0,0,0,0,0,0,0,0
2,2025,'080719000',307,  ,KG,0,1501328,337698,0,0,0,0,208712,52969,0,275804,66133,0,732860,163370,0,260748,51340,0,23204,3886,0,0,0,0,0,0,0,0,0,0,0,0,0,0,0,0,0,0
2,2025,'080719000',601,  ,KG,0,5459801,1669654,0,540465,164610,0,403063,122216,0,475461,138805,0,462960,137751,0,259760,77235,0,257143,78076,0,344996,104958,0,305021,92312,0,290237,91121,0,773622,233212,0,736252,229794,0,610821,199564
2,2025,'080720000',117,  ,KG,0,894893,218993,0,58152,14002,0,61509,14991,0,58362,14122,0,70089,17546,0,71078,17876,0,74295,18253,0,97059,23913,0,80226,19931,0,82141,19820,0,89959,21606,0,74531,17945,0,77492,18988
2,2025,'080720000',304,  ,KG,0,124487,108214,0,10405,9640,0,7948,7013,0,10306,9037,0,13576,11478,0,10688,9117,0,10539,8722,0,13200,11325,0,9943,8418,0,9327,8136,0,9139,7783,0,10651,9686,0,8765,7859
2,2025,'080810000',606,  ,KG,0,13244886,4554939,0,0,0,0,0,0,0,0,0,0,1605502,545406,0,3275732,1106855,0,3648487,1272549,0,2979932,1033935,0,1638633,559661,0,96600,36533,0,0,0,0,0,0,0,0,0
2,2025,'080929000',302,  ,KG,0,75145,124108,0,0,0,0,0,0,0,0,0,0,0,0,0,0,0,0,0,0,0,5380,6511,0,58815,102302,0,10950,15295,0,0,0,0,0,0,0,0,0
2,2025,'080929000',304,  ,KG,0,4423395,5456938,0,0,0,0,0,0,0,0,0,0,19011,48705,0,861138,1537543,0,1838579,2220275,0,1614924,1548859,0,89743,101556,0,0,0,0,0,0,0,0,0,0,0,0
2,2025,'080929000',409,  ,KG,0,245291,505858,0,69009,142745,0,0,0,0,0,0,0,0,0,0,0,0,0,0,0,0,0,0,0,0,0,0,0,0,0,0,0,0,42490,92409,0,133792,270704
2,2025,'080929000',601,  ,KG,0,38151,65006,0,28191,48441,0,6252,10470,0,0,0,0,0,0,0,0,0,0,0,0,0,0,0,0,0,0,0,0,0,0,0,0,0,0,0,0,3708,6095
2,2025,'080929000',606,  ,KG,0,126401,243715,0,67309,129320,0,43244,81017,0,0,0,0,0,0,0,0,0,0,0,0,0,0,0,0,0,0,0,0,0,0,0,0,0,0,0,0,15848,33378
2,2025,'080930000',304,  ,KG,0,291775,293178,0,0,0,0,0,0,0,0,0,0,0,0,0,0,0,0,137864,137404,0,72392,73540,0,71439,71045,0,10080,11189,0,0,0,0,0,0,0,0,0
2,2025,'080940000',302,  ,KG,0,870,735,0,0,0,0,0,0,0,0,0,0,0,0,0,0,0,0,870,735,0,0,0,0,0,0,0,0,0,0,0,0,0,0,0,0,0,0
2,2025,'080940000',304,  ,KG,0,155603,131269,0,0,0,0,0,0,0,0,0,0,0,0,0,0,0,0,29162,24477,0,25882,22056,0,41353,34164,0,41357,35115,0,17849,15457,0,0,0,0,0,0
2,2025,'081010000',103,  ,KG,0,136,650,0,0,0,0,0,0,0,0,0,0,0,0,0,0,0,0,0,0,0,0,0,0,0,0,0,136,650,0,0,0,0,0,0,0,0,0
2,2025,'081010000',205,  ,KG,0,85824,236876,0,0,0,0,0,0,0,0,0,0,0,0,0,0,0,0,10920,28692,0,16782,45536,0,32125,87657,0,19409,55163,0,5902,16664,0,110,500,0,576,2664
2,2025,'081010000',207,  ,KG,0,413470,1236450,0,0,0,0,0,0,0,0,0,0,160,420,0,7353,19445,0,47773,125785,0,53529,144020,0,50190,139263,0,62210,173521,0,99590,326863,0,76345,251608,0,16320,55525
2,2025,'081010000',302,  ,KG,0,17322,33134,0,0,0,0,0,0,0,0,0,0,0,0,0,0,0,0,4329,7218,0,2664,4464,0,0,0,0,0,0,0,0,0,0,1333,2745,0,8996,18707
2,2025,'081010000',304,  ,KG,0,1800167,2953818,0,2089,3954,0,652,1098,0,8106,14630,0,3260,5634,0,17071,28335,0,175036,287755,0,264373,432476,0,360012,603548,0,352401,588448,0,398788,642695,0,194567,307412,0,23812,37833
2,2025,'081010000',305,  ,KG,0,13228,28445,0,6356,13640,0,4916,9895,0,0,0,0,0,0,0,0,0,0,0,0,0,0,0,0,0,0,0,0,0,0,0,0,0,0,0,0,1956,4910
2,2025,'081010000',606,  ,KG,0,241,849,0,0,0,0,0,0,0,0,0,0,0,0,0,0,0,0,0,0,0,0,0,0,73,260,0,0,0,0,92,324,0,76,265,0,0,0
2,2025,'081020000',304,  ,KG,0,283859,955721,0,26501,95275,0,22456,81041,0,10122,25264,0,11946,26691,0,17511,43417,0,27016,91343,0,27950,95335,0,26587,92747,0,27417,94106,0,29483,104863,0,21617,77965,0,35253,127674
2,2025,'081020000',305,  ,KG,0,124168,386936,0,3314,8545,0,4841,14200,0,25851,85189,0,29580,95700,0,19862,63872,0,2762,7073,0,1661,4146,0,3416,10924,0,4214,12018,0,4926,14089,0,9672,29979,0,14069,41201
2,2025,'081030000',223,  ,KG,0,77,524,0,0,0,0,0,0,0,0,0,0,0,0,0,0,0,0,0,0,0,0,0,0,0,0,0,0,0,0,77,524,0,0,0,0,0,0
2,2025,'081030000',302,  ,KG,0,636,2218,0,0,0,0,0,0,0,0,0,0,0,0,0,0,0,0,0,0,0,636,2218,0,0,0,0,0,0,0,0,0,0,0,0,0,0,0
2,2025,'081030000',304,  ,KG,0,2700,7048,0,0,0,0,0,0,0,0,0,0,0,0,0,0,0,0,0,0,0,2700,7048,0,0,0,0,0,0,0,0,0,0,0,0,0,0,0
2,2025,'081030000',409,  ,KG,0,1584,5187,0,720,2227,0,0,0,0,0,0,0,0,0,0,0,0,0,0,0,0,0,0,0,0,0,0,0,0,0,0,0,0,0,0,0,864,2960
2,2025,'081040000',105,  ,KG,0,1977,4899,0,0,0,0,0,0,0,0,0,0,161,309,0,1166,2313,0,0,0,0,0,0,0,0,0,0,0,0,0,0,0,0,225,799,0,425,1478
2,2025,'081040000',147,  ,KG,0,13813,34951,0,0,0,0,0,0,0,5640,14442,0,6865,17308,0,1308,3201,0,0,0,0,0,0,0,0,0,0,0,0,0,0,0,0,0,0,0,0,0
2,2025,'081040000',302,  ,KG,0,55054,125180,0,0,0,0,0,0,0,0,0,0,0,0,0,0,0,0,0,0,0,2416,3809,0,5567,11156,0,42585,100012,0,3670,8653,0,816,1550,0,0,0
2,2025,'081040000',304,  ,KG,0,517652,893906,0,0,0,0,0,0,0,96,577,0,892,2192,0,36653,65388,0,143335,238496,0,156022,256802,0,139477,235208,0,39122,91833,0,0,0,0,2055,3410,0,0,0
2,2025,'081040000',305,  ,KG,0,1321236,2566909,0,141554,290109,0,136365,263628,0,230311,394642,0,291573,481721,0,69595,123137,0,44163,77325,0,0,0,0,0,0,0,37292,100292,0,100015,247276,0,108720,243022,0,161648,345757
2,2025,'081040000',409,  ,KG,0,137239,278287,0,20537,35879,0,23760,38846,0,1800,3358,0,0,0,0,0,0,0,0,0,0,0,0,0,0,0,0,4912,12575,0,21820,55934,0,24674,57767,0,39736,73928
2,2025,'081050000',103,  ,KG,0,873505,424637,0,226730,110340,0,291585,141026,0,118750,49723,0,39050,19192,0,0,0,0,0,0,0,0,0,0,0,0,0,0,0,0,0,0,0,0,0,0,197390,104356
2,2025,'081050000',157,  ,KG,0,194300,86946,0,0,0,0,116540,52469,0,51840,23258,0,25920,11219,0,0,0,0,0,0,0,0,0,0,0,0,0,0,0,0,0,0,0,0,0,0,0,0
2,2025,'081050000',304,  ,KG,0,1082857,740470,0,327566,228817,0,273752,194488,0,298017,191832,0,15512,11643,0,0,0,0,0,0,0,0,0,0,0,0,0,0,0,0,0,0,0,75123,50507,0,92887,63183
2,2025,'081050000',409,  ,KG,0,593820,285147,0,0,0,0,0,0,0,0,0,0,36380,16766,0,0,0,0,65200,25442,0,203200,90548,0,0,0,0,289040,152391,0,0,0,0,0,0,0,0,0
2,2025,'081050000',606,  ,KG,0,119427971,60470936,0,0,0,0,0,0,0,5958373,3485145,0,22159298,11526950,0,21902857,10980070,0,12721484,6281534,0,14574042,7525521,0,14024820,7256485,0,14163737,7217432,0,8708877,4080164,0,5214483,2117635,0,0,0
2,2025,'081060000',110,  ,KG,0,393576,361395,0,16813,20428,0,20367,21802,0,16683,16239,0,32559,31141,0,50703,45272,0,45248,37032,0,38539,32422,0,18330,14344,0,24400,21470,0,45468,41240,0,45271,42449,0,39195,37556
2,2025,'081060000',111,  ,KG,0,249379,341220,0,3335,5496,0,5536,9507,0,4959,12914,0,23017,42604,0,38404,55808,0,54701,69779,0,42628,49350,0,27034,33759,0,12981,13960,0,16011,20356,0,8860,13267,0,11913,14420
2,2025,'081060000',113,  ,KG,0,6170,15986,0,80,302,0,120,514,0,0,0,0,100,324,0,100,448,0,0,0,0,470,1582,0,70,289,0,100,484,0,390,1041,0,1650,3740,0,3090,7262
2,2025,'081060000',118,  ,KG,0,1970,2394,0,970,1275,0,0,0,0,1000,1119,0,0,0,0,0,0,0,0,0,0,0,0,0,0,0,0,0,0,0,0,0,0,0,0,0,0,0
2,2025,'081070000',606,  ,KG,0,952,1062,0,0,0,0,0,0,0,0,0,0,0,0,0,512,572,0,440,490,0,0,0,0,0,0,0,0,0,0,0,0,0,0,0,0,0,0
2,2025,'081090210',105,  ,KG,0,220699,278163,0,0,0,0,0,0,0,0,0,0,0,0,0,36454,47882,0,115705,143306,0,63836,81780,0,4704,5195,0,0,0,0,0,0,0,0,0,0,0,0
2,2025,'081090210',106,  ,KG,0,101976,144225,0,0,0,0,0,0,0,0,0,0,0,0,0,29385,40945,0,68600,98396,0,3991,4884,0,0,0,0,0,0,0,0,0,0,0,0,0,0,0
2,2025,'081090210',110,  ,KG,0,109728,89811,0,0,0,0,0,0,0,0,0,0,0,0,0,2160,1646,0,78888,67005,0,28680,21160,0,0,0,0,0,0,0,0,0,0,0,0,0,0,0
2,2025,'081090210',304,  ,KG,0,380,2278,0,0,0,0,0,0,0,0,0,0,0,0,0,0,0,0,0,0,0,0,0,0,0,0,0,80,475,0,300,1803,0,0,0,0,0,0
2,2025,'081090210',305,  ,KG,0,43861,59261,0,0,0,0,0,0,0,0,0,0,0,0,0,24216,32793,0,15077,19886,0,4568,6582,0,0,0,0,0,0,0,0,0,0,0,0,0,0,0
2,2025,'081090210',306,  ,KG,0,44786,53982,0,0,0,0,0,0,0,0,0,0,0,0,0,0,0,0,3888,4288,0,2160,2399,0,1728,1950,0,11483,14180,0,12646,15550,0,5983,7266,0,6898,8349
2,2025,'081090290',103,  ,KG,0,456,763,0,0,0,0,0,0,0,0,0,0,0,0,0,0,0,0,0,0,0,0,0,0,0,0,0,0,0,0,456,763,0,0,0,0,0,0
2,2025,'081090290',105,  ,KG,0,3676,5181,0,503,643,0,0,0,0,0,0,0,0,0,0,0,0,0,0,0,0,0,0,0,686,789,0,0,0,0,580,741,0,704,704,0,1203,2304
2,2025,'081090290',106,  ,KG,0,43207,52058,0,0,0,0,12541,19291,0,8560,12747,0,0,0,0,304,507,0,1632,1607,0,10678,9459,0,0,0,0,3720,3370,0,0,0,0,2772,2557,0,3000,2520
2,2025,'081090290',110,  ,KG,0,1464473,688353,0,102760,51288,0,57992,31274,0,124766,56208,0,189717,89526,0,129405,58200,0,166822,78521,0,116679,51390,0,98449,41929,0,145401,64337,0,105984,51173,0,107779,54106,0,118719,60401
2,2025,'081090290',111,  ,KG,0,10356,8730,0,0,0,0,500,680,0,0,0,0,500,680,0,0,0,0,500,700,0,2376,2284,0,3000,1802,0,500,680,0,0,0,0,0,0,0,2980,1904
2,2025,'081090290',117,  ,KG,0,8500,2465,0,0,0,0,0,0,0,0,0,0,0,0,0,0,0,0,0,0,0,8500,2465,0,0,0,0,0,0,0,0,0,0,0,0,0,0,0
2,2025,'081090290',127,  ,KG,0,964,415,0,0,0,0,0,0,0,0,0,0,0,0,0,0,0,0,0,0,0,0,0,0,0,0,0,0,0,0,0,0,0,964,415,0,0,0
2,2025,'081090290',152,  ,KG,0,24370,15119,0,0,0,0,0,0,0,0,0,0,0,0,0,0,0,0,0,0,0,0,0,0,0,0,0,0,0,0,920,390,0,3600,1539,0,19850,13190
2,2025,'081090290',304,  ,KG,0,322779,232083,0,0,0,0,0,0,0,0,0,0,0,0,0,0,0,0,0,0,0,0,0,0,3580,5318,0,17867,27094,0,33211,23128,0,249915,161671,0,18206,14872
2,2025,'081090290',409,  ,KG,0,66334,54087,0,0,0,0,2116,3554,0,1824,2706,0,1824,2670,0,13680,10722,0,46440,33521,0,0,0,0,0,0,0,0,0,0,0,0,0,450,914,0,0,0
2,2025,'081090290',606,  ,KG,0,28953,70093,0,0,0,0,20490,49640,0,8463,20453,0,0,0,0,0,0,0,0,0,0,0,0,0,0,0,0,0,0,0,0,0,0,0,0,0,0,0
2,2025,'081090290',612,  ,KG,0,1179,227,0,0,0,0,0,0,0,0,0,0,0,0,0,0,0,0,0,0,0,0,0,0,0,0,0,0,0,0,1179,227,0,0,0,0,0,0
2,2025,'081110100',103,  ,KG,0,24946,13802,0,0,0,0,0,0,0,0,0,0,3760,1874,0,11550,5628,0,9636,6300,0,0,0,0,0,0,0,0,0,0,0,0,0,0,0,0,0,0
2,2025,'081110100',105,  ,KG,0,3729881,1240716,0,134202,42509,0,267036,93976,0,374386,114997,0,305014,103382,0,176184,58843,0,215042,75424,0,352215,116035,0,339531,106439,0,414534,124965,0,276442,102618,0,329430,122490,0,545865,179038
2,2025,'081110100',111,  ,KG,0,134232,37351,0,0,0,0,39032,11291,0,0,0,0,0,0,0,23800,6355,0,23800,6376,0,23800,6447,0,0,0,0,0,0,0,0,0,0,23800,6882,0,0,0
2,2025,'081110100',304,  ,KG,0,803100,671543,0,39494,24230,0,28289,21747,0,70194,59835,0,137728,117777,0,70194,58625,0,100913,82481,0,23398,20341,0,10226,7575,0,26932,15735,0,180116,137600,0,21044,16669,0,94572,108928
2,2025,'081110100',305,  ,KG,0,76899,42945,0,0,0,0,13312,7385,0,19569,14118,0,0,0,0,0,0,0,0,0,0,0,0,0,44018,21442,0,0,0,0,0,0,0,0,0,0,0,0
2,2025,'081110100',407,  ,KG,0,116251,41969,0,0,0,0,0,0,0,116251,41969,0,0,0,0,0,0,0,0,0,0,0,0,0,0,0,0,0,0,0,0,0,0,0,0,0,0,0
2,2025,'081110100',409,  ,KG,0,1480806,686924,0,153326,81398,0,95062,40843,0,332886,152860,0,315358,146459,0,204081,89382,0,117298,51674,0,25499,11175,0,70584,36803,0,77071,39800,0,89641,36530,0,0,0,0,0,0
2,2025,'081110100',501,  ,KG,0,23568,10656,0,0,0,0,0,0,0,0,0,0,0,0,0,0,0,0,0,0,0,0,0,0,23568,10656,0,0,0,0,0,0,0,0,0,0,0,0
2,2025,'081110200',105,  ,KG,0,6597767,1987439,0,683585,202447,0,501621,143226,0,629629,203277,0,666455,194031,0,550438,147937,0,302248,91758,0,392718,112012,0,519617,158824,0,524606,162275,0,839246,259362,0,487070,154079,0,500534,158211
2,2025,'081110200',106,  ,KG,0,1920,1208,0,600,373,0,0,0,0,0,0,0,0,0,0,0,0,0,600,372,0,0,0,0,0,0,0,0,0,0,720,463,0,0,0,0,0,0
2,2025,'081110200',111,  ,KG,0,67500,18215,0,0,0,0,0,0,0,0,0,0,22500,6096,0,22500,6124,0,22500,5995,0,0,0,0,0,0,0,0,0,0,0,0,0,0,0,0,0,0
2,2025,'081110200',210,  ,KG,0,9440,10179,0,3500,3799,0,0,0,0,2955,3101,0,0,0,0,0,0,0,0,0,0,0,0,0,0,0,0,1000,1084,0,0,0,0,1985,2195,0,0,0
2,2025,'081110200',218,  ,KG,0,72000,22723,0,0,0,0,0,0,0,0,0,0,0,0,0,0,0,0,0,0,0,0,0,0,0,0,0,72000,22723,0,0,0,0,0,0,0,0,0
2,2025,'081110200',220,  ,KG,0,59760,24360,0,0,0,0,0,0,0,0,0,0,0,0,0,15840,6105,0,15840,6269,0,0,0,0,0,0,0,14400,5998,0,0,0,0,0,0,0,13680,5988
2,2025,'081110200',223,  ,KG,0,398820,250979,0,87500,47772,0,51000,26111,0,45350,24831,0,2100,1720,0,24000,12195,0,49250,26786,0,12220,9434,0,0,0,0,11600,14517,0,48805,32001,0,44590,33880,0,22405,21732
2,2025,'081110200',228,  ,KG,0,19420,15033,0,0,0,0,16300,11553,0,780,816,0,0,0,0,0,0,0,0,0,0,0,0,0,780,888,0,0,0,0,1560,1776,0,0,0,0,0,0
2,2025,'081110200',234,  ,KG,0,211298,93380,0,6000,4215,0,24001,9199,0,49000,23057,0,22297,10411,0,0,0,0,0,0,0,0,0,0,22000,10991,0,44000,16503,0,22000,7705,0,22000,11299,0,0,0
2,2025,'081110200',238,  ,KG,0,4000,2975,0,0,0,0,0,0,0,0,0,0,2000,1445,0,0,0,0,0,0,0,1000,730,0,0,0,0,0,0,0,0,0,0,1000,800,0,0,0
2,2025,'081110200',304,  ,KG,0,593804,324438,0,116331,68464,0,47229,25161,0,29376,17557,0,32514,15504,0,0,0,0,14688,8981,0,14756,9282,0,142304,72251,0,23893,11818,0,95020,51483,0,16862,11180,0,60831,32757
2,2025,'081110200',305,  ,KG,0,38255,23681,0,0,0,0,0,0,0,0,0,0,0,0,0,0,0,0,0,0,0,23133,15239,0,10213,5119,0,0,0,0,4909,3323,0,0,0,0,0,0
2,2025,'081110200',407,  ,KG,0,2639857,935868,0,439939,156419,0,676878,236670,0,499805,177765,0,189000,71469,0,23000,8924,0,107249,41504,0,72000,27395,0,72008,25726,0,47008,16642,0,68000,23739,0,165970,55267,0,279000,94348
2,2025,'081110200',409,  ,KG,0,2499441,1162738,0,85890,46138,0,183659,90181,0,361722,154940,0,338714,147927,0,385997,161373,0,88113,44489,0,354633,168832,0,278011,129404,0,154721,76233,0,132733,60320,0,44180,32368,0,91068,50533
2,2025,'081110200',501,  ,KG,0,4685313,1503910,0,69760,22990,0,93760,29759,0,0,0,0,163539,53083,0,2010080,575845,0,1299780,427380,0,553524,210146,0,169800,51588,0,98590,33977,0,89730,39777,0,23100,7989,0,113650,51376
2,2025,'081110200',506,  ,KG,0,7364644,1886644,0,0,0,0,71470,19784,0,805560,212165,0,359800,92072,0,2352000,598196,0,1958600,495299,0,624070,155953,0,407900,103348,0,380180,99694,0,141150,35174,0,96004,25662,0,167910,49297
2,2025,'081120100',210,  ,KG,0,5625,5595,0,0,0,0,0,0,0,600,623,0,450,472,0,0,0,0,675,613,0,0,0,0,0,0,0,450,433,0,675,655,0,2775,2799,0,0,0
2,2025,'081120100',304,  ,KG,0,47473,51578,0,3672,4166,0,4488,4925,0,0,0,0,8568,8933,0,0,0,0,4145,3656,0,0,0,0,5304,5681,0,5712,6332,0,4732,5291,0,6936,8002,0,3916,4592
2,2025,'081120200',105,  ,KG,0,23000,12787,0,0,0,0,5000,2877,0,0,0,0,0,0,0,0,0,0,0,0,0,0,0,0,0,0,0,18000,9910,0,0,0,0,0,0,0,0,0
2,2025,'081120200',203,  ,KG,0,3760,5172,0,0,0,0,0,0,0,0,0,0,0,0,0,0,0,0,0,0,0,0,0,0,0,0,0,0,0,0,3760,5172,0,0,0,0,0,0
2,2025,'081120200',207,  ,KG,0,6600,15360,0,0,0,0,0,0,0,0,0,0,0,0,0,0,0,0,0,0,0,0,0,0,0,0,0,0,0,0,0,0,0,6600,15360,0,0,0
2,2025,'081120200',210,  ,KG,0,32713,39131,0,3436,4959,0,4064,5550,0,5880,6403,0,306,311,0,0,0,0,4048,4195,0,238,291,0,0,0,0,4693,5650,0,1780,1759,0,3238,4643,0,5030,5370
2,2025,'081120200',223,  ,KG,0,238240,155804,0,0,0,0,27500,20196,0,500,301,0,39520,23164,0,45175,22763,0,41506,30148,0,3750,3542,0,5889,6267,0,22500,11110,0,6220,6594,0,19930,11566,0,25750,20153
2,2025,'081120200',227,  ,KG,0,40000,43782,0,0,0,0,0,0,0,0,0,0,20000,21836,0,0,0,0,20000,21946,0,0,0,0,0,0,0,0,0,0,0,0,0,0,0,0,0,0
2,2025,'081120200',228,  ,KG,0,962495,745176,0,45981,34746,0,171685,116932,0,122711,78902,0,42543,32093,0,112975,73906,0,104928,81145,0,65999,49431,0,7945,11359,0,136300,92591,0,87199,93766,0,9493,11106,0,54736,69199
2,2025,'081120200',232,  ,KG,0,5770,8148,0,0,0,0,0,0,0,226,384,0,0,0,0,2600,3415,0,0,0,0,0,0,0,154,288,0,0,0,0,2790,4061,0,0,0,0,0,0
2,2025,'081120200',234,  ,KG,0,7000,6928,0,0,0,0,0,0,0,7000,6928,0,0,0,0,0,0,0,0,0,0,0,0,0,0,0,0,0,0,0,0,0,0,0,0,0,0,0
2,2025,'081120200',238,  ,KG,0,20,272,0,0,0,0,0,0,0,0,0,0,0,0,0,0,0,0,0,0,0,0,0,0,0,0,0,0,0,0,0,0,0,20,272,0,0,0
2,2025,'081120200',304,  ,KG,0,506228,434157,0,23286,20121,0,23512,19714,0,46852,44434,0,36236,29613,0,71478,55060,0,44672,34848,0,46932,40803,0,42453,33501,0,36084,29372,0,47318,43192,0,58014,56123,0,29391,27376
2,2025,'081120200',409,  ,KG,0,1416340,1060912,0,100178,78148,0,41930,40980,0,28020,24038,0,77520,63780,0,135450,102636,0,201340,136431,0,94537,70287,0,182398,133696,0,319262,231024,0,123594,89602,0,69881,55666,0,42230,34624
2,2025,'081120200',501,  ,KG,0,79000,47506,0,0,0,0,36000,21312,0,18000,10390,0,0,0,0,0,0,0,0,0,0,0,0,0,16000,10034,0,9000,5770,0,0,0,0,0,0,0,0,0
2,2025,'081120200',606,  ,KG,0,216048,107543,0,0,0,0,0,0,0,0,0,0,41070,19637,0,23052,12967,0,60245,31533,0,0,0,0,68819,30419,0,0,0,0,0,0,0,630,1458,0,22232,11529
2,2025,'081190140',304,  ,KG,0,14151,5386,0,0,0,0,0,0,0,9797,3158,0,0,0,0,4354,2228,0,0,0,0,0,0,0,0,0,0,0,0,0,0,0,0,0,0,0,0,0
2,2025,'081190190',105,  ,KG,0,921489,319034,0,94378,30450,0,18399,8578,0,96622,31103,0,78360,25695,0,166970,67050,0,57238,17681,0,109438,35631,0,27300,9179,0,36740,11516,0,68005,20640,0,51634,21325,0,116405,40186
2,2025,'081190190',409,  ,KG,0,23520,19008,0,0,0,0,0,0,0,0,0,0,0,0,0,0,0,0,0,0,0,0,0,0,0,0,0,0,0,0,23520,19008,0,0,0,0,0,0
2,2025,'081190210',105,  ,KG,0,69070,24792,0,0,0,0,23010,8536,0,0,0,0,0,0,0,0,0,0,23020,7870,0,0,0,0,0,0,0,0,0,0,0,0,0,23040,8386,0,0,0
2,2025,'081190210',106,  ,KG,0,11940,6499,0,0,0,0,0,0,0,2800,1140,0,700,229,0,0,0,0,0,0,0,8440,5130,0,0,0,0,0,0,0,0,0,0,0,0,0,0,0
2,2025,'081190210',110,  ,KG,0,717321,264458,0,39900,12571,0,21106,6301,0,43403,12786,0,123574,45767,0,132262,51037,0,64620,28157,0,85652,31367,0,84654,29977,0,28730,11298,0,44770,17705,0,13650,4062,0,35000,13430
2,2025,'081190210',111,  ,KG,0,176214,87149,0,23400,8875,0,23400,8781,0,23400,8582,0,19404,26153,0,0,0,0,0,0,0,55200,21573,0,0,0,0,8010,3941,0,0,0,0,23400,9244,0,0,0
2,2025,'081190210',117,  ,KG,0,2469896,987633,0,224298,84228,0,259452,94178,0,281988,102838,0,338524,130072,0,138357,56571,0,299750,123357,0,259611,111846,0,205808,97706,0,90605,40680,0,74280,30790,0,136130,54172,0,161093,61195
2,2025,'081190210',311,  ,KG,0,1028030,424369,0,48000,20200,0,47972,17337,0,72000,31318,0,87040,36010,0,97241,35471,0,182010,74164,0,154641,64903,0,44010,17233,0,228790,99285,0,41990,19217,0,24336,9231,0,0,0
2,2025,'081190210',407,  ,KG,0,15090,7024,0,15090,7024,0,0,0,0,0,0,0,0,0,0,0,0,0,0,0,0,0,0,0,0,0,0,0,0,0,0,0,0,0,0,0,0,0
2,2025,'081190210',516,  ,KG,0,567,793,0,0,0,0,0,0,0,0,0,0,567,793,0,0,0,0,0,0,0,0,0,0,0,0,0,0,0,0,0,0,0,0,0,0,0,0
2,2025,'081190220',105,  ,KG,0,919820,258476,0,41800,14939,0,99880,33660,0,27700,9622,0,99350,32600,0,26300,7774,0,32970,11369,0,166120,44334,0,150600,34571,0,130400,32241,0,24000,5186,0,42000,10399,0,78700,21781
2,2025,'081190220',106,  ,KG,0,38570,27199,0,1200,687,0,0,0,0,6980,5022,0,3000,1948,0,4000,2756,0,3240,2205,0,6700,4607,0,4470,3088,0,1000,797,0,3000,2097,0,0,0,0,4980,3992
2,2025,'081190220',110,  ,KG,0,5534283,2517572,0,349544,175862,0,325672,150847,0,549405,233578,0,513093,270726,0,586604,249892,0,664906,283385,0,716745,329496,0,623666,276239,0,465828,218354,0,321086,114038,0,134584,81183,0,283150,133972
2,2025,'081190220',111,  ,KG,0,2242960,1716916,0,74519,67402,0,92324,66015,0,115601,77106,0,141320,102634,0,154672,105226,0,286092,214913,0,453286,375543,0,319349,238279,0,236538,193033,0,84585,65553,0,135673,90628,0,149001,120584
2,2025,'081190220',113,  ,KG,0,1270,5775,0,0,0,0,0,0,0,0,0,0,0,0,0,290,1272,0,0,0,0,480,2207,0,0,0,0,500,2296,0,0,0,0,0,0,0,0,0
2,2025,'081190220',117,  ,KG,0,796789,589372,0,74980,54139,0,34256,27191,0,54040,39841,0,59976,44894,0,52256,42544,0,78125,55931,0,111136,84507,0,86238,61792,0,93166,67079,0,34780,24678,0,35474,25763,0,82362,61013
2,2025,'081190220',118,  ,KG,0,9465,5336,0,0,0,0,0,0,0,0,0,0,5465,2627,0,0,0,0,4000,2709,0,0,0,0,0,0,0,0,0,0,0,0,0,0,0,0,0,0
2,2025,'081190220',120,  ,KG,0,318448,246748,0,0,0,0,0,0,0,63887,57216,0,34022,27916,0,21000,14395,0,35320,25309,0,37388,26394,0,16520,12425,0,37280,27466,0,20000,14582,0,33151,25860,0,19880,15185
2,2025,'081190220',122,  ,KG,0,1304,636,0,0,0,0,0,0,0,0,0,0,0,0,0,0,0,0,0,0,0,0,0,0,0,0,0,0,0,0,0,0,0,0,0,0,1304,636
2,2025,'081190220',124,  ,KG,0,720,580,0,0,0,0,0,0,0,0,0,0,0,0,0,0,0,0,0,0,0,0,0,0,0,0,0,0,0,0,0,0,0,720,580,0,0,0
2,2025,'081190220',305,  ,KG,0,580042,565380,0,35442,32911,0,15363,15609,0,0,0,0,37758,44064,0,26200,35508,0,40180,31160,0,72792,57908,0,33032,44926,0,94134,101240,0,102590,96052,0,83938,65831,0,38613,40171
2,2025,'081190220',401,  ,KG,0,982556,718840,0,93158,68823,0,36410,26154,0,121847,89001,0,65497,48335,0,68944,47218,0,94010,66681,0,52508,36190,0,82715,57979,0,68984,49386,0,147703,115710,0,67478,51568,0,83302,61795
2,2025,'081190220',406,  ,KG,0,5400,17305,0,0,0,0,0,0,0,3600,11111,0,0,0,0,0,0,0,0,0,0,1800,6194,0,0,0,0,0,0,0,0,0,0,0,0,0,0,0
2,2025,'081190220',407,  ,KG,0,6197386,2874207,0,282300,150036,0,196797,93018,0,938069,388855,0,681173,283429,0,792553,317373,0,684792,287546,0,483430,213920,0,281304,141773,0,720825,380274,0,482923,252074,0,354696,189376,0,298524,176533
2,2025,'081190220',506,  ,KG,0,25640,5482,0,0,0,0,0,0,0,10340,1529,0,0,0,0,0,0,0,15300,3953,0,0,0,0,0,0,0,0,0,0,0,0,0,0,0,0,0,0
2,2025,'081190220',541,  ,KG,0,32664,18824,0,0,0,0,0,0,0,0,0,0,0,0,0,19128,11126,0,13536,7698,0,0,0,0,0,0,0,0,0,0,0,0,0,0,0,0,0,0
2,2025,'081190220',546,  ,KG,0,297,403,0,0,0,0,0,0,0,0,0,0,297,403,0,0,0,0,0,0,0,0,0,0,0,0,0,0,0,0,0,0,0,0,0,0,0,0
2,2025,'081190220',551,  ,KG,0,89150,118585,0,6480,9205,0,0,0,0,0,0,0,9720,13412,0,0,0,0,0,0,0,30760,41777,0,0,0,0,42190,54191,0,0,0,0,0,0,0,0,0
2,2025,'081190230',105,  ,KG,0,95080,49209,0,3000,1985,0,0,0,0,0,0,0,0,0,0,0,0,0,0,0,0,3000,1582,0,4000,2796,0,0,0,0,0,0,0,32440,15218,0,52640,27628
2,2025,'081190230',203,  ,KG,0,190924,193074,0,0,0,0,24080,21896,0,24150,15644,0,12960,8564,0,5000,6228,0,0,0,0,24080,22544,0,0,0,0,0,0,0,13960,15486,0,0,0,0,86694,102712
2,2025,'081190230',222,  ,KG,0,245280,228451,0,96320,88300,0,72240,65690,0,0,0,0,0,0,0,0,0,0,0,0,0,24080,22544,0,0,0,0,0,0,0,39200,38199,0,0,0,0,13440,13718
2,2025,'081190230',223,  ,KG,0,7872,11905,0,0,0,0,1200,1434,0,0,0,0,500,772,0,0,0,0,1300,2033,0,874,1054,0,1000,1654,0,500,818,0,1998,3299,0,500,841,0,0,0
2,2025,'081190230',236,  ,KG,0,1650000,1043564,0,100000,54182,0,200000,106359,0,300000,157341,0,0,0,0,200000,108183,0,100000,53727,0,450000,260192,0,0,0,0,0,0,0,0,0,0,0,0,0,300000,303580
2,2025,'081190230',237,  ,KG,0,22000,14261,0,0,0,0,0,0,0,0,0,0,0,0,0,0,0,0,0,0,0,0,0,0,22000,14261,0,0,0,0,0,0,0,0,0,0,0,0
2,2025,'081190230',238,  ,KG,0,2688,2732,0,0,0,0,0,0,0,294,291,0,606,596,0,0,0,0,606,615,0,1182,1230,0,0,0,0,0,0,0,0,0,0,0,0,0,0,0
2,2025,'081190230',302,  ,KG,0,21011366,10442593,0,1784388,883693,0,2129865,1066696,0,2230987,1115069,0,1744909,836692,0,1992139,952976,0,1508594,699811,0,1513902,704505,0,1803856,860487,0,1121695,554440,0,1062436,525437,0,1752317,912857,0,2366278,1329930
2,2025,'081190230',304,  ,KG,0,2577021,1429933,0,306228,186790,0,265275,168378,0,397556,212263,0,509757,257460,0,253458,129258,0,50224,24789,0,100512,53619,0,71589,45696,0,40474,20242,0,142648,82992,0,190078,103903,0,249222,144543
2,2025,'081190230',407,  ,KG,0,948510,577440,0,68780,45138,0,65560,42705,0,171910,102340,0,137560,83759,0,68780,39790,0,109580,61093,0,113560,68996,0,68780,41390,0,24000,14200,0,24000,14993,0,0,0,0,96000,63036
2,2025,'081190230',409,  ,KG,0,6322307,3286851,0,34851,19268,0,230928,130522,0,372340,196831,0,516441,272808,0,905261,452611,0,694989,350998,0,917986,455941,0,530825,282483,0,694689,362818,0,556441,287497,0,420474,229787,0,447082,245287
2,2025,'081190230',501,  ,KG,0,623460,295516,0,0,0,0,0,0,0,0,0,0,0,0,0,0,0,0,0,0,0,455460,214420,0,168000,81096,0,0,0,0,0,0,0,0,0,0,0,0
2,2025,'081190240',105,  ,KG,0,3835258,1131587,0,402350,116677,0,129050,44244,0,331556,96466,0,482850,133252,0,457650,121555,0,141358,45970,0,297391,88982,0,183713,53587,0,366916,105880,0,289674,90013,0,129890,42855,0,622860,192106
2,2025,'081190240',210,  ,KG,0,8010,8169,0,0,0,0,0,0,0,0,0,0,805,758,0,0,0,0,0,0,0,0,0,0,0,0,0,0,0,0,7205,7411,0,0,0,0,0,0
2,2025,'081190240',220,  ,KG,0,7920,4472,0,0,0,0,0,0,0,7200,4119,0,0,0,0,0,0,0,0,0,0,0,0,0,0,0,0,0,0,0,0,0,0,0,0,0,720,353
2,2025,'081190240',230,  ,KG,0,69000,24902,0,0,0,0,23000,8696,0,0,0,0,0,0,0,0,0,0,23000,7993,0,0,0,0,0,0,0,23000,8213,0,0,0,0,0,0,0,0,0
2,2025,'081190240',304,  ,KG,0,91203,55277,0,1087,730,0,0,0,0,0,0,0,19139,11375,0,18143,10920,0,0,0,0,12425,7932,0,0,0,0,20229,11635,0,543,389,0,1494,1102,0,18143,11194
2,2025,'081190240',409,  ,KG,0,9950,5256,0,0,0,0,0,0,0,0,0,0,0,0,0,0,0,0,9950,5256,0,0,0,0,0,0,0,0,0,0,0,0,0,0,0,0,0,0
2,2025,'081190240',551,  ,KG,0,86980,34586,0,0,0,0,0,0,0,0,0,0,0,0,0,0,0,0,46990,18864,0,39990,15722,0,0,0,0,0,0,0,0,0,0,0,0,0,0,0
2,2025,'081190280',407,  ,KG,0,22964,13874,0,0,0,0,0,0,0,22964,13874,0,0,0,0,0,0,0,0,0,0,0,0,0,0,0,0,0,0,0,0,0,0,0,0,0,0,0
2,2025,'081190290',103,  ,KG,0,80900,48706,0,25140,12299,0,0,0,0,0,0,0,10760,12242,0,0,0,0,0,0,0,0,0,0,0,0,0,0,0,0,35000,18147,0,0,0,0,10000,6018
2,2025,'081190290',105,  ,KG,0,3446227,1496471,0,308863,131296,0,190114,90539,0,193171,81314,0,374708,210299,0,209906,91083,0,403305,160408,0,266011,121230,0,268812,116750,0,316280,141640,0,293951,92534,0,399315,164001,0,221791,95377
2,2025,'081190290',106,  ,KG,0,1454,1552,0,0,0,0,0,0,0,0,0,0,0,0,0,0,0,0,0,0,0,0,0,0,0,0,0,932,680,0,0,0,0,0,0,0,522,872
2,2025,'081190290',110,  ,KG,0,2640645,715523,0,255726,71532,0,272994,68286,0,262134,59261,0,360333,89291,0,238444,61585,0,198523,57481,0,180832,49649,0,205267,69433,0,201639,66073,0,170408,46493,0,84107,22149,0,210238,54290
2,2025,'081190290',111,  ,KG,0,57344,43058,0,18,309,0,2600,1143,0,2500,1075,0,13714,19213,0,11593,5673,0,2448,423,0,5600,5846,0,2860,1359,0,1920,845,0,7000,3363,0,5391,3047,0,1700,762
2,2025,'081190290',113,  ,KG,0,13464,7602,0,0,0,0,0,0,0,0,0,0,0,0,0,3960,2262,0,0,0,0,0,0,0,9504,5340,0,0,0,0,0,0,0,0,0,0,0,0
2,2025,'081190290',117,  ,KG,0,752641,237169,0,37786,16239,0,12660,5634,0,47392,15388,0,25760,10935,0,23760,10131,0,25776,5383,0,125456,34074,0,150080,44790,0,142105,45140,0,97376,29482,0,53340,16225,0,11150,3748
2,2025,'081190290',118,  ,KG,0,5223,1900,0,0,0,0,1289,449,0,0,0,0,2634,890,0,0,0,0,0,0,0,0,0,0,0,0,0,0,0,0,1300,561,0,0,0,0,0,0
2,2025,'081190290',122,  ,KG,0,3600,277,0,0,0,0,0,0,0,0,0,0,0,0,0,0,0,0,3600,277,0,0,0,0,0,0,0,0,0,0,0,0,0,0,0,0,0,0
2,2025,'081190290',123,  ,KG,0,5000,1445,0,0,0,0,0,0,0,0,0,0,0,0,0,0,0,0,0,0,0,0,0,0,0,0,0,0,0,0,0,0,0,5000,1445,0,0,0
2,2025,'081190290',125,  ,KG,0,2700,1071,0,0,0,0,0,0,0,0,0,0,0,0,0,2700,1071,0,0,0,0,0,0,0,0,0,0,0,0,0,0,0,0,0,0,0,0,0
2,2025,'081190290',127,  ,KG,0,564,294,0,0,0,0,0,0,0,0,0,0,0,0,0,0,0,0,0,0,0,0,0,0,564,294,0,0,0,0,0,0,0,0,0,0,0,0
2,2025,'081190290',144,  ,KG,0,25064,28780,0,0,0,0,10000,11556,0,0,0,0,0,0,0,0,0,0,0,0,0,0,0,0,0,0,0,0,0,0,0,0,0,0,0,0,15064,17224
2,2025,'081190290',210,  ,KG,0,16540,18880,0,1983,1815,0,1418,1439,0,2012,1939,0,0,0,0,0,0,0,322,297,0,3000,3517,0,0,0,0,0,0,0,4506,5858,0,2681,3463,0,618,552
2,2025,'081190290',217,  ,KG,0,4150,9113,0,0,0,0,0,0,0,0,0,0,0,0,0,0,0,0,0,0,0,1150,2415,0,1500,3308,0,250,560,0,750,1684,0,500,1146,0,0,0
2,2025,'081190290',218,  ,KG,0,269240,164170,0,0,0,0,0,0,0,35130,20642,0,34420,19770,0,73180,42579,0,58520,36178,0,21110,16329,0,0,0,0,34240,20794,0,12640,7878,0,0,0,0,0,0
2,2025,'081190290',220,  ,KG,0,728401,658423,0,0,0,0,34988,43024,0,36735,20964,0,95238,134400,0,64762,33952,0,96690,79463,0,94434,85702,0,85396,62403,0,106440,87356,0,86988,80392,0,23000,28789,0,3730,1978
2,2025,'081190290',223,  ,KG,0,42390,18618,0,0,0,0,0,0,0,258,311,0,1300,842,0,0,0,0,1318,618,0,858,802,0,0,0,0,21600,5436,0,318,363,0,16000,9365,0,738,881
2,2025,'081190290',227,  ,KG,0,151200,61429,0,10080,4265,0,50400,20386,0,40320,16141,0,10080,4231,0,10080,4254,0,30240,12152,0,0,0,0,0,0,0,0,0,0,0,0,0,0,0,0,0,0
2,2025,'081190290',228,  ,KG,0,34605,26317,0,1105,716,0,13630,9473,0,1775,1142,0,2000,1556,0,2325,1727,0,7380,5814,0,750,505,0,1000,1079,0,250,251,0,2560,2403,0,0,0,0,1830,1651
2,2025,'081190290',232,  ,KG,0,344,431,0,0,0,0,0,0,0,0,0,0,0,0,0,0,0,0,190,230,0,0,0,0,154,201,0,0,0,0,0,0,0,0,0,0,0,0
2,2025,'081190290',234,  ,KG,0,715275,381714,0,97390,54560,0,73911,40481,0,55560,30995,0,41985,23620,0,148070,82107,0,113850,53540,0,29880,14621,0,93560,48012,0,29380,14531,0,15449,8125,0,1240,2120,0,15000,9002
2,2025,'081190290',302,  ,KG,0,26762,28811,0,0,0,0,8000,6058,0,0,0,0,0,0,0,0,0,0,0,0,0,16000,19608,0,0,0,0,0,0,0,2762,3145,0,0,0,0,0,0
2,2025,'081190290',304,  ,KG,0,26033,11004,0,0,0,0,0,0,0,11974,4800,0,0,0,0,13979,5952,0,80,252,0,0,0,0,0,0,0,0,0,0,0,0,0,0,0,0,0,0
2,2025,'081190290',305,  ,KG,0,267662,124615,0,38352,20396,0,4828,2658,0,0,0,0,44000,15359,0,18150,9439,0,0,0,0,0,0,0,22000,7642,0,0,0,0,58950,29406,0,61200,29794,0,20182,9921
2,2025,'081190290',406,  ,KG,0,208050,45013,0,0,0,0,66050,14648,0,22000,4678,0,0,0,0,22000,4557,0,44000,9210,0,0,0,0,22000,4733,0,0,0,0,0,0,0,0,0,0,32000,7187
2,2025,'081190290',407,  ,KG,0,1033,564,0,0,0,0,0,0,0,0,0,0,1033,564,0,0,0,0,0,0,0,0,0,0,0,0,0,0,0,0,0,0,0,0,0,0,0,0
2,2025,'081190290',409,  ,KG,0,1800082,782569,0,110268,51399,0,53108,22650,0,0,0,0,18240,7541,0,198761,98167,0,307370,122082,0,346765,143257,0,264311,107797,0,186311,85366,0,186498,86664,0,28369,13717,0,100081,43929
2,2025,'081190290',410,  ,KG,0,37301,28594,0,480,242,0,0,0,0,0,0,0,384,273,0,0,0,0,18196,13229,0,0,0,0,252,768,0,17740,13311,0,249,771,0,0,0,0,0,0
2,2025,'081190290',501,  ,KG,0,91475,43382,0,0,0,0,21580,9720,0,2340,2153,0,805,619,0,3120,2885,0,0,0,0,0,0,0,35145,15265,0,0,0,0,1605,1611,0,0,0,0,26880,11129
2,2025,'081190290',506,  ,KG,0,24000,6556,0,0,0,0,0,0,0,0,0,0,0,0,0,0,0,0,0,0,0,0,0,0,0,0,0,0,0,0,0,0,0,0,0,0,24000,6556
2,2025,'081190290',551,  ,KG,0,2794335,1272323,0,175261,90088,0,200035,102053,0,131715,64239,0,217785,99537,0,115465,42955,0,127738,48880,0,219975,82122,0,99975,42789,0,259160,113636,0,459907,214656,0,411002,203797,0,376317,167571
2,2025,'081190290',601,  ,KG,0,33019,13586,0,0,0,0,49,1367,0,0,0,0,156,943,0,19000,4554,0,3420,750,0,0,0,0,224,1050,0,0,0,0,0,0,0,30,883,0,10140,4039
2,2025,'081190290',606,  ,KG,0,274216,118806,0,58408,25748,0,17963,9288,0,15752,7462,0,0,0,0,0,0,0,0,0,0,28910,10076,0,22957,11059,0,36457,16557,0,46957,19922,0,30312,10635,0,16500,8059
2,2025,'081210000',220,  ,KG,0,68715,29382,0,10665,3905,0,11200,4092,0,0,0,0,0,0,0,11250,4098,0,13200,4937,0,0,0,0,11200,4163,0,0,0,0,11200,8187,0,0,0,0,0,0
2,2025,'081290420',125,  ,KG,0,9600,1561,0,0,0,0,1200,207,0,1200,202,0,0,0,0,3600,570,0,0,0,0,3600,582,0,0,0,0,0,0,0,0,0,0,0,0,0,0,0
2,2025,'081290430',105,  ,KG,0,49685,43984,0,0,0,0,0,0,0,0,0,0,0,0,0,0,0,0,0,0,0,0,0,0,0,0,0,0,0,0,19486,16714,0,25887,23352,0,4312,3918
2,2025,'081290490',105,  ,KG,0,15090960,4453700,0,989031,277452,0,936829,293382,0,1433183,418714,0,1643906,528694,0,1709705,490745,0,1430849,440840,0,1187089,393768,0,860897,250364,0,915124,243014,0,1675473,426320,0,1203603,331365,0,1105271,359042
2,2025,'081290490',106,  ,KG,0,131400,77739,0,3750,3378,0,12480,10806,0,7220,5976,0,0,0,0,15560,13698,0,1230,737,0,41000,3794,0,19650,16307,0,3720,2166,0,6680,6257,0,0,0,0,20110,14620
2,2025,'081290490',110,  ,KG,0,53064,8138,0,0,0,0,0,0,0,0,0,0,0,0,0,0,0,0,0,0,0,53064,8138,0,0,0,0,0,0,0,0,0,0,0,0,0,0,0
2,2025,'081290490',111,  ,KG,0,436530,104446,0,0,0,0,16800,3939,0,39300,8467,0,16800,5120,0,52650,13707,0,50400,11103,0,50400,12304,0,0,0,0,77400,18582,0,36960,7842,0,31920,7386,0,63900,15996
2,2025,'081290490',409,  ,KG,0,17000,5024,0,0,0,0,0,0,0,0,0,0,0,0,0,0,0,0,0,0,0,17000,5024,0,0,0,0,0,0,0,0,0,0,0,0,0,0,0
2,2025,'081310000',105,  ,KG,0,72660,46474,0,0,0,0,300,275,0,0,0,0,0,0,0,0,0,0,0,0,0,0,0,0,360,349,0,24000,14852,0,24000,15256,0,0,0,0,24000,15742
2,2025,'081310000',124,  ,KG,0,16201,18351,0,0,0,0,13960,15417,0,0,0,0,2241,2934,0,0,0,0,0,0,0,0,0,0,0,0,0,0,0,0,0,0,0,0,0,0,0,0
2,2025,'081310000',130,  ,KG,0,957,1173,0,0,0,0,0,0,0,957,1173,0,0,0,0,0,0,0,0,0,0,0,0,0,0,0,0,0,0,0,0,0,0,0,0,0,0,0
2,2025,'081310000',152,  ,KG,0,19020,16158,0,0,0,0,0,0,0,0,0,0,0,0,0,10980,8568,0,8040,7590,0,0,0,0,0,0,0,0,0,0,0,0,0,0,0,0,0,0
2,2025,'081310000',234,  ,KG,0,412528,467247,0,35870,46190,0,2000,2011,0,18350,13694,0,71147,69646,0,58981,53684,0,44423,41203,0,10753,14905,0,24030,32386,0,24784,30326,0,59770,72905,0,30317,38891,0,32103,51406
2,2025,'081310000',304,  ,KG,0,27690,110863,0,9491,39217,0,0,0,0,0,0,0,8266,32903,0,0,0,0,0,0,0,0,0,0,0,0,0,0,0,0,0,0,0,0,0,0,9933,38743
2,2025,'081310000',551,  ,KG,0,116999,126793,0,18337,21288,0,0,0,0,10662,11728,0,15875,17688,0,0,0,0,36375,37883,0,0,0,0,20000,21113,0,1250,1323,0,14500,15770,0,0,0,0,0,0
2,2025,'081320000',105,  ,KG,0,304,215,0,0,0,0,304,215,0,0,0,0,0,0,0,0,0,0,0,0,0,0,0,0,0,0,0,0,0,0,0,0,0,0,0,0,0,0
2,2025,'081320000',127,  ,KG,0,499,502,0,0,0,0,0,0,0,0,0,0,0,0,0,0,0,0,0,0,0,0,0,0,499,502,0,0,0,0,0,0,0,0,0,0,0,0
2,2025,'081320000',152,  ,KG,0,4400,2538,0,0,0,0,0,0,0,0,0,0,0,0,0,2000,1151,0,2400,1387,0,0,0,0,0,0,0,0,0,0,0,0,0,0,0,0,0,0
2,2025,'081320000',210,  ,KG,0,32979,38778,0,3250,3794,0,0,0,0,5400,7560,0,910,855,0,3500,3734,0,490,465,0,10843,11103,0,144,234,0,4608,5900,0,900,712,0,1950,2967,0,984,1454
2,2025,'081320000',232,  ,KG,0,5220,8275,0,1024,1616,0,0,0,0,0,0,0,0,0,0,1024,1512,0,0,0,0,1024,1559,0,0,0,0,100,252,0,0,0,0,1024,1647,0,1024,1689
2,2025,'081320000',304,  ,KG,0,5120430,4128551,0,345769,319043,0,239453,183847,0,332698,298128,0,600501,462357,0,887754,629057,0,580164,458152,0,563621,416448,0,326876,276254,0,208620,175367,0,365795,319594,0,382081,327836,0,287098,262468
2,2025,'081320000',409,  ,KG,0,517851,329455,0,21512,13479,0,0,0,0,42860,26861,0,20000,11700,0,22433,14691,0,48300,32131,0,65443,41416,0,60250,35855,0,62300,38232,0,61736,40702,0,68584,45427,0,44433,28961
2,2025,'081320000',413,  ,KG,0,25754,36688,0,2332,3996,0,0,0,0,0,0,0,0,0,0,8812,12182,0,4665,6420,0,4147,5810,0,0,0,0,518,732,0,3725,5421,0,1555,2127,0,0,0
2,2025,'081330000',103,  ,KG,0,2482,20481,0,486,4135,0,0,0,0,288,1860,0,374,2364,0,0,0,0,288,1858,0,476,3032,0,0,0,0,118,1522,0,236,3013,0,0,0,0,216,2697
2,2025,'081330000',105,  ,KG,0,157720,267004,0,25837,40510,0,510,711,0,17342,32540,0,723,3350,0,15140,25027,0,18352,29619,0,15200,24929,0,67,230,0,15694,27281,0,30322,50919,0,16083,28216,0,2450,3672
2,2025,'081330000',111,  ,KG,0,2180,3562,0,0,0,0,0,0,0,600,524,0,0,0,0,10,241,0,677,571,0,0,0,0,0,0,0,84,203,0,449,1057,0,60,205,0,300,761
2,2025,'081330000',154,  ,KG,0,480,1305,0,0,0,0,312,716,0,0,0,0,0,0,0,0,0,0,0,0,0,0,0,0,0,0,0,0,0,0,168,589,0,0,0,0,0,0
2,2025,'081330000',213,  ,KG,0,200,216,0,0,0,0,0,0,0,0,0,0,0,0,0,0,0,0,0,0,0,0,0,0,200,216,0,0,0,0,0,0,0,0,0,0,0,0
2,2025,'081330000',220,  ,KG,0,1200,2465,0,0,0,0,0,0,0,0,0,0,0,0,0,0,0,0,0,0,0,1200,2465,0,0,0,0,0,0,0,0,0,0,0,0,0,0,0
2,2025,'081330000',234,  ,KG,0,1000,2530,0,0,0,0,0,0,0,1000,2530,0,0,0,0,0,0,0,0,0,0,0,0,0,0,0,0,0,0,0,0,0,0,0,0,0,0,0
2,2025,'081330000',238,  ,KG,0,100,518,0,0,0,0,0,0,0,0,0,0,0,0,0,0,0,0,0,0,0,0,0,0,0,0,0,0,0,0,0,0,0,100,518,0,0,0
2,2025,'081330000',304,  ,KG,0,1042,1653,0,0,0,0,0,0,0,0,0,0,226,324,0,0,0,0,816,1329,0,0,0,0,0,0,0,0,0,0,0,0,0,0,0,0,0,0
2,2025,'081330000',409,  ,KG,0,938,8543,0,371,3531,0,0,0,0,189,1694,0,189,1663,0,0,0,0,0,0,0,189,1655,0,0,0,0,0,0,0,0,0,0,0,0,0,0,0
2,2025,'081330000',413,  ,KG,0,1247,2629,0,0,0,0,0,0,0,0,0,0,0,0,0,0,0,0,0,0,0,0,0,0,0,0,0,1247,2629,0,0,0,0,0,0,0,0,0
2,2025,'081330000',551,  ,KG,0,16000,16778,0,0,0,0,0,0,0,16000,16778,0,0,0,0,0,0,0,0,0,0,0,0,0,0,0,0,0,0,0,0,0,0,0,0,0,0,0
2,2025,'081330000',606,  ,KG,0,37,695,0,0,0,0,0,0,0,0,0,0,0,0,0,26,478,0,0,0,0,0,0,0,0,0,0,0,0,0,0,0,0,0,0,0,11,217
2,2025,'081340010',105,  ,KG,0,3702,5491,0,0,0,0,0,0,0,0,0,0,1200,1604,0,0,0,0,0,0,0,1200,1566,0,0,0,0,0,0,0,1200,1638,0,102,683,0,0,0
2,2025,'081340010',110,  ,KG,0,40,251,0,0,0,0,0,0,0,0,0,0,40,251,0,0,0,0,0,0,0,0,0,0,0,0,0,0,0,0,0,0,0,0,0,0,0,0
2,2025,'081340010',133,  ,KG,0,2738,1612,0,0,0,0,0,0,0,0,0,0,0,0,0,2738,1612,0,0,0,0,0,0,0,0,0,0,0,0,0,0,0,0,0,0,0,0,0
2,2025,'081340010',152,  ,KG,0,102,612,0,0,0,0,0,0,0,0,0,0,0,0,0,0,0,0,102,612,0,0,0,0,0,0,0,0,0,0,0,0,0,0,0,0,0,0
2,2025,'081340010',228,  ,KG,0,761,6034,0,0,0,0,0,0,0,0,0,0,0,0,0,68,729,0,50,401,0,84,694,0,259,1969,0,0,0,0,300,2241,0,0,0,0,0,0
2,2025,'081340010',234,  ,KG,0,1194,1547,0,480,785,0,0,0,0,450,333,0,0,0,0,0,0,0,0,0,0,0,0,0,0,0,0,0,0,0,0,0,0,0,0,0,264,429
2,2025,'081340010',246,  ,KG,0,20,354,0,0,0,0,0,0,0,0,0,0,0,0,0,0,0,0,0,0,0,0,0,0,0,0,0,20,354,0,0,0,0,0,0,0,0,0
2,2025,'081340010',302,  ,KG,0,152,1264,0,0,0,0,0,0,0,0,0,0,0,0,0,0,0,0,0,0,0,0,0,0,0,0,0,118,878,0,34,386,0,0,0,0,0,0
2,2025,'081340010',304,  ,KG,0,4468,17450,0,544,1869,0,0,0,0,453,2103,0,1179,3841,0,34,380,0,0,0,0,0,0,0,0,0,0,0,0,0,45,537,0,907,4249,0,1306,4471
2,2025,'081340010',305,  ,KG,0,20,290,0,0,0,0,0,0,0,0,0,0,0,0,0,20,290,0,0,0,0,0,0,0,0,0,0,0,0,0,0,0,0,0,0,0,0,0
2,2025,'081340010',407,  ,KG,0,96,257,0,0,0,0,0,0,0,96,257,0,0,0,0,0,0,0,0,0,0,0,0,0,0,0,0,0,0,0,0,0,0,0,0,0,0,0
2,2025,'081340010',409,  ,KG,0,875,10053,0,340,4057,0,0,0,0,173,1953,0,173,1918,0,0,0,0,0,0,0,189,2125,0,0,0,0,0,0,0,0,0,0,0,0,0,0,0
2,2025,'081340010',546,  ,KG,0,290,974,0,0,0,0,150,511,0,0,0,0,0,0,0,0,0,0,0,0,0,0,0,0,0,0,0,70,257,0,0,0,0,70,206,0,0,0
2,2025,'081340010',606,  ,KG,0,249,2583,0,0,0,0,0,0,0,0,0,0,0,0,0,14,335,0,57,540,0,0,0,0,30,291,0,80,728,0,32,314,0,0,0,0,36,375
2,2025,'081340021',105,  ,KG,0,189,1808,0,0,0,0,0,0,0,0,0,0,51,497,0,0,0,0,0,0,0,0,0,0,0,0,0,138,1311,0,0,0,0,0,0,0,0,0
2,2025,'081340021',110,  ,KG,0,46925,64309,0,0,0,0,0,0,0,9387,13237,0,5480,7493,0,200,404,0,2250,2728,0,1500,1879,0,2076,2604,0,15392,20139,0,2755,4482,0,4705,6930,0,3180,4413
2,2025,'081340021',111,  ,KG,0,9196,16663,0,710,930,0,0,0,0,1280,1596,0,0,0,0,430,517,0,2710,4431,0,406,750,0,0,0,0,1715,3672,0,1135,2716,0,0,0,0,810,2051
2,2025,'081340021',606,  ,KG,0,40,521,0,0,0,0,0,0,0,40,521,0,0,0,0,0,0,0,0,0,0,0,0,0,0,0,0,0,0,0,0,0,0,0,0,0,0,0
2,2025,'081340022',103,  ,KG,0,84441,156289,0,13976,26378,0,0,0,0,9631,17960,0,7207,13450,0,14541,27050,0,5409,10160,0,9884,18257,0,0,0,0,5814,10267,0,7395,13664,0,10584,19103,0,0,0
2,2025,'081340022',105,  ,KG,0,400211,220988,0,72911,35376,0,50764,26429,0,21908,11656,0,8720,3678,0,11074,5085,0,6806,3464,0,31404,22714,0,5062,2668,0,33753,21574,0,42315,23554,0,57209,31305,0,58285,33485
2,2025,'081340022',234,  ,KG,0,2500,3700,0,0,0,0,0,0,0,0,0,0,0,0,0,0,0,0,0,0,0,0,0,0,0,0,0,2500,3700,0,0,0,0,0,0,0,0,0
2,2025,'081340029',103,  ,KG,0,3299,29610,0,425,4537,0,75,483,0,310,2285,0,490,4025,0,160,993,0,187,1541,0,626,4392,0,0,0,0,482,3894,0,190,3334,0,0,0,0,354,4126
2,2025,'081340029',105,  ,KG,0,1570462,1657487,0,143494,225337,0,119749,94327,0,192755,111438,0,235360,232726,0,98783,88581,0,155889,168902,0,77512,96974,0,45494,79069,0,139491,153664,0,83648,111313,0,107322,123163,0,170965,171993
2,2025,'081340029',106,  ,KG,0,80,542,0,0,0,0,0,0,0,0,0,0,0,0,0,0,0,0,0,0,0,0,0,0,0,0,0,0,0,0,80,542,0,0,0,0,0,0
2,2025,'081340029',110,  ,KG,0,3401,10153,0,0,0,0,0,0,0,753,5076,0,0,0,0,0,0,0,0,0,0,48,332,0,0,0,0,0,0,0,2600,4745,0,0,0,0,0,0
2,2025,'081340029',111,  ,KG,0,53664,50194,0,4405,3169,0,2235,3873,0,0,0,0,18319,16322,0,2381,3531,0,5991,4206,0,2316,2608,0,9237,8945,0,4955,3810,0,1816,1500,0,0,0,0,2009,2230
2,2025,'081340029',113,  ,KG,0,35,214,0,0,0,0,0,0,0,0,0,0,0,0,0,0,0,0,0,0,0,35,214,0,0,0,0,0,0,0,0,0,0,0,0,0,0,0
2,2025,'081340029',118,  ,KG,0,416,649,0,0,0,0,0,0,0,0,0,0,0,0,0,0,0,0,0,0,0,0,0,0,216,328,0,0,0,0,0,0,0,0,0,0,200,321
2,2025,'081340029',123,  ,KG,0,1200,449,0,0,0,0,500,202,0,0,0,0,0,0,0,0,0,0,0,0,0,0,0,0,0,0,0,0,0,0,0,0,0,700,247,0,0,0
2,2025,'081340029',124,  ,KG,0,1469,1480,0,0,0,0,0,0,0,0,0,0,279,822,0,1190,658,0,0,0,0,0,0,0,0,0,0,0,0,0,0,0,0,0,0,0,0,0
2,2025,'081340029',125,  ,KG,0,4192,1809,0,0,0,0,0,0,0,729,351,0,0,0,0,0,0,0,0,0,0,924,304,0,865,391,0,0,0,0,1091,390,0,0,0,0,583,373
2,2025,'081340029',127,  ,KG,0,985,888,0,487,452,0,0,0,0,0,0,0,0,0,0,498,436,0,0,0,0,0,0,0,0,0,0,0,0,0,0,0,0,0,0,0,0,0
2,2025,'081340029',133,  ,KG,0,1394,753,0,0,0,0,0,0,0,0,0,0,0,0,0,1394,753,0,0,0,0,0,0,0,0,0,0,0,0,0,0,0,0,0,0,0,0,0
2,2025,'081340029',144,  ,KG,0,849,1880,0,0,0,0,0,0,0,0,0,0,0,0,0,0,0,0,0,0,0,0,0,0,849,1880,0,0,0,0,0,0,0,0,0,0,0,0
2,2025,'081340029',152,  ,KG,0,68,295,0,0,0,0,0,0,0,0,0,0,0,0,0,0,0,0,68,295,0,0,0,0,0,0,0,0,0,0,0,0,0,0,0,0,0,0
2,2025,'081340029',210,  ,KG,0,14808,245367,0,2250,41681,0,2754,45230,0,0,0,0,2250,41681,0,0,0,0,2250,41681,0,2206,32494,0,970,15052,0,0,0,0,756,5832,0,1260,20144,0,112,1572
2,2025,'081340029',213,  ,KG,0,25304,149046,0,2520,17608,0,1264,8463,0,3784,20691,0,0,0,0,2520,13754,0,0,0,0,5040,28940,0,2520,14567,0,2520,14506,0,2616,15620,0,2520,14897,0,0,0
2,2025,'081340029',225,  ,KG,0,308,1161,0,0,0,0,0,0,0,0,0,0,0,0,0,0,0,0,0,0,0,108,388,0,0,0,0,0,0,0,0,0,0,0,0,0,200,773
2,2025,'081340029',227,  ,KG,0,271,1283,0,0,0,0,0,0,0,0,0,0,181,819,0,0,0,0,0,0,0,0,0,0,0,0,0,0,0,0,0,0,0,0,0,0,90,464
2,2025,'081340029',231,  ,KG,0,400,1663,0,0,0,0,0,0,0,0,0,0,0,0,0,400,1663,0,0,0,0,0,0,0,0,0,0,0,0,0,0,0,0,0,0,0,0,0
2,2025,'081340029',232,  ,KG,0,10000,14930,0,0,0,0,0,0,0,10000,14930,0,0,0,0,0,0,0,0,0,0,0,0,0,0,0,0,0,0,0,0,0,0,0,0,0,0,0
2,2025,'081340029',234,  ,KG,0,1883,6344,0,0,0,0,56,481,0,0,0,0,0,0,0,1002,2473,0,0,0,0,0,0,0,0,0,0,0,0,0,0,0,0,825,3390,0,0,0
2,2025,'081340029',304,  ,KG,0,1133,2735,0,1133,2735,0,0,0,0,0,0,0,0,0,0,0,0,0,0,0,0,0,0,0,0,0,0,0,0,0,0,0,0,0,0,0,0,0
2,2025,'081340029',401,  ,KG,0,2100,3928,0,2100,3928,0,0,0,0,0,0,0,0,0,0,0,0,0,0,0,0,0,0,0,0,0,0,0,0,0,0,0,0,0,0,0,0,0
2,2025,'081340029',407,  ,KG,0,12880,24623,0,1575,3878,0,0,0,0,0,0,0,1795,3997,0,660,1204,0,0,0,0,5350,9252,0,500,1248,0,0,0,0,0,0,0,3000,5044,0,0,0
2,2025,'081340029',409,  ,KG,0,39368,83394,0,3152,13217,0,0,0,0,1136,3844,0,2864,8222,0,0,0,0,1957,5073,0,9583,22788,0,8300,8471,0,2275,6488,0,8300,10976,0,0,0,0,1801,4315
2,2025,'081340029',506,  ,KG,0,2546,17499,0,1256,8780,0,0,0,0,1256,8470,0,0,0,0,0,0,0,0,0,0,34,249,0,0,0,0,0,0,0,0,0,0,0,0,0,0,0
2,2025,'081340029',546,  ,KG,0,325,1007,0,0,0,0,0,0,0,0,0,0,0,0,0,325,1007,0,0,0,0,0,0,0,0,0,0,0,0,0,0,0,0,0,0,0,0,0
2,2025,'081340029',551,  ,KG,0,4555,4843,0,159,243,0,0,0,0,0,0,0,375,371,0,0,0,0,500,387,0,0,0,0,198,412,0,925,1084,0,2200,1904,0,0,0,0,198,442
2,2025,'081340029',552,  ,KG,0,200,395,0,200,395,0,0,0,0,0,0,0,0,0,0,0,0,0,0,0,0,0,0,0,0,0,0,0,0,0,0,0,0,0,0,0,0,0
2,2025,'081340029',606,  ,KG,0,847,5666,0,0,0,0,0,0,0,0,0,0,0,0,0,30,305,0,0,0,0,785,4863,0,0,0,0,0,0,0,0,0,0,17,202,0,15,296
2,2025,'081350010',144,  ,KG,0,127,504,0,0,0,0,0,0,0,0,0,0,0,0,0,127,504,0,0,0,0,0,0,0,0,0,0,0,0,0,0,0,0,0,0,0,0,0
2,2025,'081350010',246,  ,KG,0,60,709,0,0,0,0,0,0,0,0,0,0,0,0,0,0,0,0,0,0,0,0,0,0,0,0,0,60,709,0,0,0,0,0,0,0,0,0
2,2025,'081350090',103,  ,KG,0,1060,6080,0,0,0,0,0,0,0,215,1142,0,0,0,0,215,1094,0,0,0,0,215,1270,0,0,0,0,0,0,0,215,1280,0,0,0,0,200,1294
2,2025,'081350090',105,  ,KG,0,9011,26609,0,400,2079,0,0,0,0,180,1041,0,2988,6499,0,90,662,0,500,2394,0,0,0,0,690,3656,0,814,1268,0,644,3329,0,700,3584,0,2005,2097
2,2025,'081350090',111,  ,KG,0,57,260,0,0,0,0,0,0,0,0,0,0,0,0,0,57,260,0,0,0,0,0,0,0,0,0,0,0,0,0,0,0,0,0,0,0,0,0
2,2025,'081350090',234,  ,KG,0,1890,1828,0,0,0,0,0,0,0,0,0,0,0,0,0,0,0,0,0,0,0,0,0,0,0,0,0,0,0,0,0,0,0,1890,1828,0,0,0
2,2025,'081350090',238,  ,KG,0,288,2110,0,0,0,0,0,0,0,0,0,0,0,0,0,0,0,0,0,0,0,0,0,0,0,0,0,0,0,0,0,0,0,288,2110,0,0,0
2,2025,'081350090',304,  ,KG,0,2474,5269,0,0,0,0,557,969,0,299,1104,0,204,644,0,0,0,0,0,0,0,557,907,0,0,0,0,0,0,0,95,302,0,0,0,0,762,1343
2,2025,'081350090',409,  ,KG,0,1668,19418,0,734,8763,0,0,0,0,336,3791,0,336,3723,0,0,0,0,0,0,0,262,3141,0,0,0,0,0,0,0,0,0,0,0,0,0,0,0
2,2025,'081400000',103,  ,KG,0,31680,32477,0,0,0,0,0,0,0,0,0,0,0,0,0,0,0,0,0,0,0,0,0,0,0,0,0,0,0,0,0,0,0,0,0,0,31680,32477
2,2025,'081400000',105,  ,KG,0,618157,354713,0,103543,56950,0,26542,16622,0,61586,35489,0,63769,28501,0,72665,28753,0,58490,27130,0,12828,11503,0,69427,46856,0,16429,12544,0,83173,52573,0,25019,17278,0,24686,20514
2,2025,'081400000',122,  ,KG,0,3465,2656,0,0,0,0,0,0,0,0,0,0,0,0,0,0,0,0,3465,2656,0,0,0,0,0,0,0,0,0,0,0,0,0,0,0,0,0,0
2,2025,'081400000',123,  ,KG,0,500,599,0,0,0,0,0,0,0,0,0,0,500,599,0,0,0,0,0,0,0,0,0,0,0,0,0,0,0,0,0,0,0,0,0,0,0,0
2,2025,'081400000',131,  ,KG,0,30,218,0,0,0,0,0,0,0,0,0,0,30,218,0,0,0,0,0,0,0,0,0,0,0,0,0,0,0,0,0,0,0,0,0,0,0,0
2,2025,'081400000',218,  ,KG,0,769917,512270,0,1689,2960,0,3200,4803,0,48272,30107,0,87157,48518,0,87993,53557,0,211567,150666,0,26021,16482,0,12415,12759,0,173601,108812,0,27130,23105,0,90672,60060,0,200,441
2,2025,'081400000',220,  ,KG,0,30526,22243,0,0,0,0,0,0,0,70,1033,0,0,0,0,5400,3047,0,0,0,0,0,0,0,11400,9386,0,3129,2978,0,0,0,0,0,0,0,10527,5799
2,2025,'081400000',234,  ,KG,0,38020,12318,0,1800,1594,0,0,0,0,0,0,0,0,0,0,0,0,0,150,482,0,0,0,0,20700,7507,0,15370,2735,0,0,0,0,0,0,0,0,0
2,2025,'081400000',304,  ,KG,0,154986,144401,0,9715,5745,0,0,0,0,4767,15497,0,5715,3301,0,114961,94554,0,0,0,0,0,0,0,2857,1612,0,113,303,0,16768,23013,0,90,376,0,0,0
2,2025,'081400000',409,  ,KG,0,351844,259999,0,103518,84997,0,3834,2493,0,0,0,0,0,0,0,0,0,0,0,0,0,0,0,0,0,0,0,31433,20879,0,84658,56812,0,69041,51179,0,59360,43639
2,2025,'081400000',411,  ,KG,0,9483,12207,0,0,0,0,188,231,0,1980,2598,0,0,0,0,3315,3761,0,0,0,0,0,0,0,600,786,0,3000,4299,0,200,266,0,200,266,0,0,0
2,2025,'081400000',501,  ,KG,0,39980,14002,0,0,0,0,0,0,0,37800,8861,0,0,0,0,0,0,0,344,841,0,400,590,0,344,866,0,0,0,0,0,0,0,748,1924,0,344,920
2,2025,'081400000',504,  ,KG,0,1092,2561,0,0,0,0,0,0,0,0,0,0,1092,2561,0,0,0,0,0,0,0,0,0,0,0,0,0,0,0,0,0,0,0,0,0,0,0,0
2,2025,'081400000',517,  ,KG,0,288,281,0,0,0,0,0,0,0,0,0,0,0,0,0,0,0,0,0,0,0,0,0,0,0,0,0,288,281,0,0,0,0,0,0,0,0,0
2,2025,'081400000',543,  ,KG,0,400,561,0,0,0,0,0,0,0,0,0,0,0,0,0,0,0,0,0,0,0,0,0,0,0,0,0,400,561,0,0,0,0,0,0,0,0,0
2,2025,'081400000',551,  ,KG,0,246964,141413,0,41737,25878,0,68200,34835,0,0,0,0,2140,691,0,0,0,0,0,0,0,0,0,0,11200,6774,0,9598,7114,0,32000,18890,0,5920,6787,0,76169,40444
2,2025,'081400000',601,  ,KG,0,57888,32123,0,14496,7887,0,14400,7745,0,0,0,0,0,0,0,0,0,0,0,0,0,0,0,0,0,0,0,0,0,0,0,0,0,28992,16491,0,0,0
2,2025,'081400000',606,  ,KG,0,74004,54703,0,0,0,0,0,0,0,0,0,0,0,0,0,0,0,0,0,0,0,0,0,0,23268,16920,0,0,0,0,50736,37783,0,0,0,0,0,0
2,2025,'090111000',103,  ,KG,0,200,764,0,0,0,0,0,0,0,100,372,0,0,0,0,0,0,0,0,0,0,0,0,0,0,0,0,0,0,0,0,0,0,0,0,0,100,392
2,2025,'090111000',105,  ,KG,0,242240,201085,0,6100,7996,0,0,0,0,40000,40246,0,0,0,0,180000,118591,0,0,0,0,780,4680,0,15000,28808,0,0,0,0,0,0,0,360,764,0,0,0
2,2025,'090111000',106,  ,KG,0,404,5694,0,48,1040,0,0,0,0,0,0,0,0,0,0,0,0,0,0,0,0,23,345,0,73,813,0,0,0,0,46,524,0,214,2972,0,0,0
2,2025,'090111000',110,  ,KG,0,88149982,71721044,0,8944501,7350032,0,6509414,5260218,0,8673572,7271720,0,9509643,7882661,0,7962184,6466690,0,9373842,7875356,0,8089355,6788690,0,6107059,4786084,0,6577281,4980067,0,6774986,5436007,0,4292384,3562297,0,5335761,4061222
2,2025,'090111000',111,  ,KG,0,81844,129525,0,900,1070,0,0,0,0,1180,1370,0,0,0,0,990,1095,0,6991,10176,0,500,1089,0,42080,63356,0,12763,21144,0,1225,5035,0,14215,23944,0,1000,1246
2,2025,'090111000',113,  ,KG,0,479,1515,0,0,0,0,0,0,0,0,0,0,0,0,0,0,0,0,0,0,0,479,1515,0,0,0,0,0,0,0,0,0,0,0,0,0,0,0
2,2025,'090111000',117,  ,KG,0,3577,8544,0,240,852,0,0,0,0,0,0,0,0,0,0,0,0,0,0,0,0,3227,7108,0,100,352,0,0,0,0,0,0,0,10,232,0,0,0
2,2025,'090111000',118,  ,KG,0,9352820,9919582,0,586313,645402,0,627151,661566,0,1106851,1224169,0,1070827,1118661,0,871518,871136,0,882183,839563,0,511681,485744,0,821253,851983,0,827995,970449,0,876964,963681,0,378787,472379,0,791297,814849
2,2025,'090111000',121,  ,KG,0,1240457,1295777,0,118239,113766,0,98355,101993,0,115731,135017,0,246055,250860,0,38956,45426,0,390643,417827,0,40000,44820,0,57847,56923,0,18107,20081,0,0,0,0,0,0,0,116524,109064
2,2025,'090111000',122,  ,KG,0,35360,51640,0,0,0,0,0,0,0,0,0,0,9720,14224,0,2000,1172,0,0,0,0,500,730,0,12656,19084,0,480,900,0,4245,7311,0,5759,8219,0,0,0
2,2025,'090111000',123,  ,KG,0,275440,309346,0,11921,12910,0,0,0,0,100,418,0,102736,87128,0,18967,25054,0,12793,15985,0,18623,14892,0,9940,13942,0,49944,63465,0,30874,48154,0,19242,26871,0,300,527
2,2025,'090111000',125,  ,KG,0,100,267,0,0,0,0,0,0,0,0,0,0,0,0,0,100,267,0,0,0,0,0,0,0,0,0,0,0,0,0,0,0,0,0,0,0,0,0
2,2025,'090111000',128,  ,KG,0,292739,331433,0,18448,24067,0,86995,91900,0,10919,11390,0,0,0,0,25327,26150,0,0,0,0,0,0,0,0,0,0,19063,24558,0,18069,18054,0,36207,42302,0,77711,93012
2,2025,'090111000',131,  ,KG,0,15232,29192,0,1586,2399,0,0,0,0,710,983,0,1000,942,0,600,610,0,4710,12495,0,1700,2610,0,0,0,0,1815,3527,0,1600,1755,0,1020,2834,0,491,1037
2,2025,'090111000',147,  ,KG,0,26400,34929,0,0,0,0,0,0,0,0,0,0,0,0,0,0,0,0,3000,3710,0,14400,19235,0,0,0,0,0,0,0,0,0,0,9000,11984,0,0,0
2,2025,'090111000',149,  ,KG,0,113477,226235,0,4239,9223,0,4826,10986,0,0,0,0,11987,21023,0,3947,10195,0,6390,10381,0,49582,77963,0,14518,38530,0,0,0,0,624,925,0,0,0,0,17364,47009
2,2025,'090111000',220,  ,KG,0,5400,7335,0,0,0,0,3600,4239,0,0,0,0,0,0,0,0,0,0,0,0,0,0,0,0,0,0,0,0,0,0,0,0,0,0,0,0,1800,3096
2,2025,'090111000',304,  ,KG,0,46687,408369,0,0,0,0,15679,148526,0,822,10009,0,0,0,0,5422,45973,0,3765,29987,0,600,1214,0,17532,150444,0,635,6620,0,736,2713,0,0,0,0,1496,12883
2,2025,'090111000',305,  ,KG,0,813554,1133936,0,45874,52358,0,8096,7793,0,2844,13157,0,17123,19745,0,21133,28848,0,121645,155750,0,182825,239598,0,35093,46629,0,211778,291734,0,134678,221535,0,25886,43682,0,6579,13107
2,2025,'090111000',306,  ,KG,0,19623615,24285777,0,172015,215465,0,141917,145006,0,1909506,2147590,0,2695547,3144430,0,1395004,1677557,0,2735108,3382361,0,2035984,2531073,0,3817684,5019004,0,2672899,3420447,0,1599716,1950021,0,223461,320834,0,224774,331989
2,2025,'090111000',307,  ,KG,0,7186640,8516232,0,154165,153150,0,151147,137578,0,281195,250144,0,484993,456308,0,623324,631962,0,950834,1142805,0,856247,1120592,0,1451290,1806857,0,1234923,1537551,0,639471,791191,0,300298,416712,0,58753,71382
2,2025,'090111000',309,  ,KG,0,1002440,1159007,0,23719,35913,0,35404,49503,0,52125,45184,0,71189,59852,0,76244,71621,0,17349,12885,0,99168,101649,0,179028,251433,0,219365,258771,0,147880,148865,0,27826,50334,0,53143,72997
2,2025,'090111000',310,  ,KG,0,943181,1211252,0,0,0,0,0,0,0,36324,42264,0,29976,36046,0,76212,86078,0,118068,139109,0,60363,76599,0,275883,340526,0,130195,185750,0,200299,274817,0,14122,26137,0,1739,3926
2,2025,'090111000',311,  ,KG,0,1557011,2028658,0,36648,35832,0,36052,47691,0,79035,74520,0,209217,208736,0,210531,205087,0,66778,69263,0,168132,229785,0,310070,421064,0,121461,209667,0,164274,287016,0,78604,114629,0,76209,125368
2,2025,'090111000',312,  ,KG,0,119591,695350,0,269,5642,0,639,6627,0,178,1032,0,94,2830,0,993,8316,0,12525,101617,0,25360,128377,0,47003,218532,0,27672,180226,0,4261,17206,0,149,12846,0,448,12099
2,2025,'090111000',316,  ,KG,0,288279,1576818,0,10230,48439,0,16025,83771,0,17487,80943,0,60,382,0,31857,144439,0,54675,251906,0,44738,220918,0,17145,253580,0,63683,316248,0,13132,67371,0,16004,87434,0,3243,21387
2,2025,'090111000',322,  ,KG,0,12704,27490,0,2160,4759,0,0,0,0,0,0,0,0,0,0,0,0,0,7784,16774,0,0,0,0,2760,5957,0,0,0,0,0,0,0,0,0,0,0,0
2,2025,'090111000',323,  ,KG,0,144769,205181,0,18028,18929,0,0,0,0,0,0,0,0,0,0,55958,70448,0,0,0,0,5028,6420,0,51001,79977,0,0,0,0,13500,26308,0,0,0,0,1254,3099
2,2025,'090111000',401,  ,KG,0,37530879,45085754,0,2061430,2120374,0,2484551,2520339,0,4144953,4608801,0,2610732,3140701,0,3120806,3953437,0,2779369,3388351,0,2570515,3288794,0,4187485,5187605,0,4259181,4796247,0,2977275,3311429,0,2564605,3376658,0,3769977,5393018
2,2025,'090111000',402,  ,KG,0,18985,31437,0,0,0,0,0,0,0,0,0,0,0,0,0,0,0,0,7016,13954,0,0,0,0,0,0,0,0,0,0,0,0,0,0,0,0,11969,17483
2,2025,'090111000',406,  ,KG,0,80452,166683,0,20008,36038,0,37539,63114,0,179,1202,0,0,0,0,278,1480,0,300,1965,0,200,753,0,520,5506,0,292,1692,0,18075,36526,0,49,201,0,3012,18206
2,2025,'090111000',407,  ,KG,0,4748195,5318511,0,1034600,1029365,0,1610541,1588968,0,142054,184643,0,36651,52594,0,80867,91851,0,59411,71230,0,108934,143776,0,79027,97842,0,173681,213869,0,315664,384831,0,613396,830273,0,493369,629269
2,2025,'090111000',408,  ,KG,0,75194,109757,0,5760,10756,0,38526,42078,0,16859,25012,0,0,0,0,1951,2866,0,5515,18310,0,0,0,0,0,0,0,0,0,0,6583,10735,0,0,0,0,0,0
2,2025,'090111000',410,  ,KG,0,145686422,142551664,0,11235556,8810949,0,10932294,9003349,0,11517845,10120608,0,13096704,11724761,0,14116468,13614934,0,13267220,13347821,0,10259441,11173663,0,9236982,9570100,0,11156890,11809126,0,14463646,14359083,0,11133358,11761228,0,15270018,17256042
2,2025,'090111000',523,  ,KG,0,39,608,0,0,0,0,0,0,0,0,0,0,0,0,0,0,0,0,0,0,0,0,0,0,0,0,0,0,0,0,0,0,0,0,0,0,39,608
2,2025,'090111000',526,  ,KG,0,299955,417858,0,23830,31446,0,0,0,0,44609,59281,0,11610,21031,0,840,1255,0,1799,2639,0,0,0,0,900,1315,0,900,1493,0,14344,18608,0,63487,86568,0,137636,194222
2,2025,'090111000',527,  ,KG,0,6121,6825,0,0,0,0,0,0,0,0,0,0,0,0,0,0,0,0,0,0,0,0,0,0,0,0,0,0,0,0,6121,6825,0,0,0,0,0,0
2,2025,'090111000',533,  ,KG,0,153654,227285,0,38517,54458,0,19146,24393,0,0,0,0,19238,23650,0,0,0,0,0,0,0,0,0,0,0,0,0,19228,29486,0,0,0,0,57525,95298,0,0,0
2,2025,'090111000',534,  ,KG,0,367539,398919,0,25458,31333,0,62892,65754,0,0,0,0,113443,120900,0,57578,60613,0,43413,49362,0,43530,44168,0,0,0,0,21225,26789,0,0,0,0,0,0,0,0,0
2,2025,'090111000',537,  ,KG,0,98,2095,0,0,0,0,0,0,0,0,0,0,0,0,0,0,0,0,0,0,0,0,0,0,0,0,0,98,2095,0,0,0,0,0,0,0,0,0
2,2025,'090111000',538,  ,KG,0,14756008,15608727,0,1793204,1435904,0,1009434,752317,0,359625,309373,0,179263,165257,0,897297,1029617,0,1519432,1609378,0,2226153,2437435,0,2244063,2497088,0,1325664,1572421,0,1853520,2227200,0,808909,951434,0,539444,621303
2,2025,'090111000',541,  ,KG,0,1268207,1724814,0,1980,3094,0,58856,72462,0,74787,102943,0,75410,92552,0,87651,138725,0,324203,433709,0,250076,343805,0,203245,265388,0,24292,32505,0,99195,136022,0,65073,96410,0,3439,7199
2,2025,'090111000',542,  ,KG,0,4236412,3984092,0,380946,381590,0,626764,603258,0,93562,122302,0,398832,366099,0,728056,657958,0,267366,307055,0,295797,320470,0,478780,437227,0,101359,85409,0,672680,569001,0,86122,56304,0,106148,77419
2,2025,'090111000',543,  ,KG,0,11623044,13196751,0,1378596,1350237,0,2163403,2281023,0,884548,998723,0,1966415,2226244,0,2137026,2415978,0,957953,1128380,0,338447,414167,0,95864,115030,0,40628,49920,0,128805,159077,0,546468,712934,0,984891,1345038
2,2025,'090111000',546,  ,KG,0,120,362,0,120,362,0,0,0,0,0,0,0,0,0,0,0,0,0,0,0,0,0,0,0,0,0,0,0,0,0,0,0,0,0,0,0,0,0
2,2025,'090111000',553,  ,KG,0,27853,33670,0,0,0,0,19158,22927,0,0,0,0,8695,10743,0,0,0,0,0,0,0,0,0,0,0,0,0,0,0,0,0,0,0,0,0,0,0,0
2,2025,'090111000',554,  ,KG,0,54366,75114,0,0,0,0,0,0,0,18145,22875,0,0,0,0,0,0,0,0,0,0,0,0,0,18107,26088,0,18114,26151,0,0,0,0,0,0,0,0,0
2,2025,'090111000',601,  ,KG,0,700,2007,0,0,0,0,0,0,0,0,0,0,0,0,0,0,0,0,0,0,0,0,0,0,500,1646,0,200,361,0,0,0,0,0,0,0,0,0
2,2025,'090111000',602,  ,KG,0,1925476,2089486,0,106131,93462,0,157440,140753,0,151565,153220,0,97784,104561,0,93900,108799,0,34336,41106,0,52250,65767,0,111400,106425,0,197709,209027,0,357046,374779,0,157456,186066,0,408459,505521
2,2025,'090111000',618,  ,KG,0,15,402,0,0,0,0,15,402,0,0,0,0,0,0,0,0,0,0,0,0,0,0,0,0,0,0,0,0,0,0,0,0,0,0,0,0,0,0
2,2025,'090112000',108,  ,KG,0,840,3005,0,0,0,0,0,0,0,0,0,0,0,0,0,0,0,0,0,0,0,0,0,0,540,1970,0,300,1035,0,0,0,0,0,0,0,0,0
2,2025,'090112000',110,  ,KG,0,1847968,2168734,0,254388,290447,0,19800,20550,0,238700,260490,0,0,0,0,645983,756081,0,13200,15294,0,210318,223283,0,173573,215757,0,72600,69909,0,81906,115601,0,114400,164693,0,23100,36629
2,2025,'090112000',118,  ,KG,0,32227,58478,0,2758,4811,0,0,0,0,0,0,0,0,0,0,5520,10780,0,0,0,0,6947,14218,0,0,0,0,2750,6109,0,0,0,0,14252,22560,0,0,0
2,2025,'090112000',213,  ,KG,0,528550,519357,0,94622,96772,0,80407,81457,0,19958,19362,0,0,0,0,40476,38129,0,57641,53917,0,37442,35148,0,40347,38741,0,56507,54178,0,84037,81109,0,17113,20544,0,0,0
2,2025,'090112000',302,  ,KG,0,1316,3294,0,0,0,0,0,0,0,0,0,0,0,0,0,600,2017,0,716,1277,0,0,0,0,0,0,0,0,0,0,0,0,0,0,0,0,0,0
2,2025,'090112000',305,  ,KG,0,290758,473094,0,18081,25160,0,65173,89475,0,0,0,0,16251,22231,0,10200,14750,0,0,0,0,10200,15063,0,0,0,0,22189,39896,0,79378,138350,0,67354,124549,0,1932,3620
2,2025,'090112000',306,  ,KG,0,6267,11683,0,0,0,0,295,490,0,0,0,0,2993,5742,0,0,0,0,0,0,0,0,0,0,2979,5451,0,0,0,0,0,0,0,0,0,0,0,0
2,2025,'090112000',307,  ,KG,0,459817,706814,0,97948,131825,0,91188,134348,0,18915,27474,0,41846,66964,0,35932,61829,0,17979,32535,0,17928,27808,0,35981,56614,0,12044,20698,0,54010,87664,0,0,0,0,36046,59055
2,2025,'090112000',310,  ,KG,0,14196,25476,0,995,2436,0,0,0,0,0,0,0,0,0,0,0,0,0,0,0,0,0,0,0,0,0,0,0,0,0,13201,23040,0,0,0,0,0,0
2,2025,'090112000',311,  ,KG,0,8583,12195,0,4293,5947,0,0,0,0,0,0,0,0,0,0,0,0,0,1437,1836,0,1443,1825,0,0,0,0,0,0,0,0,0,0,1410,2587,0,0,0
2,2025,'090112000',401,  ,KG,0,503620,769651,0,85833,104538,0,10529,19879,0,3500,4858,0,33396,51127,0,38359,65669,0,46943,73484,0,25450,35792,0,50924,87864,0,53120,81835,0,75815,115953,0,69581,112081,0,10170,16571
2,2025,'090112000',407,  ,KG,0,6124,10811,0,0,0,0,0,0,0,0,0,0,6005,10579,0,0,0,0,0,0,0,0,0,0,0,0,0,0,0,0,119,232,0,0,0,0,0,0
2,2025,'090112000',410,  ,KG,0,932636,1278007,0,123516,152331,0,50728,59664,0,67592,79756,0,40953,55035,0,43523,45178,0,48203,73799,0,145502,193392,0,60310,94673,0,158318,238570,0,61785,90585,0,95833,142577,0,36373,52447
2,2025,'090112000',534,  ,KG,0,1507,3169,0,0,0,0,0,0,0,0,0,0,0,0,0,0,0,0,0,0,0,0,0,0,0,0,0,0,0,0,1507,3169,0,0,0,0,0,0
2,2025,'090112000',538,  ,KG,0,312850,515126,0,18120,28129,0,4615,6300,0,9026,13145,0,82281,124369,0,12945,22784,0,5377,8771,0,37460,60815,0,0,0,0,18029,30189,0,45432,74102,0,9356,16814,0,70209,129708
2,2025,'090112000',541,  ,KG,0,358,711,0,0,0,0,0,0,0,0,0,0,358,711,0,0,0,0,0,0,0,0,0,0,0,0,0,0,0,0,0,0,0,0,0,0,0,0
2,2025,'090121000',103,  ,KG,0,2334,9355,0,241,315,0,16,317,0,49,749,0,291,606,0,367,1386,0,59,419,0,338,1206,0,67,691,0,153,864,0,326,865,0,350,964,0,77,973
2,2025,'090121000',105,  ,KG,0,5211,11190,0,450,913,0,0,0,0,0,0,0,0,0,0,0,0,0,510,1014,0,0,0,0,0,0,0,2615,6100,0,0,0,0,1104,2121,0,532,1042
2,2025,'090121000',106,  ,KG,0,555,5401,0,0,0,0,0,0,0,112,1487,0,287,1810,0,0,0,0,113,1283,0,0,0,0,0,0,0,17,286,0,26,535,0,0,0,0,0,0
2,2025,'090121000',108,  ,KG,0,431,8533,0,0,0,0,0,0,0,13,239,0,44,782,0,71,1111,0,0,0,0,55,802,0,58,1413,0,54,1610,0,33,1289,0,8,208,0,95,1079
2,2025,'090121000',110,  ,KG,0,1359593,3248370,0,146184,360298,0,81204,194925,0,78781,163418,0,119343,264672,0,85688,201538,0,134236,290698,0,85444,208080,0,111357,257106,0,110590,265897,0,132416,326709,0,116399,305703,0,157951,409326
2,2025,'090121000',111,  ,KG,0,5797,18046,0,448,1255,0,600,1923,0,71,228,0,700,2070,0,1330,4082,0,0,0,0,0,0,0,185,733,0,1107,3697,0,0,0,0,1356,4058,0,0,0
2,2025,'090121000',112,  ,KG,0,34119,198698,0,564,3372,0,4269,12665,0,1345,10552,0,226,537,0,4985,17181,0,1742,9795,0,928,7370,0,797,4690,0,8474,24878,0,7898,87904,0,2043,13689,0,848,6065
2,2025,'090121000',113,  ,KG,0,97,578,0,0,0,0,0,0,0,0,0,0,0,0,0,0,0,0,0,0,0,0,0,0,0,0,0,97,578,0,0,0,0,0,0,0,0,0
2,2025,'090121000',118,  ,KG,0,40609,95593,0,75,479,0,6212,16604,0,2341,5635,0,906,2449,0,3689,11081,0,2080,5600,0,1484,3816,0,3033,7143,0,4512,9270,0,5438,12292,0,7318,13006,0,3521,8218
2,2025,'090121000',122,  ,KG,0,438,764,0,0,0,0,0,0,0,0,0,0,0,0,0,0,0,0,438,764,0,0,0,0,0,0,0,0,0,0,0,0,0,0,0,0,0,0
2,2025,'090121000',123,  ,KG,0,2880,2234,0,0,0,0,0,0,0,0,0,0,0,0,0,0,0,0,0,0,0,0,0,0,0,0,0,0,0,0,0,0,0,2880,2234,0,0,0
2,2025,'090121000',131,  ,KG,0,570,1871,0,0,0,0,0,0,0,0,0,0,170,500,0,100,261,0,0,0,0,0,0,0,100,358,0,0,0,0,100,370,0,0,0,0,100,382
2,2025,'090121000',137,  ,KG,0,2700,7908,0,0,0,0,807,3461,0,612,1565,0,0,0,0,0,0,0,1002,2055,0,0,0,0,279,827,0,0,0,0,0,0,0,0,0,0,0,0
2,2025,'090121000',144,  ,KG,0,287,1216,0,0,0,0,0,0,0,0,0,0,0,0,0,287,1216,0,0,0,0,0,0,0,0,0,0,0,0,0,0,0,0,0,0,0,0,0
2,2025,'090121000',147,  ,KG,0,348,663,0,0,0,0,0,0,0,0,0,0,0,0,0,0,0,0,0,0,0,0,0,0,0,0,0,0,0,0,0,0,0,0,0,0,348,663
2,2025,'090121000',149,  ,KG,0,20,404,0,0,0,0,0,0,0,20,404,0,0,0,0,0,0,0,0,0,0,0,0,0,0,0,0,0,0,0,0,0,0,0,0,0,0,0
2,2025,'090121000',202,  ,KG,0,87,773,0,26,240,0,0,0,0,0,0,0,0,0,0,0,0,0,0,0,0,0,0,0,29,219,0,0,0,0,0,0,0,0,0,0,32,314
2,2025,'090121000',203,  ,KG,0,34500,63074,0,1080,1528,0,300,795,0,4425,7185,0,4536,7938,0,7144,12682,0,7128,12474,0,320,1121,0,0,0,0,7344,14153,0,387,1423,0,1836,3775,0,0,0
2,2025,'090121000',204,  ,KG,0,1692,13345,0,136,1415,0,67,536,0,129,1038,0,49,407,0,276,1802,0,139,1299,0,51,651,0,115,899,0,167,1253,0,75,481,0,207,1465,0,281,2099
2,2025,'090121000',205,  ,KG,0,84511,238779,0,9161,23736,0,3345,9974,0,4540,12435,0,10224,27387,0,3160,8450,0,7640,21351,0,6266,20328,0,9175,24523,0,9149,25903,0,11946,37688,0,8377,21308,0,1528,5696
2,2025,'090121000',207,  ,KG,0,14918,41306,0,7620,17273,0,0,0,0,32,350,0,0,0,0,0,0,0,0,0,0,0,0,0,0,0,0,7200,22728,0,0,0,0,26,552,0,40,403
2,2025,'090121000',208,  ,KG,0,1028,4840,0,0,0,0,0,0,0,453,2101,0,0,0,0,0,0,0,0,0,0,0,0,0,504,2032,0,0,0,0,71,707,0,0,0,0,0,0
2,2025,'090121000',210,  ,KG,0,3518,12575,0,0,0,0,1236,2772,0,400,1790,0,0,0,0,0,0,0,0,0,0,400,1999,0,882,2702,0,400,2189,0,0,0,0,0,0,0,200,1123
2,2025,'090121000',213,  ,KG,0,31886,78906,0,1736,5774,0,576,931,0,1225,2580,0,4172,8919,0,4850,9316,0,3423,8257,0,1447,3550,0,1366,3156,0,1672,4507,0,7087,19734,0,2792,7450,0,1540,4732
2,2025,'090121000',215,  ,KG,0,831739,4575138,0,76750,467915,0,36830,230950,0,45309,274278,0,69972,401348,0,80309,458569,0,83466,452836,0,61177,294334,0,68162,337392,0,81209,444264,0,82587,435363,0,65000,353468,0,80968,424421
2,2025,'090121000',217,  ,KG,0,13848,41921,0,0,0,0,418,1247,0,1209,3240,0,0,0,0,7190,17903,0,0,0,0,0,0,0,0,0,0,5031,19531,0,0,0,0,0,0,0,0,0
2,2025,'090121000',218,  ,KG,0,10173,60277,0,0,0,0,0,0,0,96,223,0,0,0,0,0,0,0,0,0,0,2811,16017,0,1471,8247,0,1470,8714,0,4325,27076,0,0,0,0,0,0
2,2025,'090121000',220,  ,KG,0,563931,1545675,0,49577,122788,0,26113,65186,0,43272,98914,0,75165,196340,0,22603,56562,0,58422,153311,0,20995,56921,0,42190,90546,0,58515,163761,0,47131,152385,0,54177,161383,0,65771,227578
2,2025,'090121000',222,  ,KG,0,3799,14673,0,595,1746,0,0,0,0,0,0,0,372,1285,0,360,1446,0,370,1507,0,345,1440,0,0,0,0,310,1412,0,360,1377,0,735,3112,0,352,1348
2,2025,'090121000',223,  ,KG,0,19569,80879,0,0,0,0,1424,5415,0,0,0,0,1139,5702,0,0,0,0,1709,7803,0,5128,20505,0,177,858,0,4151,16958,0,0,0,0,5841,23638,0,0,0
2,2025,'090121000',234,  ,KG,0,492,1503,0,0,0,0,0,0,0,0,0,0,0,0,0,0,0,0,240,778,0,252,725,0,0,0,0,0,0,0,0,0,0,0,0,0,0,0
2,2025,'090121000',236,  ,KG,0,87,513,0,0,0,0,0,0,0,0,0,0,0,0,0,51,230,0,0,0,0,0,0,0,36,283,0,0,0,0,0,0,0,0,0,0,0,0
2,2025,'090121000',302,  ,KG,0,147089,458070,0,32652,86179,0,0,0,0,10884,27191,0,10884,26421,0,52,306,0,86,678,0,5459,13327,0,5442,18498,0,16326,55512,0,10884,37210,0,0,0,0,54420,192748
2,2025,'090121000',304,  ,KG,0,2347942,5333373,0,226695,420934,0,124086,240187,0,138149,282873,0,145824,313438,0,275716,545175,0,152881,330381,0,173969,413608,0,162193,350108,0,179684,465382,0,246299,636928,0,175124,456344,0,347322,878015
2,2025,'090121000',306,  ,KG,0,24637,61322,0,1750,6775,0,196,899,0,0,0,0,0,0,0,71,321,0,653,2518,0,17056,38598,0,0,0,0,200,776,0,0,0,0,3206,3979,0,1505,7456
2,2025,'090121000',307,  ,KG,0,1552,6549,0,577,4044,0,648,1065,0,0,0,0,0,0,0,0,0,0,0,0,0,0,0,0,0,0,0,200,776,0,127,664,0,0,0,0,0,0
2,2025,'090121000',309,  ,KG,0,50,251,0,0,0,0,0,0,0,0,0,0,0,0,0,0,0,0,0,0,0,0,0,0,0,0,0,50,251,0,0,0,0,0,0,0,0,0
2,2025,'090121000',310,  ,KG,0,134,447,0,0,0,0,0,0,0,0,0,0,134,447,0,0,0,0,0,0,0,0,0,0,0,0,0,0,0,0,0,0,0,0,0,0,0,0
2,2025,'090121000',311,  ,KG,0,34,385,0,0,0,0,0,0,0,34,385,0,0,0,0,0,0,0,0,0,0,0,0,0,0,0,0,0,0,0,0,0,0,0,0,0,0,0
2,2025,'090121000',321,  ,KG,0,65,769,0,0,0,0,0,0,0,36,404,0,0,0,0,0,0,0,0,0,0,0,0,0,0,0,0,0,0,0,0,0,0,29,365,0,0,0
2,2025,'090121000',323,  ,KG,0,2920,2509,0,0,0,0,0,0,0,0,0,0,0,0,0,40,275,0,0,0,0,0,0,0,0,0,0,0,0,0,0,0,0,2880,2234,0,0,0
2,2025,'090121000',401,  ,KG,0,227896,437968,0,3921,10717,0,18539,31841,0,33831,50226,0,8785,14853,0,27569,49606,0,26181,43929,0,965,3160,0,3507,9089,0,7908,16642,0,20456,40818,0,40511,86376,0,35723,80711
2,2025,'090121000',407,  ,KG,0,20947,51505,0,0,0,0,1425,2326,0,110,265,0,0,0,0,1944,3325,0,500,1490,0,0,0,0,1296,2525,0,0,0,0,0,0,0,15672,41574,0,0,0
2,2025,'090121000',410,  ,KG,0,80991,106282,0,17387,15738,0,500,1241,0,9045,11349,0,24774,28124,0,0,0,0,0,0,0,6350,11128,0,0,0,0,12451,22765,0,4486,6361,0,0,0,0,5998,9576
2,2025,'090121000',526,  ,KG,0,333,1158,0,0,0,0,0,0,0,0,0,0,200,493,0,133,665,0,0,0,0,0,0,0,0,0,0,0,0,0,0,0,0,0,0,0,0,0
2,2025,'090121000',538,  ,KG,0,11199,17831,0,0,0,0,25,299,0,36,407,0,0,0,0,0,0,0,154,631,0,36,426,0,0,0,0,98,382,0,4495,6244,0,5760,4469,0,595,4973
2,2025,'090121000',541,  ,KG,0,3434,3931,0,0,0,0,0,0,0,34,385,0,100,228,0,0,0,0,96,242,0,0,0,0,0,0,0,96,250,0,108,280,0,2880,2234,0,120,312
2,2025,'090121000',542,  ,KG,0,91,350,0,0,0,0,0,0,0,0,0,0,0,0,0,0,0,0,91,350,0,0,0,0,0,0,0,0,0,0,0,0,0,0,0,0,0,0
2,2025,'090121000',543,  ,KG,0,38425,81614,0,0,0,0,32854,65230,0,5571,16384,0,0,0,0,0,0,0,0,0,0,0,0,0,0,0,0,0,0,0,0,0,0,0,0,0,0,0
2,2025,'090121000',601,  ,KG,0,10509,44884,0,1037,3152,0,831,2372,0,100,319,0,936,2565,0,922,3162,0,215,571,0,1039,3585,0,0,0,0,3965,23356,0,218,1373,0,972,3321,0,274,1108
2,2025,'090121000',602,  ,KG,0,47,564,0,0,0,0,0,0,0,27,311,0,0,0,0,0,0,0,0,0,0,0,0,0,0,0,0,0,0,0,0,0,0,20,253,0,0,0
2,2025,'090121000',611,  ,KG,0,172,798,0,0,0,0,0,0,0,0,0,0,0,0,0,0,0,0,0,0,0,172,798,0,0,0,0,0,0,0,0,0,0,0,0,0,0,0
2,2025,'090121000',612,  ,KG,0,194,925,0,0,0,0,0,0,0,0,0,0,0,0,0,0,0,0,0,0,0,146,661,0,0,0,0,0,0,0,0,0,0,48,264,0,0,0
2,2025,'090122000',110,  ,KG,0,39354,75083,0,2461,4023,0,2578,4428,0,3381,5565,0,2293,3805,0,2547,3786,0,4179,6234,0,0,0,0,4577,11435,0,2951,4580,0,9405,20276,0,340,1200,0,4642,9751
2,2025,'090122000',112,  ,KG,0,820,7684,0,0,0,0,0,0,0,50,282,0,0,0,0,110,747,0,0,0,0,50,290,0,0,0,0,0,0,0,542,5962,0,68,403,0,0,0
2,2025,'090122000',213,  ,KG,0,1728,4142,0,0,0,0,288,611,0,288,615,0,0,0,0,288,665,0,0,0,0,288,703,0,0,0,0,0,0,0,288,768,0,288,780,0,0,0
2,2025,'090122000',215,  ,KG,0,91647,512797,0,7183,42102,0,3536,21501,0,4574,25900,0,5823,37091,0,6838,38864,0,11304,60794,0,7352,36890,0,7749,40344,0,9253,52137,0,9243,51695,0,7998,44490,0,10794,60989
2,2025,'090122000',218,  ,KG,0,38823,128601,0,3306,10324,0,3121,9262,0,2754,7356,0,4625,14690,0,1193,3509,0,3592,11927,0,1145,3919,0,5619,18499,0,1338,4768,0,5729,20897,0,2873,12967,0,3528,10483
2,2025,'090122000',220,  ,KG,0,25651,67197,0,1181,4388,0,2638,5576,0,2857,7492,0,3201,6494,0,708,3082,0,1358,3642,0,1435,5114,0,2320,3833,0,4817,12887,0,939,4238,0,2270,3144,0,1927,7307
2,2025,'090122000',222,  ,KG,0,45,206,0,45,206,0,0,0,0,0,0,0,0,0,0,0,0,0,0,0,0,0,0,0,0,0,0,0,0,0,0,0,0,0,0,0,0,0
2,2025,'090122000',304,  ,KG,0,150030,304714,0,12410,23052,0,17848,32702,0,9335,16895,0,6516,14104,0,5770,10214,0,10763,22625,0,6904,13934,0,14915,31871,0,6452,14318,0,13256,28450,0,22073,43032,0,23788,53517
2,2025,'090122000',305,  ,KG,0,1620,3711,0,0,0,0,972,2189,0,0,0,0,0,0,0,0,0,0,0,0,0,648,1522,0,0,0,0,0,0,0,0,0,0,0,0,0,0,0
2,2025,'090122000',401,  ,KG,0,165,722,0,0,0,0,55,240,0,0,0,0,0,0,0,55,227,0,0,0,0,0,0,0,0,0,0,0,0,0,55,255,0,0,0,0,0,0
2,2025,'090122000',407,  ,KG,0,324,904,0,0,0,0,0,0,0,0,0,0,0,0,0,0,0,0,0,0,0,0,0,0,324,904,0,0,0,0,0,0,0,0,0,0,0,0
2,2025,'090122000',538,  ,KG,0,27,311,0,0,0,0,0,0,0,27,311,0,0,0,0,0,0,0,0,0,0,0,0,0,0,0,0,0,0,0,0,0,0,0,0,0,0,0
2,2025,'090190100',110,  ,KG,0,84430,2225,0,0,0,0,0,0,0,61430,1669,0,0,0,0,0,0,0,23000,556,0,0,0,0,0,0,0,0,0,0,0,0,0,0,0,0,0,0
2,2025,'090190100',121,  ,KG,0,677,1331,0,0,0,0,0,0,0,0,0,0,0,0,0,0,0,0,677,1331,0,0,0,0,0,0,0,0,0,0,0,0,0,0,0,0,0,0
2,2025,'090190100',122,  ,KG,0,604,539,0,0,0,0,0,0,0,0,0,0,0,0,0,0,0,0,0,0,0,0,0,0,604,539,0,0,0,0,0,0,0,0,0,0,0,0
2,2025,'090210000',105,  ,KG,0,426952,393844,0,39472,32227,0,7773,16415,0,61830,39510,0,31941,27629,0,21840,36892,0,38104,32851,0,51535,38143,0,23003,21523,0,36253,28544,0,41650,34533,0,30680,39791,0,42871,45786
2,2025,'090210000',106,  ,KG,0,11016,31905,0,581,1455,0,468,747,0,525,1398,0,552,1031,0,709,1390,0,814,3983,0,1504,3935,0,857,3769,0,1886,3222,0,1993,5069,0,656,3998,0,471,1908
2,2025,'090210000',108,  ,KG,0,80,2534,0,0,0,0,37,808,0,10,392,0,0,0,0,0,0,0,0,0,0,0,0,0,33,1334,0,0,0,0,0,0,0,0,0,0,0,0
2,2025,'090210000',110,  ,KG,0,21278,49615,0,457,1469,0,4194,10194,0,1356,4260,0,1869,2080,0,1260,3566,0,1245,3744,0,4114,9388,0,1560,4782,0,1798,4976,0,412,460,0,550,825,0,2463,3871
2,2025,'090210000',111,  ,KG,0,6,417,0,0,0,0,0,0,0,0,0,0,0,0,0,0,0,0,0,0,0,0,0,0,6,417,0,0,0,0,0,0,0,0,0,0,0,0
2,2025,'090210000',112,  ,KG,0,8,245,0,0,0,0,0,0,0,0,0,0,0,0,0,0,0,0,0,0,0,0,0,0,0,0,0,8,245,0,0,0,0,0,0,0,0,0
2,2025,'090210000',118,  ,KG,0,1875,1828,0,0,0,0,0,0,0,0,0,0,0,0,0,125,226,0,0,0,0,750,666,0,250,230,0,500,460,0,0,0,0,0,0,0,250,246
2,2025,'090210000',122,  ,KG,0,3800,875,0,0,0,0,0,0,0,3800,875,0,0,0,0,0,0,0,0,0,0,0,0,0,0,0,0,0,0,0,0,0,0,0,0,0,0,0
2,2025,'090210000',123,  ,KG,0,32,364,0,0,0,0,0,0,0,0,0,0,0,0,0,0,0,0,32,364,0,0,0,0,0,0,0,0,0,0,0,0,0,0,0,0,0,0
2,2025,'090210000',125,  ,KG,0,13447,40970,0,1415,4270,0,3546,9340,0,1787,4293,0,670,2121,0,91,1232,0,687,1678,0,431,2014,0,2285,4998,0,8,284,0,2184,9445,0,343,1295,0,0,0
2,2025,'090210000',203,  ,KG,0,16,201,0,0,0,0,0,0,0,0,0,0,0,0,0,0,0,0,0,0,0,0,0,0,0,0,0,16,201,0,0,0,0,0,0,0,0,0
2,2025,'090210000',210,  ,KG,0,460,7751,0,31,428,0,27,311,0,0,0,0,111,2420,0,33,782,0,64,1124,0,10,202,0,55,756,0,0,0,0,45,628,0,64,835,0,20,265
2,2025,'090210000',213,  ,KG,0,64,739,0,0,0,0,0,0,0,0,0,0,0,0,0,0,0,0,0,0,0,50,380,0,0,0,0,0,0,0,0,0,0,0,0,0,14,359
2,2025,'090210000',220,  ,KG,0,33,1600,0,0,0,0,11,701,0,0,0,0,0,0,0,0,0,0,16,435,0,0,0,0,0,0,0,0,0,0,0,0,0,0,0,0,6,464
2,2025,'090210000',304,  ,KG,0,1418,11407,0,47,784,0,68,1013,0,0,0,0,0,0,0,336,1858,0,125,1923,0,387,2285,0,0,0,0,4,227,0,381,2624,0,0,0,0,70,693
2,2025,'090210000',601,  ,KG,0,77,370,0,0,0,0,0,0,0,0,0,0,0,0,0,0,0,0,0,0,0,0,0,0,0,0,0,0,0,0,0,0,0,77,370,0,0,0
2,2025,'090220200',103,  ,KG,0,20,216,0,0,0,0,0,0,0,0,0,0,0,0,0,0,0,0,0,0,0,0,0,0,0,0,0,0,0,0,0,0,0,20,216,0,0,0
2,2025,'090220200',105,  ,KG,0,3641836,3936852,0,326515,476451,0,145722,173726,0,213642,221053,0,295612,295887,0,177075,183077,0,247646,287717,0,362470,376607,0,230878,188072,0,425416,453553,0,301880,283112,0,359911,432731,0,555069,564866
2,2025,'090220200',106,  ,KG,0,47802,63922,0,4824,7643,0,0,0,0,2856,2407,0,3596,3111,0,11700,18354,0,6306,5239,0,4104,6431,0,2448,2125,0,2520,7561,0,1200,927,0,1644,2651,0,6604,7473
2,2025,'090220200',110,  ,KG,0,141727,123263,0,0,0,0,7700,12988,0,0,0,0,0,0,0,0,0,0,18000,4180,0,6800,10313,0,0,0,0,18610,24861,0,187,336,0,29010,32030,0,61420,38555
2,2025,'090220200',118,  ,KG,0,20000,6352,0,0,0,0,0,0,0,0,0,0,0,0,0,0,0,0,0,0,0,0,0,0,20000,6352,0,0,0,0,0,0,0,0,0,0,0,0
2,2025,'090220200',123,  ,KG,0,23278,9490,0,0,0,0,78,526,0,0,0,0,0,0,0,0,0,0,0,0,0,0,0,0,0,0,0,23200,8964,0,0,0,0,0,0,0,0,0
2,2025,'090220200',124,  ,KG,0,625,657,0,0,0,0,0,0,0,0,0,0,0,0,0,0,0,0,0,0,0,625,657,0,0,0,0,0,0,0,0,0,0,0,0,0,0,0
2,2025,'090220200',125,  ,KG,0,150,256,0,150,256,0,0,0,0,0,0,0,0,0,0,0,0,0,0,0,0,0,0,0,0,0,0,0,0,0,0,0,0,0,0,0,0,0
2,2025,'090220200',210,  ,KG,0,420,2694,0,340,2102,0,0,0,0,0,0,0,0,0,0,0,0,0,30,226,0,0,0,0,0,0,0,0,0,0,50,366,0,0,0,0,0,0
2,2025,'090220200',541,  ,KG,0,43270,34927,0,0,0,0,5400,3224,0,2800,4579,0,0,0,0,0,0,0,700,1914,0,4500,2633,0,3000,3606,0,6050,3855,0,20140,13147,0,300,691,0,380,1278
2,2025,'090220200',601,  ,KG,0,209964,277462,0,0,0,0,0,0,0,26932,47834,0,98676,136478,0,44804,49298,0,39552,43852,0,0,0,0,0,0,0,0,0,0,0,0,0,0,0,0,0,0
2,2025,'090230010',105,  ,KG,0,166906,638892,0,12529,43281,0,5923,25919,0,21158,45780,0,11856,20360,0,9166,12801,0,10446,33359,0,9953,23304,0,28279,216801,0,10427,59411,0,10892,27283,0,13400,45085,0,22877,85508
2,2025,'090230010',106,  ,KG,0,22477,38152,0,2256,4196,0,2563,3646,0,974,2323,0,3450,4685,0,792,1603,0,973,1577,0,4181,7524,0,810,745,0,167,615,0,4715,6224,0,1359,3987,0,237,1027
2,2025,'090230010',108,  ,KG,0,33,488,0,0,0,0,33,488,0,0,0,0,0,0,0,0,0,0,0,0,0,0,0,0,0,0,0,0,0,0,0,0,0,0,0,0,0,0
2,2025,'090230010',110,  ,KG,0,60456,139396,0,3192,7836,0,4812,11805,0,9768,23008,0,4452,10298,0,5676,12735,0,3756,8291,0,6192,13954,0,6804,15635,0,7968,17721,0,3300,7571,0,2436,5262,0,2100,5280
2,2025,'090230010',111,  ,KG,0,5166,5620,0,0,0,0,0,0,0,1440,1226,0,0,0,0,840,1665,0,2880,2358,0,0,0,0,6,371,0,0,0,0,0,0,0,0,0,0,0,0
2,2025,'090230010',112,  ,KG,0,3787,45097,0,500,6670,0,282,3046,0,27,374,0,338,3557,0,36,823,0,369,4381,0,304,4093,0,242,2503,0,327,5093,0,175,2157,0,882,8081,0,305,4319
2,2025,'090230010',113,  ,KG,0,2134,11375,0,0,0,0,0,0,0,305,1370,0,0,0,0,336,1520,0,323,1516,0,85,389,0,0,0,0,580,3689,0,114,484,0,0,0,0,391,2407
2,2025,'090230010',118,  ,KG,0,1142,4086,0,319,588,0,44,217,0,0,0,0,0,0,0,127,558,0,55,202,0,162,858,0,65,250,0,0,0,0,195,838,0,0,0,0,175,575
2,2025,'090230010',123,  ,KG,0,318792,993785,0,27415,88654,0,42746,102984,0,37402,98984,0,35068,85642,0,21859,67844,0,14349,73807,0,26007,64345,0,22883,69252,0,9583,62443,0,28864,71937,0,27091,93826,0,25525,114067
2,2025,'090230010',124,  ,KG,0,38995,33305,0,5567,4745,0,0,0,0,5603,4814,0,0,0,0,4928,4047,0,0,0,0,0,0,0,5770,5018,0,0,0,0,5546,5054,0,0,0,0,11581,9627
2,2025,'090230010',125,  ,KG,0,939507,3096293,0,93571,331136,0,85162,269579,0,96548,320146,0,67387,191785,0,75736,216832,0,53603,198166,0,70728,257415,0,49627,163762,0,68764,256752,0,82207,249492,0,108154,362853,0,88020,278375
2,2025,'090230010',127,  ,KG,0,12174,9861,0,400,375,0,0,0,0,400,360,0,800,542,0,0,0,0,0,0,0,0,0,0,3750,2909,0,0,0,0,4146,3387,0,0,0,0,2678,2288
2,2025,'090230010',131,  ,KG,0,49432,12934,0,187,760,0,34,232,0,12220,964,0,3895,2921,0,730,840,0,329,816,0,146,585,0,15274,784,0,7583,2566,0,12,374,0,8765,1140,0,257,952
2,2025,'090230010',143,  ,KG,0,518,6664,0,0,0,0,0,0,0,0,0,0,0,0,0,0,0,0,0,0,0,0,0,0,0,0,0,0,0,0,0,0,0,518,6664,0,0,0
2,2025,'090230010',147,  ,KG,0,77155,210831,0,8893,25374,0,5213,15344,0,9157,24226,0,2049,6129,0,7487,18627,0,6679,17242,0,4629,12547,0,2229,6086,0,8913,23641,0,5990,16905,0,6889,19246,0,9027,25464
2,2025,'090230010',150,  ,KG,0,87,310,0,0,0,0,0,0,0,0,0,0,0,0,0,0,0,0,0,0,0,87,310,0,0,0,0,0,0,0,0,0,0,0,0,0,0,0
2,2025,'090230010',203,  ,KG,0,1037,8381,0,75,246,0,28,242,0,0,0,0,0,0,0,26,345,0,45,817,0,0,0,0,20,348,0,493,3503,0,96,964,0,254,1916,0,0,0
2,2025,'090230010',204,  ,KG,0,134,1795,0,0,0,0,0,0,0,0,0,0,0,0,0,23,478,0,35,257,0,0,0,0,76,1060,0,0,0,0,0,0,0,0,0,0,0,0
2,2025,'090230010',205,  ,KG,0,67343,397103,0,2465,10969,0,4062,19662,0,4820,33905,0,8031,41684,0,2758,15646,0,4789,28573,0,5875,32302,0,4805,38494,0,12685,77363,0,3497,34361,0,2591,13080,0,10965,51064
2,2025,'090230010',206,  ,KG,0,160,749,0,0,0,0,0,0,0,0,0,0,0,0,0,0,0,0,0,0,0,0,0,0,139,289,0,0,0,0,0,0,0,21,460,0,0,0
2,2025,'090230010',210,  ,KG,0,22412,325087,0,1517,33904,0,1838,32960,0,3020,33081,0,1485,14521,0,1432,12065,0,4575,65324,0,267,3849,0,1036,11101,0,1634,31824,0,1072,15151,0,2008,27300,0,2528,44007
2,2025,'090230010',213,  ,KG,0,1553,12343,0,70,527,0,0,0,0,0,0,0,343,2107,0,139,1192,0,0,0,0,159,1211,0,66,866,0,142,1612,0,518,3795,0,0,0,0,116,1033
2,2025,'090230010',217,  ,KG,0,51,554,0,0,0,0,0,0,0,0,0,0,0,0,0,0,0,0,0,0,0,32,289,0,0,0,0,0,0,0,19,265,0,0,0,0,0,0
2,2025,'090230010',218,  ,KG,0,29024,128891,0,0,0,0,0,0,0,0,0,0,4612,19601,0,4725,20299,0,4837,20612,0,0,0,0,4950,22350,0,4950,22443,0,0,0,0,0,0,0,4950,23586
2,2025,'090230010',220,  ,KG,0,127,3618,0,0,0,0,16,680,0,0,0,0,0,0,0,24,731,0,9,379,0,5,255,0,29,565,0,30,385,0,14,623,0,0,0,0,0,0
2,2025,'090230010',222,  ,KG,0,56,322,0,0,0,0,0,0,0,0,0,0,0,0,0,0,0,0,0,0,0,0,0,0,0,0,0,56,322,0,0,0,0,0,0,0,0,0
2,2025,'090230010',223,  ,KG,0,25773,65205,0,2448,5753,0,1440,3659,0,2736,6812,0,0,0,0,720,1924,0,0,0,0,720,1783,0,5040,12284,0,0,0,0,4896,12791,0,7053,18406,0,720,1793
2,2025,'090230010',224,  ,KG,0,522,2756,0,0,0,0,0,0,0,172,805,0,197,807,0,0,0,0,0,0,0,0,0,0,0,0,0,0,0,0,42,441,0,111,703,0,0,0
2,2025,'090230010',225,  ,KG,0,734,3330,0,0,0,0,0,0,0,0,0,0,237,1110,0,0,0,0,0,0,0,0,0,0,0,0,0,0,0,0,497,2220,0,0,0,0,0,0
2,2025,'090230010',234,  ,KG,0,8890,24822,0,1339,6633,0,0,0,0,0,0,0,4217,4078,0,0,0,0,0,0,0,360,348,0,500,385,0,186,416,0,0,0,0,2288,12962,0,0,0
2,2025,'090230010',245,  ,KG,0,135,2781,0,31,789,0,0,0,0,0,0,0,37,713,0,13,275,0,0,0,0,16,311,0,0,0,0,38,693,0,0,0,0,0,0,0,0,0
2,2025,'090230010',304,  ,KG,0,9818,88767,0,878,10543,0,315,4211,0,509,7239,0,488,6063,0,1879,12829,0,279,2807,0,1864,13746,0,216,2098,0,354,2647,0,1111,10253,0,479,5617,0,1446,10714
2,2025,'090230010',407,  ,KG,0,434,1454,0,224,624,0,0,0,0,0,0,0,0,0,0,0,0,0,105,481,0,0,0,0,0,0,0,0,0,0,0,0,0,105,349,0,0,0
2,2025,'090230010',526,  ,KG,0,302,1128,0,0,0,0,0,0,0,0,0,0,302,1128,0,0,0,0,0,0,0,0,0,0,0,0,0,0,0,0,0,0,0,0,0,0,0,0
2,2025,'090230010',541,  ,KG,0,47299,160850,0,6708,23697,0,2210,7872,0,1958,7427,0,9272,23507,0,1881,6267,0,2985,7186,0,4899,13624,0,2231,10509,0,4030,15092,0,2071,9000,0,3921,17915,0,5133,18754
2,2025,'090230010',547,  ,KG,0,30,207,0,0,0,0,0,0,0,0,0,0,0,0,0,0,0,0,0,0,0,0,0,0,0,0,0,0,0,0,0,0,0,0,0,0,30,207
2,2025,'090230010',601,  ,KG,0,176,2302,0,50,590,0,0,0,0,0,0,0,24,479,0,0,0,0,102,1233,0,0,0,0,0,0,0,0,0,0,0,0,0,0,0,0,0,0
2,2025,'090230010',606,  ,KG,0,5,320,0,0,0,0,0,0,0,0,0,0,0,0,0,5,320,0,0,0,0,0,0,0,0,0,0,0,0,0,0,0,0,0,0,0,0,0
2,2025,'090230090',105,  ,KG,0,731276,564256,0,52418,41119,0,44706,30153,0,55843,43342,0,32227,22232,0,74664,48757,0,85496,59421,0,49724,35013,0,79922,56974,0,48924,38626,0,80941,65388,0,65691,60412,0,60720,62819
2,2025,'090230090',106,  ,KG,0,61512,275099,0,1763,8909,0,4469,16304,0,1579,10329,0,10458,37880,0,4027,17253,0,8145,37807,0,8539,35437,0,6480,30859,0,1571,7678,0,8406,39924,0,3018,19604,0,3057,13115
2,2025,'090230090',108,  ,KG,0,89,3076,0,0,0,0,33,1045,0,10,488,0,0,0,0,8,244,0,0,0,0,0,0,0,30,786,0,0,0,0,0,0,0,8,513,0,0,0
2,2025,'090230090',110,  ,KG,0,39081,129915,0,3420,11951,0,1080,3731,0,6156,20469,0,2470,8465,0,3756,11790,0,3156,9910,0,5496,17570,0,1905,6646,0,1200,4883,0,3528,11821,0,5466,17680,0,1448,4999
2,2025,'090230090',111,  ,KG,0,63,1261,0,0,0,0,0,0,0,0,0,0,18,376,0,0,0,0,45,885,0,0,0,0,0,0,0,0,0,0,0,0,0,0,0,0,0,0
2,2025,'090230090',118,  ,KG,0,10,478,0,0,0,0,0,0,0,0,0,0,10,478,0,0,0,0,0,0,0,0,0,0,0,0,0,0,0,0,0,0,0,0,0,0,0,0
2,2025,'090230090',123,  ,KG,0,107,4111,0,0,0,0,0,0,0,0,0,0,23,854,0,0,0,0,0,253,0,0,0,0,0,0,0,0,0,0,10,985,0,30,1777,0,44,242
2,2025,'090230090',125,  ,KG,0,1223,5127,0,0,0,0,226,483,0,22,368,0,0,0,0,71,266,0,210,660,0,0,0,0,540,2091,0,96,593,0,22,286,0,36,380,0,0,0
2,2025,'090230090',131,  ,KG,0,70,312,0,0,0,0,0,0,0,0,0,0,0,0,0,0,0,0,70,312,0,0,0,0,0,0,0,0,0,0,0,0,0,0,0,0,0,0
2,2025,'090230090',141,  ,KG,0,16,515,0,0,0,0,0,0,0,0,0,0,0,0,0,0,0,0,0,0,0,0,0,0,0,0,0,16,515,0,0,0,0,0,0,0,0,0
2,2025,'090230090',203,  ,KG,0,125,1728,0,0,0,0,0,0,0,0,0,0,0,0,0,0,0,0,0,0,0,0,0,0,0,0,0,0,0,0,60,850,0,65,878,0,0,0
2,2025,'090230090',205,  ,KG,0,750,8048,0,0,0,0,23,202,0,0,0,0,82,865,0,73,1484,0,138,1629,0,136,918,0,9,220,0,130,1547,0,0,0,0,23,214,0,136,969
2,2025,'090230090',210,  ,KG,0,1256,26623,0,391,7901,0,0,0,0,19,379,0,205,5449,0,32,842,0,127,2694,0,0,0,0,0,0,0,0,0,0,42,745,0,440,8613,0,0,0
2,2025,'090230090',213,  ,KG,0,74,1836,0,0,0,0,30,203,0,44,1633,0,0,0,0,0,0,0,0,0,0,0,0,0,0,0,0,0,0,0,0,0,0,0,0,0,0,0
2,2025,'090230090',245,  ,KG,0,35,703,0,0,0,0,0,0,0,0,0,0,0,0,0,0,0,0,0,0,0,22,414,0,0,0,0,0,0,0,0,0,0,13,289,0,0,0
2,2025,'090230090',304,  ,KG,0,27322,345017,0,4576,35682,0,4227,29859,0,20,342,0,8491,58956,0,1335,28481,0,1994,42235,0,1260,28469,0,1260,28650,0,1260,28793,0,1608,32998,0,1291,30552,0,0,0
2,2025,'090230090',601,  ,KG,0,16,475,0,0,0,0,0,0,0,0,0,0,0,0,0,0,0,0,0,0,0,0,0,0,0,0,0,0,0,0,16,475,0,0,0,0,0,0
2,2025,'090230090',606,  ,KG,0,7,303,0,0,0,0,0,0,0,0,0,0,0,0,0,7,303,0,0,0,0,0,0,0,0,0,0,0,0,0,0,0,0,0,0,0,0,0
2,2025,'090240210',105,  ,KG,0,82963,124912,0,5894,6912,0,7980,11910,0,1200,2547,0,10886,14860,0,4358,5500,0,3490,10037,0,8941,12313,0,2064,7011,0,21948,19445,0,7570,15716,0,6920,9866,0,1712,8795
2,2025,'090240210',106,  ,KG,0,4358,10429,0,132,1289,0,500,766,0,0,0,0,228,464,0,0,0,0,212,1207,0,108,354,0,2633,4000,0,141,1614,0,404,735,0,0,0,0,0,0
2,2025,'090240210',110,  ,KG,0,32037,11601,0,37,234,0,12000,4311,0,0,0,0,0,0,0,0,0,0,0,0,0,0,0,0,12000,4138,0,0,0,0,0,0,0,0,0,0,8000,2918
2,2025,'090240210',112,  ,KG,0,8,232,0,0,0,0,0,0,0,0,0,0,0,0,0,8,232,0,0,0,0,0,0,0,0,0,0,0,0,0,0,0,0,0,0,0,0,0
2,2025,'090240210',118,  ,KG,0,1492039,442393,0,105460,34078,0,155560,48944,0,243082,70216,0,167880,48677,0,81960,23374,0,93400,27141,0,102760,28555,0,53680,16252,0,126837,36730,0,121320,37140,0,114740,34064,0,125360,37222
2,2025,'090240210',123,  ,KG,0,2874266,2496567,0,252607,235611,0,311290,235889,0,188396,116366,0,227885,200859,0,157447,149453,0,179065,115334,0,151914,199506,0,181520,151535,0,273800,253877,0,365488,302232,0,253026,222013,0,331828,313892
2,2025,'090240210',125,  ,KG,0,4884187,4048593,0,380376,322987,0,332223,276719,0,388796,308883,0,348601,286468,0,426558,335138,0,445562,368998,0,440842,373088,0,479540,361087,0,361099,283369,0,519029,466328,0,452736,419198,0,308825,246330
2,2025,'090240210',127,  ,KG,0,2100,2928,0,0,0,0,0,0,0,500,1011,0,0,0,0,0,0,0,0,0,0,0,0,0,1150,1188,0,0,0,0,0,0,0,0,0,0,450,729
2,2025,'090240210',131,  ,KG,0,16518,29988,0,25,233,0,0,0,0,174,695,0,330,832,0,985,2349,0,854,1057,0,242,1425,0,660,1102,0,354,1504,0,0,0,0,325,1327,0,12569,19464
2,2025,'090240210',205,  ,KG,0,200,207,0,0,0,0,0,0,0,0,0,0,0,0,0,0,0,0,0,0,0,200,207,0,0,0,0,0,0,0,0,0,0,0,0,0,0,0
2,2025,'090240210',206,  ,KG,0,280,681,0,0,0,0,0,0,0,0,0,0,0,0,0,0,0,0,0,0,0,0,0,0,0,0,0,0,0,0,0,0,0,280,681,0,0,0
2,2025,'090240210',210,  ,KG,0,12684,99749,0,2190,17169,0,575,4608,0,0,0,0,2278,17141,0,546,4127,0,2970,21815,0,1200,9721,0,1350,10758,0,0,0,0,1095,10070,0,480,4340,0,0,0
2,2025,'090240210',213,  ,KG,0,29222,48516,0,550,2059,0,390,1398,0,3018,4016,0,1127,4007,0,5000,6625,0,1782,3227,0,2538,3682,0,3844,6152,0,490,1800,0,4019,6044,0,0,0,0,6464,9506
2,2025,'090240210',218,  ,KG,0,1311,3896,0,0,0,0,0,0,0,0,0,0,437,1293,0,437,1307,0,437,1296,0,0,0,0,0,0,0,0,0,0,0,0,0,0,0,0,0,0
2,2025,'090240210',223,  ,KG,0,184800,334356,0,24350,43040,0,15120,26071,0,0,0,0,2280,4904,0,5120,7906,0,15240,30484,0,12640,27426,0,9770,18767,0,29680,50998,0,26760,48715,0,34720,58406,0,9120,17639
2,2025,'090240210',304,  ,KG,0,3455,18567,0,0,0,0,302,1894,0,375,1927,0,598,2878,0,0,0,0,54,204,0,419,2291,0,0,0,0,0,0,0,1424,7581,0,0,0,0,283,1792
2,2025,'090240210',526,  ,KG,0,600,923,0,0,0,0,0,0,0,0,0,0,0,0,0,0,0,0,600,923,0,0,0,0,0,0,0,0,0,0,0,0,0,0,0,0,0,0
2,2025,'090240210',541,  ,KG,0,2471778,919313,0,320936,137427,0,445540,154329,0,87560,42392,0,72320,34660,0,82860,36143,0,120785,50395,0,453692,128106,0,231274,68632,0,167824,65485,0,86440,46798,0,268699,98933,0,133848,56013
2,2025,'090240210',543,  ,KG,0,99260,29558,0,0,0,0,0,0,0,49780,16297,0,0,0,0,49480,13261,0,0,0,0,0,0,0,0,0,0,0,0,0,0,0,0,0,0,0,0,0
2,2025,'090240210',547,  ,KG,0,500,868,0,0,0,0,0,0,0,0,0,0,0,0,0,500,868,0,0,0,0,0,0,0,0,0,0,0,0,0,0,0,0,0,0,0,0,0
2,2025,'090240210',553,  ,KG,0,596100,233105,0,0,0,0,39640,32291,0,0,0,0,24080,7728,0,34340,20142,0,96840,28742,0,96440,26163,0,68820,18853,0,66740,40962,0,68700,19460,0,76500,29987,0,24000,8777
2,2025,'090240220',105,  ,KG,0,6235894,3858141,0,479367,312332,0,396200,270169,0,466988,244069,0,723497,457571,0,551143,315523,0,588041,377890,0,541922,284762,0,550415,353617,0,559525,362199,0,331111,181844,0,525639,363735,0,522046,334430
2,2025,'090240220',106,  ,KG,0,456756,736507,0,43860,89181,0,16974,20377,0,39986,58772,0,46883,58059,0,28738,51334,0,49392,66956,0,51788,95430,0,11529,19571,0,34934,48804,0,55617,93751,0,33390,64993,0,43665,69279
2,2025,'090240220',118,  ,KG,0,3644,18697,0,1280,6636,0,0,0,0,0,0,0,0,0,0,1182,5968,0,0,0,0,0,0,0,0,0,0,1182,6093,0,0,0,0,0,0,0,0,0
2,2025,'090240220',125,  ,KG,0,150,254,0,0,0,0,0,0,0,0,0,0,0,0,0,0,0,0,0,0,0,0,0,0,0,0,0,0,0,0,0,0,0,0,0,0,150,254
2,2025,'090240220',131,  ,KG,0,310,1697,0,0,0,0,0,0,0,310,1697,0,0,0,0,0,0,0,0,0,0,0,0,0,0,0,0,0,0,0,0,0,0,0,0,0,0,0
2,2025,'090240220',210,  ,KG,0,229,3070,0,139,2051,0,0,0,0,0,0,0,0,0,0,0,0,0,0,0,0,0,0,0,0,0,0,0,0,0,90,1019,0,0,0,0,0,0
2,2025,'090300000',410,  ,KG,0,17424,18470,0,3103,3193,0,750,752,0,950,932,0,400,555,0,1025,517,0,1060,2745,0,0,0,0,195,639,0,3750,2363,0,2605,2011,0,3091,3935,0,495,828
2,2025,'090300000',411,  ,KG,0,1740,1565,0,0,0,0,540,383,0,0,0,0,0,0,0,0,0,0,0,0,0,0,0,0,0,0,0,0,0,0,0,0,0,0,0,0,1200,1182
2,2025,'090300000',413,  ,KG,0,9939,6501,0,0,0,0,1600,1618,0,0,0,0,0,0,0,915,549,0,0,0,0,0,0,0,0,0,0,0,0,0,360,340,0,5624,3243,0,1440,751
2,2025,'090411100',105,  ,KG,0,34294,82121,0,3280,8236,0,0,0,0,0,0,0,7718,18400,0,0,0,0,5416,12061,0,6600,16032,0,0,0,0,3600,8853,0,3120,7804,0,2400,5047,0,2160,5688
2,2025,'090411100',110,  ,KG,0,139809,394586,0,2869,9493,0,18314,56937,0,7335,22665,0,12340,36460,0,13560,35404,0,17684,44217,0,15173,39712,0,3496,8447,0,11021,27155,0,15479,48846,0,8358,24744,0,14180,40506
2,2025,'090411100',113,  ,KG,0,254,2746,0,0,0,0,0,0,0,0,0,0,0,0,0,0,0,0,0,0,0,107,1098,0,0,0,0,25,318,0,0,0,0,122,1330,0,0,0
2,2025,'090411100',118,  ,KG,0,4250,12440,0,0,0,0,1450,4313,0,0,0,0,0,0,0,0,0,0,1545,4347,0,0,0,0,0,0,0,0,0,0,31,222,0,1224,3558,0,0,0
2,2025,'090411100',120,  ,KG,0,6296,37899,0,1054,4505,0,372,2153,0,915,3606,0,189,1769,0,277,3886,0,248,2028,0,890,7011,0,91,541,0,727,3680,0,432,2385,0,738,3753,0,363,2582
2,2025,'090411100',123,  ,KG,0,16916,36367,0,1129,2911,0,797,1401,0,703,1036,0,1454,3474,0,2054,4485,0,95,243,0,1780,3581,0,2753,5525,0,405,625,0,3336,7566,0,1990,4686,0,420,834
2,2025,'090411100',125,  ,KG,0,7829,12481,0,250,339,0,850,1652,0,900,963,0,240,297,0,0,0,0,650,803,0,2224,3503,0,533,1400,0,0,0,0,0,0,0,2182,3524,0,0,0
2,2025,'090411100',127,  ,KG,0,2190,2290,0,510,733,0,0,0,0,0,0,0,0,0,0,0,0,0,0,0,0,0,0,0,0,0,0,0,0,0,0,0,0,1680,1557,0,0,0
2,2025,'090411100',210,  ,KG,0,13,247,0,0,0,0,0,0,0,0,0,0,0,0,0,0,0,0,0,0,0,0,0,0,0,0,0,0,0,0,0,0,0,0,0,0,13,247
2,2025,'090411100',220,  ,KG,0,120,637,0,0,0,0,0,0,0,0,0,0,0,0,0,0,0,0,0,0,0,0,0,0,0,0,0,0,0,0,0,0,0,120,637,0,0,0
2,2025,'090411100',234,  ,KG,0,600,1034,0,0,0,0,0,0,0,0,0,0,0,0,0,0,0,0,0,0,0,600,1034,0,0,0,0,0,0,0,0,0,0,0,0,0,0,0
2,2025,'090411100',410,  ,KG,0,252,1452,0,252,1452,0,0,0,0,0,0,0,0,0,0,0,0,0,0,0,0,0,0,0,0,0,0,0,0,0,0,0,0,0,0,0,0,0
2,2025,'090411100',527,  ,KG,0,29,260,0,0,0,0,0,0,0,0,0,0,29,260,0,0,0,0,0,0,0,0,0,0,0,0,0,0,0,0,0,0,0,0,0,0,0,0
2,2025,'090411100',546,  ,KG,0,256,1376,0,0,0,0,25,258,0,0,0,0,31,298,0,0,0,0,0,0,0,0,0,0,0,0,0,200,820,0,0,0,0,0,0,0,0,0
2,2025,'090411100',551,  ,KG,0,776,1417,0,0,0,0,0,0,0,0,0,0,776,1417,0,0,0,0,0,0,0,0,0,0,0,0,0,0,0,0,0,0,0,0,0,0,0,0
2,2025,'090411100',601,  ,KG,0,4859,8080,0,0,0,0,1101,2673,0,0,0,0,1029,1616,0,2246,2945,0,0,0,0,0,0,0,0,0,0,293,483,0,0,0,0,190,363,0,0,0
2,2025,'090411200',110,  ,KG,0,918076,1048744,0,57500,68271,0,52600,51252,0,30125,32169,0,62050,65037,0,30720,30095,0,153498,176339,0,42500,47951,0,129004,145392,0,125500,142229,0,58885,73801,0,118500,150523,0,57194,65685
2,2025,'090411200',111,  ,KG,0,300,473,0,0,0,0,0,0,0,0,0,0,0,0,0,0,0,0,200,229,0,0,0,0,0,0,0,0,0,0,100,244,0,0,0,0,0,0
2,2025,'090411200',113,  ,KG,0,1626005,2384393,0,149200,230871,0,106571,150541,0,161087,227292,0,205033,307284,0,124993,175117,0,94053,141115,0,156055,219764,0,64798,94885,0,192988,267278,0,134308,216222,0,152135,227438,0,84784,126586
2,2025,'090411200',118,  ,KG,0,1412106,2151192,0,142077,222614,0,108118,159280,0,172749,246192,0,94280,142344,0,130709,194675,0,211980,308435,0,66620,104089,0,115000,183877,0,115700,175713,0,52000,88419,0,81440,131702,0,121433,193852
2,2025,'090411200',120,  ,KG,0,9421,19179,0,1594,4769,0,2056,4272,0,540,407,0,400,1203,0,0,0,0,275,395,0,2496,4345,0,0,0,0,400,885,0,1660,2903,0,0,0,0,0,0
2,2025,'090411200',123,  ,KG,0,182577,277991,0,15460,23374,0,8000,11722,0,16905,24713,0,15936,23460,0,16960,24504,0,3320,8192,0,58024,85454,0,800,1293,0,21975,32286,0,5910,11270,0,200,489,0,19087,31234
2,2025,'090411200',125,  ,KG,0,23150,41803,0,0,0,0,300,751,0,0,0,0,14150,24019,0,3000,4879,0,0,0,0,100,262,0,0,0,0,0,0,0,1600,2989,0,400,1069,0,3600,7834
2,2025,'090411200',410,  ,KG,0,15050,19135,0,0,0,0,15000,18888,0,0,0,0,0,0,0,0,0,0,0,0,0,50,247,0,0,0,0,0,0,0,0,0,0,0,0,0,0,0
2,2025,'090411200',546,  ,KG,0,20,216,0,0,0,0,0,0,0,0,0,0,0,0,0,20,216,0,0,0,0,0,0,0,0,0,0,0,0,0,0,0,0,0,0,0,0,0
2,2025,'090412100',105,  ,KG,0,1275,3400,0,250,385,0,0,0,0,0,0,0,430,709,0,0,0,0,90,599,0,0,0,0,175,265,0,180,378,0,0,0,0,150,1064,0,0,0
2,2025,'090412100',110,  ,KG,0,42132,76592,0,341,705,0,4177,8298,0,3186,4959,0,5039,8168,0,5080,8921,0,5036,9006,0,664,1035,0,2456,4725,0,777,1534,0,3668,7057,0,3356,6525,0,8352,15659
2,2025,'090412100',111,  ,KG,0,528,727,0,0,0,0,0,0,0,528,727,0,0,0,0,0,0,0,0,0,0,0,0,0,0,0,0,0,0,0,0,0,0,0,0,0,0,0
2,2025,'090412100',113,  ,KG,0,34529,32401,0,2604,2426,0,4128,3803,0,2604,2329,0,3696,3220,0,0,0,0,3758,3520,0,2892,2567,0,2988,2695,0,1557,1393,0,3966,4363,0,3828,3627,0,2508,2458
2,2025,'090412100',120,  ,KG,0,671,1228,0,0,0,0,0,0,0,0,0,0,0,0,0,0,0,0,0,0,0,455,748,0,0,0,0,119,255,0,0,0,0,97,225,0,0,0
2,2025,'090412100',123,  ,KG,0,8811,20046,0,436,1239,0,725,1584,0,570,968,0,941,1827,0,836,1348,0,100,328,0,805,1963,0,800,1840,0,1749,3887,0,270,834,0,1190,2884,0,389,1344
2,2025,'090412100',124,  ,KG,0,1392,2438,0,144,254,0,0,0,0,0,0,0,0,0,0,0,0,0,0,0,0,432,747,0,0,0,0,240,397,0,360,642,0,0,0,0,216,398
2,2025,'090412100',125,  ,KG,0,5979,10153,0,79,503,0,667,1078,0,0,0,0,32,225,0,1596,1192,0,1911,2925,0,500,1045,0,267,705,0,600,1273,0,0,0,0,97,712,0,230,495
2,2025,'090412100',131,  ,KG,0,3351,8024,0,212,535,0,147,381,0,276,672,0,649,1530,0,521,1161,0,0,0,0,480,1160,0,165,398,0,189,451,0,193,464,0,253,614,0,266,658
2,2025,'090412100',213,  ,KG,0,850,2049,0,0,0,0,200,448,0,0,0,0,0,0,0,120,326,0,0,0,0,130,407,0,200,424,0,200,444,0,0,0,0,0,0,0,0,0
2,2025,'090412100',220,  ,KG,0,229,1699,0,0,0,0,0,0,0,0,0,0,0,0,0,179,1202,0,21,241,0,0,0,0,0,0,0,29,256,0,0,0,0,0,0,0,0,0
2,2025,'090412100',234,  ,KG,0,900,1674,0,0,0,0,0,0,0,0,0,0,0,0,0,0,0,0,0,0,0,700,1341,0,0,0,0,0,0,0,0,0,0,0,0,0,200,333
2,2025,'090412200',105,  ,KG,0,1039,1213,0,0,0,0,0,0,0,0,0,0,0,0,0,0,0,0,739,876,0,0,0,0,0,0,0,0,0,0,300,337,0,0,0,0,0,0
2,2025,'090412200',110,  ,KG,0,2498835,3301130,0,270799,348387,0,115340,140749,0,188807,245271,0,208528,266339,0,132956,162770,0,208988,273769,0,278594,372389,0,275281,369250,0,163624,197204,0,147246,208631,0,225084,306904,0,283588,409467
2,2025,'090412200',113,  ,KG,0,760330,1471386,0,72980,140874,0,56225,109986,0,28710,52190,0,59320,108346,0,76980,143594,0,76600,147051,0,85060,157373,0,34540,73188,0,77120,142839,0,56610,108990,0,80275,170837,0,55910,116118
2,2025,'090412200',118,  ,KG,0,1547966,2496319,0,150822,224043,0,56685,100935,0,119296,183278,0,159080,251740,0,95515,156268,0,110469,171799,0,173188,279391,0,143462,222718,0,122643,198559,0,139895,230719,0,124087,218533,0,152824,258336
2,2025,'090412200',123,  ,KG,0,11745,18740,0,0,0,0,0,0,0,0,0,0,100,287,0,4100,5796,0,200,547,0,0,0,0,100,281,0,2000,3194,0,1245,2181,0,0,0,0,4000,6454
2,2025,'090412200',125,  ,KG,0,1300,2489,0,0,0,0,0,0,0,0,0,0,0,0,0,250,567,0,0,0,0,500,880,0,0,0,0,0,0,0,550,1042,0,0,0,0,0,0
2,2025,'090412200',213,  ,KG,0,3308,7923,0,0,0,0,0,0,0,1770,3705,0,0,0,0,0,0,0,0,0,0,307,914,0,0,0,0,0,0,0,0,0,0,0,0,0,1231,3304
2,2025,'090412200',410,  ,KG,0,180,299,0,0,0,0,0,0,0,0,0,0,0,0,0,0,0,0,0,0,0,180,299,0,0,0,0,0,0,0,0,0,0,0,0,0,0,0
2,2025,'090421100',105,  ,KG,0,176617,225500,0,7983,9589,0,16527,20518,0,10240,14849,0,14589,21012,0,26674,25601,0,7290,7478,0,14393,22542,0,14868,18297,0,3190,7356,0,16940,22292,0,12605,18009,0,31318,37957
2,2025,'090421100',111,  ,KG,0,4400,6168,0,0,0,0,0,0,0,0,0,0,0,0,0,0,0,0,0,0,0,4100,5484,0,0,0,0,0,0,0,300,684,0,0,0,0,0,0
2,2025,'090421100',123,  ,KG,0,27785,18329,0,2304,1988,0,0,0,0,0,0,0,0,0,0,887,971,0,0,0,0,10170,5692,0,1357,1336,0,3600,2288,0,3467,2824,0,6000,3230,0,0,0
2,2025,'090421100',127,  ,KG,0,3669,2400,0,0,0,0,500,343,0,543,381,0,0,0,0,910,578,0,0,0,0,0,0,0,0,0,0,728,436,0,688,397,0,0,0,0,300,265
2,2025,'090421100',218,  ,KG,0,45,231,0,0,0,0,45,231,0,0,0,0,0,0,0,0,0,0,0,0,0,0,0,0,0,0,0,0,0,0,0,0,0,0,0,0,0,0
2,2025,'090421100',524,  ,KG,0,801,4450,0,0,0,0,0,0,0,0,0,0,0,0,0,0,0,0,108,707,0,0,0,0,319,1477,0,0,0,0,374,2266,0,0,0,0,0,0
2,2025,'090421100',542,  ,KG,0,1188,6789,0,0,0,0,0,0,0,0,0,0,0,0,0,0,0,0,72,471,0,558,3313,0,0,0,0,0,0,0,0,0,0,558,3005,0,0,0
2,2025,'090421100',553,  ,KG,0,1199,5325,0,0,0,0,243,1055,0,0,0,0,0,0,0,478,2084,0,0,0,0,0,0,0,0,0,0,0,0,0,0,0,0,478,2186,0,0,0
2,2025,'090421200',105,  ,KG,0,2179207,2226729,0,311146,301140,0,164007,197517,0,101701,100106,0,311348,350556,0,424585,380395,0,190409,213519,0,175430,156632,0,78021,87786,0,35004,41984,0,100472,94282,0,154777,153489,0,132307,149323
2,2025,'090421200',110,  ,KG,0,12384,33911,0,0,0,0,918,4010,0,882,3710,0,0,0,0,2840,3525,0,1248,5041,0,750,3064,0,0,0,0,3958,6809,0,0,0,0,990,4251,0,798,3501
2,2025,'090421200',123,  ,KG,0,613,895,0,0,0,0,0,0,0,500,347,0,0,0,0,0,0,0,0,0,0,0,0,0,0,0,0,0,0,0,0,0,0,113,548,0,0,0
2,2025,'090421200',125,  ,KG,0,210,509,0,0,0,0,0,0,0,210,509,0,0,0,0,0,0,0,0,0,0,0,0,0,0,0,0,0,0,0,0,0,0,0,0,0,0,0
2,2025,'090421200',218,  ,KG,0,500,1687,0,0,0,0,0,0,0,500,1687,0,0,0,0,0,0,0,0,0,0,0,0,0,0,0,0,0,0,0,0,0,0,0,0,0,0,0
2,2025,'090421200',220,  ,KG,0,240,1157,0,0,0,0,0,0,0,0,0,0,0,0,0,0,0,0,0,0,0,0,0,0,0,0,0,120,560,0,0,0,0,120,597,0,0,0
2,2025,'090421200',305,  ,KG,0,139811,177382,0,0,0,0,0,0,0,22428,29801,0,57889,74499,0,0,0,0,200,981,0,36136,40915,0,10238,12178,0,0,0,0,11000,12336,0,1920,6672,0,0,0
2,2025,'090421200',306,  ,KG,0,23200,34100,0,0,0,0,0,0,0,0,0,0,23000,33480,0,0,0,0,0,0,0,0,0,0,0,0,0,200,620,0,0,0,0,0,0,0,0,0
2,2025,'090421200',307,  ,KG,0,39983,59377,0,0,0,0,19983,30996,0,20000,28381,0,0,0,0,0,0,0,0,0,0,0,0,0,0,0,0,0,0,0,0,0,0,0,0,0,0,0
2,2025,'090421200',316,  ,KG,0,500,896,0,0,0,0,0,0,0,500,896,0,0,0,0,0,0,0,0,0,0,0,0,0,0,0,0,0,0,0,0,0,0,0,0,0,0,0
2,2025,'090421200',407,  ,KG,0,400,269,0,0,0,0,0,0,0,0,0,0,400,269,0,0,0,0,0,0,0,0,0,0,0,0,0,0,0,0,0,0,0,0,0,0,0,0
2,2025,'090421200',409,  ,KG,0,4203,9000,0,0,0,0,0,0,0,0,0,0,0,0,0,0,0,0,0,0,0,4203,9000,0,0,0,0,0,0,0,0,0,0,0,0,0,0,0
2,2025,'090421200',542,  ,KG,0,6000,8346,0,0,0,0,0,0,0,0,0,0,0,0,0,0,0,0,0,0,0,0,0,0,6000,8346,0,0,0,0,0,0,0,0,0,0,0,0
2,2025,'090422100',103,  ,KG,0,7874,6045,0,500,373,0,0,0,0,624,984,0,650,465,0,1200,840,0,0,0,0,0,0,0,0,0,0,3800,2565,0,0,0,0,1100,818,0,0,0
2,2025,'090422100',105,  ,KG,0,1090280,708612,0,72817,46679,0,84862,61183,0,92760,63119,0,106012,66990,0,107206,66171,0,62700,37146,0,92575,60356,0,54722,35168,0,91137,57287,0,71444,46341,0,143845,94605,0,110200,73567
2,2025,'090422100',106,  ,KG,0,1170,597,0,0,0,0,0,0,0,0,0,0,0,0,0,0,0,0,0,0,0,0,0,0,1170,597,0,0,0,0,0,0,0,0,0,0,0,0
2,2025,'090422100',111,  ,KG,0,1004,2231,0,0,0,0,0,0,0,0,0,0,0,0,0,0,0,0,0,0,0,1004,2231,0,0,0,0,0,0,0,0,0,0,0,0,0,0,0
2,2025,'090422100',118,  ,KG,0,1452,8917,0,0,0,0,0,0,0,0,0,0,0,0,0,948,5728,0,0,0,0,0,0,0,0,0,0,0,0,0,0,0,0,0,0,0,504,3189
2,2025,'090422100',122,  ,KG,0,8400,7425,0,0,0,0,0,0,0,0,0,0,0,0,0,0,0,0,0,0,0,0,0,0,0,0,0,4000,2820,0,0,0,0,0,0,0,4400,4605
2,2025,'090422100',123,  ,KG,0,139153,89085,0,4568,3465,0,31664,23358,0,13542,7679,0,626,988,0,3364,2689,0,6609,6153,0,23764,12179,0,2481,1681,0,31104,17732,0,8437,4275,0,11584,7266,0,1410,1620
2,2025,'090422100',124,  ,KG,0,8016,6109,0,0,0,0,0,0,0,0,0,0,8016,6109,0,0,0,0,0,0,0,0,0,0,0,0,0,0,0,0,0,0,0,0,0,0,0,0
2,2025,'090422100',125,  ,KG,0,3644,1920,0,0,0,0,0,0,0,0,0,0,0,0,0,0,0,0,0,0,0,1500,840,0,0,0,0,1500,850,0,0,0,0,0,0,0,644,230
2,2025,'090422100',127,  ,KG,0,14389,11589,0,3369,2877,0,0,0,0,576,438,0,960,959,0,4448,3288,0,1737,1339,0,412,255,0,0,0,0,0,0,0,2503,2116,0,0,0,0,384,317
2,2025,'090422100',210,  ,KG,0,581,12304,0,0,0,0,96,1392,0,220,4880,0,0,0,0,31,472,0,0,0,0,30,533,0,24,441,0,0,0,0,0,0,0,0,0,0,180,4586
2,2025,'090422100',218,  ,KG,0,3789,9757,0,217,529,0,666,1703,0,0,0,0,84,348,0,188,534,0,0,0,0,896,2134,0,370,852,0,370,857,0,303,790,0,0,0,0,695,2010
2,2025,'090422100',220,  ,KG,0,681,2620,0,231,564,0,0,0,0,0,0,0,180,752,0,0,0,0,0,0,0,0,0,0,0,0,0,0,0,0,30,213,0,240,1091,0,0,0
2,2025,'090422100',234,  ,KG,0,8500,4234,0,0,0,0,6700,2854,0,0,0,0,0,0,0,0,0,0,0,0,0,0,0,0,0,0,0,0,0,0,1800,1380,0,0,0,0,0,0
2,2025,'090422100',304,  ,KG,0,5654,12357,0,0,0,0,0,0,0,0,0,0,0,0,0,0,0,0,0,0,0,0,0,0,4848,10513,0,0,0,0,0,0,0,0,0,0,806,1844
2,2025,'090422100',305,  ,KG,0,2461,4703,0,0,0,0,0,0,0,0,0,0,0,0,0,0,0,0,1469,2774,0,0,0,0,0,0,0,0,0,0,0,0,0,992,1929,0,0,0
2,2025,'090422100',407,  ,KG,0,6177,4155,0,0,0,0,0,0,0,0,0,0,0,0,0,0,0,0,6177,4155,0,0,0,0,0,0,0,0,0,0,0,0,0,0,0,0,0,0
2,2025,'090422100',542,  ,KG,0,47,305,0,0,0,0,0,0,0,0,0,0,47,305,0,0,0,0,0,0,0,0,0,0,0,0,0,0,0,0,0,0,0,0,0,0,0,0
2,2025,'090422100',551,  ,KG,0,166,792,0,0,0,0,0,0,0,0,0,0,0,0,0,0,0,0,0,0,0,0,0,0,0,0,0,0,0,0,166,792,0,0,0,0,0,0
2,2025,'090422200',103,  ,KG,0,445780,502552,0,46000,41330,0,24000,28183,0,23500,25321,0,63000,96662,0,0,0,0,74000,72854,0,53600,61783,0,3000,8761,0,23500,25451,0,60680,57567,0,46000,45231,0,28500,39409
2,2025,'090422200',105,  ,KG,0,9719568,6247902,0,832103,593259,0,583652,387137,0,949264,629826,0,1067831,671901,0,997681,629776,0,859502,547343,0,986340,598426,0,601646,368925,0,738222,487752,0,583794,352334,0,808654,512525,0,710879,468698
2,2025,'090422200',110,  ,KG,0,26415,7245,0,0,0,0,16520,4612,0,9895,2633,0,0,0,0,0,0,0,0,0,0,0,0,0,0,0,0,0,0,0,0,0,0,0,0,0,0,0
2,2025,'090422200',111,  ,KG,0,10580,8672,0,0,0,0,0,0,0,0,0,0,0,0,0,0,0,0,5200,3991,0,0,0,0,0,0,0,0,0,0,0,0,0,0,0,0,5380,4681
2,2025,'090422200',118,  ,KG,0,37954,21876,0,6172,3738,0,1210,719,0,0,0,0,0,0,0,0,0,0,2000,1108,0,6501,3656,0,7001,3991,0,11570,6595,0,0,0,0,3500,2069,0,0,0
2,2025,'090422200',123,  ,KG,0,128213,85165,0,18625,14856,0,8436,4522,0,3000,1361,0,23845,17421,0,3000,1765,0,0,0,0,0,0,0,17947,13629,0,17100,11052,0,22100,13720,0,5160,3121,0,9000,3718
2,2025,'090422200',127,  ,KG,0,576,5800,0,0,0,0,0,0,0,0,0,0,0,0,0,0,0,0,0,0,0,576,5800,0,0,0,0,0,0,0,0,0,0,0,0,0,0,0
2,2025,'090422200',213,  ,KG,0,90,226,0,0,0,0,0,0,0,0,0,0,0,0,0,0,0,0,0,0,0,0,0,0,0,0,0,0,0,0,0,0,0,0,0,0,90,226
2,2025,'090422200',218,  ,KG,0,903995,683808,0,124200,86698,0,58770,39006,0,48875,35372,0,120850,90863,0,63850,51676,0,71850,54414,0,97050,73706,0,127300,92641,0,44000,26037,0,55500,49621,0,40450,36856,0,51300,46918
2,2025,'090422200',304,  ,KG,0,92497,93158,0,0,0,0,10000,10411,0,13579,11927,0,2125,1718,0,25768,33019,0,0,0,0,0,0,0,10775,8807,0,0,0,0,20125,18363,0,0,0,0,10125,8913
2,2025,'090422200',305,  ,KG,0,5780,41737,0,0,0,0,500,3117,0,0,0,0,5280,38620,0,0,0,0,0,0,0,0,0,0,0,0,0,0,0,0,0,0,0,0,0,0,0,0
2,2025,'090422200',306,  ,KG,0,100,340,0,0,0,0,0,0,0,0,0,0,0,0,0,0,0,0,0,0,0,0,0,0,0,0,0,100,340,0,0,0,0,0,0,0,0,0
2,2025,'090422200',316,  ,KG,0,12660,39126,0,1100,3490,0,0,0,0,1000,3032,0,3500,10587,0,0,0,0,4500,13634,0,0,0,0,0,0,0,2560,8383,0,0,0,0,0,0,0,0,0
2,2025,'090422200',406,  ,KG,0,9000,24675,0,0,0,0,0,0,0,0,0,0,5000,13292,0,0,0,0,0,0,0,0,0,0,0,0,0,0,0,0,4000,11383,0,0,0,0,0,0
2,2025,'090422200',407,  ,KG,0,122000,76575,0,15000,11292,0,0,0,0,0,0,0,0,0,0,0,0,0,20000,10515,0,0,0,0,18000,12800,0,34000,20528,0,15000,10381,0,0,0,0,20000,11059
2,2025,'090422200',409,  ,KG,0,72804,206965,0,13654,40533,0,23115,65180,0,8306,25657,0,0,0,0,0,0,0,294,1439,0,9432,17172,0,0,0,0,15003,54816,0,3000,2168,0,0,0,0,0,0
2,2025,'090510000',106,  ,KG,0,50,826,0,0,0,0,0,0,0,0,0,0,0,0,0,0,0,0,0,0,0,0,0,0,10,426,0,0,0,0,0,0,0,0,0,0,40,400
2,2025,'090510000',112,  ,KG,0,1,558,0,0,0,0,0,0,0,0,0,0,0,0,0,0,0,0,0,0,0,0,0,0,0,0,0,0,0,0,1,558,0,0,0,0,0,0
2,2025,'090510000',118,  ,KG,0,990,19549,0,35,718,0,40,908,0,37,825,0,158,3160,0,160,2969,0,20,425,0,93,2344,0,38,628,0,45,715,0,92,1708,0,109,2040,0,163,3109
2,2025,'090510000',210,  ,KG,0,34,1920,0,10,224,0,0,0,0,0,0,0,0,0,0,0,0,0,14,870,0,0,0,0,0,0,0,10,826,0,0,0,0,0,0,0,0,0
2,2025,'090510000',305,  ,KG,0,50,2056,0,0,0,0,0,0,0,0,0,0,0,0,0,50,2056,0,0,0,0,0,0,0,0,0,0,0,0,0,0,0,0,0,0,0,0,0
2,2025,'090510000',542,  ,KG,0,1815,22841,0,0,0,0,210,2860,0,0,0,0,848,10368,0,0,0,0,0,0,0,80,945,0,0,0,0,0,0,0,342,4059,0,89,1309,0,246,3300
2,2025,'090510000',546,  ,KG,0,49804,646235,0,610,11226,0,1796,28502,0,3512,59095,0,6554,58674,0,15581,189155,0,6020,76753,0,6274,76016,0,263,6311,0,1814,24955,0,1940,30884,0,3165,50784,0,2275,33880
2,2025,'090510000',602,  ,KG,0,138,2219,0,120,2012,0,0,0,0,0,0,0,0,0,0,0,0,0,0,0,0,18,207,0,0,0,0,0,0,0,0,0,0,0,0,0,0,0
2,2025,'090510000',618,  ,KG,0,70,6911,0,0,0,0,0,0,0,0,0,0,0,0,0,0,0,0,0,0,0,0,0,0,5,511,0,0,0,0,0,0,0,60,5811,0,5,589
2,2025,'090510000',619,  ,KG,0,325,29106,0,0,0,0,225,20137,0,50,4277,0,0,0,0,0,0,0,0,0,0,0,0,0,0,0,0,50,4692,0,0,0,0,0,0,0,0,0
2,2025,'090520000',118,  ,KG,0,100,1556,0,0,0,0,0,0,0,0,0,0,100,1556,0,0,0,0,0,0,0,0,0,0,0,0,0,0,0,0,0,0,0,0,0,0,0,0
2,2025,'090520000',210,  ,KG,0,352,6814,0,0,0,0,300,5432,0,10,227,0,0,0,0,0,0,0,0,0,0,15,359,0,0,0,0,0,0,0,0,0,0,10,252,0,17,544
2,2025,'090520000',220,  ,KG,0,5,512,0,0,0,0,0,0,0,0,0,0,0,0,0,0,0,0,0,0,0,0,0,0,5,512,0,0,0,0,0,0,0,0,0,0,0,0
2,2025,'090520000',304,  ,KG,0,52,518,0,0,0,0,0,0,0,0,0,0,0,0,0,0,0,0,0,0,0,0,0,0,0,0,0,0,0,0,0,0,0,52,518,0,0,0
2,2025,'090520000',542,  ,KG,0,12,1405,0,0,0,0,0,0,0,0,0,0,9,1027,0,3,378,0,0,0,0,0,0,0,0,0,0,0,0,0,0,0,0,0,0,0,0,0
2,2025,'090520000',546,  ,KG,0,5752,85857,0,0,0,0,100,749,0,0,0,0,1900,28183,0,0,0,0,0,0,0,815,12188,0,400,4318,0,0,0,0,50,1975,0,2460,37639,0,27,805
2,2025,'090520000',602,  ,KG,0,19,209,0,0,0,0,0,0,0,0,0,0,0,0,0,0,0,0,0,0,0,0,0,0,19,209,0,0,0,0,0,0,0,0,0,0,0,0
2,2025,'090520000',619,  ,KG,0,57,7097,0,0,0,0,0,0,0,0,0,0,0,0,0,0,0,0,0,0,0,0,0,0,0,0,0,0,0,0,0,0,0,0,0,0,57,7097
2,2025,'090611000',105,  ,KG,0,42845,21542,0,10900,5957,0,0,0,0,0,0,0,10575,4935,0,10000,4458,0,240,360,0,0,0,0,0,0,0,200,243,0,440,348,0,240,388,0,10250,4853
2,2025,'090611000',110,  ,KG,0,17543,14105,0,0,0,0,4000,2882,0,150,231,0,0,0,0,0,0,0,0,0,0,6450,4851,0,1038,761,0,0,0,0,4905,4742,0,1000,638,0,0,0
2,2025,'090611000',111,  ,KG,0,1221,3117,0,162,414,0,0,0,0,153,392,0,0,0,0,180,461,0,180,439,0,0,0,0,180,440,0,0,0,0,183,491,0,0,0,0,183,480
2,2025,'090611000',123,  ,KG,0,6838,4631,0,1050,687,0,0,0,0,1623,793,0,0,0,0,0,0,0,0,0,0,603,451,0,0,0,0,0,0,0,0,0,0,2634,1789,0,928,911
2,2025,'090611000',125,  ,KG,0,18563,77393,0,60,268,0,1680,8514,0,2900,12807,0,1080,5279,0,4800,18515,0,0,0,0,350,1266,0,2400,8574,0,200,797,0,2333,10304,0,548,2731,0,2212,8338
2,2025,'090611000',127,  ,KG,0,932,684,0,500,379,0,0,0,0,0,0,0,0,0,0,0,0,0,432,305,0,0,0,0,0,0,0,0,0,0,0,0,0,0,0,0,0,0
2,2025,'090611000',234,  ,KG,0,600,801,0,0,0,0,0,0,0,0,0,0,0,0,0,0,0,0,0,0,0,0,0,0,0,0,0,0,0,0,600,801,0,0,0,0,0,0
2,2025,'090619000',105,  ,KG,0,1252821,851857,0,48657,23317,0,115482,75689,0,107151,60703,0,93212,55746,0,149197,124974,0,73103,55405,0,102128,57158,0,128372,94345,0,147809,111617,0,114670,81418,0,101175,62546,0,71865,48939
2,2025,'090619000',110,  ,KG,0,251646,189899,0,25296,18627,0,22296,20207,0,18010,12539,0,14270,9751,0,22000,16752,0,14060,8443,0,21000,17861,0,27876,16711,0,13000,4959,0,17051,15264,0,31296,30574,0,25491,18211
2,2025,'090619000',118,  ,KG,0,7725,21231,0,240,620,0,534,1772,0,468,1287,0,829,1809,0,1517,4895,0,910,2170,0,541,1160,0,455,969,0,828,2685,0,0,0,0,0,0,0,1403,3864
2,2025,'090619000',121,  ,KG,0,45543,41958,0,9259,8744,0,0,0,0,0,0,0,0,0,0,0,0,0,25594,22034,0,0,0,0,0,0,0,0,0,0,0,0,0,0,0,0,10690,11180
2,2025,'090619000',123,  ,KG,0,740,533,0,0,0,0,0,0,0,0,0,0,0,0,0,0,0,0,0,0,0,240,239,0,0,0,0,0,0,0,500,294,0,0,0,0,0,0
2,2025,'090620000',105,  ,KG,0,323369,147056,0,14960,7293,0,28475,8709,0,8750,4161,0,22320,11562,0,22620,11580,0,434,391,0,37332,17859,0,13200,6844,0,37079,15236,0,57880,25642,0,32690,18680,0,47629,19099
2,2025,'090620000',110,  ,KG,0,190349,130634,0,500,545,0,4703,5042,0,16963,13517,0,40662,25606,0,16489,10031,0,22422,17869,0,30480,17231,0,12606,9435,0,927,1480,0,23381,15797,0,19254,10519,0,1962,3562
2,2025,'090620000',113,  ,KG,0,71680,103595,0,4080,6028,0,2590,3529,0,0,0,0,9280,13072,0,760,1046,0,9080,12240,0,1810,4730,0,3960,5587,0,12500,17402,0,7000,9935,0,17430,25417,0,3190,4609
2,2025,'090620000',118,  ,KG,0,23990,12340,0,0,0,0,12000,5588,0,0,0,0,1995,2009,0,0,0,0,0,0,0,0,0,0,0,0,0,0,0,0,9995,4743,0,0,0,0,0,0
2,2025,'090620000',123,  ,KG,0,8000,5611,0,1736,1100,0,724,405,0,0,0,0,0,0,0,0,0,0,595,363,0,400,274,0,1660,872,0,0,0,0,1388,1431,0,1497,1166,0,0,0
2,2025,'090620000',125,  ,KG,0,69693,116729,0,4661,8029,0,5101,7350,0,3186,5957,0,9076,23769,0,14336,21298,0,3383,5838,0,5812,8821,0,4813,7590,0,4699,7765,0,4687,6652,0,1802,3451,0,8137,10209
2,2025,'090710100',105,  ,KG,0,125,256,0,125,256,0,0,0,0,0,0,0,0,0,0,0,0,0,0,0,0,0,0,0,0,0,0,0,0,0,0,0,0,0,0,0,0,0
2,2025,'090710100',118,  ,KG,0,347,914,0,0,0,0,0,0,0,0,0,0,0,0,0,0,0,0,0,0,0,114,297,0,0,0,0,0,0,0,110,289,0,123,328,0,0,0
2,2025,'090710100',123,  ,KG,0,11361,23916,0,980,2547,0,250,458,0,845,1408,0,1195,2656,0,710,1289,0,1469,2728,0,1575,3189,0,1201,2305,0,224,358,0,2480,5724,0,432,1254,0,0,0
2,2025,'090710100',125,  ,KG,0,1406,3357,0,0,0,0,60,224,0,0,0,0,0,0,0,66,233,0,0,0,0,100,349,0,1000,1900,0,0,0,0,100,356,0,80,295,0,0,0
2,2025,'090710100',127,  ,KG,0,612,1138,0,492,922,0,0,0,0,0,0,0,0,0,0,0,0,0,0,0,0,120,216,0,0,0,0,0,0,0,0,0,0,0,0,0,0,0
2,2025,'090710100',306,  ,KG,0,123,333,0,0,0,0,0,0,0,0,0,0,0,0,0,0,0,0,0,0,0,123,333,0,0,0,0,0,0,0,0,0,0,0,0,0,0,0
2,2025,'090710200',105,  ,KG,0,389,209,0,0,0,0,0,0,0,389,209,0,0,0,0,0,0,0,0,0,0,0,0,0,0,0,0,0,0,0,0,0,0,0,0,0,0,0
2,2025,'090710200',118,  ,KG,0,80000,70987,0,4200,7070,0,3000,4628,0,0,0,0,35200,24425,0,4700,8819,0,0,0,0,3000,7142,0,0,0,0,12200,9245,0,8500,3494,0,7000,2388,0,2200,3776
2,2025,'090710200',123,  ,KG,0,100,282,0,0,0,0,0,0,0,0,0,0,100,282,0,0,0,0,0,0,0,0,0,0,0,0,0,0,0,0,0,0,0,0,0,0,0,0
2,2025,'090710200',125,  ,KG,0,10504,26017,0,0,0,0,0,0,0,1500,3775,0,0,0,0,5006,12061,0,0,0,0,0,0,0,3000,7332,0,0,0,0,800,1946,0,0,0,0,198,903
2,2025,'090710200',304,  ,KG,0,99,464,0,0,0,0,0,0,0,0,0,0,0,0,0,0,0,0,99,464,0,0,0,0,0,0,0,0,0,0,0,0,0,0,0,0,0,0
2,2025,'090710200',543,  ,KG,0,17042,21786,0,0,0,0,8000,10150,0,3042,4251,0,0,0,0,6000,7385,0,0,0,0,0,0,0,0,0,0,0,0,0,0,0,0,0,0,0,0,0
2,2025,'090710200',546,  ,KG,0,281747,378453,0,14929,19516,0,21463,27722,0,33354,44788,0,25819,33823,0,33857,47820,0,10348,12874,0,42034,56303,0,21933,29177,0,22000,34103,0,30460,38809,0,25550,33518,0,0,0
2,2025,'090710200',558,  ,KG,0,2080,2903,0,0,0,0,0,0,0,0,0,0,0,0,0,2080,2903,0,0,0,0,0,0,0,0,0,0,0,0,0,0,0,0,0,0,0,0,0
2,2025,'090720100',123,  ,KG,0,818,1575,0,470,889,0,0,0,0,0,0,0,0,0,0,0,0,0,0,0,0,198,407,0,0,0,0,0,0,0,150,279,0,0,0,0,0,0
2,2025,'090720200',105,  ,KG,0,425,1373,0,0,0,0,0,0,0,0,0,0,0,0,0,200,563,0,0,0,0,225,810,0,0,0,0,0,0,0,0,0,0,0,0,0,0,0
2,2025,'090720200',118,  ,KG,0,100,415,0,0,0,0,0,0,0,0,0,0,0,0,0,100,415,0,0,0,0,0,0,0,0,0,0,0,0,0,0,0,0,0,0,0,0,0
2,2025,'090720200',123,  ,KG,0,900,1374,0,0,0,0,0,0,0,0,0,0,600,887,0,300,487,0,0,0,0,0,0,0,0,0,0,0,0,0,0,0,0,0,0,0,0,0
2,2025,'090811100',123,  ,KG,0,492,1504,0,0,0,0,0,0,0,0,0,0,0,0,0,0,0,0,111,326,0,106,279,0,0,0,0,125,554,0,150,345,0,0,0,0,0,0
2,2025,'090811200',118,  ,KG,0,199262,378048,0,33843,65449,0,46503,87828,0,0,0,0,23217,48584,0,0,0,0,0,0,0,11200,18536,0,0,0,0,0,0,0,50800,94319,0,33699,63332,0,0,0
2,2025,'090812100',123,  ,KG,0,148,284,0,0,0,0,0,0,0,0,0,0,0,0,0,0,0,0,0,0,0,0,0,0,0,0,0,0,0,0,148,284,0,0,0,0,0,0
2,2025,'090812200',118,  ,KG,0,94920,181400,0,0,0,0,46800,93322,0,4000,6831,0,0,0,0,0,0,0,0,0,0,3000,5431,0,34000,63456,0,7120,12360,0,0,0,0,0,0,0,0,0
2,2025,'090812200',125,  ,KG,0,5400,15849,0,0,0,0,0,0,0,200,384,0,0,0,0,2000,4888,0,400,1372,0,0,0,0,800,2795,0,1200,3874,0,800,2536,0,0,0,0,0,0
2,2025,'090821100',123,  ,KG,0,1361,6557,0,0,0,0,0,0,0,83,266,0,0,0,0,278,1345,0,50,234,0,300,1340,0,0,0,0,0,0,0,172,835,0,100,466,0,378,2071
2,2025,'090821200',118,  ,KG,0,33780,122539,0,3013,11330,0,8267,30309,0,1000,3555,0,1000,3492,0,0,0,0,0,0,0,7500,26408,0,1000,3468,0,0,0,0,0,0,0,8000,29312,0,4000,14665
2,2025,'090822100',123,  ,KG,0,83,412,0,0,0,0,0,0,0,0,0,0,0,0,0,0,0,0,0,0,0,0,0,0,0,0,0,0,0,0,83,412,0,0,0,0,0,0
2,2025,'090822200',110,  ,KG,0,200,719,0,0,0,0,0,0,0,0,0,0,0,0,0,0,0,0,0,0,0,0,0,0,200,719,0,0,0,0,0,0,0,0,0,0,0,0
2,2025,'090822200',118,  ,KG,0,2700,8649,0,0,0,0,0,0,0,0,0,0,100,440,0,0,0,0,0,0,0,0,0,0,300,921,0,300,938,0,0,0,0,1000,3132,0,1000,3218
2,2025,'090831100',105,  ,KG,0,1350,2794,0,250,523,0,0,0,0,0,0,0,200,416,0,250,518,0,0,0,0,250,528,0,0,0,0,400,809,0,0,0,0,0,0,0,0,0
2,2025,'090831100',123,  ,KG,0,22083,124165,0,1766,10838,0,3011,16785,0,120,268,0,3626,17963,0,2307,15200,0,2209,13824,0,2118,10294,0,1028,5847,0,1050,5574,0,1611,7811,0,2352,14071,0,885,5690
2,2025,'090831100',127,  ,KG,0,50,313,0,0,0,0,0,0,0,0,0,0,0,0,0,0,0,0,50,313,0,0,0,0,0,0,0,0,0,0,0,0,0,0,0,0,0,0
2,2025,'090831100',306,  ,KG,0,208,944,0,0,0,0,0,0,0,0,0,0,0,0,0,0,0,0,0,0,0,0,0,0,0,0,0,0,0,0,69,308,0,68,307,0,71,329
2,2025,'090831100',543,  ,KG,0,50,275,0,0,0,0,0,0,0,0,0,0,0,0,0,0,0,0,0,0,0,50,275,0,0,0,0,0,0,0,0,0,0,0,0,0,0,0
2,2025,'090831200',105,  ,KG,0,948,1534,0,0,0,0,0,0,0,0,0,0,0,0,0,0,0,0,153,285,0,0,0,0,0,0,0,0,0,0,0,0,0,0,0,0,795,1249
2,2025,'090831200',123,  ,KG,0,38850,211969,0,7500,33574,0,500,3088,0,300,1710,0,7250,30709,0,100,748,0,800,4240,0,600,3416,0,6950,38301,0,200,976,0,6800,40515,0,400,1622,0,7450,53070
2,2025,'090831200',125,  ,KG,0,90,1562,0,0,0,0,0,0,0,0,0,0,0,0,0,0,0,0,0,0,0,20,302,0,0,0,0,0,0,0,20,479,0,50,781,0,0,0
2,2025,'090831200',147,  ,KG,0,200,362,0,0,0,0,0,0,0,0,0,0,0,0,0,0,0,0,0,0,0,200,362,0,0,0,0,0,0,0,0,0,0,0,0,0,0,0
2,2025,'090831200',306,  ,KG,0,334356,1742472,0,500,4318,0,30000,120323,0,30297,133226,0,30000,116908,0,41935,180973,0,48324,276417,0,45400,252268,0,65000,439185,0,2500,19893,0,400,2137,0,10000,50070,0,30000,146754
2,2025,'090832100',123,  ,KG,0,4447,27045,0,515,3142,0,805,4292,0,0,0,0,591,3136,0,221,2034,0,294,1817,0,90,767,0,323,2654,0,290,1456,0,543,3048,0,775,4699,0,0,0
2,2025,'090832100',306,  ,KG,0,70,671,0,0,0,0,25,250,0,0,0,0,45,421,0,0,0,0,0,0,0,0,0,0,0,0,0,0,0,0,0,0,0,0,0,0,0,0
2,2025,'090832200',123,  ,KG,0,1800,4058,0,0,0,0,0,0,0,0,0,0,200,844,0,0,0,0,400,1537,0,1000,876,0,200,801,0,0,0,0,0,0,0,0,0,0,0,0
2,2025,'090832200',306,  ,KG,0,426,3199,0,0,0,0,26,265,0,0,0,0,0,0,0,0,0,0,0,0,0,0,0,0,0,0,0,300,1822,0,0,0,0,0,0,0,100,1112
2,2025,'090921100',111,  ,KG,0,157,554,0,0,0,0,0,0,0,0,0,0,0,0,0,0,0,0,67,337,0,0,0,0,90,217,0,0,0,0,0,0,0,0,0,0,0,0
2,2025,'090921100',123,  ,KG,0,23336,8689,0,0,0,0,3290,1295,0,2280,645,0,0,0,0,6011,2640,0,2969,945,0,0,0,0,2516,888,0,1000,374,0,3500,1215,0,700,260,0,1070,427
2,2025,'090921100',127,  ,KG,0,1128,463,0,0,0,0,0,0,0,0,0,0,0,0,0,0,0,0,0,0,0,0,0,0,648,230,0,0,0,0,0,0,0,480,233,0,0,0
2,2025,'090921200',110,  ,KG,0,150,236,0,150,236,0,0,0,0,0,0,0,0,0,0,0,0,0,0,0,0,0,0,0,0,0,0,0,0,0,0,0,0,0,0,0,0,0
2,2025,'090921200',111,  ,KG,0,600,976,0,0,0,0,0,0,0,0,0,0,0,0,0,0,0,0,600,976,0,0,0,0,0,0,0,0,0,0,0,0,0,0,0,0,0,0
2,2025,'090921200',123,  ,KG,0,30000,6756,0,10000,2443,0,0,0,0,20000,4313,0,0,0,0,0,0,0,0,0,0,0,0,0,0,0,0,0,0,0,0,0,0,0,0,0,0,0
2,2025,'090921200',205,  ,KG,0,11,334,0,0,0,0,11,334,0,0,0,0,0,0,0,0,0,0,0,0,0,0,0,0,0,0,0,0,0,0,0,0,0,0,0,0,0,0
2,2025,'090921200',210,  ,KG,0,34,292,0,0,0,0,0,0,0,0,0,0,0,0,0,0,0,0,0,0,0,0,0,0,0,0,0,0,0,0,34,292,0,0,0,0,0,0
2,2025,'090921200',218,  ,KG,0,205500,50178,0,0,0,0,39000,9087,0,0,0,0,40000,9493,0,0,0,0,48000,11768,0,0,0,0,0,0,0,78500,19830,0,0,0,0,0,0,0,0,0
2,2025,'090921200',220,  ,KG,0,2292,3874,0,500,445,0,0,0,0,0,0,0,45,394,0,0,0,0,0,0,0,567,849,0,0,0,0,500,1482,0,680,704,0,0,0,0,0,0
2,2025,'090921200',225,  ,KG,0,800,687,0,0,0,0,0,0,0,0,0,0,0,0,0,0,0,0,0,0,0,0,0,0,0,0,0,800,687,0,0,0,0,0,0,0,0,0
2,2025,'090921200',232,  ,KG,0,43880,37548,0,12000,16682,0,0,0,0,0,0,0,0,0,0,0,0,0,0,0,0,0,0,0,0,0,0,11880,17438,0,0,0,0,0,0,0,20000,3428
2,2025,'090921200',238,  ,KG,0,1456,1277,0,0,0,0,0,0,0,0,0,0,1014,864,0,0,0,0,0,0,0,0,0,0,0,0,0,0,0,0,0,0,0,442,413,0,0,0
2,2025,'090921200',302,  ,KG,0,136000,40961,0,20000,6272,0,20000,6204,0,0,0,0,0,0,0,20000,5964,0,19000,5552,0,19000,5628,0,0,0,0,0,0,0,19000,5698,0,19000,5643,0,0,0
2,2025,'090921200',304,  ,KG,0,2203,11176,0,0,0,0,2022,10023,0,0,0,0,68,435,0,0,0,0,0,0,0,0,0,0,0,0,0,0,0,0,113,718,0,0,0,0,0,0
2,2025,'090921200',501,  ,KG,0,2847695,734406,0,381700,104517,0,196900,57010,0,225925,57337,0,373025,100199,0,331885,85470,0,119500,32598,0,324060,76880,0,154030,35055,0,44150,12244,0,309960,71657,0,298030,78548,0,88530,22891
2,2025,'090922100',123,  ,KG,0,150088,44149,0,594,235,0,30831,10445,0,10294,2153,0,15374,4009,0,23573,6419,0,22727,5946,0,480,244,0,16788,4720,0,0,0,0,2901,1218,0,15578,5312,0,10948,3448
2,2025,'090922100',124,  ,KG,0,7770,3232,0,0,0,0,0,0,0,0,0,0,0,0,0,0,0,0,1548,832,0,1176,505,0,1152,501,0,0,0,0,2394,1105,0,0,0,0,1500,289
2,2025,'090922100',125,  ,KG,0,216,250,0,0,0,0,0,0,0,0,0,0,0,0,0,0,0,0,0,0,0,216,250,0,0,0,0,0,0,0,0,0,0,0,0,0,0,0
2,2025,'090922100',127,  ,KG,0,8007,4272,0,2424,1239,0,0,0,0,1296,611,0,720,385,0,0,0,0,960,516,0,480,283,0,0,0,0,0,0,0,0,0,0,441,204,0,1686,1034
2,2025,'090922200',105,  ,KG,0,800,503,0,0,0,0,0,0,0,0,0,0,0,0,0,0,0,0,800,503,0,0,0,0,0,0,0,0,0,0,0,0,0,0,0,0,0,0
2,2025,'090922200',123,  ,KG,0,10325,2971,0,500,257,0,0,0,0,4325,1002,0,2000,589,0,3500,1123,0,0,0,0,0,0,0,0,0,0,0,0,0,0,0,0,0,0,0,0,0
2,2025,'090922200',225,  ,KG,0,800,733,0,0,0,0,0,0,0,0,0,0,0,0,0,0,0,0,0,0,0,0,0,0,0,0,0,800,733,0,0,0,0,0,0,0,0,0
2,2025,'090922200',238,  ,KG,0,15000,7187,0,0,0,0,0,0,0,0,0,0,15000,7187,0,0,0,0,0,0,0,0,0,0,0,0,0,0,0,0,0,0,0,0,0,0,0,0
2,2025,'090922200',501,  ,KG,0,31045,26748,0,0,0,0,4095,3176,0,3640,4670,0,5530,4960,0,0,0,0,5530,4197,0,420,324,0,4060,3165,0,0,0,0,5740,4577,0,2030,1679,0,0,0
2,2025,'090922200',506,  ,KG,0,950,1730,0,0,0,0,0,0,0,950,1730,0,0,0,0,0,0,0,0,0,0,0,0,0,0,0,0,0,0,0,0,0,0,0,0,0,0,0
2,2025,'090931100',105,  ,KG,0,3520,4523,0,150,201,0,0,0,0,0,0,0,1450,1591,0,0,0,0,0,0,0,420,632,0,800,1320,0,0,0,0,0,0,0,450,447,0,250,332
2,2025,'090931100',123,  ,KG,0,105078,67368,0,7368,5761,0,5960,3657,0,9160,5518,0,17179,9914,0,1230,955,0,28673,18602,0,6000,2810,0,3138,2699,0,500,249,0,12117,7580,0,4604,3161,0,9149,6462
2,2025,'090931100',124,  ,KG,0,2020,1874,0,0,0,0,0,0,0,0,0,0,0,0,0,0,0,0,480,375,0,0,0,0,0,0,0,0,0,0,1540,1499,0,0,0,0,0,0
2,2025,'090931100',125,  ,KG,0,216,250,0,0,0,0,0,0,0,0,0,0,0,0,0,0,0,0,0,0,0,216,250,0,0,0,0,0,0,0,0,0,0,0,0,0,0,0
2,2025,'090931100',127,  ,KG,0,2978,2957,0,578,550,0,0,0,0,0,0,0,0,0,0,0,0,0,1344,1332,0,0,0,0,576,555,0,0,0,0,0,0,0,480,520,0,0,0
2,2025,'090931200',123,  ,KG,0,1463750,882554,0,85000,56161,0,98000,65681,0,145550,94024,0,338925,215653,0,85300,43679,0,55980,34039,0,103065,59402,0,176500,99104,0,40800,22667,0,101500,48019,0,138780,82308,0,94350,61817
2,2025,'090931200',133,  ,KG,0,92045,97538,0,47000,49729,0,21945,23475,0,23100,24334,0,0,0,0,0,0,0,0,0,0,0,0,0,0,0,0,0,0,0,0,0,0,0,0,0,0,0
2,2025,'090931200',234,  ,KG,0,135200,132336,0,0,0,0,0,0,0,500,986,0,24000,22753,0,24700,23884,0,24000,22990,0,48000,46498,0,0,0,0,0,0,0,0,0,0,14000,15225,0,0,0
2,2025,'090931200',304,  ,KG,0,113,287,0,0,0,0,0,0,0,0,0,0,0,0,0,0,0,0,0,0,0,0,0,0,0,0,0,113,287,0,0,0,0,0,0,0,0,0
2,2025,'090932100',105,  ,KG,0,2330,2930,0,1100,1064,0,0,0,0,0,0,0,0,0,0,0,0,0,0,0,0,0,0,0,600,990,0,180,256,0,0,0,0,0,0,0,450,620
2,2025,'090932100',123,  ,KG,0,178928,117093,0,8115,6401,0,17846,10779,0,23170,13992,0,28074,17012,0,5002,3517,0,9260,5398,0,13040,7237,0,29060,20651,0,0,0,0,13815,8698,0,11147,7700,0,20399,15708
2,2025,'090932100',124,  ,KG,0,1200,937,0,0,0,0,0,0,0,0,0,0,0,0,0,480,371,0,0,0,0,0,0,0,0,0,0,432,335,0,288,231,0,0,0,0,0,0
2,2025,'090932100',125,  ,KG,0,216,266,0,0,0,0,0,0,0,0,0,0,0,0,0,0,0,0,0,0,0,0,0,0,0,0,0,0,0,0,0,0,0,216,266,0,0,0
2,2025,'090932100',127,  ,KG,0,9169,11450,0,4108,5622,0,1008,958,0,720,1026,0,0,0,0,516,538,0,1185,1256,0,0,0,0,0,0,0,954,1318,0,0,0,0,0,0,0,678,732
2,2025,'090932100',234,  ,KG,0,2350,1937,0,0,0,0,0,0,0,0,0,0,0,0,0,0,0,0,0,0,0,1500,1204,0,0,0,0,0,0,0,450,399,0,0,0,0,400,334
2,2025,'090932200',123,  ,KG,0,182150,141776,0,28195,21342,0,14445,12243,0,11050,8755,0,4500,2383,0,30905,20438,0,3640,4885,0,8360,8388,0,24640,20654,0,11975,8352,0,12830,9320,0,3905,5407,0,27705,19609
2,2025,'090932200',234,  ,KG,0,3900,6994,0,0,0,0,800,1604,0,1000,2047,0,0,0,0,1500,2213,0,600,1130,0,0,0,0,0,0,0,0,0,0,0,0,0,0,0,0,0,0
2,2025,'090932200',304,  ,KG,0,74,207,0,0,0,0,0,0,0,0,0,0,0,0,0,0,0,0,74,207,0,0,0,0,0,0,0,0,0,0,0,0,0,0,0,0,0,0
2,2025,'090932200',407,  ,KG,0,2800,2127,0,0,0,0,0,0,0,500,327,0,600,376,0,0,0,0,0,0,0,500,331,0,0,0,0,0,0,0,0,0,0,1200,1093,0,0,0
2,2025,'090961100',105,  ,KG,0,7620,11759,0,1600,2429,0,0,0,0,0,0,0,1180,1628,0,750,1203,0,360,630,0,2680,3980,0,0,0,0,450,756,0,0,0,0,600,1133,0,0,0
2,2025,'090961100',111,  ,KG,0,753,1658,0,120,264,0,0,0,0,108,238,0,0,0,0,132,291,0,108,227,0,0,0,0,105,223,0,0,0,0,180,415,0,0,0,0,0,0
2,2025,'090961100',123,  ,KG,0,18613,14436,0,1645,1615,0,1135,793,0,1800,1442,0,290,329,0,2830,2804,0,918,788,0,1820,956,0,0,0,0,2160,1580,0,4670,3215,0,0,0,0,1345,914
2,2025,'090961100',124,  ,KG,0,998,562,0,0,0,0,0,0,0,0,0,0,0,0,0,998,562,0,0,0,0,0,0,0,0,0,0,0,0,0,0,0,0,0,0,0,0,0
2,2025,'090961100',127,  ,KG,0,1080,439,0,0,0,0,0,0,0,0,0,0,0,0,0,0,0,0,0,0,0,0,0,0,600,222,0,0,0,0,0,0,0,480,217,0,0,0
2,2025,'090961100',407,  ,KG,0,300,850,0,0,0,0,0,0,0,0,0,0,195,369,0,0,0,0,105,481,0,0,0,0,0,0,0,0,0,0,0,0,0,0,0,0,0,0
2,2025,'090961200',105,  ,KG,0,497079,355991,0,54913,75701,0,0,0,0,34710,24765,0,88680,65902,0,34780,27820,0,72218,29888,0,23260,11402,0,55810,26415,0,10460,9648,0,56140,37516,0,49203,22893,0,16905,24041
2,2025,'090961200',110,  ,KG,0,8400,10381,0,0,0,0,2500,3000,0,2200,2891,0,0,0,0,0,0,0,0,0,0,0,0,0,300,404,0,300,332,0,2100,2466,0,1000,1288,0,0,0
2,2025,'090961200',123,  ,KG,0,76050,21085,0,5000,1436,0,14000,3196,0,4000,1053,0,47350,13500,0,3400,1063,0,0,0,0,0,0,0,900,246,0,1000,338,0,400,253,0,0,0,0,0,0
2,2025,'090961200',218,  ,KG,0,29000,31172,0,6000,6155,0,0,0,0,7000,7059,0,0,0,0,0,0,0,0,0,0,0,0,0,1000,871,0,0,0,0,0,0,0,8000,8981,0,7000,8106
2,2025,'090961200',220,  ,KG,0,72000,90148,0,0,0,0,18000,23794,0,0,0,0,0,0,0,18000,21689,0,0,0,0,0,0,0,18000,22054,0,0,0,0,0,0,0,18000,22611,0,0,0
2,2025,'090961200',222,  ,KG,0,13500,7135,0,0,0,0,0,0,0,0,0,0,0,0,0,0,0,0,13500,7135,0,0,0,0,0,0,0,0,0,0,0,0,0,0,0,0,0,0
2,2025,'090961200',225,  ,KG,0,266,340,0,0,0,0,0,0,0,0,0,0,0,0,0,0,0,0,0,0,0,0,0,0,0,0,0,266,340,0,0,0,0,0,0,0,0,0
2,2025,'090961200',228,  ,KG,0,20939,45551,0,0,0,0,2000,4445,0,0,0,0,6839,17110,0,100,224,0,4560,9443,0,6000,11964,0,0,0,0,1440,2365,0,0,0,0,0,0,0,0,0
2,2025,'090961200',229,  ,KG,0,7793,18995,0,0,0,0,0,0,0,0,0,0,0,0,0,2000,3037,0,0,0,0,0,0,0,1293,3473,0,0,0,0,0,0,0,3540,9745,0,960,2740
2,2025,'090961200',232,  ,KG,0,90,346,0,0,0,0,0,0,0,0,0,0,0,0,0,0,0,0,0,0,0,0,0,0,0,0,0,90,346,0,0,0,0,0,0,0,0,0
2,2025,'090961200',234,  ,KG,0,13000,10203,0,0,0,0,0,0,0,0,0,0,0,0,0,0,0,0,13000,10203,0,0,0,0,0,0,0,0,0,0,0,0,0,0,0,0,0,0
2,2025,'090961200',243,  ,KG,0,216,357,0,0,0,0,0,0,0,0,0,0,216,357,0,0,0,0,0,0,0,0,0,0,0,0,0,0,0,0,0,0,0,0,0,0,0,0
2,2025,'090961200',244,  ,KG,0,27605,55379,0,2175,5394,0,150,804,0,1825,4187,0,7000,11223,0,700,1683,0,3475,7936,0,0,0,0,0,0,0,3645,7495,0,0,0,0,8635,16657,0,0,0
2,2025,'090961200',506,  ,KG,0,7500,7786,0,1800,1933,0,0,0,0,0,0,0,200,251,0,0,0,0,0,0,0,700,566,0,300,265,0,0,0,0,0,0,0,200,237,0,4300,4534
2,2025,'090962100',123,  ,KG,0,1180,804,0,0,0,0,0,0,0,280,234,0,0,0,0,0,0,0,0,0,0,400,276,0,0,0,0,0,0,0,500,294,0,0,0,0,0,0
2,2025,'090962100',213,  ,KG,0,679,1918,0,0,0,0,0,0,0,0,0,0,0,0,0,679,1918,0,0,0,0,0,0,0,0,0,0,0,0,0,0,0,0,0,0,0,0,0
2,2025,'090962100',410,  ,KG,0,81,389,0,0,0,0,0,0,0,0,0,0,0,0,0,0,0,0,0,0,0,0,0,0,81,389,0,0,0,0,0,0,0,0,0,0,0,0
2,2025,'090962200',105,  ,KG,0,4010,2067,0,0,0,0,0,0,0,0,0,0,0,0,0,0,0,0,0,0,0,0,0,0,3700,1862,0,0,0,0,0,0,0,0,0,0,310,205
2,2025,'090962200',122,  ,KG,0,1535,2377,0,0,0,0,0,0,0,0,0,0,0,0,0,0,0,0,0,0,0,1535,2377,0,0,0,0,0,0,0,0,0,0,0,0,0,0,0
2,2025,'090962200',229,  ,KG,0,100,251,0,0,0,0,0,0,0,0,0,0,0,0,0,0,0,0,0,0,0,100,251,0,0,0,0,0,0,0,0,0,0,0,0,0,0,0
2,2025,'091011100',105,  ,KG,0,3840979,679806,0,359633,68675,0,332258,63646,0,438548,80820,0,235100,44580,0,858616,147954,0,389724,66997,0,473892,76413,0,132080,24416,0,167450,29687,0,114228,22058,0,269200,40796,0,70250,13764
2,2025,'091011100',110,  ,KG,0,352226,93269,0,46860,12950,0,17500,5382,0,27806,6553,0,14400,2523,0,40900,8245,0,48780,14346,0,29900,7190,0,14280,4405,0,31000,9620,0,15000,4695,0,19000,6161,0,46800,11199
2,2025,'091011100',111,  ,KG,0,7059942,1486251,0,405825,91828,0,770085,169449,0,1106050,240236,0,854895,179507,0,571950,119606,0,451461,90449,0,483190,96576,0,362610,63640,0,323370,69707,0,644221,141984,0,519855,110282,0,566430,112987
2,2025,'091011210',105,  ,KG,0,133419,30799,0,1884,596,0,10608,2513,0,9720,2392,0,10294,2448,0,14951,3396,0,1080,433,0,20968,4275,0,12716,2711,0,12610,2874,0,11863,2456,0,13967,3710,0,12758,2995
2,2025,'091011210',111,  ,KG,0,1188,485,0,0,0,0,0,0,0,0,0,0,0,0,0,0,0,0,0,0,0,1188,485,0,0,0,0,0,0,0,0,0,0,0,0,0,0,0
2,2025,'091011291',105,  ,KG,0,18324895,4734271,0,1434268,393861,0,1272851,351316,0,2533660,674313,0,1453401,385286,0,1571762,376767,0,1269114,312293,0,1658224,412827,0,1427203,363601,0,1347552,340477,0,1557455,400634,0,1416692,371118,0,1382713,351778
2,2025,'091011291',111,  ,KG,0,624098,208710,0,21304,7032,0,101481,28618,0,149003,48518,0,50430,16279,0,15430,4643,0,9235,4889,0,29230,9208,0,82324,29633,0,62682,22033,0,82324,29707,0,253,218,0,20402,7932
2,2025,'091011291',407,  ,KG,0,48000,16759,0,0,0,0,0,0,0,0,0,0,0,0,0,0,0,0,0,0,0,0,0,0,0,0,0,0,0,0,32000,10586,0,0,0,0,16000,6173
2,2025,'091011292',105,  ,KG,0,564292,604570,0,32427,32750,0,19088,24533,0,49023,53905,0,34503,39654,0,5000,2610,0,124292,118448,0,128498,138216,0,15347,16156,0,23245,26973,0,121915,136858,0,950,1880,0,10004,12587
2,2025,'091011292',110,  ,KG,0,1820,2800,0,0,0,0,0,0,0,0,0,0,1820,2800,0,0,0,0,0,0,0,0,0,0,0,0,0,0,0,0,0,0,0,0,0,0,0,0
2,2025,'091011292',121,  ,KG,0,127232,341174,0,0,0,0,0,0,0,0,0,0,0,0,0,0,0,0,0,0,0,45437,114233,0,29617,75548,0,0,0,0,45216,130423,0,0,0,0,6962,20970
2,2025,'091011292',123,  ,KG,0,28350,21564,0,0,0,0,0,0,0,0,0,0,0,0,0,0,0,0,0,0,0,3000,1356,0,12500,10451,0,0,0,0,9850,8293,0,0,0,0,3000,1464
2,2025,'091011299',105,  ,KG,0,13480640,4155013,0,1764567,494019,0,644112,211180,0,789306,285365,0,1338258,425146,0,1296448,383320,0,1278934,415191,0,1363859,393843,0,483705,169970,0,862570,359291,0,861740,295821,0,1242022,335718,0,1555119,386149
2,2025,'091011299',106,  ,KG,0,1232992,594499,0,40174,24249,0,69222,40720,0,51300,27772,0,70468,38281,0,49568,25888,0,58034,30551,0,167672,78695,0,404746,172986,0,128334,54537,0,61598,32877,0,72550,38629,0,59326,29314
2,2025,'091011299',110,  ,KG,0,15010,14080,0,0,0,0,0,0,0,10000,10583,0,0,0,0,5010,3497,0,0,0,0,0,0,0,0,0,0,0,0,0,0,0,0,0,0,0,0,0
2,2025,'091011299',111,  ,KG,0,1675138,446183,0,269010,65219,0,297478,79610,0,201960,45507,0,124740,28927,0,39956,28344,0,188235,37208,0,156600,30823,0,64296,25527,0,128472,40122,0,66616,30552,0,84315,20756,0,53460,13588
2,2025,'091011299',118,  ,KG,0,14017,8307,0,0,0,0,0,0,0,0,0,0,0,0,0,0,0,0,0,0,0,1000,746,0,13017,7561,0,0,0,0,0,0,0,0,0,0,0,0
2,2025,'091011299',122,  ,KG,0,9079,9245,0,0,0,0,0,0,0,0,0,0,0,0,0,0,0,0,0,0,0,0,0,0,0,0,0,0,0,0,4289,2518,0,0,0,0,4790,6727
2,2025,'091011299',125,  ,KG,0,330,4450,0,0,0,0,0,0,0,0,0,0,0,0,0,0,0,0,0,0,0,50,218,0,0,0,0,70,920,0,210,3312,0,0,0,0,0,0
2,2025,'091012100',105,  ,KG,0,7560,1204,0,0,0,0,1512,254,0,0,0,0,0,0,0,3024,465,0,0,0,0,0,0,0,0,0,0,0,0,0,3024,485,0,0,0,0,0,0
2,2025,'091012100',111,  ,KG,0,10524,2391,0,0,0,0,0,0,0,0,0,0,0,0,0,0,0,0,3024,1074,0,0,0,0,0,0,0,0,0,0,0,0,0,7500,1317,0,0,0
2,2025,'091012210',103,  ,KG,0,549,5996,0,60,731,0,0,0,0,90,1092,0,0,0,0,0,0,0,173,2042,0,0,0,0,0,0,0,0,0,0,90,545,0,136,1586,0,0,0
2,2025,'091012210',105,  ,KG,0,2981539,1297033,0,259208,117417,0,162797,73874,0,183782,79765,0,282536,117349,0,290830,115320,0,206229,87537,0,315349,135638,0,239144,105829,0,207027,94856,0,275010,120763,0,218834,97968,0,340793,150717
2,2025,'091012210',110,  ,KG,0,44514,14957,0,8100,1876,0,1248,361,0,3000,1234,0,3840,1429,0,5160,1795,0,3960,1573,0,3000,816,0,3357,1364,0,6000,1656,0,3840,1565,0,0,0,0,3009,1288
2,2025,'091012210',111,  ,KG,0,110,457,0,0,0,0,0,0,0,0,0,0,0,0,0,110,457,0,0,0,0,0,0,0,0,0,0,0,0,0,0,0,0,0,0,0,0,0
2,2025,'091012210',123,  ,KG,0,6215,5881,0,670,679,0,0,0,0,1875,965,0,800,1480,0,735,786,0,0,0,0,0,0,0,1554,1321,0,0,0,0,0,0,0,0,0,0,581,650
2,2025,'091012210',125,  ,KG,0,600,2163,0,126,697,0,0,0,0,0,0,0,50,266,0,0,0,0,100,318,0,108,282,0,0,0,0,0,0,0,0,0,0,216,600,0,0,0
2,2025,'091012210',205,  ,KG,0,742,7567,0,0,0,0,67,641,0,0,0,0,0,0,0,259,2560,0,0,0,0,124,1337,0,0,0,0,118,1139,0,100,1063,0,0,0,0,74,827
2,2025,'091012210',245,  ,KG,0,148,1037,0,74,520,0,0,0,0,0,0,0,0,0,0,74,517,0,0,0,0,0,0,0,0,0,0,0,0,0,0,0,0,0,0,0,0,0
2,2025,'091012299',105,  ,KG,0,4943808,2208458,0,506744,237544,0,300934,143449,0,312112,127777,0,469566,195283,0,332923,138630,0,385454,167965,0,493489,224665,0,344491,152850,0,509621,252515,0,304533,137255,0,581792,254183,0,402149,176342
2,2025,'091012299',106,  ,KG,0,192000,98705,0,0,0,0,48000,25440,0,48000,24559,0,96000,48706,0,0,0,0,0,0,0,0,0,0,0,0,0,0,0,0,0,0,0,0,0,0,0,0
2,2025,'091012299',110,  ,KG,0,5249,5814,0,613,802,0,0,0,0,0,0,0,136,347,0,0,0,0,1000,1681,0,0,0,0,3500,2984,0,0,0,0,0,0,0,0,0,0,0,0
2,2025,'091012299',111,  ,KG,0,300883,123231,0,7600,2969,0,19030,7671,0,16940,7190,0,0,0,0,17140,7393,0,53360,20772,0,39540,16020,0,24280,9472,0,15019,6804,0,19860,7686,0,26310,11160,0,61804,26094
2,2025,'091012299',122,  ,KG,0,170,388,0,0,0,0,0,0,0,0,0,0,0,0,0,0,0,0,0,0,0,170,388,0,0,0,0,0,0,0,0,0,0,0,0,0,0,0
2,2025,'091012299',123,  ,KG,0,3680,5833,0,0,0,0,0,0,0,1180,1958,0,500,232,0,0,0,0,0,0,0,1000,1748,0,0,0,0,0,0,0,0,0,0,0,0,0,1000,1895
2,2025,'091012299',125,  ,KG,0,230,855,0,0,0,0,0,0,0,0,0,0,0,0,0,180,642,0,0,0,0,0,0,0,50,213,0,0,0,0,0,0,0,0,0,0,0,0
2,2025,'091012299',210,  ,KG,0,40,339,0,0,0,0,0,0,0,0,0,0,0,0,0,0,0,0,0,0,0,0,0,0,0,0,0,0,0,0,0,0,0,0,0,0,40,339
2,2025,'091012299',407,  ,KG,0,300,456,0,0,0,0,300,456,0,0,0,0,0,0,0,0,0,0,0,0,0,0,0,0,0,0,0,0,0,0,0,0,0,0,0,0,0,0
2,2025,'091012299',524,  ,KG,0,40000,22313,0,25000,14250,0,0,0,0,15000,8063,0,0,0,0,0,0,0,0,0,0,0,0,0,0,0,0,0,0,0,0,0,0,0,0,0,0,0
2,2025,'091020100',123,  ,KG,0,12,5750,0,0,0,0,0,0,0,0,0,0,6,2206,0,0,707,0,0,0,0,0,0,0,0,0,0,2,1049,0,0,0,0,4,1788,0,0,0
2,2025,'091020100',133,  ,KG,0,4,2954,0,0,0,0,1,696,0,0,0,0,0,0,0,0,0,0,1,612,0,0,0,0,1,764,0,0,0,0,0,0,0,0,0,0,1,882
2,2025,'091020100',218,  ,KG,0,11,13065,0,2,850,0,0,0,0,0,0,0,0,0,0,0,0,0,0,0,0,0,0,0,0,0,0,4,9545,0,3,1722,0,2,948,0,0,0
2,2025,'091020100',220,  ,KG,0,0,930,0,0,0,0,0,0,0,0,0,0,0,0,0,0,0,0,0,0,0,0,0,0,0,0,0,0,0,0,0,0,0,0,930,0,0,0
2,2025,'091020100',601,  ,KG,0,0,213,0,0,0,0,0,0,0,0,0,0,0,0,0,0,0,0,0,0,0,0,213,0,0,0,0,0,0,0,0,0,0,0,0,0,0,0
2,2025,'091020210',123,  ,KG,0,3,1052,0,0,0,0,0,0,0,3,1052,0,0,0,0,0,0,0,0,0,0,0,0,0,0,0,0,0,0,0,0,0,0,0,0,0,0,0
2,2025,'091020210',133,  ,KG,0,51,11027,0,0,0,0,0,0,0,50,10773,0,0,0,0,0,0,0,0,0,0,1,254,0,0,0,0,0,0,0,0,0,0,0,0,0,0,0
2,2025,'091020210',218,  ,KG,0,653,177948,0,5,2130,0,205,47812,0,40,15244,0,15,6959,0,50,11782,0,55,17491,0,100,23014,0,0,0,0,100,23104,0,42,18209,0,16,5504,0,25,6699
2,2025,'091020210',230,  ,KG,0,1,621,0,0,0,0,1,621,0,0,0,0,0,0,0,0,0,0,0,0,0,0,0,0,0,0,0,0,0,0,0,0,0,0,0,0,0,0
2,2025,'091020220',218,  ,KG,0,337,70125,0,10,2376,0,5,1106,0,144,27439,0,0,0,0,0,0,0,5,1348,0,0,0,0,13,3034,0,0,0,0,145,31315,0,15,3507,0,0,0
2,2025,'091030100',110,  ,KG,0,5751,7719,0,254,362,0,942,1435,0,0,0,0,1449,1903,0,192,294,0,0,0,0,735,850,0,0,0,0,375,493,0,382,517,0,610,728,0,812,1137
2,2025,'091030100',111,  ,KG,0,240,606,0,0,0,0,0,0,0,0,0,0,240,606,0,0,0,0,0,0,0,0,0,0,0,0,0,0,0,0,0,0,0,0,0,0,0,0
2,2025,'091030100',123,  ,KG,0,174482,78238,0,14995,5396,0,21323,11220,0,21436,7158,0,0,0,0,22997,10562,0,9965,4071,0,13560,5732,0,6681,1933,0,33457,15944,0,15680,8496,0,9183,4621,0,5205,3105
2,2025,'091030100',124,  ,KG,0,3612,2268,0,300,274,0,0,0,0,0,0,0,0,0,0,0,0,0,528,240,0,816,581,0,0,0,0,0,0,0,1968,1173,0,0,0,0,0,0
2,2025,'091030100',125,  ,KG,0,662,2150,0,0,0,0,0,0,0,80,243,0,0,0,0,0,0,0,0,0,0,366,1040,0,0,0,0,0,0,0,0,0,0,216,867,0,0,0
2,2025,'091030100',127,  ,KG,0,19636,11974,0,2976,2061,0,2820,1329,0,1680,1048,0,720,539,0,576,426,0,1732,1183,0,2340,1362,0,0,0,0,624,377,0,2064,1276,0,2486,1217,0,1618,1156
2,2025,'091030100',234,  ,KG,0,1000,577,0,0,0,0,0,0,0,0,0,0,0,0,0,0,0,0,0,0,0,1000,577,0,0,0,0,0,0,0,0,0,0,0,0,0,0,0
2,2025,'091030210',105,  ,KG,0,519323,284109,0,50020,27478,0,18000,8416,0,23000,9849,0,33940,17853,0,48584,24863,0,55549,30501,0,43020,19559,0,25000,13559,0,25020,12238,0,48670,25890,0,72000,43495,0,76520,50408
2,2025,'091030210',110,  ,KG,0,48780,30992,0,0,0,0,0,0,0,0,0,0,0,0,0,16500,10960,0,12280,6068,0,0,0,0,0,0,0,0,0,0,20000,13964,0,0,0,0,0,0
2,2025,'091030210',111,  ,KG,0,311,1474,0,0,0,0,311,1474,0,0,0,0,0,0,0,0,0,0,0,0,0,0,0,0,0,0,0,0,0,0,0,0,0,0,0,0,0,0
2,2025,'091030210',118,  ,KG,0,1008,283,0,0,0,0,0,0,0,0,0,0,0,0,0,0,0,0,0,0,0,0,0,0,0,0,0,0,0,0,1008,283,0,0,0,0,0,0
2,2025,'091030210',123,  ,KG,0,1653559,744543,0,105540,43863,0,115000,57740,0,231540,77382,0,127000,48200,0,262120,132079,0,37000,11476,0,121000,54069,0,141040,70631,0,187160,98972,0,56059,19509,0,90000,42599,0,180100,88023
2,2025,'091030220',105,  ,KG,0,47550,14462,0,0,0,0,0,0,0,0,0,0,0,0,0,0,0,0,0,0,0,7100,1226,0,0,0,0,6000,1105,0,5250,1695,0,11200,2458,0,18000,7978
2,2025,'091030220',110,  ,KG,0,49300,11219,0,500,291,0,12000,2661,0,12000,2519,0,0,0,0,0,0,0,12300,2965,0,0,0,0,500,266,0,12000,2517,0,0,0,0,0,0,0,0,0
2,2025,'091030220',111,  ,KG,0,2000,2435,0,0,0,0,0,0,0,0,0,0,0,0,0,0,0,0,1000,1227,0,0,0,0,0,0,0,0,0,0,0,0,0,1000,1208,0,0,0
2,2025,'091030220',118,  ,KG,0,1836,1978,0,0,0,0,0,0,0,0,0,0,0,0,0,1000,1048,0,0,0,0,0,0,0,836,930,0,0,0,0,0,0,0,0,0,0,0,0
2,2025,'091030220',123,  ,KG,0,880890,445188,0,5175,8425,0,45240,25763,0,49785,28975,0,98170,50890,0,124900,66241,0,80750,34515,0,38960,14455,0,76670,44395,0,118840,52668,0,81560,45764,0,98170,39250,0,62670,33847
2,2025,'091030220',125,  ,KG,0,25,208,0,0,0,0,25,208,0,0,0,0,0,0,0,0,0,0,0,0,0,0,0,0,0,0,0,0,0,0,0,0,0,0,0,0,0,0
2,2025,'091030220',304,  ,KG,0,150,793,0,0,0,0,0,0,0,0,0,0,0,0,0,150,793,0,0,0,0,0,0,0,0,0,0,0,0,0,0,0,0,0,0,0,0,0
2,2025,'091091110',105,  ,KG,0,7100,4639,0,0,0,0,1000,678,0,1500,982,0,0,0,0,1000,625,0,0,0,0,1000,631,0,0,0,0,800,515,0,800,534,0,1000,674,0,0,0
2,2025,'091091110',110,  ,KG,0,350,699,0,0,0,0,0,0,0,150,339,0,0,0,0,0,0,0,0,0,0,0,0,0,0,0,0,0,0,0,0,0,0,200,360,0,0,0
2,2025,'091091110',111,  ,KG,0,247,947,0,0,0,0,247,947,0,0,0,0,0,0,0,0,0,0,0,0,0,0,0,0,0,0,0,0,0,0,0,0,0,0,0,0,0,0
2,2025,'091091110',113,  ,KG,0,5943,6194,0,0,0,0,1005,1389,0,0,0,0,1028,660,0,1005,1278,0,400,346,0,500,419,0,0,0,0,1000,784,0,1005,1318,0,0,0,0,0,0
2,2025,'091091110',123,  ,KG,0,163858,166625,0,14150,16215,0,14960,9474,0,11565,13881,0,19213,20111,0,8100,8577,0,14562,16593,0,10414,9177,0,12500,7378,0,12847,16138,0,12152,14157,0,26522,27058,0,6873,7866
2,2025,'091091110',124,  ,KG,0,9190,8775,0,1296,1120,0,0,0,0,0,0,0,0,0,0,288,205,0,3192,2960,0,0,0,0,0,0,0,2775,2575,0,1639,1915,0,0,0,0,0,0
2,2025,'091091110',125,  ,KG,0,36039,27551,0,925,795,0,4635,3891,0,4153,2265,0,0,0,0,1115,632,0,6741,4443,0,9171,7901,0,846,1449,0,2538,2383,0,0,0,0,5615,3516,0,300,276
2,2025,'091091110',127,  ,KG,0,11024,9619,0,933,950,0,0,0,0,2150,1735,0,2678,2325,0,0,0,0,2160,1760,0,187,331,0,0,0,0,2916,2518,0,0,0,0,0,0,0,0,0
2,2025,'091091110',131,  ,KG,0,4600,5073,0,0,0,0,500,615,0,0,0,0,0,0,0,0,0,0,0,0,0,3500,3859,0,600,599,0,0,0,0,0,0,0,0,0,0,0,0
2,2025,'091091110',205,  ,KG,0,4343,11489,0,1000,2536,0,0,0,0,2000,5683,0,440,650,0,0,0,0,525,1545,0,0,0,0,0,0,0,378,1075,0,0,0,0,0,0,0,0,0
2,2025,'091091110',208,  ,KG,0,192,412,0,192,412,0,0,0,0,0,0,0,0,0,0,0,0,0,0,0,0,0,0,0,0,0,0,0,0,0,0,0,0,0,0,0,0,0
2,2025,'091091110',213,  ,KG,0,2700,2804,0,0,0,0,0,0,0,0,0,0,900,842,0,0,0,0,0,0,0,0,0,0,900,912,0,0,0,0,0,0,0,900,1050,0,0,0
2,2025,'091091110',225,  ,KG,0,45,315,0,0,0,0,0,0,0,0,0,0,45,315,0,0,0,0,0,0,0,0,0,0,0,0,0,0,0,0,0,0,0,0,0,0,0,0
2,2025,'091091210',105,  ,KG,0,40577,64896,0,3415,4877,0,1560,2180,0,3261,5839,0,5288,6729,0,3090,5665,0,2028,2825,0,2058,2760,0,4780,7800,0,760,873,0,3999,7137,0,1275,1859,0,9063,16352
2,2025,'091091210',106,  ,KG,0,394,741,0,0,0,0,0,0,0,0,0,0,52,220,0,0,0,0,342,521,0,0,0,0,0,0,0,0,0,0,0,0,0,0,0,0,0,0
2,2025,'091091210',110,  ,KG,0,511,1488,0,0,0,0,0,0,0,0,0,0,0,0,0,187,479,0,0,0,0,0,0,0,0,0,0,0,0,0,0,0,0,0,0,0,324,1009
2,2025,'091091210',111,  ,KG,0,1266,2686,0,100,235,0,390,605,0,100,235,0,0,0,0,136,319,0,136,304,0,0,0,0,0,0,0,140,341,0,120,294,0,0,0,0,144,353
2,2025,'091091210',123,  ,KG,0,106395,139909,0,8046,12510,0,2394,2243,0,9186,12186,0,15015,16137,0,7506,10615,0,15794,17923,0,3946,5152,0,0,0,0,20706,24988,0,7596,12672,0,10542,18164,0,5664,7319
2,2025,'091091210',124,  ,KG,0,36956,43069,0,2623,3671,0,0,0,0,5022,5643,0,0,0,0,5063,5638,0,3486,4469,0,2875,3738,0,1728,1796,0,5400,6552,0,6703,7372,0,0,0,0,4056,4190
2,2025,'091091210',125,  ,KG,0,1224,2461,0,0,0,0,0,0,0,0,0,0,170,860,0,0,0,0,0,0,0,1000,665,0,0,0,0,34,668,0,20,268,0,0,0,0,0,0
2,2025,'091091210',127,  ,KG,0,11195,15164,0,1444,1932,0,0,0,0,2047,2421,0,1149,1690,0,1050,1950,0,1737,3173,0,346,316,0,0,0,0,420,534,0,1301,1568,0,921,777,0,780,803
2,2025,'091091210',131,  ,KG,0,4508,4710,0,550,463,0,700,857,0,248,276,0,192,275,0,0,0,0,0,0,0,0,0,0,466,583,0,610,549,0,0,0,0,1742,1707,0,0,0
2,2025,'091091210',213,  ,KG,0,165,1215,0,55,393,0,0,0,0,0,0,0,0,0,0,0,0,0,0,0,0,55,404,0,0,0,0,0,0,0,55,418,0,0,0,0,0,0
2,2025,'091091210',220,  ,KG,0,122,1002,0,52,411,0,0,0,0,0,0,0,0,0,0,0,0,0,0,0,0,0,0,0,0,0,0,0,0,0,35,281,0,35,310,0,0,0
2,2025,'091091210',225,  ,KG,0,42,381,0,0,0,0,0,0,0,0,0,0,42,381,0,0,0,0,0,0,0,0,0,0,0,0,0,0,0,0,0,0,0,0,0,0,0,0
2,2025,'091091210',245,  ,KG,0,132,1037,0,66,520,0,0,0,0,0,0,0,0,0,0,66,517,0,0,0,0,0,0,0,0,0,0,0,0,0,0,0,0,0,0,0,0,0
2,2025,'091091210',304,  ,KG,0,941,6609,0,0,0,0,201,2401,0,274,787,0,0,0,0,0,0,0,0,0,0,274,773,0,0,0,0,0,0,0,177,2356,0,0,0,0,15,292
2,2025,'091091210',551,  ,KG,0,12253,53912,0,0,0,0,2764,11979,0,2764,11620,0,2764,11710,0,0,0,0,1382,5604,0,34,402,0,0,0,0,1108,5925,0,0,0,0,55,599,0,1382,6073
2,2025,'091091290',105,  ,KG,0,16230,84904,0,3026,8038,0,960,9259,0,576,5553,0,768,7400,0,576,5547,0,1096,4770,0,555,5460,0,370,3641,0,3729,8796,0,938,9222,0,576,5652,0,3060,11566
2,2025,'091091290',106,  ,KG,0,1800,3402,0,0,0,0,720,1319,0,0,0,0,0,0,0,0,0,0,0,0,0,0,0,0,0,0,0,0,0,0,0,0,0,0,0,0,1080,2083
2,2025,'091091290',123,  ,KG,0,1490,7119,0,100,523,0,0,0,0,0,0,0,50,269,0,0,0,0,100,476,0,0,0,0,0,0,0,0,0,0,0,0,0,1240,5851,0,0,0
2,2025,'091091290',125,  ,KG,0,991,4191,0,0,0,0,0,0,0,0,0,0,0,0,0,0,0,0,0,0,0,301,998,0,260,850,0,0,0,0,200,1414,0,230,929,0,0,0
2,2025,'091091290',210,  ,KG,0,428,2292,0,0,0,0,0,0,0,0,0,0,0,0,0,0,0,0,0,0,0,0,0,0,398,1899,0,0,0,0,30,393,0,0,0,0,0,0
2,2025,'091091290',213,  ,KG,0,13648,35702,0,855,1999,0,249,556,0,151,345,0,800,2368,0,1692,2473,0,456,1065,0,4821,12598,0,215,832,0,1260,3770,0,899,3297,0,796,2542,0,1454,3857
2,2025,'091091290',304,  ,KG,0,123778,133357,0,0,0,0,17418,19493,0,5125,4244,0,11258,13807,0,17418,17537,0,18418,18376,0,0,0,0,9624,13873,0,2400,2433,0,29243,29204,0,10125,8670,0,2749,5720
2,2025,'091099911',105,  ,KG,0,1705,3445,0,180,329,0,0,0,0,100,220,0,615,1277,0,0,0,0,270,504,0,120,275,0,0,0,0,150,296,0,0,0,0,270,544,0,0,0
2,2025,'091099911',118,  ,KG,0,1460,2910,0,100,298,0,0,0,0,85,241,0,0,0,0,0,0,0,0,0,0,75,211,0,100,281,0,125,292,0,75,212,0,200,564,0,700,811
2,2025,'091099911',123,  ,KG,0,2353,1608,0,0,0,0,0,0,0,0,0,0,422,301,0,0,0,0,1063,656,0,570,403,0,0,0,0,0,0,0,298,248,0,0,0,0,0,0
2,2025,'091099911',127,  ,KG,0,3216,1951,0,0,0,0,1000,656,0,0,0,0,0,0,0,0,0,0,0,0,0,0,0,0,0,0,0,336,277,0,1880,1018,0,0,0,0,0,0
2,2025,'091099911',144,  ,KG,0,14,450,0,0,0,0,0,0,0,0,0,0,0,0,0,0,0,0,0,0,0,0,0,0,14,450,0,0,0,0,0,0,0,0,0,0,0,0
2,2025,'091099911',210,  ,KG,0,14,326,0,0,0,0,0,0,0,0,0,0,0,0,0,0,0,0,0,0,0,0,0,0,0,0,0,14,326,0,0,0,0,0,0,0,0,0
2,2025,'091099911',234,  ,KG,0,1605,1876,0,0,0,0,0,0,0,0,0,0,0,0,0,0,0,0,0,0,0,1605,1876,0,0,0,0,0,0,0,0,0,0,0,0,0,0,0
2,2025,'091099911',501,  ,KG,0,265,2066,0,0,0,0,0,0,0,64,501,0,64,504,0,0,0,0,42,325,0,95,736,0,0,0,0,0,0,0,0,0,0,0,0,0,0,0
2,2025,'091099919',105,  ,KG,0,75502,214095,0,7342,25746,0,4060,7839,0,5794,20690,0,9271,24401,0,5900,10107,0,7350,23003,0,1965,4502,0,8000,24747,0,2530,6724,0,11630,30586,0,3580,8019,0,8080,27731
2,2025,'091099919',110,  ,KG,0,16269,8232,0,2520,783,0,1020,302,0,2524,676,0,2260,874,0,0,0,0,0,0,0,1550,753,0,915,699,0,2390,1134,0,0,0,0,1190,1034,0,1900,1977
2,2025,'091099919',111,  ,KG,0,14522,7307,0,856,465,0,1096,543,0,880,437,0,1024,508,0,640,318,0,4306,2201,0,800,396,0,984,488,0,968,480,0,728,361,0,1520,753,0,720,357
2,2025,'091099919',118,  ,KG,0,15308,17572,0,0,0,0,0,0,0,0,0,0,3033,3476,0,0,0,0,0,0,0,0,0,0,1892,2309,0,0,0,0,0,0,0,3513,4095,0,6870,7692
2,2025,'091099919',123,  ,KG,0,34789,14657,0,720,345,0,1479,522,0,3020,1359,0,1676,335,0,4430,1432,0,4535,1297,0,3413,1878,0,4179,1739,0,800,493,0,3774,1563,0,5083,2266,0,1680,1428
2,2025,'091099919',125,  ,KG,0,375,761,0,0,0,0,0,0,0,0,0,0,0,0,0,0,0,0,75,374,0,0,0,0,300,387,0,0,0,0,0,0,0,0,0,0,0,0
2,2025,'091099919',127,  ,KG,0,2136,1004,0,0,0,0,0,0,0,0,0,0,0,0,0,0,0,0,0,0,0,0,0,0,1176,484,0,0,0,0,0,0,0,960,520,0,0,0
2,2025,'091099919',131,  ,KG,0,3740,5743,0,0,0,0,638,1464,0,0,0,0,1085,1470,0,0,0,0,0,0,0,0,0,0,0,0,0,500,975,0,0,0,0,1517,1834,0,0,0
2,2025,'091099919',210,  ,KG,0,38,1848,0,0,0,0,5,257,0,0,0,0,6,347,0,0,0,0,0,0,0,0,0,0,7,464,0,0,0,0,8,439,0,0,0,0,12,341
2,2025,'091099919',220,  ,KG,0,200,1176,0,0,0,0,0,0,0,0,0,0,0,0,0,0,0,0,0,0,0,0,0,0,200,1176,0,0,0,0,0,0,0,0,0,0,0,0
2,2025,'091099919',234,  ,KG,0,1992,3071,0,0,0,0,0,0,0,0,0,0,100,429,0,0,0,0,444,1402,0,1448,1240,0,0,0,0,0,0,0,0,0,0,0,0,0,0,0
2,2025,'091099919',410,  ,KG,0,46,321,0,46,321,0,0,0,0,0,0,0,0,0,0,0,0,0,0,0,0,0,0,0,0,0,0,0,0,0,0,0,0,0,0,0,0,0
2,2025,'091099919',538,  ,KG,0,314,1275,0,0,0,0,0,0,0,0,0,0,0,0,0,0,0,0,0,0,0,0,0,0,0,0,0,0,0,0,300,1030,0,14,245,0,0,0
2,2025,'091099919',601,  ,KG,0,937,1906,0,0,0,0,415,726,0,0,0,0,142,299,0,0,0,0,261,509,0,119,372,0,0,0,0,0,0,0,0,0,0,0,0,0,0,0
2,2025,'091099991',123,  ,KG,0,132,951,0,0,0,0,0,0,0,0,0,0,0,0,0,72,508,0,0,0,0,60,443,0,0,0,0,0,0,0,0,0,0,0,0,0,0,0
2,2025,'091099991',210,  ,KG,0,998,3680,0,0,0,0,0,0,0,998,3680,0,0,0,0,0,0,0,0,0,0,0,0,0,0,0,0,0,0,0,0,0,0,0,0,0,0,0
2,2025,'091099991',218,  ,KG,0,20000,12066,0,0,0,0,0,0,0,8000,3812,0,0,0,0,0,0,0,12000,8254,0,0,0,0,0,0,0,0,0,0,0,0,0,0,0,0,0,0
2,2025,'091099991',225,  ,KG,0,260,814,0,0,0,0,0,0,0,0,0,0,0,0,0,0,0,0,0,0,0,0,0,0,0,0,0,260,814,0,0,0,0,0,0,0,0,0
2,2025,'091099991',229,  ,KG,0,6000,3966,0,0,0,0,0,0,0,0,0,0,0,0,0,6000,3966,0,0,0,0,0,0,0,0,0,0,0,0,0,0,0,0,0,0,0,0,0
2,2025,'091099991',234,  ,KG,0,250455,287906,0,6000,3892,0,49430,56399,0,20460,19121,0,8845,12810,0,15685,38634,0,17960,12754,0,14000,24871,0,26430,21695,0,14800,8518,0,37525,38162,0,22400,35602,0,16920,15448
2,2025,'091099991',304,  ,KG,0,3490,105608,0,0,0,0,0,0,0,1740,53216,0,0,0,0,0,0,0,0,0,0,1750,52392,0,0,0,0,0,0,0,0,0,0,0,0,0,0,0
2,2025,'091099991',501,  ,KG,0,78640,84012,0,14000,11212,0,0,0,0,2200,2514,0,11400,11355,0,10000,13996,0,0,0,0,27040,24850,0,4500,6332,0,0,0,0,0,0,0,4500,6565,0,5000,7188
2,2025,'091099991',506,  ,KG,0,500,435,0,0,0,0,0,0,0,0,0,0,0,0,0,0,0,0,0,0,0,0,0,0,0,0,0,500,435,0,0,0,0,0,0,0,0,0
2,2025,'091099992',105,  ,KG,0,200,251,0,0,0,0,0,0,0,0,0,0,0,0,0,0,0,0,200,251,0,0,0,0,0,0,0,0,0,0,0,0,0,0,0,0,0,0
2,2025,'091099992',218,  ,KG,0,300,238,0,300,238,0,0,0,0,0,0,0,0,0,0,0,0,0,0,0,0,0,0,0,0,0,0,0,0,0,0,0,0,0,0,0,0,0
2,2025,'091099992',234,  ,KG,0,113396,51795,0,28221,13503,0,4005,1379,0,0,0,0,0,0,0,28875,11814,0,720,403,0,14005,7098,0,0,0,0,6100,4139,0,1440,827,0,9000,3050,0,21030,9582
2,2025,'091099992',501,  ,KG,0,42480,38679,0,0,0,0,19000,16914,0,0,0,0,0,0,0,0,0,0,7000,6150,0,1300,1054,0,0,0,0,0,0,0,6680,6281,0,0,0,0,8500,8280
2,2025,'091099993',103,  ,KG,0,176119,2846317,0,500,5900,0,0,0,0,0,0,0,0,0,0,0,0,0,0,0,0,17598,87445,0,18157,156308,0,24560,541769,0,39870,718015,0,50324,848219,0,25110,488661
2,2025,'091099993',105,  ,KG,0,450889,822223,0,51611,79114,0,2550,9517,0,61800,101241,0,33042,68774,0,31805,53679,0,47186,94192,0,9200,13474,0,39620,40485,0,39467,72558,0,55155,138717,0,42020,73658,0,37433,76814
2,2025,'091099993',110,  ,KG,0,13339,31917,0,0,0,0,2853,10870,0,2000,1653,0,1000,782,0,0,0,0,0,0,0,0,0,0,0,0,0,0,0,0,1080,301,0,5406,18031,0,1000,280
2,2025,'091099993',118,  ,KG,0,39993,62903,0,4981,13389,0,2316,3555,0,2846,7470,0,6469,13265,0,3681,5079,0,0,0,0,2556,6471,0,3745,9176,0,0,0,0,11214,1194,0,0,0,0,2185,3304
2,2025,'091099993',123,  ,KG,0,702920,146001,0,35000,9676,0,114000,26288,0,65600,14889,0,105620,21467,0,25000,6177,0,20000,6206,0,70000,13235,0,49500,8339,0,34500,5523,0,86500,14066,0,51500,12154,0,45700,7981
2,2025,'091099993',131,  ,KG,0,590,1265,0,0,0,0,100,226,0,0,0,0,420,825,0,0,0,0,70,214,0,0,0,0,0,0,0,0,0,0,0,0,0,0,0,0,0,0
2,2025,'091099993',506,  ,KG,0,350,465,0,0,0,0,0,0,0,0,0,0,0,0,0,0,0,0,0,0,0,0,0,0,350,465,0,0,0,0,0,0,0,0,0,0,0,0
2,2025,'091099993',546,  ,KG,0,12735,62583,0,1200,4901,0,240,826,0,0,0,0,0,0,0,295,1207,0,0,0,0,0,0,0,1300,7809,0,0,0,0,0,0,0,1500,6650,0,8200,41190
2,2025,'091099994',105,  ,KG,0,58410,146541,0,6000,8279,0,0,0,0,7088,16026,0,3346,17471,0,11784,22082,0,1086,5399,0,8040,22600,0,11066,22830,0,8040,23122,0,0,0,0,1232,5709,0,728,3023
2,2025,'091099994',110,  ,KG,0,9506,2658,0,0,0,0,0,0,0,0,0,0,0,0,0,0,0,0,2000,466,0,0,0,0,0,0,0,1510,424,0,0,0,0,980,282,0,5016,1486
2,2025,'091099994',123,  ,KG,0,595455,163849,0,56495,17548,0,58900,17345,0,66000,16594,0,88000,21864,0,0,0,0,45820,14147,0,30620,8289,0,66000,16388,0,38780,11662,0,57740,15959,0,60020,16702,0,27080,7351
2,2025,'091099994',131,  ,KG,0,1705,2666,0,0,0,0,0,0,0,0,0,0,230,709,0,0,0,0,0,0,0,120,284,0,0,0,0,0,0,0,340,1123,0,0,0,0,1015,550
2,2025,'091099994',210,  ,KG,0,25,394,0,0,0,0,0,0,0,0,0,0,0,0,0,25,394,0,0,0,0,0,0,0,0,0,0,0,0,0,0,0,0,0,0,0,0,0
2,2025,'091099994',234,  ,KG,0,240,352,0,0,0,0,0,0,0,0,0,0,0,0,0,0,0,0,0,0,0,0,0,0,0,0,0,0,0,0,0,0,0,240,352,0,0,0
2,2025,'091099994',302,  ,KG,0,99000,27825,0,0,0,0,0,0,0,0,0,0,24000,5536,0,1000,1758,0,0,0,0,24000,5542,0,49000,13133,0,0,0,0,1000,1856,0,0,0,0,0,0
2,2025,'091099994',506,  ,KG,0,1696,2493,0,0,0,0,0,0,0,0,0,0,0,0,0,0,0,0,1696,2493,0,0,0,0,0,0,0,0,0,0,0,0,0,0,0,0,0,0
2,2025,'09XXXXXXA',118,  ,KG,0,242105,488119,0,10405,27777,0,0,0,0,24800,43518,0,6000,10861,0,29700,67723,0,31000,67544,0,0,0,0,53100,93104,0,39500,82199,0,0,0,0,23000,45584,0,24600,49809
2,2025,'09XXXXXXA',133,  ,KG,0,40,8755,0,0,0,0,0,0,0,0,0,0,40,8755,0,0,0,0,0,0,0,0,0,0,0,0,0,0,0,0,0,0,0,0,0,0,0,0
2,2025,'100119010',302,  ,MT,0,232383,11790156,0,29715,1642852,0,8444,434681,0,19798,996174,0,13977,690921,0,32316,1555469,0,3000,145936,0,31552,1549359,0,8439,428722,0,20888,1050379,0,13422,682586,0,33655,1748690,0,17177,864387
2,2025,'100119010',304,  ,MT,0,3114,236089,0,0,0,0,0,0,0,773,49087,0,0,0,0,1326,121808,0,830,51192,0,0,0,0,0,0,0,0,0,0,0,0,0,0,0,0,185,14002
2,2025,'100119090',220,  ,MT,0,19,3444,0,0,0,0,0,0,0,0,0,0,0,0,0,0,0,0,0,0,0,0,0,0,0,0,0,0,0,0,0,0,0,0,0,0,19,3444
2,2025,'100191099',223,  ,MT,0,10,1336,0,0,0,0,0,0,0,0,0,0,0,0,0,0,0,0,0,0,0,0,0,0,0,0,0,0,0,0,10,1336,0,0,0,0,0,0
2,2025,'100199016',304,  ,MT,0,43203,1865216,0,4233,189905,0,2997,131476,0,4839,205601,0,0,0,0,0,0,0,0,0,0,0,0,0,4871,201954,0,2845,115814,0,3704,153877,0,19206,842351,0,508,24238
2,2025,'100199019',210,  ,MT,0,5298,498792,0,378,21482,0,431,33620,0,0,0,0,421,24511,0,0,0,0,0,0,0,1891,195103,0,205,16686,0,0,0,0,1301,167997,0,0,0,0,671,39393
2,2025,'100199019',302,  ,MT,0,1877313,83601987,0,171858,8413361,0,107003,4949147,0,90638,4085902,0,178548,7859344,0,215558,9115565,0,178449,7661267,0,107068,4724472,0,137734,6303492,0,197656,8777591,0,78342,3323547,0,165071,7190438,0,249388,11197861
2,2025,'100199019',304,  ,MT,0,2023503,88592734,0,96077,4945288,0,156171,7637260,0,225377,9933240,0,127600,5618684,0,209585,8800060,0,215407,9179051,0,129021,5475475,0,143758,6172531,0,140030,5792665,0,184902,7741690,0,197271,8491124,0,198304,8805666
2,2025,'100199019',601,  ,MT,0,758017,37045639,0,33619,1994579,0,118916,5911894,0,26714,1301318,0,80993,3926438,0,26863,1227879,0,70890,3309645,0,86170,4208101,0,44811,2169780,0,68953,3241935,0,45567,2183255,0,95520,4777342,0,59001,2793473
2,2025,'100199096',302,  ,MT,0,23901,1082997,0,3963,179978,0,10614,485700,0,1694,75247,0,0,0,0,0,0,0,0,0,0,0,0,0,0,0,0,0,0,0,0,0,0,4977,221783,0,2653,120289
2,2025,'100199096',601,  ,MT,0,362364,15174829,0,13870,614922,0,23693,1035327,0,39568,1636595,0,22355,913696,0,36560,1462447,0,35973,1438377,0,31302,1277983,0,38947,1612861,0,24489,1014138,0,41785,1780432,0,15034,649169,0,38788,1738882
2,2025,'100199099',103,  ,MT,0,0,507,0,0,0,0,0,0,0,0,0,0,0,0,0,0,0,0,0,0,0,0,0,0,0,0,0,0,507,0,0,0,0,0,0,0,0,0
2,2025,'100199099',213,  ,MT,0,80,10537,0,0,0,0,0,0,0,41,3114,0,0,0,0,20,3482,0,0,0,0,0,0,0,0,0,0,0,0,0,0,0,0,19,3941,0,0,0
2,2025,'100199099',220,  ,MT,0,2,3068,0,0,0,0,0,0,0,0,0,0,0,0,0,1,1462,0,0,0,0,0,0,0,0,0,0,1,1606,0,0,0,0,0,0,0,0,0
2,2025,'100199099',231,  ,MT,0,174,28383,0,0,0,0,0,0,0,0,0,0,60,8938,0,0,0,0,0,0,0,0,0,0,0,0,0,114,19445,0,0,0,0,0,0,0,0,0
2,2025,'100199099',302,  ,MT,0,541,99051,0,0,0,0,101,19284,0,40,7496,0,0,0,0,100,17800,0,120,20699,0,80,14466,0,100,19306,0,0,0,0,0,0,0,0,0,0,0,0
2,2025,'100199099',304,  ,MT,0,8971,489328,0,9,2407,0,120,26256,0,120,25026,0,7,615,0,0,0,0,1479,69637,0,2801,132746,0,4335,212220,0,0,0,0,0,0,0,0,0,0,100,20421
2,2025,'100199099',407,  ,MT,0,3,903,0,0,0,0,0,0,0,0,0,0,0,0,0,0,0,0,0,0,0,3,903,0,0,0,0,0,0,0,0,0,0,0,0,0,0,0
2,2025,'100210010',304,  ,MT,0,514,130055,0,40,6433,0,0,0,0,0,0,0,8,1770,0,11,2480,0,86,19986,0,16,7260,0,113,32367,0,79,18625,0,78,21080,0,55,12936,0,28,7118
2,2025,'100290010',302,  ,MT,0,150,8842,0,51,3081,0,0,0,0,0,0,0,0,0,0,0,0,0,0,0,0,49,2823,0,0,0,0,0,0,0,50,2938,0,0,0,0,0,0
2,2025,'100290090',213,  ,MT,0,6131,402148,0,0,0,0,419,27037,0,420,26799,0,1066,69167,0,987,61375,0,500,34276,0,926,58733,0,819,56411,0,518,32257,0,161,13845,0,315,22248,0,0,0
2,2025,'100290090',222,  ,MT,0,689,58083,0,0,0,0,0,0,0,63,5063,0,0,0,0,0,0,0,355,29876,0,230,19540,0,41,3604,0,0,0,0,0,0,0,0,0,0,0,0
2,2025,'100290090',302,  ,MT,0,1494,111104,0,0,0,0,180,16411,0,0,0,0,287,16082,0,200,16872,0,160,13477,0,120,10169,0,345,24561,0,122,6635,0,0,0,0,80,6897,0,0,0
2,2025,'100290090',304,  ,MT,0,3,495,0,3,495,0,0,0,0,0,0,0,0,0,0,0,0,0,0,0,0,0,0,0,0,0,0,0,0,0,0,0,0,0,0,0,0,0
2,2025,'100310090',304,  ,MT,0,87,20840,0,0,0,0,0,0,0,46,11364,0,0,0,0,0,0,0,41,9476,0,0,0,0,0,0,0,0,0,0,0,0,0,0,0,0,0,0
2,2025,'100310090',606,  ,MT,0,28,7759,0,0,0,0,0,0,0,0,0,0,0,0,0,0,0,0,28,7759,0,0,0,0,0,0,0,0,0,0,0,0,0,0,0,0,0,0
2,2025,'100390011',302,  ,MT,0,1200,46496,0,0,0,0,0,0,0,220,8297,0,0,0,0,0,0,0,380,13926,0,0,0,0,380,15003,0,0,0,0,0,0,0,0,0,0,220,9270
2,2025,'100390011',601,  ,MT,0,440,18691,0,220,9416,0,0,0,0,0,0,0,0,0,0,0,0,0,0,0,0,0,0,0,0,0,0,0,0,0,220,9275,0,0,0,0,0,0
2,2025,'100390019',302,  ,MT,0,37634,2107010,0,119,8143,0,431,28682,0,551,46326,0,0,0,0,881,56359,0,21182,1149914,0,171,12021,0,0,0,0,0,0,0,0,0,0,857,57076,0,13442,748489
2,2025,'100390019',304,  ,MT,0,12188,1227285,0,1597,144778,0,1126,108828,0,1189,113151,0,60,5734,0,610,53546,0,959,96743,0,821,85326,0,375,41511,0,1697,188013,0,1189,116408,0,1558,164736,0,1007,108511
2,2025,'100390019',601,  ,MT,0,97950,4599868,0,0,0,0,11839,533196,0,511,21820,0,0,0,0,23367,1028738,0,6177,279481,0,24165,1104788,0,3550,227929,0,0,0,0,11337,567666,0,16506,812595,0,498,23655
2,2025,'100390091',302,  ,MT,0,471425,19008576,0,48030,1982363,0,45277,1819969,0,31336,1205012,0,32990,1311205,0,50999,1987366,0,12102,473264,0,23281,911194,0,8646,341301,0,49941,1986644,0,36202,1461651,0,45730,1886571,0,86891,3642036
2,2025,'100390091',601,  ,MT,0,517022,20727241,0,53183,2283613,0,28379,1165711,0,48115,1868591,0,40603,1565143,0,63914,2430841,0,33897,1272096,0,54487,2118408,0,60099,2427007,0,36336,1486117,0,66363,2754620,0,18683,796288,0,12963,558806
2,2025,'100390099',103,  ,MT,0,0,507,0,0,0,0,0,0,0,0,0,0,0,0,0,0,0,0,0,0,0,0,0,0,0,0,0,0,507,0,0,0,0,0,0,0,0,0
2,2025,'100390099',205,  ,MT,0,206,32402,0,0,0,0,0,0,0,0,0,0,0,0,0,0,0,0,42,6967,0,40,5310,0,0,0,0,0,0,0,82,12613,0,0,0,0,42,7512
2,2025,'100390099',210,  ,MT,0,0,852,0,0,0,0,0,0,0,0,0,0,0,0,0,0,0,0,0,0,0,0,0,0,0,0,0,0,0,0,0,0,0,0,0,0,0,852
2,2025,'100390099',302,  ,MT,0,184,25247,0,0,0,0,0,0,0,29,3477,0,45,6478,0,22,2982,0,44,6057,0,0,0,0,22,3087,0,0,0,0,0,0,0,0,0,0,22,3166
2,2025,'100390099',304,  ,MT,0,20,1752,0,0,0,0,0,0,0,0,0,0,0,0,0,20,1752,0,0,0,0,0,0,0,0,0,0,0,0,0,0,0,0,0,0,0,0,0
2,2025,'100390099',551,  ,MT,0,5,801,0,0,0,0,0,0,0,0,0,0,0,0,0,0,0,0,0,0,0,5,801,0,0,0,0,0,0,0,0,0,0,0,0,0,0,0
2,2025,'100390099',601,  ,MT,0,283,13598,0,21,1088,0,171,8050,0,41,2203,0,0,0,0,0,0,0,0,0,0,50,2257,0,0,0,0,0,0,0,0,0,0,0,0,0,0,0
2,2025,'100410010',223,  ,MT,0,3,393,0,0,0,0,0,0,0,0,0,0,0,0,0,0,0,0,0,0,0,0,0,0,0,0,0,0,0,0,3,393,0,0,0,0,0,0
2,2025,'100410010',227,  ,MT,0,180,35992,0,0,0,0,0,0,0,0,0,0,0,0,0,0,0,0,0,0,0,180,35992,0,0,0,0,0,0,0,0,0,0,0,0,0,0,0
2,2025,'100410010',304,  ,MT,0,1462,359339,0,95,35305,0,272,63301,0,162,38141,0,97,25356,0,580,138959,0,113,26839,0,143,31438,0,0,0,0,0,0,0,0,0,0,0,0,0,0,0
2,2025,'100410010',409,  ,MT,0,698,117760,0,75,14345,0,39,7618,0,0,0,0,225,35601,0,100,14578,0,75,14097,0,0,0,0,21,4673,0,0,0,0,0,0,0,0,0,0,163,26848
2,2025,'100410010',410,  ,MT,0,75,13528,0,0,0,0,0,0,0,0,0,0,0,0,0,0,0,0,0,0,0,75,13528,0,0,0,0,0,0,0,0,0,0,0,0,0,0,0
2,2025,'100410010',412,  ,MT,0,100,18593,0,0,0,0,0,0,0,0,0,0,0,0,0,0,0,0,0,0,0,0,0,0,100,18593,0,0,0,0,0,0,0,0,0,0,0,0
2,2025,'100410010',601,  ,MT,0,1507,241334,0,0,0,0,0,0,0,18,2726,0,272,40172,0,369,60392,0,317,40970,0,334,60319,0,197,36755,0,0,0,0,0,0,0,0,0,0,0,0
2,2025,'100410090',213,  ,MT,0,102,22743,0,0,0,0,0,0,0,0,0,0,22,6229,0,80,16514,0,0,0,0,0,0,0,0,0,0,0,0,0,0,0,0,0,0,0,0,0
2,2025,'100410090',304,  ,MT,0,2,1220,0,0,0,0,0,0,0,0,253,0,0,0,0,0,0,0,0,0,0,0,0,0,0,0,0,0,0,0,0,0,0,0,0,0,2,967
2,2025,'100410090',412,  ,MT,0,198,28062,0,0,0,0,0,0,0,0,0,0,48,7104,0,100,13892,0,0,0,0,0,0,0,50,7066,0,0,0,0,0,0,0,0,0,0,0,0
2,2025,'100410090',601,  ,MT,0,290,37875,0,32,2676,0,60,9602,0,0,0,0,0,0,0,0,0,0,0,0,0,0,0,0,0,0,0,198,25597,0,0,0,0,0,0,0,0,0
2,2025,'100490000',103,  ,MT,0,0,507,0,0,0,0,0,0,0,0,0,0,0,0,0,0,0,0,0,0,0,0,0,0,0,0,0,0,507,0,0,0,0,0,0,0,0,0
2,2025,'100490000',123,  ,MT,0,19,1496,0,19,1496,0,0,0,0,0,0,0,0,0,0,0,0,0,0,0,0,0,0,0,0,0,0,0,0,0,0,0,0,0,0,0,0,0
2,2025,'100490000',210,  ,MT,0,0,276,0,0,0,0,0,0,0,0,0,0,0,0,0,0,0,0,0,0,0,0,0,0,0,0,0,0,276,0,0,0,0,0,0,0,0,0
2,2025,'100490000',224,  ,MT,0,25,1302,0,0,0,0,0,0,0,0,0,0,0,0,0,0,0,0,0,0,0,0,0,0,0,0,0,0,0,0,0,0,0,25,1302,0,0,0
2,2025,'100490000',302,  ,MT,0,35400,2210421,0,2630,179177,0,3118,205088,0,3860,244206,0,2948,181811,0,3797,226237,0,2394,141968,0,3185,190946,0,2413,147785,0,2674,165838,0,3002,182701,0,2080,132793,0,3299,211871
2,2025,'100490000',304,  ,MT,0,0,275,0,0,0,0,0,0,0,0,0,0,0,275,0,0,0,0,0,0,0,0,0,0,0,0,0,0,0,0,0,0,0,0,0,0,0,0
2,2025,'100490000',412,  ,MT,0,40,7382,0,0,0,0,0,0,0,0,0,0,0,0,0,0,0,0,0,0,0,20,3681,0,20,3701,0,0,0,0,0,0,0,0,0,0,0,0
2,2025,'100490000',601,  ,MT,0,2375,160909,0,87,8577,0,59,5048,0,25,1762,0,42,3332,0,35,2455,0,65,6735,0,372,22773,0,429,31428,0,364,22506,0,303,17325,0,370,24065,0,224,14903
2,2025,'100510010',111,  ,MT,0,85,83945,0,0,0,0,11,10680,0,0,0,0,25,30427,0,0,0,0,0,0,0,49,42838,0,0,0,0,0,0,0,0,0,0,0,0,0,0,0
2,2025,'100510010',210,  ,MT,0,1456,1596091,0,15,16547,0,274,250769,0,353,411238,0,526,585400,0,171,217447,0,80,69187,0,0,0,0,0,0,0,0,0,0,0,0,0,0,0,0,37,45503
2,2025,'100510010',213,  ,MT,0,5,6666,0,0,0,0,0,0,0,0,0,0,5,6666,0,0,0,0,0,0,0,0,0,0,0,0,0,0,0,0,0,0,0,0,0,0,0,0
2,2025,'100510010',220,  ,MT,0,1,1706,0,0,0,0,0,0,0,0,0,0,1,1427,0,0,279,0,0,0,0,0,0,0,0,0,0,0,0,0,0,0,0,0,0,0,0,0
2,2025,'100510010',225,  ,MT,0,62,50936,0,0,0,0,40,34310,0,0,0,0,22,16626,0,0,0,0,0,0,0,0,0,0,0,0,0,0,0,0,0,0,0,0,0,0,0,0
2,2025,'100510010',245,  ,MT,0,76,46893,0,0,0,0,0,0,0,0,0,0,0,0,0,65,38317,0,0,0,0,0,0,0,0,0,0,0,0,0,11,8576,0,0,0,0,0,0
2,2025,'100510010',246,  ,MT,0,0,211,0,0,0,0,0,0,0,0,0,0,0,211,0,0,0,0,0,0,0,0,0,0,0,0,0,0,0,0,0,0,0,0,0,0,0,0
2,2025,'100510010',304,  ,MT,0,91,113493,0,88,74403,0,0,0,0,0,0,0,0,0,0,0,2248,0,0,0,0,0,0,0,0,0,0,0,0,0,0,0,0,0,0,0,3,36842
2,2025,'100510010',409,  ,MT,0,369,287500,0,76,65903,0,144,93033,0,96,84121,0,0,0,0,0,0,0,0,0,0,0,0,0,0,0,0,0,0,0,0,0,0,0,0,0,53,44443
2,2025,'100510010',601,  ,MT,0,34,27326,0,0,0,0,0,0,0,5,4478,0,29,22848,0,0,0,0,0,0,0,0,0,0,0,0,0,0,0,0,0,0,0,0,0,0,0,0
2,2025,'100510010',606,  ,MT,0,498,455768,0,196,179361,0,302,276407,0,0,0,0,0,0,0,0,0,0,0,0,0,0,0,0,0,0,0,0,0,0,0,0,0,0,0,0,0,0
2,2025,'100510020',210,  ,MT,0,0,1046,0,0,0,0,0,0,0,0,0,0,0,0,0,0,0,0,0,0,0,0,1046,0,0,0,0,0,0,0,0,0,0,0,0,0,0,0
2,2025,'100510020',304,  ,MT,0,0,383,0,0,0,0,0,383,0,0,0,0,0,0,0,0,0,0,0,0,0,0,0,0,0,0,0,0,0,0,0,0,0,0,0,0,0,0
2,2025,'100510020',305,  ,MT,0,0,1071,0,0,0,0,0,0,0,0,0,0,0,0,0,0,360,0,0,308,0,0,403,0,0,0,0,0,0,0,0,0,0,0,0,0,0,0
2,2025,'100510020',409,  ,MT,0,0,1555,0,0,0,0,0,0,0,0,0,0,0,708,0,0,306,0,0,264,0,0,277,0,0,0,0,0,0,0,0,0,0,0,0,0,0,0
2,2025,'100590010',223,  ,MT,0,294,27708,0,0,0,0,0,0,0,0,0,0,0,0,0,0,0,0,0,0,0,168,15481,0,0,0,0,126,12227,0,0,0,0,0,0,0,0,0
2,2025,'100590010',304,  ,MT,0,11529583,435466129,0,764283,30616985,0,864171,34329699,0,877977,34652826,0,1109222,43670292,0,1018890,38089737,0,1020500,37834065,0,941387,34993243,0,900944,32812796,0,973715,34725482,0,998095,35831424,0,820619,30373179,0,1239780,47536401
2,2025,'100590010',410,  ,MT,0,276882,10387266,0,163267,6378356,0,9061,343223,0,0,0,0,0,0,0,0,0,0,0,0,0,0,0,0,0,0,0,0,0,0,24958,829071,0,53636,1867862,0,25960,968754
2,2025,'100590020',105,  ,MT,0,8,4450,0,6,2909,0,0,0,0,0,0,0,0,0,0,0,0,0,2,1541,0,0,0,0,0,0,0,0,0,0,0,0,0,0,0,0,0,0
2,2025,'100590020',127,  ,MT,0,31,19537,0,0,0,0,6,3436,0,0,0,0,5,3512,0,0,0,0,6,3835,0,0,0,0,4,2414,0,0,0,0,5,3283,0,2,1456,0,3,1601
2,2025,'100590020',210,  ,MT,0,23,4449,0,0,0,0,0,0,0,1,406,0,0,0,0,0,0,0,0,0,0,0,0,0,21,3606,0,0,0,0,0,0,0,0,0,0,1,437
2,2025,'100590020',234,  ,MT,0,7,757,0,0,0,0,0,0,0,0,0,0,4,432,0,0,0,0,0,0,0,0,0,0,0,0,0,0,0,0,0,0,0,3,325,0,0,0
2,2025,'100590020',304,  ,MT,0,11626,1701928,0,685,110132,0,1014,156236,0,598,87234,0,894,134451,0,1021,143458,0,1266,170710,0,1178,178216,0,896,123926,0,498,67575,0,1646,244628,0,1057,151983,0,873,133379
2,2025,'100590020',410,  ,MT,0,0,328,0,0,0,0,0,0,0,0,0,0,0,0,0,0,0,0,0,0,0,0,0,0,0,0,0,0,0,0,0,0,0,0,0,0,0,328
2,2025,'100590020',413,  ,MT,0,224,21170,0,52,5328,0,21,1760,0,73,6606,0,0,0,0,0,0,0,0,0,0,26,2454,0,0,0,0,0,0,0,0,0,0,26,2609,0,26,2413
2,2025,'100590020',551,  ,MT,0,327,44137,0,46,7131,0,0,0,0,24,3315,0,24,3168,0,24,3111,0,24,3145,0,45,5845,0,20,3027,0,24,3093,0,24,3081,0,24,3175,0,48,6046
2,2025,'100590020',601,  ,MT,0,0,329,0,0,0,0,0,329,0,0,0,0,0,0,0,0,0,0,0,0,0,0,0,0,0,0,0,0,0,0,0,0,0,0,0,0,0,0
2,2025,'100590091',304,  ,MT,0,2861983,112523077,0,184810,7681374,0,184742,7680893,0,276836,11158981,0,243209,9827176,0,276712,11102035,0,259408,10026502,0,309661,12161520,0,271801,10408247,0,253529,9482661,0,175811,6386604,0,243072,9401276,0,182392,7205808
2,2025,'100590091',410,  ,MT,0,81094,3293318,0,25681,1016204,0,7487,300863,0,4012,157997,0,0,0,0,0,0,0,0,0,0,0,0,0,0,0,0,0,0,0,0,0,0,0,0,0,43914,1818254
2,2025,'100590092',304,  ,MT,0,61975,2805788,0,13049,593552,0,7478,350458,0,9215,426056,0,2021,78369,0,5567,252074,0,917,39899,0,3232,150269,0,5648,247401,0,3117,136151,0,4253,191178,0,6181,288980,0,1297,51401
2,2025,'100590095',304,  ,MT,0,185591,7028292,0,12670,507413,0,13817,546591,0,22542,882529,0,7394,287945,0,17505,664511,0,13826,515041,0,14859,554177,0,17006,635217,0,16114,582262,0,14082,510498,0,15699,576308,0,20077,765800
2,2025,'100590095',410,  ,MT,0,10864,406249,0,5213,199912,0,233,8695,0,0,0,0,0,0,0,0,0,0,0,0,0,0,0,0,0,0,0,0,0,0,0,0,0,2053,73819,0,3365,123823
2,2025,'100590096',123,  ,MT,0,4876,296624,0,864,54174,0,478,29343,0,412,26289,0,64,3562,0,538,31352,0,234,14047,0,297,17612,0,149,8968,0,572,33856,0,523,32147,0,149,9753,0,596,35521
2,2025,'100590096',210,  ,MT,0,31,2934,0,8,842,0,0,0,0,20,1821,0,0,0,0,3,271,0,0,0,0,0,0,0,0,0,0,0,0,0,0,0,0,0,0,0,0,0
2,2025,'100590096',227,  ,MT,0,12,1441,0,12,1441,0,0,0,0,0,0,0,0,0,0,0,0,0,0,0,0,0,0,0,0,0,0,0,0,0,0,0,0,0,0,0,0,0
2,2025,'100590096',304,  ,MT,0,104660,4813813,0,380,18052,0,6821,327700,0,14331,660991,0,100,3727,0,7271,329274,0,11290,512519,0,8640,397527,0,19023,865819,0,14044,627310,0,14154,656045,0,2169,116913,0,6437,297936
2,2025,'100590099',105,  ,MT,0,10,2081,0,0,0,0,0,0,0,0,0,0,0,0,0,0,0,0,0,0,0,0,0,0,10,2081,0,0,0,0,0,0,0,0,0,0,0,0
2,2025,'100590099',127,  ,MT,0,0,960,0,0,0,0,0,0,0,0,0,0,0,0,0,0,0,0,0,0,0,0,0,0,0,451,0,0,0,0,0,0,0,0,509,0,0,0
2,2025,'100590099',208,  ,MT,0,9,1027,0,0,0,0,0,0,0,0,0,0,0,0,0,0,0,0,9,1027,0,0,0,0,0,0,0,0,0,0,0,0,0,0,0,0,0,0
2,2025,'100590099',223,  ,MT,0,294,26933,0,0,0,0,0,0,0,0,0,0,0,0,0,0,0,0,0,0,0,0,0,0,210,19210,0,84,7723,0,0,0,0,0,0,0,0,0
2,2025,'100590099',304,  ,MT,0,440591,17422362,0,56235,2227464,0,14875,606918,0,26240,1014461,0,22510,962471,0,33206,1251993,0,44862,1741206,0,53734,2080650,0,12128,466454,0,55728,2267447,0,36981,1421288,0,29618,1161725,0,54474,2220285
2,2025,'100590099',305,  ,MT,0,21,8626,0,0,0,0,0,0,0,0,0,0,2,1878,0,4,350,0,0,0,0,7,3974,0,2,218,0,6,2206,0,0,0,0,0,0,0,0,0
2,2025,'100590099',407,  ,MT,0,1372,519513,0,4,1496,0,347,139007,0,227,87893,0,641,239393,0,4,1612,0,0,0,0,15,4961,0,0,0,0,38,12711,0,0,0,0,64,21724,0,32,10716
2,2025,'100590099',410,  ,MT,0,433,14570,0,0,0,0,433,14570,0,0,0,0,0,0,0,0,0,0,0,0,0,0,0,0,0,0,0,0,0,0,0,0,0,0,0,0,0,0
2,2025,'100620010',105,  ,MT,0,39,10840,0,0,0,0,0,0,0,0,0,0,0,0,0,0,0,0,39,10840,0,0,0,0,0,0,0,0,0,0,0,0,0,0,0,0,0,0
2,2025,'100620010',110,  ,MT,0,599,78749,0,299,38801,0,0,0,0,0,0,0,300,39948,0,0,0,0,0,0,0,0,0,0,0,0,0,0,0,0,0,0,0,0,0,0,0,0
2,2025,'100620010',304,  ,MT,0,80,10193,0,80,10193,0,0,0,0,0,0,0,0,0,0,0,0,0,0,0,0,0,0,0,0,0,0,0,0,0,0,0,0,0,0,0,0,0
2,2025,'100620010',601,  ,MT,0,3164,466319,0,0,0,0,0,0,0,0,0,0,947,137153,0,237,38481,0,559,86145,0,86,13966,0,776,115223,0,129,19569,0,0,0,0,430,55782,0,0,0
2,2025,'100620090',103,  ,MT,0,1,781,0,0,0,0,0,0,0,0,0,0,0,0,0,0,0,0,0,0,0,0,0,0,1,781,0,0,0,0,0,0,0,0,0,0,0,0
2,2025,'100620090',106,  ,MT,0,0,669,0,0,0,0,0,0,0,0,0,0,0,0,0,0,0,0,0,0,0,0,0,0,0,0,0,0,0,0,0,379,0,0,290,0,0,0
2,2025,'100620090',110,  ,MT,0,52,11692,0,0,0,0,0,0,0,0,0,0,0,0,0,0,0,0,0,0,0,48,11177,0,0,0,0,2,251,0,0,0,0,0,0,0,2,264
2,2025,'100620090',111,  ,MT,0,0,465,0,0,0,0,0,239,0,0,0,0,0,0,0,0,0,0,0,0,0,0,0,0,0,0,0,0,0,0,0,0,0,0,0,0,0,226
2,2025,'100620090',123,  ,MT,0,2,612,0,0,0,0,0,0,0,0,0,0,0,0,0,2,407,0,0,0,0,0,0,0,0,0,0,0,0,0,0,0,0,0,0,0,0,205
2,2025,'100630010',105,  ,MT,0,97123,12283400,0,12144,1384621,0,60,7774,0,201,25838,0,0,0,0,12074,1408161,0,0,0,0,0,0,0,12034,1410253,0,682,83185,0,0,0,0,11876,1514151,0,48052,6449417
2,2025,'100630010',106,  ,MT,0,4652,682980,0,820,119593,0,658,97581,0,738,107475,0,200,28173,0,1598,224238,0,0,0,0,0,0,0,0,0,0,0,0,0,0,0,0,100,16035,0,538,89885
2,2025,'100630010',110,  ,MT,0,2241,290148,0,540,68846,0,520,65535,0,0,0,0,0,0,0,0,0,0,0,0,0,0,0,0,0,0,0,0,0,0,181,23632,0,420,56719,0,580,75416
2,2025,'100630010',111,  ,MT,0,240779,19166214,0,26280,2553322,0,17158,1591580,0,21920,1964134,0,26944,2180918,0,13989,1115491,0,3929,329298,0,34731,2623948,0,14372,1014397,0,26369,1811456,0,29327,2096901,0,9257,683798,0,16503,1200971
2,2025,'100630010',123,  ,MT,0,5786,1195240,0,199,66214,0,828,183077,0,1017,214367,0,1143,234485,0,666,148983,0,958,162791,0,398,67093,0,270,62258,0,0,0,0,0,0,0,207,38042,0,100,17930
2,2025,'100630010',124,  ,MT,0,2804,577168,0,35,8456,0,0,0,0,243,48973,0,360,76806,0,228,47500,0,432,88196,0,518,105987,0,360,70964,0,345,67669,0,283,62617,0,0,0,0,0,0
2,2025,'100630010',304,  ,MT,0,330671,43279099,0,18157,2465527,0,51126,6863347,0,13964,1840594,0,50444,6678916,0,33444,4211338,0,3001,360733,0,15885,2020997,0,14424,1808998,0,55849,7003863,0,32197,4202554,0,6121,796776,0,36059,5025456
2,2025,'100630010',601,  ,MT,0,65244,8128951,0,3129,363167,0,497,59251,0,1386,187309,0,14196,1717046,0,2774,374208,0,14209,1670127,0,543,80067,0,1296,186138,0,0,0,0,12315,1505851,0,842,119483,0,14057,1866304
2,2025,'100630090',103,  ,MT,0,581,142051,0,0,0,0,0,0,0,0,0,0,12,1835,0,123,26757,0,242,57469,0,39,10461,0,52,13449,0,40,9595,0,40,10508,0,0,0,0,33,11977
2,2025,'100630090',105,  ,MT,0,722,94230,0,0,0,0,0,0,0,100,12752,0,100,12325,0,304,38074,0,112,16856,0,0,0,0,0,0,0,0,0,0,6,1289,0,0,0,0,100,12934
2,2025,'100630090',106,  ,MT,0,7024,1291639,0,0,0,0,0,0,0,83,22086,0,126,34087,0,909,154442,0,3387,523197,0,1207,204460,0,142,60315,0,297,71642,0,254,80767,0,145,25161,0,474,115482
2,2025,'100630090',110,  ,MT,0,4515,580321,0,0,0,0,0,0,0,102,14782,0,243,31984,0,500,60870,0,453,54321,0,879,113607,0,1029,131988,0,341,44171,0,414,57970,0,193,23689,0,361,46939
2,2025,'100630090',111,  ,MT,0,4014,464344,0,285,50635,0,157,22968,0,358,41194,0,387,36713,0,578,63241,0,448,40707,0,772,85888,0,577,61548,0,158,16797,0,82,10141,0,164,30780,0,48,3732
2,2025,'100630090',118,  ,MT,0,20,3004,0,0,0,0,0,0,0,0,0,0,0,0,0,0,0,0,0,0,0,0,0,0,0,0,0,0,0,0,0,0,0,0,0,0,20,3004
2,2025,'100630090',120,  ,MT,0,18,2170,0,0,0,0,0,0,0,0,0,0,0,0,0,0,0,0,0,0,0,0,0,0,0,0,0,0,0,0,18,2170,0,0,0,0,0,0
2,2025,'100630090',122,  ,MT,0,357,48948,0,0,0,0,0,0,0,0,0,0,26,4283,0,24,2655,0,25,3787,0,82,10868,0,56,6934,0,0,0,0,58,7806,0,61,7732,0,25,4883
2,2025,'100630090',123,  ,MT,0,2317,411747,0,50,9315,0,70,17106,0,71,12793,0,396,69282,0,117,18557,0,194,37675,0,325,57981,0,274,44673,0,86,12888,0,286,51173,0,129,22174,0,319,58130
2,2025,'100630090',124,  ,MT,0,693,143630,0,0,0,0,101,22013,0,278,58408,0,26,5196,0,96,19129,0,65,13058,0,21,2748,0,0,0,0,81,18604,0,23,3630,0,2,844,0,0,0
2,2025,'100630090',125,  ,MT,0,766,90988,0,55,6713,0,121,11864,0,46,4659,0,18,1022,0,38,2369,0,85,11451,0,29,1925,0,86,12134,0,77,10308,0,69,10741,0,97,11105,0,45,6697
2,2025,'100630090',127,  ,MT,0,69,15713,0,5,1193,0,0,0,0,0,0,0,0,0,0,0,0,0,23,4779,0,9,2131,0,0,0,0,8,1762,0,8,1820,0,0,0,0,16,4028
2,2025,'100630090',210,  ,MT,0,0,328,0,0,0,0,0,0,0,0,0,0,0,328,0,0,0,0,0,0,0,0,0,0,0,0,0,0,0,0,0,0,0,0,0,0,0,0
2,2025,'100630090',218,  ,MT,0,3,2182,0,0,0,0,0,0,0,0,0,0,0,0,0,2,911,0,0,0,0,0,255,0,0,0,0,1,1016,0,0,0,0,0,0,0,0,0
2,2025,'100630090',220,  ,MT,0,14,22405,0,0,0,0,1,1201,0,2,3428,0,1,1094,0,0,973,0,0,621,0,2,4304,0,0,0,0,0,1011,0,2,2106,0,0,0,0,6,7667
2,2025,'100630090',304,  ,MT,0,75638,9454071,0,19,3387,0,39,6204,0,240,30706,0,5499,689023,0,7894,970605,0,15945,1932305,0,22983,2848066,0,12951,1620715,0,5442,686164,0,215,36672,0,1996,280730,0,2415,349494
2,2025,'100630090',601,  ,MT,0,28,6206,0,0,0,0,0,0,0,0,0,0,4,1724,0,20,2206,0,0,0,0,1,663,0,0,0,0,1,743,0,0,0,0,0,0,0,2,870
2,2025,'100640010',111,  ,MT,0,2976,216631,0,100,8227,0,940,67642,0,500,37430,0,0,0,0,200,12197,0,0,0,0,260,17134,0,268,24451,0,0,0,0,108,13710,0,0,0,0,600,35840
2,2025,'100640010',120,  ,MT,0,260,40780,0,0,0,0,0,0,0,160,25215,0,0,0,0,0,0,0,0,0,0,0,0,0,100,15565,0,0,0,0,0,0,0,0,0,0,0,0
2,2025,'100640010',304,  ,MT,0,5174,538495,0,400,38639,0,602,59704,0,100,15234,0,32,2918,0,921,88024,0,582,56548,0,380,53736,0,298,32886,0,501,44310,0,618,55050,0,140,21136,0,600,70310
2,2025,'100640010',413,  ,MT,0,570,112159,0,0,0,0,0,0,0,0,0,0,0,0,0,0,0,0,0,0,0,200,38243,0,0,0,0,0,0,0,370,73916,0,0,0,0,0,0
2,2025,'100640010',601,  ,MT,0,3346,257564,0,542,46066,0,522,43374,0,763,61953,0,0,0,0,516,35621,0,0,0,0,0,0,0,0,0,0,0,0,0,0,0,0,542,38109,0,461,32441
2,2025,'100710010',304,  ,MT,0,62,31022,0,0,0,0,20,10060,0,37,16051,0,0,0,0,0,0,0,5,4911,0,0,0,0,0,0,0,0,0,0,0,0,0,0,0,0,0,0
2,2025,'100790010',304,  ,MT,0,17514,719549,0,906,39793,0,806,36797,0,606,26616,0,861,36418,0,1502,63423,0,3351,138190,0,2357,98982,0,2579,100404,0,1350,55191,0,1626,59634,0,287,10925,0,1283,53176
2,2025,'100790010',601,  ,MT,0,274,12972,0,120,5810,0,63,2990,0,91,4172,0,0,0,0,0,0,0,0,0,0,0,0,0,0,0,0,0,0,0,0,0,0,0,0,0,0,0
2,2025,'100790090',105,  ,MT,0,21,1834,0,21,1834,0,0,0,0,0,0,0,0,0,0,0,0,0,0,0,0,0,0,0,0,0,0,0,0,0,0,0,0,0,0,0,0,0
2,2025,'100790090',123,  ,MT,0,702,40720,0,95,5707,0,0,0,0,106,6419,0,42,2405,0,43,2241,0,27,1457,0,21,1129,0,63,3590,0,84,4769,0,73,4233,0,85,4966,0,63,3804
2,2025,'100790090',208,  ,MT,0,9,1490,0,0,0,0,9,1490,0,0,0,0,0,0,0,0,0,0,0,0,0,0,0,0,0,0,0,0,0,0,0,0,0,0,0,0,0,0
2,2025,'100790090',304,  ,MT,0,48704,1973026,0,3982,181256,0,957,44754,0,474,24096,0,6512,280104,0,1468,63149,0,1577,68988,0,11119,445549,0,1251,46666,0,7448,276674,0,2739,104861,0,1510,57921,0,9667,379008
2,2025,'100790090',601,  ,MT,0,541,34779,0,42,2983,0,67,4279,0,69,4201,0,45,2721,0,45,2638,0,42,2702,0,42,2698,0,42,2682,0,0,0,0,105,7007,0,21,1427,0,21,1441
2,2025,'100810090',105,  ,MT,0,10174,888265,0,809,95332,0,1005,108824,0,583,50859,0,817,70362,0,432,34654,0,728,59103,0,1140,86082,0,254,17748,0,746,51487,0,1595,134368,0,871,72336,0,1194,107110
2,2025,'100810090',132,  ,MT,0,10,750,0,0,0,0,0,0,0,0,0,0,10,750,0,0,0,0,0,0,0,0,0,0,0,0,0,0,0,0,0,0,0,0,0,0,0,0
2,2025,'100810090',153,  ,MT,0,1554,130670,0,0,0,0,266,23463,0,18,1550,0,0,0,0,197,16368,0,199,16390,0,369,30765,0,0,0,0,0,0,0,0,0,0,451,37581,0,54,4553
2,2025,'100810090',223,  ,MT,0,5,1253,0,0,0,0,0,0,0,0,0,0,0,0,0,5,1253,0,0,0,0,0,0,0,0,0,0,0,0,0,0,0,0,0,0,0,0,0
2,2025,'100810090',224,  ,MT,0,4799,289303,0,102,5985,0,502,32109,0,269,15986,0,403,24583,0,407,24568,0,733,42926,0,268,16134,0,297,16660,0,586,35264,0,666,40158,0,385,23991,0,181,10939
2,2025,'100810090',237,  ,MT,0,10,865,0,0,0,0,0,0,0,0,0,0,0,0,0,0,0,0,0,0,0,0,0,0,10,865,0,0,0,0,0,0,0,0,0,0,0,0
2,2025,'100810090',302,  ,MT,0,723,98541,0,122,15895,0,0,0,0,150,21684,0,0,0,0,362,49456,0,89,11506,0,0,0,0,0,0,0,0,0,0,0,0,0,0,0,0,0,0
2,2025,'100810090',304,  ,MT,0,11545,1776317,0,1361,224526,0,1451,240631,0,1185,182339,0,1708,261298,0,1273,192774,0,1205,179397,0,554,86144,0,380,56654,0,116,19269,0,280,26186,0,696,103096,0,1336,204003
2,2025,'100810090',410,  ,MT,0,1264,151389,0,0,0,0,948,118992,0,0,0,0,0,0,0,0,0,0,0,0,0,0,0,0,0,0,0,0,0,0,316,32397,0,0,0,0,0,0
2,2025,'100810090',601,  ,MT,0,498,91878,0,68,13351,0,188,35373,0,0,0,0,0,0,0,0,0,0,0,0,0,0,0,0,60,10393,0,0,0,0,62,11016,0,60,10812,0,60,10933
2,2025,'100810090',606,  ,MT,0,599,102231,0,70,10411,0,0,0,0,0,0,0,0,0,0,122,21873,0,74,13160,0,241,41408,0,17,2802,0,51,8364,0,24,4213,0,0,0,0,0,0
2,2025,'100821000',111,  ,MT,0,110,55881,0,110,55881,0,0,0,0,0,0,0,0,0,0,0,0,0,0,0,0,0,0,0,0,0,0,0,0,0,0,0,0,0,0,0,0,0
2,2025,'100821000',117,  ,MT,0,0,333,0,0,0,0,0,0,0,0,0,0,0,0,0,0,0,0,0,0,0,0,333,0,0,0,0,0,0,0,0,0,0,0,0,0,0,0
2,2025,'100821000',123,  ,MT,0,2,583,0,2,583,0,0,0,0,0,0,0,0,0,0,0,0,0,0,0,0,0,0,0,0,0,0,0,0,0,0,0,0,0,0,0,0,0
2,2025,'100821000',304,  ,MT,0,2,1168,0,0,0,0,0,0,0,2,1168,0,0,0,0,0,0,0,0,0,0,0,0,0,0,0,0,0,0,0,0,0,0,0,0,0,0,0
2,2025,'100821000',410,  ,MT,0,105,58394,0,0,0,0,0,0,0,42,21424,0,0,0,0,0,0,0,0,0,0,0,0,0,0,0,0,0,0,0,0,0,0,0,0,0,63,36970
2,2025,'100821000',601,  ,MT,0,114,43328,0,0,0,0,0,0,0,0,0,0,0,0,0,45,19007,0,0,0,0,0,0,0,0,0,0,0,0,0,25,5609,0,15,4750,0,29,13962
2,2025,'100829000',105,  ,MT,0,1147,156399,0,72,11902,0,6,1598,0,163,15249,0,264,34298,0,134,12556,0,30,5242,0,210,30336,0,34,5613,0,61,9733,0,27,3562,0,77,13666,0,69,12644
2,2025,'100829000',110,  ,MT,0,20,3744,0,0,0,0,0,0,0,0,0,0,0,0,0,0,0,0,0,0,0,0,0,0,0,0,0,0,0,0,0,0,0,0,0,0,20,3744
2,2025,'100829000',123,  ,MT,0,3543,239341,0,315,24127,0,174,12650,0,288,20275,0,272,18340,0,427,28099,0,202,13127,0,225,15073,0,310,19144,0,237,14474,0,286,18319,0,439,31304,0,368,24409
2,2025,'100829000',131,  ,MT,0,3,721,0,0,0,0,0,0,0,0,0,0,0,0,0,0,0,0,3,721,0,0,0,0,0,0,0,0,0,0,0,0,0,0,0,0,0,0
2,2025,'100829000',208,  ,MT,0,1,877,0,1,537,0,0,0,0,0,0,0,0,0,0,0,0,0,0,0,0,0,0,0,0,340,0,0,0,0,0,0,0,0,0,0,0,0
2,2025,'100829000',210,  ,MT,0,18,14923,0,0,0,0,12,8913,0,0,0,0,0,0,0,0,0,0,0,0,0,0,0,0,0,0,0,0,816,0,0,0,0,0,0,0,6,5194
2,2025,'100829000',224,  ,MT,0,233,13037,0,0,0,0,43,2378,0,21,1183,0,21,1218,0,0,0,0,43,2212,0,0,0,0,21,1241,0,42,2385,0,21,1241,0,21,1179,0,0,0
2,2025,'100829000',238,  ,MT,0,1073,55374,0,41,2220,0,0,0,0,41,2097,0,0,0,0,227,11509,0,42,1943,0,41,2027,0,227,12148,0,247,12624,0,124,6345,0,83,4461,0,0,0
2,2025,'100829000',304,  ,MT,0,1836,119120,0,109,7736,0,110,7545,0,118,7460,0,250,15667,0,327,19237,0,136,9727,0,164,9896,0,191,15577,0,159,9840,0,137,8134,0,58,3542,0,77,4759
2,2025,'100829000',601,  ,MT,0,123,19202,0,15,2433,0,8,2559,0,0,0,0,16,1976,0,15,2111,0,16,1985,0,0,0,0,0,0,0,15,2261,0,22,3172,0,16,2705,0,0,0
2,2025,'100830000',208,  ,MT,0,0,311,0,0,311,0,0,0,0,0,0,0,0,0,0,0,0,0,0,0,0,0,0,0,0,0,0,0,0,0,0,0,0,0,0,0,0,0
2,2025,'100830000',302,  ,MT,0,828,91424,0,85,11024,0,0,0,0,104,12579,0,125,14123,0,0,0,0,41,4783,0,121,12657,0,106,10636,0,0,0,0,83,8829,0,104,10867,0,59,5926
2,2025,'100830000',304,  ,MT,0,4,9497,0,0,0,0,0,0,0,4,9497,0,0,0,0,0,0,0,0,0,0,0,0,0,0,0,0,0,0,0,0,0,0,0,0,0,0,0
2,2025,'100840200',513,  ,MT,0,3,875,0,0,0,0,0,0,0,0,0,0,0,358,0,0,0,0,3,517,0,0,0,0,0,0,0,0,0,0,0,0,0,0,0,0,0,0
2,2025,'100850200',123,  ,MT,0,0,230,0,0,0,0,0,230,0,0,0,0,0,0,0,0,0,0,0,0,0,0,0,0,0,0,0,0,0,0,0,0,0,0,0,0,0,0
2,2025,'100850200',207,  ,MT,0,0,809,0,0,0,0,0,0,0,0,809,0,0,0,0,0,0,0,0,0,0,0,0,0,0,0,0,0,0,0,0,0,0,0,0,0,0,0
2,2025,'100850200',407,  ,MT,0,325,162412,0,14,8401,0,49,17484,0,44,15325,0,16,12292,0,21,11847,0,12,7118,0,17,9297,0,14,9955,0,0,0,0,28,14980,0,30,14490,0,80,41223
2,2025,'100850200',408,  ,MT,0,36,24766,0,0,0,0,0,0,0,32,21508,0,0,0,0,0,0,0,0,0,0,0,0,0,0,0,0,0,0,0,0,0,0,3,2310,0,1,948
2,2025,'100850200',601,  ,MT,0,8,7034,0,0,0,0,2,1566,0,0,0,0,0,0,0,2,1555,0,1,1123,0,1,1105,0,0,0,0,2,1685,0,0,0,0,0,0,0,0,0
2,2025,'100860100',304,  ,MT,0,10,2095,0,0,0,0,0,0,0,0,0,0,0,0,0,10,2095,0,0,0,0,0,0,0,0,0,0,0,0,0,0,0,0,0,0,0,0,0
2,2025,'100860100',606,  ,MT,0,7,1008,0,0,0,0,0,0,0,0,0,0,0,0,0,0,0,0,7,1008,0,0,0,0,0,0,0,0,0,0,0,0,0,0,0,0,0,0
2,2025,'100890090',304,  ,MT,0,0,1174,0,0,0,0,0,0,0,0,0,0,0,0,0,0,0,0,0,0,0,0,0,0,0,1174,0,0,0,0,0,0,0,0,0,0,0,0
2,2025,'100890090',407,  ,MT,0,1,559,0,0,0,0,0,0,0,0,0,0,0,0,0,1,559,0,0,0,0,0,0,0,0,0,0,0,0,0,0,0,0,0,0,0,0,0
2,2025,'100890090',601,  ,MT,0,0,526,0,0,0,0,0,0,0,0,0,0,0,0,0,0,0,0,0,0,0,0,221,0,0,0,0,0,305,0,0,0,0,0,0,0,0,0
2,2025,'10XXXXXXA',224,  ,MT,0,15312,600447,0,0,0,0,4591,180055,0,0,0,0,10721,420392,0,0,0,0,0,0,0,0,0,0,0,0,0,0,0,0,0,0,0,0,0,0,0,0
2,2025,'110100091',220,  ,MT,0,44,8025,0,0,0,0,0,0,0,0,0,0,0,0,0,0,0,0,21,3825,0,0,0,0,0,0,0,23,4200,0,0,0,0,0,0,0,0,0
2,2025,'110100200',103,  ,MT,0,12,1096,0,0,0,0,0,0,0,0,0,0,0,0,0,0,0,0,3,272,0,0,0,0,0,0,0,4,367,0,0,0,0,2,203,0,3,254
2,2025,'110100200',105,  ,MT,0,8,1460,0,0,0,0,0,0,0,8,802,0,0,0,0,0,0,0,0,242,0,0,0,0,0,0,0,0,0,0,0,0,0,0,416,0,0,0
2,2025,'110100200',106,  ,MT,0,5,962,0,0,0,0,0,0,0,0,0,0,0,0,0,0,0,0,3,569,0,0,0,0,2,393,0,0,0,0,0,0,0,0,0,0,0,0
2,2025,'110100200',107,  ,MT,0,4,2842,0,0,0,0,0,0,0,0,0,0,0,0,0,0,0,0,4,2842,0,0,0,0,0,0,0,0,0,0,0,0,0,0,0,0,0,0
2,2025,'110100200',110,  ,MT,0,1,873,0,0,0,0,0,231,0,0,0,0,0,220,0,0,0,0,0,0,0,0,0,0,0,0,0,0,0,0,0,0,0,0,0,0,1,422
2,2025,'110100200',122,  ,MT,0,0,378,0,0,0,0,0,0,0,0,0,0,0,378,0,0,0,0,0,0,0,0,0,0,0,0,0,0,0,0,0,0,0,0,0,0,0,0
2,2025,'110100200',123,  ,MT,0,256,29383,0,0,0,0,20,2634,0,40,4159,0,30,3595,0,40,4039,0,40,4537,0,4,434,0,0,0,0,0,0,0,19,2400,0,20,1758,0,43,5827
2,2025,'110100200',127,  ,MT,0,72,8540,0,3,564,0,0,0,0,5,820,0,4,514,0,0,0,0,12,1414,0,26,2901,0,0,0,0,2,219,0,0,0,0,10,1151,0,10,957
2,2025,'110100200',131,  ,MT,0,1042,107277,0,29,3616,0,128,14300,0,42,3956,0,96,9664,0,88,9499,0,36,3451,0,111,10556,0,77,7690,0,149,14591,0,54,5651,0,32,2906,0,200,21397
2,2025,'110100200',205,  ,MT,0,8,5608,0,3,1079,0,0,0,0,0,0,0,0,0,0,0,0,0,1,684,0,1,1709,0,0,0,0,0,0,0,2,836,0,1,1300,0,0,0
2,2025,'110100200',210,  ,MT,0,548,99527,0,18,3218,0,56,9610,0,30,5201,0,55,10332,0,35,6012,0,63,11408,0,91,16520,0,0,0,0,74,13497,0,57,10458,0,69,12953,0,0,318
2,2025,'110100200',213,  ,MT,0,20,8740,0,0,331,0,0,0,0,0,283,0,6,1924,0,0,0,0,1,595,0,2,1470,0,0,0,0,5,1725,0,3,737,0,0,284,0,3,1391
2,2025,'110100200',220,  ,MT,0,2539,453734,0,243,42973,0,141,24107,0,161,27969,0,325,53536,0,180,31427,0,53,11139,0,377,64261,0,270,48574,0,153,26652,0,319,56660,0,116,27156,0,201,39280
2,2025,'110100200',302,  ,MT,0,10,1916,0,0,0,0,0,0,0,0,0,0,0,0,0,10,1916,0,0,0,0,0,0,0,0,0,0,0,0,0,0,0,0,0,0,0,0,0
2,2025,'110100200',304,  ,MT,0,53,19856,0,6,1815,0,3,856,0,4,1812,0,0,0,0,0,0,0,2,1499,0,3,1117,0,14,4539,0,5,2126,0,0,218,0,9,3499,0,7,2375
2,2025,'110100200',601,  ,MT,0,26,6396,0,0,0,0,0,0,0,18,4024,0,0,0,0,0,0,0,0,0,0,0,0,0,0,0,0,0,320,0,0,0,0,8,2052,0,0,0
2,2025,'110220000',105,  ,MT,0,79,7016,0,11,1070,0,0,0,0,0,0,0,0,0,0,0,0,0,15,1036,0,0,0,0,4,788,0,20,1489,0,0,0,0,0,0,0,29,2633
2,2025,'110220000',220,  ,MT,0,0,606,0,0,295,0,0,0,0,0,0,0,0,0,0,0,0,0,0,0,0,0,311,0,0,0,0,0,0,0,0,0,0,0,0,0,0,0
2,2025,'110220000',223,  ,MT,0,2,348,0,2,348,0,0,0,0,0,0,0,0,0,0,0,0,0,0,0,0,0,0,0,0,0,0,0,0,0,0,0,0,0,0,0,0,0
2,2025,'110220000',304,  ,MT,0,164,45634,0,18,4807,0,2,658,0,37,10270,0,0,0,0,4,1232,0,18,4599,0,2,1360,0,22,5527,0,0,492,0,36,8763,0,6,2674,0,19,5252
2,2025,'110220000',305,  ,MT,0,80,19560,0,0,0,0,20,3546,0,0,0,0,0,0,0,0,0,0,20,5547,0,0,398,0,20,3989,0,20,6080,0,0,0,0,0,0,0,0,0
2,2025,'110220000',410,  ,MT,0,19,3872,0,0,0,0,11,1774,0,0,0,0,4,929,0,0,0,0,0,0,0,0,0,0,0,0,0,0,0,0,0,0,0,0,0,0,4,1169
2,2025,'110290310',111,  ,MT,0,10,1768,0,0,0,0,0,0,0,0,0,0,0,0,0,0,0,0,0,0,0,0,0,0,10,1768,0,0,0,0,0,0,0,0,0,0,0,0
2,2025,'110290390',105,  ,MT,0,1,328,0,0,0,0,0,0,0,0,0,0,1,328,0,0,0,0,0,0,0,0,0,0,0,0,0,0,0,0,0,0,0,0,0,0,0,0
2,2025,'110290390',106,  ,MT,0,0,602,0,0,0,0,0,0,0,0,0,0,0,0,0,0,300,0,0,0,0,0,0,0,0,0,0,0,0,0,0,0,0,0,0,0,0,302
2,2025,'110290390',110,  ,MT,0,101,24317,0,0,0,0,5,1145,0,0,0,0,9,2223,0,12,3135,0,10,2222,0,24,5526,0,29,6535,0,2,621,0,1,638,0,6,1479,0,3,793
2,2025,'110290390',111,  ,MT,0,17,8274,0,1,3100,0,5,1650,0,0,0,0,0,0,0,3,1028,0,0,0,0,4,1190,0,0,0,0,4,1306,0,0,0,0,0,0,0,0,0
2,2025,'110290390',122,  ,MT,0,2,1121,0,0,0,0,0,0,0,0,0,0,1,484,0,0,0,0,0,218,0,0,0,0,1,419,0,0,0,0,0,0,0,0,0,0,0,0
2,2025,'110290390',125,  ,MT,0,16,4979,0,1,218,0,0,233,0,2,521,0,0,0,0,0,0,0,1,304,0,4,1086,0,3,830,0,0,0,0,2,758,0,0,0,0,3,1029
2,2025,'110290390',210,  ,MT,0,0,897,0,0,0,0,0,897,0,0,0,0,0,0,0,0,0,0,0,0,0,0,0,0,0,0,0,0,0,0,0,0,0,0,0,0,0,0
2,2025,'110290410',210,  ,MT,0,16,3736,0,1,246,0,0,0,0,2,504,0,2,514,0,2,384,0,1,276,0,5,1200,0,0,0,0,1,202,0,1,204,0,1,206,0,0,0
2,2025,'110290410',220,  ,MT,0,0,247,0,0,0,0,0,0,0,0,0,0,0,0,0,0,0,0,0,0,0,0,0,0,0,0,0,0,0,0,0,0,0,0,247,0,0,0
2,2025,'110290410',235,  ,MT,0,0,273,0,0,0,0,0,0,0,0,0,0,0,0,0,0,0,0,0,0,0,0,273,0,0,0,0,0,0,0,0,0,0,0,0,0,0,0
2,2025,'110290490',105,  ,MT,0,301,48702,0,21,3970,0,21,4647,0,22,2257,0,31,6172,0,9,1767,0,57,8901,0,21,2432,0,8,1208,0,20,3799,0,0,0,0,63,8290,0,28,5259
2,2025,'110290490',123,  ,MT,0,65,12849,0,7,1179,0,4,1076,0,0,0,0,25,4481,0,3,759,0,3,730,0,8,1262,0,0,0,0,9,1850,0,5,1196,0,1,316,0,0,0
2,2025,'110290490',125,  ,MT,0,1,355,0,0,0,0,0,0,0,0,0,0,0,0,0,0,0,0,0,0,0,1,355,0,0,0,0,0,0,0,0,0,0,0,0,0,0,0
2,2025,'110290490',131,  ,MT,0,4,1746,0,0,0,0,0,0,0,0,0,0,3,1199,0,0,0,0,0,0,0,0,0,0,0,0,0,1,547,0,0,0,0,0,0,0,0,0
2,2025,'110290490',205,  ,MT,0,4,3618,0,0,0,0,0,0,0,0,0,0,0,0,0,0,0,0,0,0,0,4,3618,0,0,0,0,0,0,0,0,0,0,0,0,0,0,0
2,2025,'110290490',220,  ,MT,0,0,203,0,0,0,0,0,0,0,0,0,0,0,0,0,0,203,0,0,0,0,0,0,0,0,0,0,0,0,0,0,0,0,0,0,0,0,0
2,2025,'110290490',222,  ,MT,0,0,875,0,0,0,0,0,0,0,0,0,0,0,418,0,0,0,0,0,201,0,0,0,0,0,0,0,0,0,0,0,256,0,0,0,0,0,0
2,2025,'110290490',225,  ,MT,0,1,489,0,1,489,0,0,0,0,0,0,0,0,0,0,0,0,0,0,0,0,0,0,0,0,0,0,0,0,0,0,0,0,0,0,0,0,0
2,2025,'110290490',236,  ,MT,0,3,768,0,0,0,0,0,0,0,0,0,0,0,0,0,3,768,0,0,0,0,0,0,0,0,0,0,0,0,0,0,0,0,0,0,0,0,0
2,2025,'110290490',304,  ,MT,0,54,17243,0,0,0,0,18,5793,0,0,0,0,0,0,0,18,5415,0,0,241,0,0,0,0,0,0,0,18,5554,0,0,240,0,0,0,0,0,0
2,2025,'110290490',601,  ,MT,0,10,3314,0,0,0,0,0,372,0,0,315,0,10,1954,0,0,356,0,0,0,0,0,317,0,0,0,0,0,0,0,0,0,0,0,0,0,0,0
2,2025,'110311090',123,  ,MT,0,6,943,0,0,0,0,0,0,0,2,328,0,0,0,0,0,0,0,0,0,0,0,0,0,2,294,0,0,0,0,0,0,0,0,0,0,2,321
2,2025,'110311090',127,  ,MT,0,4,613,0,0,0,0,0,0,0,0,0,0,0,0,0,0,0,0,0,0,0,2,275,0,0,0,0,0,0,0,0,0,0,0,0,0,2,338
2,2025,'110311090',131,  ,MT,0,36,4796,0,5,822,0,7,844,0,0,0,0,12,1381,0,2,204,0,0,0,0,0,0,0,0,0,0,2,342,0,2,315,0,6,888,0,0,0
2,2025,'110311090',220,  ,MT,0,0,330,0,0,0,0,0,0,0,0,0,0,0,330,0,0,0,0,0,0,0,0,0,0,0,0,0,0,0,0,0,0,0,0,0,0,0,0
2,2025,'110311090',234,  ,MT,0,2,283,0,0,0,0,0,0,0,0,0,0,0,0,0,0,0,0,0,0,0,0,0,0,2,283,0,0,0,0,0,0,0,0,0,0,0,0
2,2025,'110311090',304,  ,MT,0,3,1059,0,0,0,0,0,0,0,0,0,0,0,0,0,0,0,0,0,0,0,0,0,0,2,669,0,0,0,0,0,0,0,1,390,0,0,0
2,2025,'110311090',410,  ,MT,0,1,293,0,0,0,0,0,0,0,0,0,0,0,0,0,0,0,0,0,0,0,0,0,0,0,0,0,0,0,0,0,0,0,0,0,0,1,293
2,2025,'110313000',105,  ,MT,0,21,4906,0,0,0,0,0,0,0,0,0,0,0,0,0,16,3778,0,0,0,0,0,0,0,0,0,0,0,0,0,0,0,0,1,365,0,4,763
2,2025,'110313000',218,  ,MT,0,750,84324,0,0,0,0,250,26352,0,0,0,0,0,0,0,0,0,0,0,0,0,0,0,0,0,0,0,0,0,0,250,28398,0,0,0,0,250,29574
2,2025,'110313000',220,  ,MT,0,242,40094,0,0,0,0,2,935,0,0,203,0,4,1675,0,0,220,0,19,2686,0,78,11650,0,21,3568,0,76,11363,0,3,1056,0,19,2955,0,20,3783
2,2025,'110313000',304,  ,MT,0,16,11124,0,3,1756,0,0,0,0,1,461,0,0,0,0,3,1602,0,0,0,0,5,2367,0,0,0,0,0,2405,0,0,0,0,4,2533,0,0,0
2,2025,'110313000',410,  ,MT,0,15,4212,0,0,0,0,1,462,0,6,1432,0,0,201,0,0,0,0,0,0,0,0,0,0,1,434,0,5,958,0,0,0,0,2,725,0,0,0
2,2025,'110319190',213,  ,MT,0,0,734,0,0,0,0,0,0,0,0,0,0,0,0,0,0,0,0,0,0,0,0,0,0,0,0,0,0,0,0,0,0,0,0,0,0,0,734
2,2025,'110319300',304,  ,MT,0,7,1373,0,0,0,0,0,0,0,0,0,0,0,0,0,0,0,0,0,0,0,0,0,0,2,349,0,0,0,0,0,0,0,3,611,0,2,413
2,2025,'110319400',205,  ,MT,0,216,22308,0,0,0,0,48,5151,0,0,0,0,48,4936,0,48,4981,0,0,0,0,0,0,0,24,2388,0,0,0,0,48,4852,0,0,0,0,0,0
2,2025,'110319400',206,  ,MT,0,4,1111,0,0,0,0,0,0,0,2,555,0,0,0,0,0,0,0,2,556,0,0,0,0,0,0,0,0,0,0,0,0,0,0,0,0,0,0
2,2025,'110319400',304,  ,MT,0,3,922,0,0,0,0,0,0,0,0,0,0,0,0,0,0,0,0,0,0,0,0,0,0,0,0,0,0,0,0,3,922,0,0,0,0,0,0
2,2025,'110319400',601,  ,MT,0,13,2480,0,0,0,0,0,0,0,0,0,0,0,0,0,0,0,0,0,0,0,0,0,0,0,0,0,0,0,0,13,2480,0,0,0,0,0,0
2,2025,'110319590',123,  ,MT,0,9,1461,0,0,0,0,0,0,0,0,0,0,0,0,0,0,0,0,0,0,0,0,0,0,9,1461,0,0,0,0,0,0,0,0,0,0,0,0
2,2025,'110412000',105,  ,KG,0,4423175,750010,0,316225,56365,0,300375,52678,0,337700,57113,0,274725,46412,0,523350,85665,0,506025,82770,0,493325,81720,0,424675,71127,0,224650,37677,0,324550,55483,0,185200,32263,0,512375,90737
2,2025,'110412000',106,  ,KG,0,2000,394,0,0,0,0,0,0,0,0,0,0,0,0,0,0,0,0,0,0,0,2000,394,0,0,0,0,0,0,0,0,0,0,0,0,0,0,0
2,2025,'110412000',203,  ,KG,0,20160,2258,0,0,0,0,0,0,0,0,0,0,0,0,0,0,0,0,20160,2258,0,0,0,0,0,0,0,0,0,0,0,0,0,0,0,0,0,0
2,2025,'110412000',205,  ,KG,0,1205550,117208,0,25650,4681,0,153900,15121,0,128250,12176,0,179550,16924,0,76950,8986,0,76950,6999,0,0,0,0,102600,9482,0,153900,14272,0,128250,11870,0,102600,9493,0,76950,7204
2,2025,'110412000',206,  ,KG,0,49580,12720,0,0,0,0,16000,3748,0,1600,444,0,0,0,0,0,0,0,20780,5534,0,11200,2994,0,0,0,0,0,0,0,0,0,0,0,0,0,0,0
2,2025,'110412000',207,  ,KG,0,17950,6309,0,0,0,0,3300,1116,0,0,0,0,3000,1016,0,2250,761,0,0,0,0,1900,669,0,3500,1259,0,0,0,0,1500,546,0,0,0,0,2500,942
2,2025,'110412000',210,  ,KG,0,12474,7016,0,0,0,0,2268,1330,0,0,0,0,3780,1982,0,3402,1843,0,0,0,0,0,0,0,1512,934,0,0,0,0,1512,927,0,0,0,0,0,0
2,2025,'110412000',213,  ,KG,0,9072,5272,0,2592,1442,0,0,0,0,0,0,0,0,0,0,0,0,0,0,0,0,864,494,0,2160,1255,0,0,0,0,0,0,0,3456,2081,0,0,0
2,2025,'110412000',222,  ,KG,0,3284655,504936,0,240450,38544,0,257250,37790,0,46200,6367,0,253575,31924,0,406905,51913,0,255225,37331,0,408575,68805,0,580020,91569,0,175320,27722,0,435955,76214,0,65520,11032,0,159660,25725
2,2025,'110412000',223,  ,KG,0,236532,60518,0,16960,4193,0,28576,8629,0,0,0,0,16960,4159,0,16704,4124,0,0,0,0,50632,12988,0,16960,4402,0,16960,4404,0,0,0,0,33920,9067,0,38860,8552
2,2025,'110412000',236,  ,KG,0,647136,97328,0,24200,3984,0,72496,9847,0,72600,10257,0,24088,3404,0,48188,6654,0,23560,3079,0,0,0,0,48297,6966,0,72282,11883,0,120891,17409,0,46035,6729,0,94499,17116
2,2025,'110412000',237,  ,KG,0,280280,40259,0,24200,3244,0,0,0,0,0,0,0,0,0,0,0,0,0,0,0,0,0,0,0,0,0,0,72600,10236,0,48400,6928,0,48400,6999,0,86680,12852
2,2025,'110412000',245,  ,KG,0,19600,3846,0,19600,3846,0,0,0,0,0,0,0,0,0,0,0,0,0,0,0,0,0,0,0,0,0,0,0,0,0,0,0,0,0,0,0,0,0
2,2025,'110412000',302,  ,KG,0,2702952,493567,0,179689,30175,0,138372,23092,0,253560,31622,0,217934,44264,0,180259,29123,0,287414,48786,0,194059,36266,0,197052,44273,0,337032,61823,0,280115,56998,0,178352,40341,0,259114,46804
2,2025,'110412000',304,  ,KG,0,560505,148205,0,77495,19609,0,37148,9940,0,72673,21259,0,27192,6383,0,63865,15205,0,56811,14205,0,43067,9475,0,50438,14266,0,10490,4552,0,69172,17746,0,30518,10449,0,21636,5116
2,2025,'110412000',409,  ,KG,0,300,346,0,0,0,0,0,0,0,0,0,0,0,0,0,0,0,0,0,0,0,0,0,0,0,0,0,0,0,0,0,0,0,300,346,0,0,0
2,2025,'110412000',601,  ,KG,0,13985902,1815352,0,714025,92848,0,1369335,193158,0,1392900,174901,0,1196925,151493,0,1705054,217798,0,868748,105821,0,1090720,134914,0,1154341,149905,0,919733,117904,0,2011004,264579,0,633275,81251,0,929842,130780
2,2025,'110419119',213,  ,KG,0,2000,673,0,2000,673,0,0,0,0,0,0,0,0,0,0,0,0,0,0,0,0,0,0,0,0,0,0,0,0,0,0,0,0,0,0,0,0,0
2,2025,'110419119',302,  ,KG,0,50347,9316,0,1814,349,0,6804,1323,0,0,0,0,6350,1179,0,11340,2004,0,1814,325,0,2721,492,0,4536,835,0,4536,825,0,4536,837,0,0,0,0,5896,1147
2,2025,'110419210',207,  ,KG,0,4000,663,0,0,0,0,0,0,0,0,0,0,2000,312,0,0,0,0,0,0,0,0,0,0,2000,351,0,0,0,0,0,0,0,0,0,0,0,0
2,2025,'110419210',304,  ,KG,0,567,226,0,0,0,0,0,0,0,0,0,0,0,0,0,0,0,0,0,0,0,0,0,0,0,0,0,0,0,0,567,226,0,0,0,0,0,0
2,2025,'110419210',410,  ,KG,0,7368,2055,0,0,0,0,0,0,0,0,0,0,3216,759,0,0,0,0,0,0,0,0,0,0,0,0,0,0,0,0,0,0,0,4152,1296,0,0,0
2,2025,'110419290',127,  ,KG,0,3010,565,0,0,0,0,0,0,0,1500,291,0,0,0,0,0,0,0,1510,274,0,0,0,0,0,0,0,0,0,0,0,0,0,0,0,0,0,0
2,2025,'110419300',106,  ,KG,0,1000,241,0,0,0,0,0,0,0,0,0,0,0,0,0,0,0,0,0,0,0,1000,241,0,0,0,0,0,0,0,0,0,0,0,0,0,0,0
2,2025,'110419300',213,  ,KG,0,8750,1640,0,0,0,0,0,0,0,0,0,0,0,0,0,0,0,0,0,0,0,2750,665,0,0,0,0,0,0,0,3000,477,0,3000,498,0,0,0
2,2025,'110419300',302,  ,KG,0,32050,21579,0,0,0,0,0,0,0,32050,21579,0,0,0,0,0,0,0,0,0,0,0,0,0,0,0,0,0,0,0,0,0,0,0,0,0,0,0
2,2025,'110419300',304,  ,KG,0,8844,2014,0,0,0,0,0,0,0,2653,626,0,0,0,0,0,0,0,6191,1388,0,0,0,0,0,0,0,0,0,0,0,0,0,0,0,0,0,0
2,2025,'110419490',302,  ,KG,0,2268,417,0,0,0,0,0,0,0,0,0,0,0,0,0,1134,204,0,0,0,0,0,0,0,1134,213,0,0,0,0,0,0,0,0,0,0,0,0
2,2025,'110422000',105,  ,KG,0,4340,931,0,0,0,0,0,0,0,0,0,0,0,0,0,2164,442,0,0,0,0,1280,277,0,0,0,0,0,0,0,0,0,0,0,0,0,896,212
2,2025,'110422000',222,  ,KG,0,54875,8626,0,0,0,0,0,0,0,0,0,0,0,0,0,0,0,0,10000,1599,0,0,0,0,0,0,0,0,0,0,44350,6704,0,0,0,0,525,323
2,2025,'110422000',302,  ,KG,0,201220,16843,0,15300,1292,0,21760,1844,0,43800,4061,0,0,0,0,19200,1479,0,15360,1211,0,9000,715,0,6400,522,0,19200,1509,0,14080,1121,0,19200,1571,0,17920,1518
2,2025,'110422000',304,  ,KG,0,6773,3196,0,0,0,0,385,498,0,2019,858,0,0,0,0,0,0,0,0,0,0,0,0,0,0,0,0,4369,1840,0,0,0,0,0,0,0,0,0
2,2025,'110422000',601,  ,KG,0,511110,62058,0,67975,9094,0,41975,5360,0,62800,7804,0,41000,4892,0,71000,7894,0,17000,2229,0,69000,8044,0,64360,7616,0,42000,5050,0,27000,3211,0,0,0,0,7000,864
2,2025,'110423010',220,  ,KG,0,44000,7525,0,22000,4035,0,0,0,0,0,0,0,0,0,0,0,0,0,0,0,0,0,0,0,22000,3490,0,0,0,0,0,0,0,0,0,0,0,0
2,2025,'110423010',410,  ,KG,0,130500,12247,0,0,0,0,0,0,0,21750,2106,0,0,0,0,0,0,0,0,0,0,0,0,0,0,0,0,43500,3960,0,0,0,0,43500,4091,0,21750,2090
2,2025,'110423010',413,  ,KG,0,217500,36734,0,21750,3943,0,0,0,0,0,0,0,0,0,0,21750,3577,0,43500,7113,0,43500,7202,0,0,0,0,21750,3663,0,43500,7423,0,21750,3813,0,0,0
2,2025,'110423090',123,  ,KG,0,4346320,305415,0,556760,41859,0,466960,34439,0,574720,41112,0,538800,38059,0,466960,32127,0,233480,16141,0,125720,8775,0,449000,29529,0,125720,8290,0,269400,18082,0,269400,18306,0,269400,18696
2,2025,'110423090',302,  ,KG,0,384150,68570,0,0,0,0,80750,14421,0,40210,6892,0,40470,7271,0,0,0,0,0,0,0,0,0,0,40670,6981,0,0,0,0,0,0,0,80990,14481,0,101060,18524
2,2025,'110423090',304,  ,KG,0,259297,49106,0,39892,7630,0,79686,15028,0,0,0,0,19942,3487,0,0,0,0,0,0,0,40128,7295,0,0,0,0,0,0,0,0,0,0,0,0,0,79649,15666
2,2025,'110423090',407,  ,KG,0,4000,2081,0,0,0,0,0,0,0,0,0,0,0,0,0,4000,2081,0,0,0,0,0,0,0,0,0,0,0,0,0,0,0,0,0,0,0,0,0
2,2025,'110423090',410,  ,KG,0,14860,3924,0,0,0,0,7190,2113,0,4500,676,0,1410,524,0,0,0,0,0,0,0,0,0,0,0,0,0,0,0,0,0,0,0,0,0,0,1760,611
2,2025,'110429119',123,  ,KG,0,780,242,0,0,0,0,0,0,0,0,0,0,0,0,0,0,0,0,0,0,0,0,0,0,780,242,0,0,0,0,0,0,0,0,0,0,0,0
2,2025,'110429119',213,  ,KG,0,7750,2702,0,0,0,0,0,0,0,750,216,0,1250,497,0,0,0,0,0,0,0,750,414,0,0,0,0,0,0,0,1500,379,0,2000,498,0,1500,698
2,2025,'110429119',407,  ,KG,0,1000,293,0,0,0,0,0,0,0,0,0,0,0,0,0,1000,293,0,0,0,0,0,0,0,0,0,0,0,0,0,0,0,0,0,0,0,0,0
2,2025,'110429310',105,  ,KG,0,37143848,3134869,0,1929050,194056,0,1891000,178900,0,3088000,265359,0,3551737,301183,0,4821399,396602,0,2219997,173755,0,3121500,243079,0,2999976,225197,0,2123858,153531,0,4309200,379070,0,4031091,362110,0,3057040,262027
2,2025,'110429310',123,  ,KG,0,3544,649,0,0,0,0,0,0,0,0,0,0,0,0,0,0,0,0,1660,268,0,0,0,0,1884,381,0,0,0,0,0,0,0,0,0,0,0,0
2,2025,'110429310',153,  ,KG,0,564140,51469,0,0,0,0,0,0,0,100000,10413,0,0,0,0,464140,41056,0,0,0,0,0,0,0,0,0,0,0,0,0,0,0,0,0,0,0,0,0
2,2025,'110429310',224,  ,KG,0,40000,4427,0,0,0,0,0,0,0,0,0,0,0,0,0,0,0,0,0,0,0,0,0,0,0,0,0,0,0,0,0,0,0,40000,4427,0,0,0
2,2025,'110429310',237,  ,KG,0,10000,1430,0,0,0,0,0,0,0,0,0,0,0,0,0,0,0,0,0,0,0,0,0,0,10000,1430,0,0,0,0,0,0,0,0,0,0,0,0
2,2025,'110429310',304,  ,KG,0,20000,5714,0,0,0,0,20000,5714,0,0,0,0,0,0,0,0,0,0,0,0,0,0,0,0,0,0,0,0,0,0,0,0,0,0,0,0,0,0
2,2025,'110429310',601,  ,KG,0,3000,857,0,0,0,0,0,0,0,0,0,0,0,0,0,0,0,0,1000,443,0,0,0,0,2000,414,0,0,0,0,0,0,0,0,0,0,0,0
2,2025,'110429390',105,  ,KG,0,1000359,356678,0,60887,12524,0,80025,39681,0,52878,19769,0,82975,23731,0,136498,45547,0,76160,28646,0,113330,42522,0,41510,12851,0,146395,61473,0,63128,18753,0,45969,18694,0,100604,32487
2,2025,'110429390',123,  ,KG,0,278981,35657,0,2895,519,0,23367,3984,0,42000,4351,0,2500,274,0,20000,3394,0,17423,2170,0,50500,5515,0,21500,2098,0,52934,6422,0,3309,529,0,41500,6070,0,1053,331
2,2025,'110429390',213,  ,KG,0,4125,1233,0,0,0,0,0,0,0,0,0,0,0,0,0,0,0,0,0,0,0,1125,578,0,0,0,0,1125,255,0,0,0,0,0,0,0,1875,400
2,2025,'110429390',238,  ,KG,0,21500,2094,0,0,0,0,0,0,0,0,0,0,0,0,0,0,0,0,21500,2094,0,0,0,0,0,0,0,0,0,0,0,0,0,0,0,0,0,0
2,2025,'110429390',304,  ,KG,0,10067,15613,0,0,0,0,0,0,0,0,0,0,3922,7614,0,0,0,0,0,0,0,0,0,0,3922,7542,0,2223,457,0,0,0,0,0,0,0,0,0
2,2025,'110429390',510,  ,KG,0,317,425,0,0,0,0,0,0,0,0,0,0,0,0,0,0,0,0,0,0,0,0,0,0,0,0,0,0,0,0,317,425,0,0,0,0,0,0
2,2025,'110429390',513,  ,KG,0,3550,3722,0,0,0,0,0,0,0,0,0,0,0,0,0,0,0,0,550,486,0,0,0,0,0,0,0,0,0,0,0,0,0,0,0,0,3000,3236
2,2025,'110429490',215,  ,KG,0,523,537,0,0,0,0,0,0,0,0,0,0,0,0,0,0,0,0,0,0,0,0,0,0,0,0,0,0,0,0,0,0,0,0,0,0,523,537
2,2025,'110429490',220,  ,KG,0,1000,557,0,400,214,0,0,0,0,0,0,0,0,0,0,0,0,0,0,0,0,0,0,0,0,0,0,0,0,0,600,343,0,0,0,0,0,0
2,2025,'110430000',103,  ,KG,0,89900,12115,0,0,0,0,10000,1325,0,0,0,0,10000,1320,0,0,0,0,10000,1267,0,0,0,0,19900,2738,0,10000,1264,0,10000,1429,0,10000,1412,0,10000,1360
2,2025,'110430000',110,  ,KG,0,7500,919,0,0,0,0,0,0,0,0,0,0,0,0,0,0,0,0,0,0,0,0,0,0,0,0,0,0,0,0,7500,919,0,0,0,0,0,0
2,2025,'110430000',213,  ,KG,0,54,286,0,0,0,0,0,0,0,0,0,0,0,0,0,0,0,0,54,286,0,0,0,0,0,0,0,0,0,0,0,0,0,0,0,0,0,0
2,2025,'110430000',304,  ,KG,0,167025,73001,0,0,0,0,32375,15794,0,9625,4566,0,14000,6017,0,28000,11498,0,14000,5900,0,14000,5966,0,14000,6128,0,14000,5777,0,27025,11355,0,0,0,0,0,0
2,2025,'110510000',123,  ,KG,0,1411920,425539,0,0,0,0,0,0,0,66000,20464,0,0,0,0,140560,41568,0,252080,73378,0,83520,25199,0,267600,80120,0,210800,63744,0,164800,50987,0,226560,70079,0,0,0
2,2025,'110510000',213,  ,KG,0,1884475,648093,0,65000,22569,0,255900,88142,0,42475,14032,0,180000,61691,0,265000,91037,0,109950,37594,0,402475,134114,0,174975,60107,0,224950,77087,0,51250,18751,0,67500,25366,0,45000,17603
2,2025,'110510000',223,  ,KG,0,581500,220429,0,33000,12463,0,58000,22217,0,110000,39764,0,78500,28069,0,67500,25263,0,44000,15899,0,45500,19033,0,34500,13733,0,22000,8506,0,67500,27161,0,11000,4476,0,10000,3845
2,2025,'110510000',304,  ,KG,0,1092792,344535,0,124040,38111,0,49074,16712,0,0,0,0,43520,15450,0,169710,51068,0,65545,19652,0,90479,30039,0,120000,36579,0,100000,31421,0,84000,27616,0,100000,30802,0,146424,47085
2,2025,'110520000',105,  ,KG,0,60000,17046,0,20000,5893,0,0,0,0,40000,11153,0,0,0,0,0,0,0,0,0,0,0,0,0,0,0,0,0,0,0,0,0,0,0,0,0,0,0
2,2025,'110520000',123,  ,KG,0,3297450,962527,0,109600,33453,0,169490,53523,0,74000,22611,0,366000,106244,0,357000,100561,0,283000,81054,0,220850,62631,0,297000,88065,0,289010,82927,0,698650,207041,0,236550,69078,0,196300,55339
2,2025,'110520000',127,  ,KG,0,100000,27335,0,0,0,0,0,0,0,0,0,0,40000,11093,0,40000,10807,0,0,0,0,0,0,0,20000,5435,0,0,0,0,0,0,0,0,0,0,0,0
2,2025,'110520000',208,  ,KG,0,203340,72791,0,16000,5390,0,32000,10877,0,0,0,0,0,0,0,0,0,0,32000,10892,0,53460,19561,0,16000,5741,0,16000,5648,0,32000,11632,0,0,0,0,5880,3050
2,2025,'110520000',213,  ,KG,0,2151805,729474,0,168960,57163,0,332215,113362,0,22500,7755,0,297655,95966,0,329400,102457,0,178380,59834,0,396755,136651,0,134525,47886,0,75100,27251,0,161655,61580,0,54660,19569,0,0,0
2,2025,'110520000',223,  ,KG,0,400,216,0,0,0,0,0,0,0,0,0,0,0,0,0,0,0,0,0,0,0,400,216,0,0,0,0,0,0,0,0,0,0,0,0,0,0,0
2,2025,'110520000',302,  ,KG,0,20000,7996,0,0,0,0,0,0,0,0,0,0,0,0,0,0,0,0,0,0,0,0,0,0,0,0,0,0,0,0,0,0,0,0,0,0,20000,7996
2,2025,'110520000',304,  ,KG,0,16566931,4863735,0,1578838,495053,0,1563550,487630,0,1695795,516116,0,1871546,582950,0,1835692,538983,0,1445809,408167,0,2042635,565727,0,499465,151737,0,644508,193180,0,1449369,384270,0,1422852,385572,0,516872,154350
2,2025,'110520000',407,  ,KG,0,2000,835,0,0,0,0,0,0,0,0,0,0,0,0,0,2000,835,0,0,0,0,0,0,0,0,0,0,0,0,0,0,0,0,0,0,0,0,0
2,2025,'110610000',103,  ,KG,0,3858,13080,0,0,0,0,0,0,0,0,0,0,0,0,0,0,0,0,0,0,0,3556,12087,0,0,0,0,302,993,0,0,0,0,0,0,0,0,0
2,2025,'110610000',105,  ,KG,0,50000,6465,0,6000,818,0,0,0,0,6000,784,0,6000,776,0,4000,499,0,8000,986,0,0,0,0,6000,781,0,0,0,0,6000,766,0,8000,1055,0,0,0
2,2025,'110610000',113,  ,KG,0,510,437,0,0,0,0,0,0,0,0,0,0,0,0,0,0,0,0,0,0,0,0,0,0,0,0,0,510,437,0,0,0,0,0,0,0,0,0
2,2025,'110610000',122,  ,KG,0,5400,2170,0,0,0,0,0,0,0,1500,620,0,0,0,0,0,0,0,0,0,0,0,0,0,3000,1197,0,0,0,0,0,0,0,0,0,0,900,353
2,2025,'110610000',123,  ,KG,0,91422,20574,0,2970,467,0,1000,271,0,16000,3505,0,0,0,0,22160,4840,0,18170,4219,0,9202,2042,0,13980,3285,0,0,0,0,1000,288,0,4940,1182,0,2000,475
2,2025,'110610000',127,  ,KG,0,19804,4223,0,5020,1084,0,1500,320,0,2504,493,0,1800,366,0,0,0,0,0,0,0,3960,757,0,0,0,0,0,0,0,0,0,0,2020,335,0,3000,868
2,2025,'110610000',131,  ,KG,0,11440,2958,0,0,0,0,7000,1740,0,0,0,0,4440,1218,0,0,0,0,0,0,0,0,0,0,0,0,0,0,0,0,0,0,0,0,0,0,0,0
2,2025,'110610000',147,  ,KG,0,5000,920,0,0,0,0,5000,920,0,0,0,0,0,0,0,0,0,0,0,0,0,0,0,0,0,0,0,0,0,0,0,0,0,0,0,0,0,0
2,2025,'110610000',210,  ,KG,0,25625,38501,0,2000,2823,0,2000,2787,0,0,0,0,0,0,0,3100,4794,0,1500,2595,0,9025,13295,0,0,0,0,0,0,0,8000,12207,0,0,0,0,0,0
2,2025,'110610000',220,  ,KG,0,2080,1770,0,0,0,0,0,0,0,0,0,0,600,380,0,0,0,0,480,730,0,0,0,0,0,0,0,0,0,0,1000,660,0,0,0,0,0,0
2,2025,'110610000',234,  ,KG,0,10000,2416,0,0,0,0,0,0,0,10000,2416,0,0,0,0,0,0,0,0,0,0,0,0,0,0,0,0,0,0,0,0,0,0,0,0,0,0,0
2,2025,'110610000',302,  ,KG,0,2830,835,0,0,0,0,0,0,0,0,0,0,0,0,0,2830,835,0,0,0,0,0,0,0,0,0,0,0,0,0,0,0,0,0,0,0,0,0
2,2025,'110610000',304,  ,KG,0,468676,135393,0,8450,1875,0,73625,18481,0,15975,4940,0,56025,28033,0,56625,13579,0,2721,1610,0,25000,5381,0,54900,14346,0,22721,6960,0,55484,14680,0,20000,5560,0,77150,19948
2,2025,'110610000',601,  ,KG,0,10385,2067,0,6800,380,0,0,0,0,1135,474,0,0,0,0,0,0,0,0,0,0,0,0,0,0,0,0,1000,249,0,0,0,0,960,478,0,490,486
2,2025,'110620190',410,  ,KG,0,46548,12146,0,0,0,0,0,0,0,15280,3669,0,7761,2242,0,0,0,0,0,0,0,0,0,0,0,0,0,13581,3123,0,0,0,0,2822,787,0,7104,2325
2,2025,'110620190',517,  ,KG,0,34961,3671,0,0,0,0,0,0,0,0,0,0,8100,1749,0,0,0,0,0,0,0,9486,731,0,0,0,0,0,0,0,0,0,0,0,0,0,17375,1191
2,2025,'110620200',111,  ,KG,0,204,242,0,0,0,0,0,0,0,0,0,0,0,0,0,0,0,0,0,0,0,0,0,0,0,0,0,204,242,0,0,0,0,0,0,0,0,0
2,2025,'110620200',118,  ,KG,0,917605,54720,0,102000,6321,0,76000,4673,0,103000,6301,0,102000,5881,0,0,0,0,128000,7207,0,76000,4359,0,50000,2933,0,102315,6156,0,50000,2931,0,102290,6391,0,26000,1567
2,2025,'110620200',304,  ,KG,0,1225,6722,0,385,1913,0,0,0,0,0,0,0,0,0,0,68,299,0,462,2263,0,0,0,0,0,0,0,0,0,0,0,0,0,310,2247,0,0,0
2,2025,'110620200',407,  ,KG,0,100,411,0,0,0,0,0,0,0,0,0,0,0,0,0,0,0,0,0,0,0,100,411,0,0,0,0,0,0,0,0,0,0,0,0,0,0,0
2,2025,'110630190',117,  ,KG,0,5040,3492,0,0,0,0,0,0,0,720,538,0,0,0,0,0,0,0,0,0,0,0,0,0,0,0,0,0,0,0,0,0,0,0,0,0,4320,2954
2,2025,'110630190',305,  ,KG,0,1000,1162,0,0,0,0,1000,1162,0,0,0,0,0,0,0,0,0,0,0,0,0,0,0,0,0,0,0,0,0,0,0,0,0,0,0,0,0,0
2,2025,'110630190',406,  ,KG,0,28000,11909,0,0,0,0,0,0,0,14000,6145,0,0,0,0,14000,5764,0,0,0,0,0,0,0,0,0,0,0,0,0,0,0,0,0,0,0,0,0
2,2025,'110630190',517,  ,KG,0,4400,227,0,0,0,0,0,0,0,0,0,0,0,0,0,0,0,0,4400,227,0,0,0,0,0,0,0,0,0,0,0,0,0,0,0,0,0,0
2,2025,'110630190',601,  ,KG,0,500,708,0,0,0,0,0,0,0,0,0,0,0,0,0,0,0,0,0,0,0,0,0,0,0,0,0,0,0,0,500,708,0,0,0,0,0,0
2,2025,'110630200',105,  ,KG,0,352245,546469,0,17028,69178,0,1250,5234,0,47412,57820,0,22020,41190,0,35710,39618,0,85933,60040,0,5185,12159,0,50380,56706,0,7060,17796,0,17080,56177,0,16325,57706,0,46862,72845
2,2025,'110630200',110,  ,KG,0,3100,3875,0,0,0,0,0,0,0,0,0,0,50,221,0,0,0,0,2500,3093,0,0,0,0,500,250,0,50,311,0,0,0,0,0,0,0,0,0
2,2025,'110630200',111,  ,KG,0,4160,22072,0,0,0,0,0,0,0,0,0,0,0,0,0,2090,10736,0,0,0,0,50,415,0,2020,10921,0,0,0,0,0,0,0,0,0,0,0,0
2,2025,'110630200',117,  ,KG,0,251812,131849,0,0,0,0,28549,12263,0,2005,1223,0,12700,4590,0,12689,6017,0,25401,11420,0,25864,10698,0,35005,18078,0,19504,12701,0,12700,8377,0,26194,14539,0,51201,31943
2,2025,'110630200',118,  ,KG,0,224882,130097,0,0,0,0,24936,11036,0,10614,4514,0,14322,6135,0,49896,28663,0,374,212,0,24948,14397,0,49896,34167,0,12474,7994,0,12474,8207,0,24948,14772,0,0,0
2,2025,'110630200',123,  ,KG,0,3040,2395,0,0,0,0,0,0,0,0,0,0,500,249,0,0,0,0,1040,682,0,0,0,0,0,0,0,0,0,0,200,357,0,0,0,0,1300,1107
2,2025,'110630200',133,  ,KG,0,100,223,0,0,0,0,0,0,0,0,0,0,0,0,0,0,0,0,0,0,0,0,0,0,0,0,0,0,0,0,0,0,0,0,0,0,100,223
2,2025,'110630200',152,  ,KG,0,156,818,0,0,0,0,0,0,0,0,0,0,0,0,0,0,0,0,156,818,0,0,0,0,0,0,0,0,0,0,0,0,0,0,0,0,0,0
2,2025,'110630200',205,  ,KG,0,35,1856,0,0,0,0,0,0,0,5,256,0,0,0,0,0,0,0,10,524,0,0,0,0,10,534,0,10,542,0,0,0,0,0,0,0,0,0
2,2025,'110630200',210,  ,KG,0,4420,58059,0,1440,18969,0,0,0,0,0,0,0,0,0,0,0,0,0,1440,18723,0,100,332,0,0,0,0,1440,20035,0,0,0,0,0,0,0,0,0
2,2025,'110630200',213,  ,KG,0,31952,168055,0,1200,10978,0,3000,13318,0,3076,15055,0,3000,13322,0,0,0,0,600,3233,0,8400,43820,0,76,383,0,2400,11587,0,4200,26295,0,3000,14715,0,3000,15349
2,2025,'110630200',218,  ,KG,0,3050,6115,0,0,0,0,0,0,0,0,0,0,0,0,0,0,0,0,0,0,0,0,0,0,50,202,0,0,0,0,3000,5913,0,0,0,0,0,0
2,2025,'110630200',220,  ,KG,0,3488,7303,0,150,469,0,0,0,0,3000,5929,0,0,0,0,0,0,0,50,203,0,144,348,0,0,0,0,0,0,0,144,354,0,0,0,0,0,0
2,2025,'110630200',222,  ,KG,0,113,1621,0,0,0,0,32,390,0,0,0,0,0,0,0,0,0,0,31,492,0,0,0,0,50,739,0,0,0,0,0,0,0,0,0,0,0,0
2,2025,'110630200',302,  ,KG,0,114,2097,0,0,0,0,0,0,0,0,0,0,0,0,0,100,1699,0,0,0,0,0,0,0,0,0,0,14,398,0,0,0,0,0,0,0,0,0
2,2025,'110630200',304,  ,KG,0,1374935,1438189,0,97090,97910,0,150516,151477,0,189283,184743,0,85967,89265,0,227703,232863,0,127224,130931,0,145366,153887,0,15,927,0,180515,202770,0,44157,50745,0,22000,25351,0,105099,117320
2,2025,'110630200',401,  ,KG,0,100,670,0,0,0,0,0,0,0,0,0,0,0,0,0,0,0,0,0,0,0,0,0,0,0,0,0,0,0,0,0,0,0,0,0,0,100,670
2,2025,'110630200',406,  ,KG,0,465,1733,0,0,0,0,0,0,0,0,0,0,100,366,0,0,0,0,0,0,0,100,326,0,0,0,0,0,0,0,205,794,0,60,247,0,0,0
2,2025,'110630200',407,  ,KG,0,580,2778,0,0,0,0,0,0,0,0,0,0,100,340,0,0,0,0,50,465,0,430,1973,0,0,0,0,0,0,0,0,0,0,0,0,0,0,0
2,2025,'110630200',409,  ,KG,0,11724,46147,0,550,3854,0,89,1226,0,0,0,0,1530,6012,0,0,0,0,1215,9630,0,60,338,0,6300,17118,0,240,1595,0,600,2695,0,80,658,0,1060,3021
2,2025,'110630200',410,  ,KG,0,626,5271,0,150,1125,0,14,227,0,0,0,0,0,0,0,0,0,0,150,1638,0,200,1549,0,0,0,0,0,0,0,0,0,0,0,0,0,112,732
2,2025,'110630200',510,  ,KG,0,793,1907,0,0,0,0,85,375,0,0,0,0,0,0,0,601,1110,0,47,215,0,0,0,0,0,0,0,60,207,0,0,0,0,0,0,0,0,0
2,2025,'110630200',549,  ,KG,0,300,871,0,0,0,0,300,871,0,0,0,0,0,0,0,0,0,0,0,0,0,0,0,0,0,0,0,0,0,0,0,0,0,0,0,0,0,0
2,2025,'110630200',601,  ,KG,0,45370,40296,0,0,0,0,2160,2387,0,11520,8960,0,11520,8945,0,1450,1931,0,12240,9657,0,0,0,0,1440,1723,0,720,866,0,0,0,0,1440,1798,0,2880,4029
2,2025,'110630200',606,  ,KG,0,7301,77369,0,525,9226,0,0,0,0,314,4408,0,474,4231,0,150,1956,0,87,1054,0,40,568,0,1327,11763,0,1699,17448,0,915,8251,0,430,6420,0,1340,12044
2,2025,'110710011',205,  ,MT,0,6655,1186995,0,327,61118,0,397,70076,0,585,107500,0,530,105878,0,812,148353,0,460,84385,0,769,132656,0,791,136359,0,191,30369,0,700,121057,0,370,66236,0,723,123008
2,2025,'110710011',606,  ,MT,0,59,16041,0,0,0,0,0,0,0,0,0,0,0,0,0,0,0,0,0,0,0,20,5272,0,0,0,0,20,5669,0,19,5100,0,0,0,0,0,0
2,2025,'110710019',205,  ,MT,0,57,12446,0,0,0,0,0,0,0,4,799,0,16,3134,0,6,1355,0,0,0,0,29,6782,0,2,376,0,0,0,0,0,0,0,0,0,0,0,0
2,2025,'110710021',105,  ,MT,0,7157,647159,0,1790,176809,0,1165,110301,0,854,73051,0,760,66558,0,204,16757,0,768,61940,0,224,19206,0,440,36368,0,0,0,0,238,21157,0,292,25025,0,422,39987
2,2025,'110710021',110,  ,MT,0,543,49150,0,0,0,0,16,1648,0,0,0,0,240,21678,0,16,1553,0,0,0,0,0,0,0,0,0,0,16,1590,0,245,21687,0,10,994,0,0,0
2,2025,'110710021',203,  ,MT,0,1823,211909,0,0,0,0,0,0,0,0,0,0,0,0,0,0,0,0,295,32006,0,138,15968,0,746,87354,0,279,33650,0,0,0,0,296,34805,0,69,8126
2,2025,'110710021',204,  ,MT,0,5538,633086,0,0,0,0,728,81572,0,722,78201,0,0,0,0,917,103135,0,412,47216,0,501,60270,0,250,30703,0,230,27900,0,497,58758,0,529,62744,0,752,82587
2,2025,'110710021',205,  ,MT,0,51871,7071254,0,3432,507702,0,6039,910246,0,2912,407436,0,8345,1077357,0,2455,357408,0,5535,722872,0,3105,414311,0,4032,543354,0,5928,791988,0,4908,647380,0,1100,144677,0,4080,546523
2,2025,'110710021',206,  ,MT,0,34,6784,0,15,2943,0,0,0,0,0,0,0,0,0,0,0,0,0,0,0,0,0,0,0,0,0,0,0,0,0,0,0,0,0,0,0,19,3841
2,2025,'110710021',207,  ,MT,0,17017,1722017,0,1268,145058,0,1772,195350,0,2128,203160,0,2329,220808,0,1739,165917,0,2033,197548,0,148,15249,0,1091,109916,0,1162,118642,0,818,83865,0,1163,120996,0,1366,145508
2,2025,'110710021',208,  ,MT,0,7707,820853,0,1364,151849,0,988,109165,0,250,24534,0,942,90012,0,862,91164,0,533,58325,0,851,88136,0,0,0,0,525,56235,0,448,48435,0,201,21422,0,743,81576
2,2025,'110710021',210,  ,MT,0,68042,6732323,0,7380,756515,0,8152,784043,0,5111,515932,0,4034,404896,0,6261,623447,0,7984,771678,0,8114,783249,0,5304,527294,0,3658,364899,0,2715,270739,0,5502,538236,0,3827,391395
2,2025,'110710021',213,  ,MT,0,36836,4138132,0,3256,382678,0,3207,372079,0,2795,307384,0,3284,361150,0,4308,482502,0,3569,374436,0,2965,326188,0,4483,493583,0,2171,251041,0,3003,343522,0,1607,190943,0,2188,252626
2,2025,'110710021',222,  ,MT,0,7028,784645,0,661,71508,0,297,31756,0,890,92831,0,891,95360,0,886,95860,0,365,39729,0,296,33400,0,414,47380,0,298,34321,0,694,82475,0,589,69432,0,747,90593
2,2025,'110710021',223,  ,MT,0,378,49723,0,0,0,0,378,49723,0,0,0,0,0,0,0,0,0,0,0,0,0,0,0,0,0,0,0,0,0,0,0,0,0,0,0,0,0,0
2,2025,'110710021',225,  ,MT,0,69,8881,0,0,0,0,0,0,0,16,1963,0,0,0,0,18,2221,0,19,2469,0,0,0,0,0,0,0,0,0,0,0,0,0,16,2228,0,0,0
2,2025,'110710021',238,  ,MT,0,27,2397,0,0,0,0,0,0,0,0,0,0,0,0,0,0,0,0,0,0,0,0,0,0,0,0,0,27,2397,0,0,0,0,0,0,0,0,0
2,2025,'110710021',245,  ,MT,0,30116,3076611,0,2450,269022,0,3494,374789,0,492,50311,0,2837,299009,0,4205,404413,0,2270,241261,0,2527,249757,0,3190,321166,0,3045,298824,0,2961,296387,0,850,81332,0,1795,190340
2,2025,'110710021',302,  ,MT,0,120811,11750890,0,12794,1340122,0,12360,1267177,0,6764,672967,0,6983,668047,0,15817,1472334,0,9331,866508,0,10694,1008411,0,11974,1137409,0,9795,934857,0,9559,918824,0,5562,554444,0,9178,909790
2,2025,'110710021',304,  ,MT,0,409,80459,0,14,2611,0,49,8791,0,35,6058,0,42,13327,0,67,13002,0,4,711,0,68,12266,0,0,0,0,69,11944,0,8,1738,0,32,6078,0,21,3933
2,2025,'110710021',601,  ,MT,0,91580,8217200,0,7883,752919,0,3900,366978,0,5618,511983,0,5593,507003,0,8470,769283,0,9189,831234,0,10667,950427,0,8000,696614,0,8350,713728,0,7786,682687,0,8828,770874,0,7296,663470
2,2025,'110710021',606,  ,MT,0,60,7262,0,0,0,0,0,0,0,40,4869,0,0,0,0,0,0,0,0,0,0,0,0,0,0,0,0,20,2393,0,0,0,0,0,0,0,0,0
2,2025,'110710029',103,  ,MT,0,0,960,0,0,0,0,0,240,0,0,0,0,0,0,0,0,240,0,0,0,0,0,0,0,0,0,0,0,240,0,0,0,0,0,0,0,0,240
2,2025,'110710029',105,  ,MT,0,12,2011,0,0,0,0,0,0,0,0,0,0,0,0,0,12,2011,0,0,0,0,0,0,0,0,0,0,0,0,0,0,0,0,0,0,0,0,0
2,2025,'110710029',204,  ,MT,0,0,531,0,0,0,0,0,0,0,0,0,0,0,0,0,0,0,0,0,531,0,0,0,0,0,0,0,0,0,0,0,0,0,0,0,0,0,0
2,2025,'110710029',205,  ,MT,0,1209,193011,0,58,9619,0,187,30604,0,58,8726,0,115,17914,0,99,15052,0,72,10666,0,70,10912,0,144,25386,0,70,11599,0,65,10312,0,144,22165,0,127,20056
2,2025,'110710029',206,  ,MT,0,13,2468,0,0,0,0,0,0,0,0,0,0,3,648,0,0,0,0,0,0,0,0,0,0,0,0,0,10,1820,0,0,0,0,0,0,0,0,0
2,2025,'110710029',207,  ,MT,0,13,6174,0,1,853,0,0,0,0,2,1089,0,1,538,0,0,0,0,1,560,0,0,0,0,1,583,0,1,580,0,5,1367,0,0,0,0,1,604
2,2025,'110710029',208,  ,MT,0,79,10074,0,0,0,0,24,3100,0,0,0,0,0,0,0,16,2016,0,4,542,0,0,0,0,0,0,0,12,1569,0,13,1603,0,0,0,0,10,1244
2,2025,'110710029',210,  ,MT,0,10,1539,0,0,0,0,0,0,0,0,0,0,0,0,0,3,366,0,0,0,0,0,0,0,0,0,0,0,0,0,7,1173,0,0,0,0,0,0
2,2025,'110710029',213,  ,MT,0,1762,240378,0,121,16175,0,53,6974,0,242,30437,0,78,11533,0,130,16803,0,200,25314,0,218,28585,0,116,16000,0,163,20958,0,151,22408,0,136,20987,0,154,24204
2,2025,'110710029',222,  ,MT,0,0,3197,0,0,552,0,0,552,0,0,0,0,0,535,0,0,0,0,0,510,0,0,527,0,0,0,0,0,0,0,0,0,0,0,0,0,0,521
2,2025,'110710029',225,  ,MT,0,0,12715,0,0,0,0,0,0,0,0,7027,0,0,1781,0,0,0,0,0,0,0,0,0,0,0,0,0,0,0,0,0,3907,0,0,0,0,0,0
2,2025,'110710029',302,  ,MT,0,617,73905,0,0,0,0,54,6054,0,6,2668,0,33,3838,0,78,9254,0,151,15978,0,13,1486,0,60,6828,0,24,3225,0,89,11710,0,103,11877,0,6,987
2,2025,'110710029',304,  ,MT,0,174,32008,0,0,0,0,18,3375,0,0,0,0,10,1707,0,37,6545,0,9,2664,0,36,6319,0,13,2227,0,0,0,0,19,3640,0,18,2999,0,14,2532
2,2025,'110710029',601,  ,MT,0,234,28782,0,0,0,0,40,4941,0,0,0,0,36,3858,0,37,3890,0,7,739,0,24,2475,0,40,5709,0,10,1089,0,20,2171,0,0,0,0,20,3910
2,2025,'110720010',105,  ,MT,0,90,10472,0,17,2099,0,0,0,0,0,0,0,0,0,0,0,0,0,0,0,0,16,1485,0,0,0,0,16,1918,0,16,1935,0,0,0,0,25,3035
2,2025,'110720010',205,  ,MT,0,1943,282371,0,428,71212,0,106,15252,0,244,32435,0,197,25687,0,49,6454,0,311,43477,0,0,0,0,268,38245,0,165,24602,0,127,17841,0,48,7166,0,0,0
2,2025,'110720010',210,  ,MT,0,2267,276584,0,393,45990,0,355,40049,0,153,18509,0,0,0,0,66,8173,0,361,46013,0,171,20968,0,152,18775,0,215,26647,0,230,28285,0,115,15916,0,56,7259
2,2025,'110720010',213,  ,MT,0,224,45199,0,12,2231,0,31,5763,0,14,2677,0,0,0,0,22,5581,0,8,1373,0,4,753,0,44,8347,0,29,6391,0,6,1045,0,44,8379,0,10,2659
2,2025,'110720010',223,  ,MT,0,37,3607,0,0,0,0,0,0,0,37,3607,0,0,0,0,0,0,0,0,0,0,0,0,0,0,0,0,0,0,0,0,0,0,0,0,0,0,0
2,2025,'110720010',245,  ,MT,0,803,111866,0,150,21164,0,50,6873,0,3,537,0,50,6793,0,50,6765,0,100,13885,0,0,0,0,150,20671,0,0,0,0,100,13900,0,150,21278,0,0,0
2,2025,'110720010',304,  ,MT,0,6,1761,0,0,0,0,0,0,0,0,0,0,3,760,0,0,0,0,0,0,0,0,0,0,0,0,0,2,510,0,0,0,0,1,491,0,0,0
2,2025,'110720010',601,  ,MT,0,2565,313589,0,179,22622,0,0,0,0,214,26630,0,376,46908,0,210,26086,0,348,40539,0,156,18882,0,222,28000,0,172,19708,0,472,57849,0,173,20897,0,43,5468
2,2025,'110720020',205,  ,MT,0,82,15353,0,18,3158,0,32,6114,0,0,0,0,5,1050,0,2,485,0,17,2832,0,2,472,0,0,0,0,2,407,0,2,378,0,1,205,0,1,252
2,2025,'110720020',208,  ,MT,0,12,1760,0,0,0,0,0,0,0,0,0,0,0,0,0,0,0,0,0,0,0,0,0,0,0,0,0,0,0,0,0,0,0,0,0,0,12,1760
2,2025,'110720020',213,  ,MT,0,101,19908,0,5,1188,0,6,1050,0,11,2154,0,7,1330,0,8,1443,0,9,1679,0,10,1975,0,3,638,0,19,3759,0,14,2833,0,4,856,0,5,1003
2,2025,'110720020',223,  ,MT,0,13,1267,0,0,0,0,0,0,0,13,1267,0,0,0,0,0,0,0,0,0,0,0,0,0,0,0,0,0,0,0,0,0,0,0,0,0,0,0
2,2025,'110720020',304,  ,MT,0,10,3118,0,0,0,0,2,550,0,0,0,0,0,0,0,4,1400,0,0,0,0,0,0,0,0,0,0,0,0,0,2,618,0,2,550,0,0,0
2,2025,'110720020',601,  ,MT,0,230,31389,0,20,3030,0,0,0,0,35,5315,0,20,3019,0,0,0,0,0,0,0,50,6104,0,20,2613,0,15,2029,0,20,2600,0,0,0,0,50,6679
2,2025,'110811090',220,  ,KG,0,1000,374,0,0,0,0,0,0,0,0,0,0,0,0,0,0,0,0,0,0,0,0,0,0,0,0,0,0,0,0,0,0,0,0,0,0,1000,374
2,2025,'110812010',123,  ,KG,0,867000,60106,0,535500,37265,0,331500,22841,0,0,0,0,0,0,0,0,0,0,0,0,0,0,0,0,0,0,0,0,0,0,0,0,0,0,0,0,0,0
2,2025,'110812010',231,  ,KG,0,40000,13692,0,0,0,0,0,0,0,0,0,0,0,0,0,20000,6738,0,0,0,0,0,0,0,0,0,0,20000,6954,0,0,0,0,0,0,0,0,0
2,2025,'110812010',606,  ,KG,0,10000,1449,0,0,0,0,0,0,0,0,0,0,0,0,0,0,0,0,0,0,0,0,0,0,0,0,0,0,0,0,10000,1449,0,0,0,0,0,0
2,2025,'110812099',105,  ,KG,0,24226,8375,0,0,0,0,0,0,0,0,0,0,1080,221,0,0,0,0,20000,6626,0,2880,669,0,66,424,0,200,435,0,0,0,0,0,0,0,0,0
2,2025,'110812099',106,  ,KG,0,26964,10642,0,5160,2107,0,0,0,0,3600,1409,0,5052,1939,0,2532,941,0,0,0,0,4500,1727,0,0,0,0,2520,1014,0,0,0,0,3600,1505,0,0,0
2,2025,'110812099',110,  ,KG,0,1650,338,0,0,0,0,0,0,0,0,0,0,1650,338,0,0,0,0,0,0,0,0,0,0,0,0,0,0,0,0,0,0,0,0,0,0,0,0
2,2025,'110812099',210,  ,KG,0,23530,4874,0,1000,497,0,0,0,0,0,0,0,1000,209,0,10000,2094,0,1530,668,0,0,0,0,0,0,0,0,0,0,0,0,0,0,0,0,10000,1406
2,2025,'110812099',218,  ,KG,0,80000,16914,0,0,0,0,0,0,0,0,0,0,0,0,0,20000,1618,0,0,0,0,20000,6355,0,0,0,0,0,0,0,20000,7069,0,0,0,0,20000,1872
2,2025,'110812099',225,  ,KG,0,24675,6910,0,0,0,0,3000,796,0,0,0,0,0,0,0,3000,807,0,5175,1458,0,3000,825,0,4500,1308,0,3000,880,0,3000,836,0,0,0,0,0,0
2,2025,'110812099',231,  ,KG,0,800000,198116,0,0,0,0,0,0,0,40000,10384,0,100000,24934,0,80000,19809,0,0,0,0,160000,39544,0,0,0,0,240000,59188,0,180000,44257,0,0,0,0,0,0
2,2025,'110812099',304,  ,KG,0,1071741,363479,0,55056,22364,0,47557,15200,0,95000,35635,0,275112,96746,0,38556,11080,0,66558,23911,0,38556,11259,0,95556,28619,0,217512,74873,0,19000,5985,0,28278,12777,0,95000,25030
2,2025,'110812099',410,  ,KG,0,3630,2281,0,0,0,0,600,360,0,0,0,0,0,0,0,0,0,0,0,0,0,0,0,0,0,0,0,0,0,0,1730,1074,0,0,0,0,1300,847
2,2025,'110813010',203,  ,KG,0,779000,109577,0,0,0,0,0,0,0,190000,28247,0,0,0,0,190000,25522,0,190000,25366,0,95000,12847,0,0,0,0,0,0,0,19000,3220,0,0,0,0,95000,14375
2,2025,'110813010',204,  ,KG,0,5146250,870268,0,100000,16598,0,672250,108803,0,233750,37352,0,396000,64711,0,779250,128556,0,631250,104987,0,398000,68399,0,1144500,199335,0,391250,68482,0,0,0,0,200000,36017,0,200000,37028
2,2025,'110813010',207,  ,KG,0,2675000,521335,0,298000,55322,0,400000,74701,0,295000,53269,0,200000,36785,0,100000,17979,0,276000,51574,0,0,0,0,100000,20363,0,196000,40492,0,326000,68015,0,352000,74718,0,132000,28117
2,2025,'110813010',213,  ,KG,0,5346000,1035899,0,264000,48742,0,550000,102278,0,264000,47253,0,242000,44315,0,990000,183895,0,814000,154526,0,924000,184988,0,330000,67373,0,792000,164282,0,154000,31845,0,22000,6402,0,0,0
2,2025,'110813010',223,  ,KG,0,20000,3079,0,0,0,0,0,0,0,0,0,0,0,0,0,20000,3079,0,0,0,0,0,0,0,0,0,0,0,0,0,0,0,0,0,0,0,0,0
2,2025,'110813099',105,  ,KG,0,75200,11004,0,27000,3843,0,0,0,0,0,0,0,0,0,0,5000,913,0,0,0,0,0,0,0,0,0,0,43200,6248,0,0,0,0,0,0,0,0,0
2,2025,'110813099',106,  ,KG,0,14676,6088,0,0,0,0,0,0,0,0,0,0,5616,2253,0,0,0,0,1620,657,0,0,0,0,0,0,0,5040,2103,0,0,0,0,0,0,0,2400,1075
2,2025,'110813099',203,  ,KG,0,333800,52732,0,20000,3350,0,40000,5851,0,173800,27132,0,0,0,0,0,0,0,0,0,0,100000,16399,0,0,0,0,0,0,0,0,0,0,0,0,0,0,0
2,2025,'110813099',204,  ,KG,0,2711500,463067,0,66000,10904,0,715000,118369,0,492250,79609,0,24750,4578,0,0,0,0,0,0,0,176000,30215,0,140250,24514,0,572000,100380,0,206250,36623,0,319000,57875,0,0,0
2,2025,'110813099',207,  ,KG,0,18000,2995,0,0,0,0,0,0,0,0,0,0,18000,2995,0,0,0,0,0,0,0,0,0,0,0,0,0,0,0,0,0,0,0,0,0,0,0,0
2,2025,'110813099',213,  ,KG,0,428310,76460,0,34975,6178,0,0,0,0,35000,6158,0,0,0,0,80000,14144,0,94950,16423,0,95960,17676,0,0,0,0,34975,6253,0,0,0,0,52450,9628,0,0,0
2,2025,'110813099',223,  ,KG,0,462000,71639,0,0,0,0,0,0,0,0,0,0,0,0,0,0,0,0,0,0,0,66000,10311,0,88000,13723,0,132000,20275,0,44000,6735,0,0,0,0,132000,20595
2,2025,'110813099',225,  ,KG,0,1500,428,0,0,0,0,0,0,0,0,0,0,1500,428,0,0,0,0,0,0,0,0,0,0,0,0,0,0,0,0,0,0,0,0,0,0,0,0
2,2025,'110814010',110,  ,KG,0,13563450,780220,0,799000,53992,0,0,0,0,1581000,95334,0,799000,44045,0,1598000,86328,0,799000,41761,0,1598000,84242,0,0,0,0,2397000,134866,0,1595450,93599,0,799000,48297,0,1598000,97756
2,2025,'110814010',111,  ,KG,0,90942900,5579701,0,8619000,601195,0,9153600,595530,0,9751000,592794,0,2312000,131424,0,9020000,513176,0,9857700,555186,0,9206400,518972,0,4073000,241197,0,6137000,370754,0,7299200,454528,0,8238000,529335,0,7276000,475610
2,2025,'110814020',110,  ,KG,0,305150,18728,0,0,0,0,0,0,0,0,0,0,0,0,0,0,0,0,0,0,0,0,0,0,0,0,0,0,0,0,0,0,0,305150,18728,0,0,0
2,2025,'110814020',111,  ,KG,0,4039900,265834,0,408000,27128,0,628800,42104,0,323500,19017,0,0,0,0,748000,51669,0,356400,21691,0,272000,14773,0,221500,13957,0,816000,56017,0,10200,624,0,102000,8164,0,153500,10690
2,2025,'110814091',110,  ,KG,0,255000,33805,0,0,0,0,51000,7035,0,51000,6759,0,0,0,0,0,0,0,0,0,0,0,0,0,0,0,0,102000,13120,0,0,0,0,0,0,0,51000,6891
2,2025,'110814099',105,  ,KG,0,9350,1060,0,0,0,0,0,0,0,0,0,0,0,0,0,0,0,0,2100,249,0,2000,313,0,5250,498,0,0,0,0,0,0,0,0,0,0,0,0
2,2025,'110814099',106,  ,KG,0,94818,41493,0,7188,3939,0,1710,581,0,26136,9899,0,0,0,0,12288,6216,0,3300,1550,0,1260,457,0,14856,6641,0,3600,1750,0,2520,959,0,12336,6401,0,9624,3100
2,2025,'110814099',110,  ,KG,0,150843,34792,0,0,0,0,3250,960,0,2880,1223,0,24494,4695,0,23040,4226,0,17760,4077,0,10562,3102,0,25728,4457,0,8834,2882,0,10211,2785,0,15980,3678,0,8104,2707
2,2025,'110814099',111,  ,KG,0,7937468,478611,0,595000,42564,0,544068,35365,0,258000,14887,0,765000,44846,0,785000,47932,0,425000,24457,0,1122000,63519,0,88000,5323,0,748000,41562,0,683400,39929,0,1274600,78240,0,649400,39987
2,2025,'110814099',118,  ,KG,0,2000,357,0,0,0,0,0,0,0,0,0,0,0,0,0,0,0,0,0,0,0,0,0,0,0,0,0,2000,357,0,0,0,0,0,0,0,0,0
2,2025,'110814099',225,  ,KG,0,2550,2130,0,300,308,0,0,0,0,0,0,0,0,0,0,0,0,0,0,0,0,750,826,0,0,0,0,1500,996,0,0,0,0,0,0,0,0,0
2,2025,'110814099',410,  ,KG,0,12199,6594,0,0,0,0,2419,1320,0,0,0,0,0,0,0,0,0,0,0,0,0,1000,238,0,3772,2089,0,0,0,0,0,0,0,3808,2439,0,1200,508
2,2025,'110819011',113,  ,KG,0,12540000,1355516,0,1157000,119225,0,1350000,137821,0,468000,46086,0,252000,25305,0,1667000,171060,0,1261000,131073,0,990000,108136,0,900000,100761,0,810000,88734,0,798000,88821,0,1311000,151954,0,1576000,186540
2,2025,'110819011',118,  ,KG,0,2448000,220867,0,0,0,0,180000,17225,0,0,0,0,90000,7870,0,504000,43592,0,198000,16941,0,360000,31640,0,234000,20760,0,324000,28811,0,180000,16538,0,198000,19440,0,180000,18050
2,2025,'110819091',213,  ,KG,0,340000,42312,0,51000,6292,0,51000,6079,0,0,0,0,51000,6198,0,0,0,0,102000,12492,0,0,0,0,0,0,0,34000,4367,0,0,0,0,51000,6884,0,0,0
2,2025,'110819092',213,  ,KG,0,346975,44895,0,37475,4788,0,17000,2026,0,0,0,0,0,0,0,37500,4835,0,0,0,0,0,0,0,0,0,0,51000,6584,0,136000,17688,0,68000,8974,0,0,0
2,2025,'110819098',103,  ,KG,0,540,304,0,0,0,0,540,304,0,0,0,0,0,0,0,0,0,0,0,0,0,0,0,0,0,0,0,0,0,0,0,0,0,0,0,0,0,0
2,2025,'110819098',105,  ,KG,0,588750,475256,0,94550,69313,0,41000,9652,0,74125,67009,0,26200,22074,0,0,0,0,12000,11396,0,28500,24196,0,295175,258128,0,0,0,0,4000,1110,0,12000,12042,0,1200,336
2,2025,'110819098',106,  ,KG,0,269,1180,0,0,0,0,0,0,0,0,0,0,0,0,0,0,0,0,67,288,0,0,0,0,81,358,0,0,0,0,0,0,0,121,534,0,0,0
2,2025,'110819098',110,  ,KG,0,45488,8767,0,0,0,0,2400,463,0,0,0,0,7008,1314,0,9680,2014,0,9600,1802,0,8640,1608,0,5760,1128,0,0,0,0,0,0,0,0,0,0,2400,438
2,2025,'110819098',208,  ,KG,0,900,1277,0,0,0,0,0,0,0,0,0,0,100,201,0,0,0,0,0,0,0,0,0,0,400,470,0,0,0,0,0,0,0,400,606,0,0,0
2,2025,'110819098',210,  ,KG,0,40000,5917,0,0,0,0,0,0,0,0,0,0,0,0,0,40000,5917,0,0,0,0,0,0,0,0,0,0,0,0,0,0,0,0,0,0,0,0,0
2,2025,'110819098',213,  ,KG,0,101150,12022,0,0,0,0,0,0,0,101150,12022,0,0,0,0,0,0,0,0,0,0,0,0,0,0,0,0,0,0,0,0,0,0,0,0,0,0,0
2,2025,'110819098',225,  ,KG,0,2075,1862,0,0,0,0,325,433,0,500,401,0,500,408,0,0,0,0,750,620,0,0,0,0,0,0,0,0,0,0,0,0,0,0,0,0,0,0
2,2025,'110820010',305,  ,KG,0,46000,37832,0,0,0,0,10000,9227,0,0,0,0,0,0,0,0,0,0,5000,4317,0,13000,10015,0,0,0,0,8000,6142,0,0,0,0,0,0,0,10000,8131
2,2025,'110820090',105,  ,KG,0,11000,9174,0,0,0,0,0,0,0,6000,5000,0,0,0,0,0,0,0,0,0,0,0,0,0,5000,4174,0,0,0,0,0,0,0,0,0,0,0,0
2,2025,'110820090',207,  ,KG,0,370000,173842,0,170000,78582,0,100000,45877,0,0,0,0,0,0,0,0,0,0,0,0,0,0,0,0,0,0,0,0,0,0,0,0,0,100000,49383,0,0,0
2,2025,'110820090',208,  ,KG,0,1150880,519063,0,126000,54665,0,63000,27812,0,125480,54415,0,42000,18671,0,42000,18849,0,145200,64787,0,61200,30489,0,63000,29235,0,378000,172128,0,105000,48012,0,0,0,0,0,0
2,2025,'110820090',304,  ,KG,0,0,366,0,0,0,0,0,0,0,0,0,0,0,0,0,0,0,0,0,0,0,0,0,0,0,366,0,0,0,0,0,0,0,0,0,0,0,0
2,2025,'110820090',305,  ,KG,0,13113,12948,0,0,0,0,0,0,0,13088,12723,0,0,0,0,0,0,0,0,0,0,0,0,0,0,0,0,0,0,0,25,225,0,0,0,0,0,0
2,2025,'110900000',105,  ,KG,0,600640,138988,0,110020,24034,0,20000,6081,0,52575,10278,0,1250,284,0,63000,13410,0,4675,1128,0,63020,13916,0,91020,20482,0,0,0,0,92040,22382,0,40000,10738,0,63040,16255
2,2025,'110900000',210,  ,KG,0,183375,45113,0,0,0,0,0,0,0,0,0,0,0,0,0,0,0,0,0,0,0,0,0,0,0,0,0,0,0,0,112500,27568,0,23625,5848,0,47250,11697
2,2025,'110900000',213,  ,KG,0,5292737,1319695,0,608500,146696,0,645000,154773,0,236250,58949,0,610000,148356,0,525500,129765,0,471750,118032,0,497500,123104,0,500500,124341,0,264237,70321,0,321250,80695,0,438750,115106,0,173500,49557
2,2025,'110900000',223,  ,KG,0,52750,13078,0,0,0,0,0,0,0,17500,4208,0,0,0,0,18000,4292,0,0,0,0,0,0,0,0,0,0,0,0,0,0,0,0,17250,4578,0,0,0
2,2025,'110900000',237,  ,KG,0,1507500,339043,0,45000,9886,0,67500,16255,0,45000,9852,0,382500,82287,0,180000,38632,0,157500,35646,0,157500,33936,0,0,0,0,157500,35170,0,112500,27757,0,0,0,0,202500,49622
2,2025,'110900000',302,  ,KG,0,1136750,581140,0,72000,40610,0,190760,93632,0,143625,80006,0,137235,66133,0,138000,68505,0,0,0,0,149835,72616,0,90000,47983,0,65835,30883,0,47460,24278,0,42000,22906,0,60000,33588
2,2025,'110900000',601,  ,KG,0,12341825,4702009,0,1171500,542100,0,801000,343212,0,1097975,434712,0,1420500,494124,0,1338000,510925,0,1135500,397974,0,828000,280123,0,858000,318158,0,920925,356366,0,874500,315640,0,730475,274855,0,1165450,433820
2,2025,'11XXXXXXA',213,  ,MT,0,877,102578,0,75,8585,0,76,8163,0,75,8186,0,77,8782,0,48,5516,0,0,0,0,99,11705,0,100,11380,0,26,3456,0,97,11587,0,151,18353,0,53,6865
2,2025,'11XXXXXXB',204,  ,MT,0,445,137403,0,0,0,0,0,0,0,0,0,0,0,0,0,99,29795,0,198,60339,0,0,0,0,99,31528,0,49,15741,0,0,0,0,0,0,0,0,0
2,2025,'11XXXXXXB',207,  ,MT,0,2090,694243,0,126,44120,0,0,0,0,130,40866,0,279,88798,0,284,92080,0,202,65159,0,305,101415,0,265,89794,0,194,65985,0,217,74541,0,22,7587,0,66,23898
2,2025,'11XXXXXXC',203,  ,MT,0,402,103737,0,20,5292,0,60,15457,0,62,16158,0,20,5090,0,40,10146,0,20,4950,0,20,4920,0,20,5082,0,40,10268,0,20,5125,0,40,10379,0,40,10870
2,2025,'11XXXXXXC',225,  ,MT,0,719,179946,0,40,11528,0,20,5787,0,0,0,0,80,18687,0,19,4701,0,120,28413,0,60,14632,0,80,19725,0,60,14867,0,120,30238,0,40,10182,0,80,21186
2,2025,'11XXXXXXC',228,  ,MT,0,309,92677,0,67,20721,0,22,6213,0,22,6153,0,44,13826,0,22,6250,0,22,7009,0,0,0,0,22,7373,0,44,12387,0,22,5914,0,22,6831,0,0,0
2,2025,'120110000',105,  ,MT,0,8,5395,0,1,787,0,0,0,0,0,231,0,0,0,0,0,0,0,0,0,0,0,0,0,0,0,0,0,0,0,0,0,0,0,0,0,7,4377
2,2025,'120190010',105,  ,MT,0,13316,1777744,0,1654,223524,0,884,122418,0,2288,314084,0,1640,224398,0,1712,230563,0,1190,157743,0,590,76238,0,422,50131,0,622,71942,0,643,75850,0,402,50900,0,1269,179953
2,2025,'120190010',122,  ,MT,0,3,644,0,0,0,0,0,0,0,0,0,0,0,0,0,0,0,0,0,0,0,3,644,0,0,0,0,0,0,0,0,0,0,0,0,0,0,0
2,2025,'120190010',210,  ,MT,0,39,5097,0,0,0,0,0,0,0,0,0,0,0,0,0,39,5097,0,0,0,0,0,0,0,0,0,0,0,0,0,0,0,0,0,0,0,0,0
2,2025,'120190010',302,  ,MT,0,360008,43593413,0,16685,2177658,0,22480,2824362,0,21582,2628090,0,31381,3840594,0,39285,4609201,0,35313,4212717,0,38486,4554101,0,29438,3495857,0,33644,4047174,0,36600,4423073,0,31358,3872727,0,23756,2907859
2,2025,'120190010',304,  ,MT,0,2280949,177108601,0,267857,21260685,0,106414,8857457,0,264691,19441108,0,204597,16169450,0,205957,15903257,0,168859,13209039,0,151056,12077675,0,108728,8428991,0,150726,11652423,0,222919,17146349,0,215714,16639010,0,213431,16323157
2,2025,'120190010',410,  ,MT,0,651873,42877784,0,0,0,0,0,0,0,27,3198,0,51607,3432682,0,103016,6633954,0,129202,7940208,0,60269,3897672,0,84294,5518224,0,92649,6178355,0,99376,6889839,0,0,0,0,31433,2383652
2,2025,'120190010',411,  ,MT,0,123,14545,0,100,11860,0,0,0,0,0,0,0,0,0,0,0,0,0,0,0,0,0,0,0,0,0,0,0,0,0,0,0,0,0,0,0,23,2685
2,2025,'120190010',601,  ,MT,0,45,5813,0,0,0,0,0,0,0,0,0,0,0,0,0,0,0,0,0,0,0,0,0,0,0,0,0,0,0,0,4,1077,0,41,4736,0,0,0
2,2025,'120190090',105,  ,MT,0,4527,1090003,0,417,87957,0,425,94832,0,546,139578,0,805,188801,0,420,101673,0,592,149112,0,311,73948,0,153,42528,0,207,56263,0,262,63855,0,115,26529,0,274,64927
2,2025,'120190090',131,  ,MT,0,1,386,0,0,0,0,0,0,0,1,386,0,0,0,0,0,0,0,0,0,0,0,0,0,0,0,0,0,0,0,0,0,0,0,0,0,0,0
2,2025,'120190090',302,  ,MT,0,209,25964,0,0,0,0,0,0,0,0,0,0,105,13260,0,104,12704,0,0,0,0,0,0,0,0,0,0,0,0,0,0,0,0,0,0,0,0,0
2,2025,'120190090',304,  ,MT,0,981,184425,0,0,0,0,320,64825,0,0,0,0,280,48979,0,20,3474,0,140,27889,0,40,7971,0,20,3545,0,20,5525,0,61,9269,0,80,12948,0,0,0
2,2025,'120242091',105,  ,MT,0,10600,3238634,0,1017,315435,0,1160,425785,0,1826,566486,0,644,192205,0,2146,637836,0,1417,429354,0,432,106270,0,281,74230,0,113,30562,0,275,76465,0,498,158513,0,791,225493
2,2025,'120242091',123,  ,MT,0,76,17070,0,0,0,0,0,0,0,17,3921,0,25,5930,0,34,7219,0,0,0,0,0,0,0,0,0,0,0,0,0,0,0,0,0,0,0,0,0
2,2025,'120242091',304,  ,MT,0,11513,3148380,0,306,86509,0,694,194754,0,1882,527614,0,545,145255,0,2050,530409,0,1602,431132,0,1382,383365,0,1330,367590,0,1069,294351,0,384,106437,0,114,34051,0,155,46913
2,2025,'120242091',410,  ,MT,0,1651,420768,0,98,29449,0,192,55971,0,341,94565,0,25,6400,0,124,33200,0,24,5808,0,222,49797,0,49,10945,0,242,58048,0,145,31443,0,43,9659,0,146,35483
2,2025,'120242091',413,  ,MT,0,2540,631675,0,123,35358,0,209,57518,0,141,36033,0,24,5935,0,194,47666,0,818,197656,0,448,110144,0,300,73421,0,48,11917,0,96,22366,0,47,10524,0,92,23137
2,2025,'120242091',551,  ,MT,0,1587,475381,0,129,40758,0,158,48349,0,67,19662,0,0,0,0,18,5372,0,18,5139,0,0,0,0,35,10448,0,284,81426,0,282,85667,0,320,97279,0,276,81281
2,2025,'120242091',601,  ,MT,0,48,18864,0,13,5342,0,0,0,0,0,0,0,0,0,0,0,0,0,0,0,0,0,0,0,0,0,0,0,0,0,35,13522,0,0,0,0,0,0
2,2025,'120242099',105,  ,MT,0,1,885,0,0,0,0,0,0,0,0,0,0,0,291,0,0,0,0,0,0,0,0,0,0,0,0,0,0,0,0,0,0,0,0,0,0,1,594
2,2025,'120242099',106,  ,MT,0,0,314,0,0,0,0,0,0,0,0,0,0,0,0,0,0,314,0,0,0,0,0,0,0,0,0,0,0,0,0,0,0,0,0,0,0,0,0
2,2025,'120242099',110,  ,MT,0,9,2912,0,3,907,0,0,0,0,0,0,0,0,0,0,0,0,0,0,0,0,0,0,0,3,987,0,0,0,0,3,1018,0,0,0,0,0,0
2,2025,'120242099',406,  ,MT,0,0,408,0,0,0,0,0,0,0,0,0,0,0,0,0,0,0,0,0,0,0,0,0,0,0,0,0,0,0,0,0,0,0,0,0,0,0,408
2,2025,'120242099',410,  ,MT,0,25,7117,0,0,0,0,25,7117,0,0,0,0,0,0,0,0,0,0,0,0,0,0,0,0,0,0,0,0,0,0,0,0,0,0,0,0,0,0
2,2025,'120242099',551,  ,MT,0,104,30891,0,0,0,0,17,5059,0,17,4938,0,70,20894,0,0,0,0,0,0,0,0,0,0,0,0,0,0,0,0,0,0,0,0,0,0,0,0
2,2025,'120400000',105,  ,MT,0,20,5663,0,0,0,0,20,5663,0,0,0,0,0,0,0,0,0,0,0,0,0,0,0,0,0,0,0,0,0,0,0,0,0,0,0,0,0,0
2,2025,'120400000',205,  ,MT,0,8,2671,0,2,666,0,2,647,0,0,0,0,0,0,0,0,0,0,0,0,0,2,673,0,0,0,0,0,0,0,2,685,0,0,0,0,0,0
2,2025,'120400000',207,  ,MT,0,1,651,0,0,0,0,0,0,0,0,0,0,0,0,0,0,0,0,0,0,0,0,0,0,1,651,0,0,0,0,0,0,0,0,0,0,0,0
2,2025,'120400000',224,  ,MT,0,43,7772,0,0,0,0,24,4622,0,0,0,0,0,0,0,0,0,0,0,0,0,0,0,0,0,0,0,0,0,0,19,3150,0,0,0,0,0,0
2,2025,'120400000',302,  ,MT,0,3371,347095,0,0,0,0,802,84830,0,849,83512,0,0,0,0,46,7280,0,0,0,0,786,72922,0,26,3834,0,0,0,0,0,0,0,4,604,0,858,94113
2,2025,'120400000',304,  ,MT,0,0,326,0,0,0,0,0,0,0,0,0,0,0,0,0,0,0,0,0,326,0,0,0,0,0,0,0,0,0,0,0,0,0,0,0,0,0,0
2,2025,'120400000',606,  ,MT,0,83,31054,0,10,3755,0,10,3756,0,10,3709,0,0,0,0,0,0,0,30,11182,0,0,0,0,0,0,0,0,0,0,23,8652,0,0,0,0,0,0
2,2025,'120510000',302,  ,MT,0,1722411,138146532,0,93493,7813642,0,189359,15045693,0,135532,10477766,0,155650,11762772,0,217067,16112653,0,114741,8424653,0,164099,13754932,0,130035,11247974,0,108920,9371855,0,80783,6953369,0,140963,11552163,0,191769,15629060
2,2025,'120510000',601,  ,MT,0,428809,36923740,0,1173,123515,0,27296,2134816,0,14199,1170143,0,47344,4111785,0,32234,2401268,0,24086,1908030,0,12364,989640,0,68857,6227843,0,66464,6251621,0,26515,2379740,0,32637,2724540,0,75640,6500799
2,2025,'120590000',103,  ,MT,0,0,4523,0,0,0,0,0,638,0,0,1154,0,0,1211,0,0,590,0,0,0,0,0,232,0,0,698,0,0,0,0,0,0,0,0,0,0,0,0
2,2025,'120590000',105,  ,MT,0,4,5644,0,0,499,0,0,0,0,0,0,0,0,1976,0,0,0,0,0,0,0,0,0,0,4,2483,0,0,0,0,0,686,0,0,0,0,0,0
2,2025,'120590000',106,  ,MT,0,0,6634,0,0,3584,0,0,0,0,0,1373,0,0,0,0,0,0,0,0,0,0,0,1677,0,0,0,0,0,0,0,0,0,0,0,0,0,0,0
2,2025,'120590000',123,  ,MT,0,0,1893,0,0,1401,0,0,0,0,0,0,0,0,0,0,0,0,0,0,0,0,0,0,0,0,0,0,0,0,0,0,492,0,0,0,0,0,0
2,2025,'120590000',132,  ,MT,0,1,4311,0,1,4311,0,0,0,0,0,0,0,0,0,0,0,0,0,0,0,0,0,0,0,0,0,0,0,0,0,0,0,0,0,0,0,0,0
2,2025,'120590000',210,  ,MT,0,0,34456,0,0,0,0,0,0,0,0,2408,0,0,0,0,0,0,0,0,0,0,0,0,0,0,1695,0,0,0,0,0,0,0,0,13090,0,0,17263
2,2025,'120590000',213,  ,MT,0,0,2609,0,0,0,0,0,0,0,0,0,0,0,746,0,0,0,0,0,0,0,0,0,0,0,1863,0,0,0,0,0,0,0,0,0,0,0,0
2,2025,'120590000',218,  ,MT,0,0,8178,0,0,0,0,0,0,0,0,6289,0,0,0,0,0,0,0,0,0,0,0,0,0,0,0,0,0,0,0,0,0,0,0,0,0,0,1889
2,2025,'120590000',220,  ,MT,0,7,41008,0,1,10823,0,0,0,0,0,2108,0,0,0,0,0,0,0,0,0,0,0,2560,0,0,0,0,0,7395,0,6,7286,0,0,10836,0,0,0
2,2025,'120590000',304,  ,MT,0,1,159394,0,0,0,0,0,6790,0,0,50418,0,0,2520,0,0,0,0,0,6772,0,0,1202,0,1,15294,0,0,0,0,0,19745,0,0,0,0,0,56653
2,2025,'120590000',409,  ,MT,0,12,667334,0,0,0,0,0,2827,0,5,146051,0,0,63868,0,1,166367,0,3,152164,0,3,93385,0,0,14175,0,0,0,0,0,6019,0,0,2143,0,0,20335
2,2025,'120590000',601,  ,MT,0,0,18766,0,0,0,0,0,0,0,0,0,0,0,0,0,0,18766,0,0,0,0,0,0,0,0,0,0,0,0,0,0,0,0,0,0,0,0,0
2,2025,'120600000',105,  ,MT,0,130,64926,0,17,14306,0,2,2177,0,31,13878,0,4,2888,0,18,7018,0,3,563,0,4,1687,0,3,579,0,2,1508,0,27,10118,0,3,1764,0,16,8440
2,2025,'120600000',106,  ,MT,0,25,304972,0,0,0,0,0,0,0,8,115030,0,8,94674,0,9,95268,0,0,0,0,0,0,0,0,0,0,0,0,0,0,0,0,0,0,0,0,0
2,2025,'120600000',111,  ,MT,0,0,2045,0,0,0,0,0,0,0,0,0,0,0,2045,0,0,0,0,0,0,0,0,0,0,0,0,0,0,0,0,0,0,0,0,0,0,0,0
2,2025,'120600000',123,  ,MT,0,122,15375,0,13,1787,0,8,1044,0,0,0,0,26,3215,0,12,1633,0,13,1506,0,0,0,0,25,2985,0,0,0,0,13,1590,0,0,0,0,12,1615
2,2025,'120600000',143,  ,MT,0,0,799,0,0,0,0,0,0,0,0,0,0,0,0,0,0,564,0,0,0,0,0,0,0,0,0,0,0,235,0,0,0,0,0,0,0,0,0
2,2025,'120600000',207,  ,MT,0,29,9147,0,0,0,0,4,1323,0,0,0,0,6,1592,0,4,1315,0,0,0,0,3,828,0,6,2139,0,0,0,0,4,1198,0,0,0,0,2,752
2,2025,'120600000',208,  ,MT,0,12,3077,0,0,0,0,0,0,0,0,0,0,0,0,0,0,0,0,0,0,0,0,0,0,0,0,0,0,0,0,0,0,0,12,3077,0,0,0
2,2025,'120600000',210,  ,MT,0,2,7058,0,0,0,0,1,3669,0,0,2572,0,0,0,0,0,0,0,0,0,0,1,572,0,0,0,0,0,0,0,0,245,0,0,0,0,0,0
2,2025,'120600000',213,  ,MT,0,0,1907,0,0,0,0,0,0,0,0,0,0,0,0,0,0,0,0,0,1907,0,0,0,0,0,0,0,0,0,0,0,0,0,0,0,0,0,0
2,2025,'120600000',217,  ,MT,0,0,694,0,0,0,0,0,0,0,0,0,0,0,0,0,0,0,0,0,0,0,0,0,0,0,367,0,0,327,0,0,0,0,0,0,0,0,0
2,2025,'120600000',218,  ,MT,0,0,6105,0,0,0,0,0,0,0,0,0,0,0,0,0,0,0,0,0,0,0,0,0,0,0,6105,0,0,0,0,0,0,0,0,0,0,0,0
2,2025,'120600000',220,  ,MT,0,2,1763,0,0,0,0,0,0,0,0,0,0,0,0,0,0,0,0,0,0,0,0,0,0,0,0,0,0,0,0,0,0,0,2,1763,0,0,0
2,2025,'120600000',223,  ,MT,0,0,963,0,0,0,0,0,0,0,0,0,0,0,0,0,0,0,0,0,0,0,0,0,0,0,0,0,0,0,0,0,0,0,0,0,0,0,963
2,2025,'120600000',225,  ,MT,0,1,1018,0,0,0,0,0,0,0,0,0,0,1,1018,0,0,0,0,0,0,0,0,0,0,0,0,0,0,0,0,0,0,0,0,0,0,0,0
2,2025,'120600000',227,  ,MT,0,69,11868,0,0,0,0,0,0,0,0,0,0,23,3778,0,23,3747,0,0,206,0,0,0,0,0,0,0,0,0,0,0,0,0,23,4137,0,0,0
2,2025,'120600000',228,  ,MT,0,6,13102,0,0,1970,0,0,0,0,0,0,0,5,8520,0,1,2612,0,0,0,0,0,0,0,0,0,0,0,0,0,0,0,0,0,0,0,0,0
2,2025,'120600000',231,  ,MT,0,3,1289,0,0,0,0,0,0,0,0,0,0,3,1289,0,0,0,0,0,0,0,0,0,0,0,0,0,0,0,0,0,0,0,0,0,0,0,0
2,2025,'120600000',232,  ,MT,0,161,64952,0,6,2930,0,0,0,0,25,9450,0,1,659,0,26,5489,0,13,6830,0,12,7144,0,13,7494,0,14,7881,0,40,10505,0,6,3520,0,5,3050
2,2025,'120600000',234,  ,MT,0,0,355,0,0,0,0,0,0,0,0,0,0,0,0,0,0,0,0,0,0,0,0,0,0,0,0,0,0,355,0,0,0,0,0,0,0,0,0
2,2025,'120600000',302,  ,MT,0,351,58188,0,23,3973,0,24,3647,0,47,7344,0,24,3459,0,23,3891,0,23,3911,0,47,7153,0,72,13397,0,68,11413,0,0,0,0,0,0,0,0,0
2,2025,'120600000',304,  ,MT,0,310,1110848,0,0,11873,0,18,10051,0,25,54033,0,0,20538,0,75,724452,0,56,93447,0,36,17074,0,41,50250,0,0,0,0,5,94801,0,18,8118,0,36,26211
2,2025,'120600000',409,  ,MT,0,20,397248,0,11,125687,0,0,52187,0,0,1234,0,0,2964,0,0,0,0,2,17061,0,3,39640,0,0,39179,0,0,34500,0,0,33750,0,0,0,0,4,51046
2,2025,'120600000',413,  ,MT,0,504,73606,0,43,6205,0,21,3049,0,27,5587,0,47,11385,0,42,5823,0,25,2648,0,23,2880,0,0,1303,0,69,8371,0,46,5463,0,23,2993,0,138,17899
2,2025,'120600000',601,  ,MT,0,4,3549,0,0,0,0,0,0,0,0,1693,0,0,234,0,1,254,0,0,344,0,0,0,0,1,265,0,0,0,0,1,232,0,1,527,0,0,0
2,2025,'120729000',110,  ,MT,0,4,2064,0,4,2064,0,0,0,0,0,0,0,0,0,0,0,0,0,0,0,0,0,0,0,0,0,0,0,0,0,0,0,0,0,0,0,0,0
2,2025,'120729000',230,  ,MT,0,5179,299780,0,0,0,0,458,27219,0,72,3974,0,25,1524,0,73,3854,0,0,0,0,543,31009,0,1494,83986,0,1496,87518,0,1018,60463,0,0,0,0,0,233
2,2025,'120729000',304,  ,MT,0,48657,2580537,0,4444,253016,0,7918,426023,0,5289,277183,0,4450,228965,0,4948,251516,0,5486,279295,0,5697,292265,0,2943,155811,0,2653,142935,0,1894,107017,0,1066,62554,0,1869,103957
2,2025,'120729000',410,  ,MT,0,18185,957621,0,4751,251253,0,2754,140550,0,1997,96725,0,501,22974,0,997,46518,0,2050,106075,0,949,48929,0,0,0,0,0,0,0,0,0,0,792,43707,0,3394,200890
2,2025,'120729000',411,  ,MT,0,48,2756,0,0,0,0,0,0,0,0,0,0,0,0,0,0,0,0,0,0,0,0,0,0,0,0,0,0,0,0,24,1370,0,24,1386,0,0,0
2,2025,'120729000',413,  ,MT,0,1106,63273,0,0,0,0,0,0,0,0,0,0,0,0,0,0,0,0,0,0,0,0,0,0,0,0,0,0,0,0,0,0,0,499,29068,0,607,34205
2,2025,'120729000',601,  ,MT,0,22344,1232238,0,1425,87611,0,772,45753,0,472,24800,0,125,6970,0,0,0,0,1218,61547,0,3309,167221,0,3388,181032,0,2448,132913,0,3977,220929,0,2965,170357,0,2245,133105
2,2025,'120740000',105,  ,MT,0,585,226197,0,54,15816,0,78,27503,0,18,4772,0,72,31996,0,14,6754,0,32,11540,0,74,27602,0,56,22858,0,32,11050,0,30,13848,0,92,38614,0,33,13844
2,2025,'120740000',110,  ,MT,0,219,81198,0,0,0,0,36,13804,0,74,26454,0,35,13118,0,0,0,0,0,0,0,36,13612,0,38,14210,0,0,0,0,0,0,0,0,0,0,0,0
2,2025,'120740000',117,  ,MT,0,0,637,0,0,0,0,0,0,0,0,0,0,0,0,0,0,0,0,0,0,0,0,637,0,0,0,0,0,0,0,0,0,0,0,0,0,0,0
2,2025,'120740000',122,  ,MT,0,2675,1063893,0,644,227262,0,258,90273,0,417,151474,0,184,69669,0,54,21489,0,95,37680,0,0,0,0,38,16230,0,54,23443,0,104,46696,0,18,7810,0,809,371867
2,2025,'120740000',123,  ,MT,0,34,16127,0,0,225,0,17,7767,0,0,0,0,0,0,0,0,0,0,17,7818,0,0,0,0,0,317,0,0,0,0,0,0,0,0,0,0,0,0
2,2025,'120740000',124,  ,MT,0,535,137405,0,0,0,0,251,71512,0,91,23586,0,54,13806,0,114,20485,0,0,0,0,0,0,0,25,8016,0,0,0,0,0,0,0,0,0,0,0,0
2,2025,'120740000',127,  ,MT,0,423,92093,0,300,65085,0,0,0,0,0,0,0,19,6171,0,0,0,0,0,0,0,0,0,0,0,237,0,0,0,0,0,0,0,104,20600,0,0,0
2,2025,'120740000',220,  ,MT,0,0,347,0,0,0,0,0,347,0,0,0,0,0,0,0,0,0,0,0,0,0,0,0,0,0,0,0,0,0,0,0,0,0,0,0,0,0,0
2,2025,'120740000',234,  ,MT,0,221,174949,0,57,47938,0,50,26525,0,17,10994,0,50,52194,0,46,36147,0,1,1151,0,0,0,0,0,0,0,0,0,0,0,0,0,0,0,0,0,0
2,2025,'120740000',305,  ,MT,0,539,237421,0,0,0,0,19,10227,0,86,29847,0,18,9558,0,40,17585,0,61,25308,0,20,8894,0,138,61257,0,63,25349,0,0,0,0,19,9788,0,75,39608
2,2025,'120740000',306,  ,MT,0,2963,1023772,0,112,46604,0,0,0,0,0,0,0,964,323333,0,385,125301,0,567,187285,0,343,119739,0,0,0,0,324,113129,0,201,80464,0,67,27917,0,0,0
2,2025,'120740000',310,  ,MT,0,352,91333,0,0,0,0,0,0,0,0,0,0,0,0,0,0,0,0,26,7491,0,0,0,0,0,0,0,0,0,0,92,30071,0,234,53771,0,0,0
2,2025,'120740000',408,  ,MT,0,3331,1206329,0,542,184485,0,162,53878,0,154,56527,0,50,14967,0,0,0,0,0,0,0,0,0,0,112,43365,0,323,115290,0,749,262459,0,370,136671,0,869,338687
2,2025,'120740000',410,  ,MT,0,460,99952,0,0,0,0,0,0,0,0,0,0,0,0,0,0,0,0,0,0,0,0,0,0,76,15533,0,22,4790,0,0,0,0,0,0,0,362,79629
2,2025,'120740000',411,  ,MT,0,7994,2584874,0,206,78729,0,862,305144,0,621,188835,0,76,24578,0,49,16702,0,265,61753,0,643,195066,0,130,39951,0,1154,369796,0,1577,522890,0,1108,369909,0,1303,411521
2,2025,'120740000',413,  ,MT,0,419,111804,0,0,0,0,0,0,0,49,14735,0,0,0,0,0,0,0,0,0,0,0,0,0,0,0,0,0,0,0,0,0,0,106,23374,0,264,73695
2,2025,'120740000',506,  ,MT,0,3257,1187496,0,96,47915,0,251,95930,0,484,180772,0,520,186604,0,416,153298,0,151,52827,0,504,175080,0,67,24468,0,203,71155,0,306,107255,0,55,19410,0,204,72782
2,2025,'120740000',507,  ,MT,0,18,5202,0,0,0,0,0,0,0,18,5202,0,0,0,0,0,0,0,0,0,0,0,0,0,0,0,0,0,0,0,0,0,0,0,0,0,0,0
2,2025,'120740000',510,  ,MT,0,146,37572,0,0,0,0,146,37572,0,0,0,0,0,0,0,0,0,0,0,0,0,0,0,0,0,0,0,0,0,0,0,0,0,0,0,0,0,0
2,2025,'120740000',516,  ,MT,0,315,66421,0,0,0,0,0,0,0,0,0,0,0,0,0,315,66421,0,0,0,0,0,0,0,0,0,0,0,0,0,0,0,0,0,0,0,0,0
2,2025,'120740000',518,  ,MT,0,14309,3372363,0,0,0,0,0,0,0,0,0,0,415,101703,0,921,223645,0,2556,591378,0,1771,431290,0,2232,524700,0,1810,408065,0,1744,419983,0,1685,397914,0,1175,273685
2,2025,'120740000',520,  ,MT,0,2183,458688,0,0,0,0,0,0,0,0,0,0,0,0,0,0,0,0,0,0,0,1025,216096,0,721,151271,0,0,0,0,437,91321,0,0,0,0,0,0
2,2025,'120740000',521,  ,MT,0,26390,5738488,0,303,90658,0,0,0,0,111,28543,0,679,146867,0,1506,337925,0,6147,1326692,0,4135,917805,0,3432,770882,0,2851,604245,0,5251,1093362,0,1306,272096,0,669,149413
2,2025,'120740000',524,  ,MT,0,59135,13288064,0,1142,328450,0,4311,1052660,0,9716,2214293,0,7528,1612017,0,7754,1683366,0,7668,1689818,0,5371,1215646,0,3998,889484,0,3402,759518,0,4250,945207,0,3140,706943,0,855,190662
2,2025,'120740000',525,  ,MT,0,9170,2070284,0,35,9811,0,925,244704,0,239,65511,0,1248,275167,0,1631,351015,0,1251,262728,0,1309,278480,0,645,153916,0,801,176569,0,0,0,0,387,90023,0,699,162360
2,2025,'120740000',538,  ,MT,0,5749,1586345,0,414,130970,0,907,274536,0,227,68833,0,265,68256,0,683,186129,0,719,188559,0,751,195228,0,874,231011,0,455,119967,0,113,33355,0,303,78505,0,38,10996
2,2025,'120740000',540,  ,MT,0,1875,410568,0,507,132259,0,328,71381,0,0,0,0,251,51482,0,107,20206,0,0,0,0,0,0,0,0,0,0,0,0,0,341,65683,0,1,397,0,340,69160
2,2025,'120740000',542,  ,MT,0,189,41064,0,0,0,0,0,0,0,0,0,0,0,0,0,0,0,0,0,0,0,0,0,0,189,41064,0,0,0,0,0,0,0,0,0,0,0,0
2,2025,'120740000',543,  ,MT,0,31905,6862974,0,4449,1088018,0,2498,600203,0,1995,467537,0,248,50224,0,199,44060,0,455,97366,0,0,0,0,0,0,0,3130,644631,0,5481,1099194,0,7529,1543241,0,5921,1228500
2,2025,'120740000',545,  ,MT,0,11092,3005309,0,2804,820132,0,2505,716052,0,2232,623487,0,243,60413,0,1295,275630,0,189,44632,0,0,0,0,0,0,0,273,68021,0,40,9937,0,332,80648,0,1179,306357
2,2025,'120750000',103,  ,MT,0,0,1083,0,0,1083,0,0,0,0,0,0,0,0,0,0,0,0,0,0,0,0,0,0,0,0,0,0,0,0,0,0,0,0,0,0,0,0,0
2,2025,'120750000',123,  ,MT,0,19,8918,0,0,0,0,6,4826,0,0,0,0,2,424,0,2,501,0,4,898,0,2,461,0,0,0,0,0,0,0,3,1808,0,0,0,0,0,0
2,2025,'120750000',125,  ,MT,0,0,256,0,0,0,0,0,0,0,0,256,0,0,0,0,0,0,0,0,0,0,0,0,0,0,0,0,0,0,0,0,0,0,0,0,0,0,0
2,2025,'120750000',127,  ,MT,0,0,523,0,0,0,0,0,0,0,0,0,0,0,0,0,0,0,0,0,0,0,0,0,0,0,244,0,0,0,0,0,0,0,0,279,0,0,0
2,2025,'120750000',220,  ,MT,0,1,2995,0,0,0,0,0,0,0,0,0,0,1,651,0,0,398,0,0,0,0,0,0,0,0,0,0,0,0,0,0,0,0,0,0,0,0,1946
2,2025,'120750000',223,  ,MT,0,40,8679,0,0,0,0,0,0,0,0,0,0,20,4334,0,0,0,0,20,4345,0,0,0,0,0,0,0,0,0,0,0,0,0,0,0,0,0,0
2,2025,'120750000',225,  ,MT,0,2,1901,0,0,0,0,0,0,0,0,0,0,2,1610,0,0,0,0,0,0,0,0,291,0,0,0,0,0,0,0,0,0,0,0,0,0,0,0
2,2025,'120750000',227,  ,MT,0,110,46006,0,0,0,0,0,0,0,100,38048,0,0,0,0,0,0,0,10,7958,0,0,0,0,0,0,0,0,0,0,0,0,0,0,0,0,0,0
2,2025,'120750000',231,  ,MT,0,20,6848,0,0,0,0,0,0,0,0,0,0,0,0,0,20,6848,0,0,0,0,0,0,0,0,0,0,0,0,0,0,0,0,0,0,0,0,0
2,2025,'120750000',245,  ,MT,0,40,15274,0,0,0,0,0,0,0,0,0,0,0,0,0,10,3337,0,30,11937,0,0,0,0,0,0,0,0,0,0,0,0,0,0,0,0,0,0
2,2025,'120750000',302,  ,MT,0,3445,869917,0,258,84474,0,228,69822,0,418,117190,0,138,31675,0,702,172215,0,352,75200,0,215,46475,0,312,71857,0,113,29585,0,249,60518,0,136,31426,0,324,79480
2,2025,'120750000',304,  ,MT,0,78,23788,0,0,0,0,0,0,0,0,0,0,0,0,0,0,1631,0,19,4410,0,19,3982,0,0,0,0,19,3988,0,0,0,0,0,0,0,21,9777
2,2025,'120750000',601,  ,MT,0,182,34532,0,39,7550,0,0,0,0,24,4442,0,23,4256,0,0,0,0,24,4385,0,24,4452,0,0,0,0,0,0,0,24,4692,0,24,4755,0,0,0
2,2025,'120750000',606,  ,MT,0,21,9696,0,0,0,0,18,7996,0,0,0,0,0,0,0,0,0,0,0,0,0,0,0,0,0,0,0,0,0,0,0,0,0,3,1700,0,0,0
2,2025,'120760000',105,  ,MT,0,85,10924,0,0,0,0,0,0,0,17,2014,0,0,0,0,0,0,0,0,0,0,0,0,0,34,4167,0,0,0,0,0,0,0,34,4743,0,0,0
2,2025,'120760000',123,  ,MT,0,243,27142,0,44,4799,0,0,0,0,14,1549,0,71,7035,0,36,3879,0,18,2060,0,0,0,0,36,4537,0,0,0,0,18,2468,0,6,815,0,0,0
2,2025,'120760000',224,  ,MT,0,87,6222,0,0,0,0,0,0,0,17,1217,0,0,0,0,35,2585,0,0,0,0,35,2420,0,0,0,0,0,0,0,0,0,0,0,0,0,0,0
2,2025,'120770000',103,  ,MT,0,0,9789,0,0,0,0,0,0,0,0,0,0,0,0,0,0,0,0,0,0,0,0,5661,0,0,0,0,0,0,0,0,0,0,0,4128,0,0,0
2,2025,'120770000',105,  ,MT,0,0,29424,0,0,7648,0,0,433,0,0,0,0,0,7570,0,0,782,0,0,0,0,0,0,0,0,0,0,0,8979,0,0,4012,0,0,0,0,0,0
2,2025,'120770000',110,  ,MT,0,0,11689,0,0,776,0,0,0,0,0,0,0,0,2650,0,0,0,0,0,0,0,0,0,0,0,0,0,0,3091,0,0,5172,0,0,0,0,0,0
2,2025,'120770000',111,  ,MT,0,1,100619,0,0,1432,0,0,9801,0,1,53566,0,0,0,0,0,0,0,0,5807,0,0,15893,0,0,7574,0,0,982,0,0,925,0,0,3341,0,0,1298
2,2025,'120770000',113,  ,MT,0,0,3074,0,0,0,0,0,0,0,0,339,0,0,0,0,0,0,0,0,265,0,0,0,0,0,323,0,0,0,0,0,2147,0,0,0,0,0,0
2,2025,'120770000',122,  ,MT,0,0,1773,0,0,262,0,0,0,0,0,0,0,0,0,0,0,0,0,0,1117,0,0,0,0,0,0,0,0,394,0,0,0,0,0,0,0,0,0
2,2025,'120770000',123,  ,MT,0,0,8871,0,0,0,0,0,0,0,0,0,0,0,0,0,0,1429,0,0,4896,0,0,662,0,0,0,0,0,0,0,0,0,0,0,0,0,0,1884
2,2025,'120770000',407,  ,MT,0,0,74954,0,0,0,0,0,0,0,0,0,0,0,0,0,0,0,0,0,25371,0,0,11109,0,0,8877,0,0,19957,0,0,9640,0,0,0,0,0,0
2,2025,'120770000',409,  ,MT,0,0,29166,0,0,0,0,0,467,0,0,28367,0,0,0,0,0,0,0,0,332,0,0,0,0,0,0,0,0,0,0,0,0,0,0,0,0,0,0
2,2025,'120791000',234,  ,MT,0,251,165565,0,0,0,0,39,24571,0,0,0,0,41,23156,0,9,5826,0,17,9745,0,17,13378,0,59,37664,0,0,0,0,17,12234,0,17,12635,0,35,26356
2,2025,'120791000',409,  ,MT,0,0,730,0,0,0,0,0,0,0,0,0,0,0,0,0,0,730,0,0,0,0,0,0,0,0,0,0,0,0,0,0,0,0,0,0,0,0,0
2,2025,'120799010',105,  ,MT,0,328,125822,0,85,21963,0,27,14087,0,0,904,0,0,0,0,0,0,0,42,15504,0,10,9333,0,10,9292,0,33,8571,0,34,8604,0,43,18405,0,44,19159
2,2025,'120799010',210,  ,MT,0,101,21033,0,34,7249,0,34,7077,0,33,6707,0,0,0,0,0,0,0,0,0,0,0,0,0,0,0,0,0,0,0,0,0,0,0,0,0,0,0
2,2025,'120799010',220,  ,MT,0,0,453,0,0,0,0,0,0,0,0,0,0,0,0,0,0,0,0,0,0,0,0,453,0,0,0,0,0,0,0,0,0,0,0,0,0,0,0
2,2025,'120799010',232,  ,MT,0,0,684,0,0,0,0,0,0,0,0,0,0,0,0,0,0,0,0,0,0,0,0,684,0,0,0,0,0,0,0,0,0,0,0,0,0,0,0
2,2025,'120799010',237,  ,MT,0,3,4419,0,0,0,0,3,4419,0,0,0,0,0,0,0,0,0,0,0,0,0,0,0,0,0,0,0,0,0,0,0,0,0,0,0,0,0,0
2,2025,'120799010',302,  ,MT,0,18,29552,0,4,5623,0,0,0,0,0,0,0,0,0,0,0,0,0,2,4618,0,3,5315,0,0,0,0,3,8307,0,0,0,0,3,4482,0,3,1207
2,2025,'120799090',103,  ,MT,0,0,1580,0,0,934,0,0,0,0,0,0,0,0,0,0,0,0,0,0,0,0,0,0,0,0,0,0,0,0,0,0,0,0,0,0,0,0,646
2,2025,'120799090',105,  ,MT,0,42,32933,0,9,6246,0,0,0,0,3,1342,0,6,11018,0,10,5669,0,0,268,0,0,0,0,0,0,0,0,0,0,0,0,0,0,0,0,14,8390
2,2025,'120799090',106,  ,MT,0,0,965,0,0,0,0,0,672,0,0,0,0,0,0,0,0,0,0,0,0,0,0,293,0,0,0,0,0,0,0,0,0,0,0,0,0,0,0
2,2025,'120799090',111,  ,MT,0,0,238,0,0,0,0,0,0,0,0,0,0,0,0,0,0,0,0,0,0,0,0,0,0,0,0,0,0,238,0,0,0,0,0,0,0,0,0
2,2025,'120799090',118,  ,MT,0,11,10151,0,0,0,0,0,603,0,0,292,0,3,3047,0,0,0,0,0,0,0,4,2411,0,2,2660,0,0,0,0,0,0,0,0,0,0,2,1138
2,2025,'120799090',123,  ,MT,0,42,8827,0,0,0,0,19,3843,0,4,906,0,0,0,0,0,0,0,0,0,0,0,0,0,0,0,0,0,0,0,0,0,0,19,4078,0,0,0
2,2025,'120799090',127,  ,MT,0,0,588,0,0,0,0,0,0,0,0,0,0,0,0,0,0,0,0,0,0,0,0,0,0,0,0,0,0,588,0,0,0,0,0,0,0,0,0
2,2025,'120799090',218,  ,MT,0,23,10012,0,0,0,0,0,0,0,0,0,0,0,0,0,0,0,0,0,0,0,0,0,0,0,0,0,0,0,0,23,10012,0,0,0,0,0,0
2,2025,'120799090',220,  ,MT,0,0,231,0,0,0,0,0,231,0,0,0,0,0,0,0,0,0,0,0,0,0,0,0,0,0,0,0,0,0,0,0,0,0,0,0,0,0,0
2,2025,'120799090',223,  ,MT,0,2,3389,0,0,0,0,0,0,0,0,0,0,1,1648,0,0,0,0,0,0,0,0,0,0,0,0,0,1,1741,0,0,0,0,0,0,0,0,0
2,2025,'120799090',225,  ,MT,0,0,245,0,0,0,0,0,0,0,0,0,0,0,0,0,0,245,0,0,0,0,0,0,0,0,0,0,0,0,0,0,0,0,0,0,0,0,0
2,2025,'120799090',407,  ,MT,0,7,6973,0,0,0,0,0,0,0,0,0,0,0,0,0,0,0,0,0,0,0,0,0,0,7,6649,0,0,0,0,0,0,0,0,0,0,0,324
2,2025,'120799090',413,  ,MT,0,10,4608,0,0,0,0,10,4608,0,0,0,0,0,0,0,0,0,0,0,0,0,0,0,0,0,0,0,0,0,0,0,0,0,0,0,0,0,0
2,2025,'120799090',546,  ,MT,0,0,1492,0,0,576,0,0,0,0,0,0,0,0,916,0,0,0,0,0,0,0,0,0,0,0,0,0,0,0,0,0,0,0,0,0,0,0,0
2,2025,'120799090',601,  ,MT,0,8,12290,0,0,0,0,0,0,0,0,0,0,2,3927,0,0,0,0,1,1209,0,1,1776,0,0,0,0,1,1775,0,0,0,0,3,3603,0,0,0
2,2025,'120799090',606,  ,MT,0,3,2259,0,0,0,0,0,0,0,0,0,0,0,0,0,3,2259,0,0,0,0,0,0,0,0,0,0,0,0,0,0,0,0,0,0,0,0,0
2,2025,'120799090',619,  ,MT,0,1,1237,0,0,0,0,0,0,0,0,0,0,0,0,0,0,0,0,0,0,0,0,0,0,0,0,0,1,1237,0,0,0,0,0,0,0,0,0
2,2025,'120810000',228,  ,MT,0,135,24556,0,0,0,0,21,3607,0,21,3525,0,0,0,0,0,0,0,16,2896,0,0,0,0,16,3055,0,40,7516,0,0,0,0,21,3957,0,0,0
2,2025,'120810000',304,  ,MT,0,32,11472,0,0,0,0,0,0,0,16,5452,0,0,0,0,0,0,0,0,0,0,0,0,0,8,2963,0,0,0,0,0,0,0,8,3057,0,0,0
2,2025,'120890000',105,  ,MT,0,2,3979,0,0,0,0,0,0,0,0,0,0,1,1279,0,0,0,0,0,0,0,0,0,0,0,0,0,1,1802,0,0,898,0,0,0,0,0,0
2,2025,'120890000',304,  ,MT,0,0,219,0,0,0,0,0,0,0,0,0,0,0,0,0,0,219,0,0,0,0,0,0,0,0,0,0,0,0,0,0,0,0,0,0,0,0,0
2,2025,'120890000',407,  ,MT,0,0,1448,0,0,0,0,0,0,0,0,0,0,0,0,0,0,0,0,0,0,0,0,0,0,0,0,0,0,1448,0,0,0,0,0,0,0,0,0
2,2025,'120910000',103,  ,KG,0,3245,11589,0,0,0,0,200,680,0,0,0,0,200,680,0,300,1020,0,300,1020,0,300,1020,0,300,1020,0,600,2040,0,145,554,0,300,1185,0,600,2370
2,2025,'120910000',210,  ,KG,0,16381,189700,0,0,0,0,0,0,0,0,0,0,0,0,0,0,0,0,0,0,0,28,7888,0,0,0,0,3,903,0,1500,29516,0,0,0,0,14850,151393
2,2025,'120910000',213,  ,KG,0,12632,496928,0,0,0,0,32,17120,0,0,0,0,0,0,0,0,0,0,0,0,0,50,1568,0,50,1600,0,0,0,0,3500,105429,0,4525,185093,0,4475,186118
2,2025,'120910000',220,  ,KG,0,18335,227425,0,0,0,0,0,0,0,0,0,0,0,0,0,0,0,0,0,0,0,0,0,0,0,0,0,0,0,0,0,0,0,0,0,0,18335,227425
2,2025,'120910000',304,  ,KG,0,1071,5647,0,0,0,0,20,895,0,0,0,0,0,0,0,0,0,0,0,0,0,525,1307,0,0,0,0,37,462,0,150,910,0,39,1203,0,300,870
2,2025,'120921000',210,  ,KG,0,7225,5993,0,0,0,0,0,0,0,0,0,0,0,0,0,100,295,0,0,0,0,0,0,0,0,0,0,7125,5698,0,0,0,0,0,0,0,0,0
2,2025,'120921000',220,  ,KG,0,11000,12551,0,0,0,0,0,0,0,10000,11330,0,0,0,0,0,0,0,0,0,0,1000,1221,0,0,0,0,0,0,0,0,0,0,0,0,0,0,0
2,2025,'120921000',601,  ,KG,0,500,579,0,0,0,0,0,0,0,0,0,0,0,0,0,0,0,0,0,0,0,500,579,0,0,0,0,0,0,0,0,0,0,0,0,0,0,0
2,2025,'120922000',203,  ,KG,0,2000,2958,0,0,0,0,0,0,0,0,0,0,0,0,0,0,0,0,0,0,0,0,0,0,0,0,0,2000,2958,0,0,0,0,0,0,0,0,0
2,2025,'120922000',304,  ,KG,0,135447,89889,0,49894,36386,0,23110,15717,0,50280,31192,0,4090,3572,0,0,0,0,0,0,0,90,733,0,0,0,0,0,0,0,0,0,0,7983,2289,0,0,0
2,2025,'120922000',601,  ,KG,0,37920,27344,0,0,0,0,0,0,0,18000,15449,0,0,0,0,19920,11895,0,0,0,0,0,0,0,0,0,0,0,0,0,0,0,0,0,0,0,0,0
2,2025,'120922000',606,  ,KG,0,26550,27422,0,13000,11861,0,0,0,0,0,0,0,0,0,0,0,0,0,0,0,0,0,0,0,0,0,0,5000,5092,0,0,0,0,0,0,0,8550,10469
2,2025,'120923000',203,  ,KG,0,15630,7333,0,0,0,0,15630,7333,0,0,0,0,0,0,0,0,0,0,0,0,0,0,0,0,0,0,0,0,0,0,0,0,0,0,0,0,0,0
2,2025,'120923000',204,  ,KG,0,8380,7043,0,0,0,0,0,0,0,6020,4405,0,0,0,0,0,0,0,0,0,0,0,0,0,2360,2638,0,0,0,0,0,0,0,0,0,0,0,0
2,2025,'120923000',302,  ,KG,0,16782,9155,0,0,0,0,0,0,0,0,0,0,0,0,0,0,0,0,0,0,0,0,0,0,0,0,0,0,0,0,0,0,0,0,0,0,16782,9155
2,2025,'120923000',304,  ,KG,0,176115,102533,0,14513,7037,0,29618,13187,0,20865,9843,0,26464,14586,0,453,211,0,34606,15697,0,0,0,0,6486,3211,0,4535,1728,0,0,0,0,15625,21933,0,22950,15100
2,2025,'120924000',237,  ,KG,0,5000,4408,0,0,0,0,0,0,0,0,0,0,0,0,0,0,0,0,5000,4408,0,0,0,0,0,0,0,0,0,0,0,0,0,0,0,0,0,0
2,2025,'120924000',304,  ,KG,0,134572,107490,0,8980,5772,0,4082,4034,0,13381,12254,0,10363,7904,0,21431,13723,0,5169,3714,0,679,623,0,0,0,0,12451,8997,0,0,0,0,46062,43476,0,11974,6993
2,2025,'120925000',111,  ,KG,0,1410,6307,0,0,0,0,325,1427,0,270,1193,0,350,1492,0,220,960,0,0,0,0,0,0,0,0,0,0,90,437,0,95,477,0,60,321,0,0,0
2,2025,'120925000',204,  ,KG,0,26180,14556,0,0,0,0,18000,9946,0,0,0,0,0,0,0,0,0,0,0,0,0,0,0,0,7180,3857,0,1000,753,0,0,0,0,0,0,0,0,0
2,2025,'120925000',207,  ,KG,0,22720,13168,0,0,0,0,0,0,0,0,0,0,0,0,0,0,0,0,1995,836,0,0,0,0,0,0,0,12700,7498,0,8025,4834,0,0,0,0,0,0
2,2025,'120925000',213,  ,KG,0,6500,2977,0,0,0,0,0,0,0,0,0,0,0,0,0,0,0,0,0,0,0,0,0,0,0,0,0,0,0,0,6500,2977,0,0,0,0,0,0
2,2025,'120925000',223,  ,KG,0,2450,929,0,0,0,0,0,0,0,0,0,0,0,0,0,0,0,0,0,0,0,0,0,0,0,0,0,0,0,0,2450,929,0,0,0,0,0,0
2,2025,'120925000',302,  ,KG,0,94115,43712,0,0,0,0,54655,25564,0,19957,9057,0,0,0,0,0,0,0,13607,5735,0,0,0,0,5896,3356,0,0,0,0,0,0,0,0,0,0,0,0
2,2025,'120925000',304,  ,KG,0,2851803,846812,0,139568,63358,0,207059,49412,0,248727,57189,0,185649,73391,0,642756,188850,0,585418,182890,0,205587,48034,0,136392,35572,0,129725,37549,0,200850,55781,0,61688,23914,0,108384,30872
2,2025,'120925000',606,  ,KG,0,399295,171784,0,0,0,0,3000,1123,0,0,0,0,0,0,0,93290,40592,0,23995,10008,0,71986,32196,0,110451,46693,0,84823,35823,0,8750,4276,0,0,0,0,3000,1073
2,2025,'120929010',203,  ,KG,0,79320,49720,0,0,0,0,0,0,0,0,0,0,0,0,0,0,0,0,0,0,0,69480,43996,0,0,0,0,0,0,0,9840,5724,0,0,0,0,0,0
2,2025,'120929010',213,  ,KG,0,10500,5986,0,0,0,0,0,0,0,0,0,0,0,0,0,0,0,0,10500,5986,0,0,0,0,0,0,0,0,0,0,0,0,0,0,0,0,0,0
2,2025,'120929010',223,  ,KG,0,500,287,0,0,0,0,0,0,0,0,0,0,0,0,0,0,0,0,0,0,0,0,0,0,0,0,0,0,0,0,500,287,0,0,0,0,0,0
2,2025,'120929010',245,  ,KG,0,10500,5955,0,0,0,0,0,0,0,0,0,0,0,0,0,0,0,0,0,0,0,0,0,0,10500,5955,0,0,0,0,0,0,0,0,0,0,0,0
2,2025,'120929010',302,  ,KG,0,54656,31785,0,19957,11808,0,0,0,0,19957,10443,0,0,0,0,0,0,0,0,0,0,0,0,0,0,0,0,14742,9534,0,0,0,0,0,0,0,0,0
2,2025,'120929010',304,  ,KG,0,443608,318625,0,21908,10904,0,76542,42609,0,125326,68592,0,0,0,0,150229,142037,0,51051,28729,0,0,0,0,18552,25754,0,0,0,0,0,0,0,0,0,0,0,0
2,2025,'120929010',606,  ,KG,0,36485,32926,0,0,0,0,0,0,0,0,0,0,0,0,0,0,0,0,0,0,0,0,0,0,18150,16914,0,0,0,0,0,0,0,18335,16012,0,0,0
2,2025,'120929090',105,  ,KG,0,4000,2757,0,0,0,0,0,0,0,0,0,0,0,0,0,0,0,0,0,0,0,0,0,0,4000,2757,0,0,0,0,0,0,0,0,0,0,0,0
2,2025,'120929090',111,  ,KG,0,10000,6331,0,0,0,0,0,0,0,10000,6331,0,0,0,0,0,0,0,0,0,0,0,0,0,0,0,0,0,0,0,0,0,0,0,0,0,0,0
2,2025,'120929090',123,  ,KG,0,94000,39658,0,0,0,0,0,0,0,0,0,0,0,0,0,0,0,0,20000,7835,0,0,0,0,0,0,0,0,0,0,0,0,0,0,0,0,74000,31823
2,2025,'120929090',204,  ,KG,0,83040,63088,0,0,0,0,0,0,0,20895,15843,0,0,0,0,29235,19273,0,0,0,0,30360,26211,0,2550,1761,0,0,0,0,0,0,0,0,0,0,0,0
2,2025,'120929090',210,  ,KG,0,11300,8993,0,0,0,0,0,0,0,0,0,0,400,506,0,0,0,0,0,0,0,10900,8487,0,0,0,0,0,0,0,0,0,0,0,0,0,0,0
2,2025,'120929090',213,  ,KG,0,3500,9133,0,0,0,0,0,0,0,3500,9133,0,0,0,0,0,0,0,0,0,0,0,0,0,0,0,0,0,0,0,0,0,0,0,0,0,0,0
2,2025,'120929090',223,  ,KG,0,996,455,0,0,0,0,0,0,0,0,0,0,0,0,0,0,0,0,0,0,0,0,0,0,0,0,0,0,0,0,996,455,0,0,0,0,0,0
2,2025,'120929090',235,  ,KG,0,1920,1824,0,0,0,0,0,0,0,0,0,0,0,0,0,1920,1824,0,0,0,0,0,0,0,0,0,0,0,0,0,0,0,0,0,0,0,0,0
2,2025,'120929090',304,  ,KG,0,402775,260547,0,253990,123198,0,34500,22879,0,37543,13103,0,17279,18493,0,11910,10628,0,41387,58144,0,2902,10158,0,997,863,0,2267,3081,0,0,0,0,0,0,0,0,0
2,2025,'120929090',601,  ,KG,0,453719,216716,0,158000,126617,0,29575,13719,0,46898,29975,0,42000,4293,0,41500,8012,0,20000,5914,0,0,0,0,21500,2316,0,46500,10464,0,21500,2380,0,21000,2025,0,5246,11001
2,2025,'120929090',606,  ,KG,0,25000,15478,0,0,0,0,0,0,0,0,0,0,0,0,0,0,0,0,25000,15478,0,0,0,0,0,0,0,0,0,0,0,0,0,0,0,0,0,0
2,2025,'120930000',105,  ,KG,0,92210,808683,0,901,121394,0,5471,30504,0,846,94697,0,1335,13681,0,474,22940,0,101,61580,0,19,19811,0,60360,83271,0,864,313899,0,1337,15689,0,20131,16298,0,371,14919
2,2025,'120930000',106,  ,KG,0,647,13720,0,0,0,0,0,252,0,19,274,0,0,0,0,0,627,0,443,10411,0,185,1567,0,0,0,0,0,589,0,0,0,0,0,0,0,0,0
2,2025,'120930000',110,  ,KG,0,582,81129,0,0,0,0,0,0,0,0,0,0,0,0,0,0,0,0,10,9691,0,0,0,0,0,0,0,2,7048,0,0,0,0,20,63785,0,550,605
2,2025,'120930000',111,  ,KG,0,6281,228530,0,6,2262,0,0,1924,0,0,1455,0,50,3674,0,1168,151722,0,4648,42458,0,1,2334,0,89,6791,0,285,5156,0,0,0,0,20,1443,0,14,9311
2,2025,'120930000',113,  ,KG,0,102,1466,0,0,0,0,0,0,0,0,0,0,0,0,0,37,541,0,0,0,0,0,0,0,0,0,0,0,0,0,0,0,0,0,0,0,65,925
2,2025,'120930000',118,  ,KG,0,11,22113,0,3,4208,0,0,1305,0,1,1726,0,0,227,0,0,536,0,2,3882,0,4,2626,0,0,1666,0,0,0,0,0,2778,0,1,2244,0,0,915
2,2025,'120930000',122,  ,KG,0,0,432,0,0,0,0,0,0,0,0,432,0,0,0,0,0,0,0,0,0,0,0,0,0,0,0,0,0,0,0,0,0,0,0,0,0,0,0
2,2025,'120930000',123,  ,KG,0,4321,28375,0,0,419,0,45,6650,0,1,2174,0,1,822,0,590,2978,0,2220,4650,0,0,0,0,798,3218,0,63,2476,0,20,369,0,130,1405,0,453,3214
2,2025,'120930000',125,  ,KG,0,295,74730,0,0,739,0,16,6253,0,52,2340,0,17,4175,0,0,0,0,2,6646,0,5,8188,0,5,4517,0,32,3830,0,35,5455,0,40,11352,0,91,21235
2,2025,'120930000',143,  ,KG,0,0,2335,0,0,0,0,0,0,0,0,0,0,0,0,0,0,2335,0,0,0,0,0,0,0,0,0,0,0,0,0,0,0,0,0,0,0,0,0
2,2025,'120930000',204,  ,KG,0,5,15310,0,0,0,0,3,8256,0,0,203,0,0,0,0,0,0,0,0,206,0,0,0,0,0,0,0,2,6342,0,0,0,0,0,0,0,0,303
2,2025,'120930000',205,  ,KG,0,0,368,0,0,0,0,0,0,0,0,368,0,0,0,0,0,0,0,0,0,0,0,0,0,0,0,0,0,0,0,0,0,0,0,0,0,0,0
2,2025,'120930000',207,  ,KG,0,1534,308590,0,16,67415,0,7,6912,0,274,19461,0,279,22876,0,14,13548,0,138,16634,0,16,7296,0,302,7930,0,21,76584,0,378,39000,0,52,12133,0,37,18801
2,2025,'120930000',210,  ,KG,0,1381,88956,0,84,23487,0,0,4911,0,70,2446,0,214,1188,0,50,926,0,65,693,0,3,1282,0,440,2088,0,7,7489,0,45,12972,0,0,3156,0,403,28318
2,2025,'120930000',213,  ,KG,0,117,154875,0,8,13914,0,17,19873,0,2,11461,0,5,14696,0,2,12359,0,46,24429,0,3,11500,0,13,13890,0,7,6161,0,4,7852,0,4,9447,0,6,9293
2,2025,'120930000',217,  ,KG,0,74,1006,0,0,0,0,0,0,0,0,0,0,0,0,0,56,397,0,0,0,0,0,0,0,0,0,0,18,609,0,0,0,0,0,0,0,0,0
2,2025,'120930000',220,  ,KG,0,102,9668,0,0,0,0,98,612,0,0,849,0,0,1502,0,4,592,0,0,694,0,0,0,0,0,0,0,0,0,0,0,0,0,0,455,0,0,4964
2,2025,'120930000',221,  ,KG,0,25,1007,0,0,0,0,15,623,0,0,0,0,0,0,0,10,384,0,0,0,0,0,0,0,0,0,0,0,0,0,0,0,0,0,0,0,0,0
2,2025,'120930000',223,  ,KG,0,375,4550,0,133,828,0,0,0,0,0,0,0,0,0,0,209,3030,0,0,0,0,33,692,0,0,0,0,0,0,0,0,0,0,0,0,0,0,0
2,2025,'120930000',225,  ,KG,0,1,204,0,0,0,0,0,0,0,0,0,0,0,0,0,1,204,0,0,0,0,0,0,0,0,0,0,0,0,0,0,0,0,0,0,0,0,0
2,2025,'120930000',234,  ,KG,0,911,303691,0,2,5196,0,7,21349,0,1,3706,0,0,704,0,4,4693,0,2,2104,0,24,10902,0,46,31534,0,202,129790,0,546,78845,0,77,14868,0,0,0
2,2025,'120930000',245,  ,KG,0,0,642,0,0,0,0,0,258,0,0,0,0,0,0,0,0,0,0,0,0,0,0,0,0,0,384,0,0,0,0,0,0,0,0,0,0,0,0
2,2025,'120930000',304,  ,KG,0,747,49159,0,60,4154,0,81,2156,0,141,3392,0,2,219,0,139,31306,0,21,1470,0,3,982,0,37,1116,0,47,1158,0,42,1303,0,43,869,0,131,1034
2,2025,'120930000',305,  ,KG,0,76,17207,0,15,807,0,3,2801,0,1,1801,0,0,793,0,2,1380,0,7,2931,0,10,201,0,8,4740,0,7,307,0,9,404,0,14,740,0,0,302
2,2025,'120930000',306,  ,KG,0,289,309893,0,31,35105,0,46,44560,0,41,31633,0,40,28536,0,4,8502,0,60,44421,0,2,7428,0,19,42137,0,9,19631,0,1,12486,0,22,30948,0,14,4506
2,2025,'120930000',311,  ,KG,0,175,167270,0,1,4738,0,3,15334,0,11,25632,0,0,1341,0,7,15055,0,3,16707,0,29,10854,0,5,10091,0,24,21601,0,43,19057,0,4,4634,0,45,22226
2,2025,'120930000',401,  ,KG,0,37,9585,0,0,0,0,0,0,0,0,0,0,0,0,0,0,0,0,0,0,0,0,0,0,37,9585,0,0,0,0,0,0,0,0,0,0,0,0
2,2025,'120930000',407,  ,KG,0,10,577,0,0,0,0,10,577,0,0,0,0,0,0,0,0,0,0,0,0,0,0,0,0,0,0,0,0,0,0,0,0,0,0,0,0,0,0
2,2025,'120930000',409,  ,KG,0,1673,690196,0,7,8839,0,51,49373,0,487,74709,0,561,163512,0,207,36508,0,168,147487,0,46,34470,0,49,14621,0,51,23948,0,29,84350,0,4,3664,0,13,48715
2,2025,'120930000',410,  ,KG,0,67,1259,0,16,309,0,8,493,0,0,0,0,0,0,0,0,0,0,0,0,0,43,457,0,0,0,0,0,0,0,0,0,0,0,0,0,0,0
2,2025,'120930000',526,  ,KG,0,6,2281,0,0,0,0,0,0,0,0,0,0,0,0,0,4,1424,0,0,0,0,0,0,0,0,0,0,0,0,0,2,857,0,0,0,0,0,0
2,2025,'120930000',541,  ,KG,0,7,24119,0,0,811,0,0,2221,0,0,1409,0,0,292,0,3,1747,0,0,1242,0,1,1725,0,0,3022,0,1,1077,0,0,476,0,0,3899,0,2,6198
2,2025,'120930000',543,  ,KG,0,8406,17033,0,80,236,0,145,506,0,2115,3065,0,191,868,0,520,3910,0,0,0,0,0,0,0,150,505,0,0,0,0,180,593,0,0,0,0,5025,7350
2,2025,'120930000',546,  ,KG,0,4,1032,0,0,0,0,0,0,0,0,236,0,0,217,0,0,0,0,3,243,0,1,336,0,0,0,0,0,0,0,0,0,0,0,0,0,0,0
2,2025,'120930000',550,  ,KG,0,0,640,0,0,0,0,0,0,0,0,0,0,0,0,0,0,0,0,0,220,0,0,215,0,0,0,0,0,0,0,0,0,0,0,0,0,0,205
2,2025,'120930000',551,  ,KG,0,79,5643,0,0,0,0,0,0,0,26,628,0,12,1622,0,22,334,0,0,0,0,0,0,0,0,0,0,0,0,0,12,957,0,5,1868,0,2,234
2,2025,'120930000',554,  ,KG,0,10,1290,0,0,0,0,0,0,0,0,0,0,0,0,0,0,0,0,0,0,0,0,0,0,0,0,0,0,0,0,10,1290,0,0,0,0,0,0
2,2025,'120930000',601,  ,KG,0,73,5587,0,0,355,0,0,493,0,0,0,0,6,379,0,2,399,0,0,0,0,0,212,0,0,0,0,0,383,0,45,2349,0,20,1017,0,0,0
2,2025,'120930000',606,  ,KG,0,0,874,0,0,0,0,0,433,0,0,0,0,0,0,0,0,0,0,0,0,0,0,441,0,0,0,0,0,0,0,0,0,0,0,0,0,0,0
2,2025,'120991010',103,  ,KG,0,13484,232511,0,150,2900,0,1206,36808,0,430,6730,0,122,2972,0,0,0,0,0,0,0,1001,20918,0,6818,102763,0,280,8383,0,1695,9573,0,592,9076,0,1190,32388
2,2025,'120991010',105,  ,KG,0,6440,65205,0,1991,19385,0,716,5643,0,13,306,0,994,8221,0,94,316,0,0,0,0,91,909,0,609,9443,0,130,1569,0,0,0,0,598,6293,0,1204,13120
2,2025,'120991010',123,  ,KG,0,620,1228,0,0,0,0,620,1228,0,0,0,0,0,0,0,0,0,0,0,0,0,0,0,0,0,0,0,0,0,0,0,0,0,0,0,0,0,0
2,2025,'120991010',204,  ,KG,0,954,7179,0,0,0,0,0,0,0,0,0,0,0,0,0,0,0,0,0,0,0,930,1034,0,0,0,0,24,6145,0,0,0,0,0,0,0,0,0
2,2025,'120991010',210,  ,KG,0,71,16995,0,0,0,0,0,0,0,0,0,0,0,0,0,0,0,0,0,0,0,71,16995,0,0,0,0,0,0,0,0,0,0,0,0,0,0,0
2,2025,'120991010',220,  ,KG,0,260835,218712,0,11000,11302,0,1138,1613,0,1146,1033,0,15525,22636,0,546,2722,0,87594,57117,0,31430,13548,0,43894,23827,0,67000,31993,0,405,42616,0,1125,6413,0,32,3892
2,2025,'120991010',223,  ,KG,0,130,333,0,0,0,0,0,0,0,0,0,0,0,0,0,0,0,0,0,0,0,0,0,0,0,0,0,130,333,0,0,0,0,0,0,0,0,0
2,2025,'120991010',227,  ,KG,0,6000,4677,0,0,0,0,0,0,0,0,0,0,0,0,0,0,0,0,6000,4677,0,0,0,0,0,0,0,0,0,0,0,0,0,0,0,0,0,0
2,2025,'120991010',304,  ,KG,0,334074,262791,0,788,6737,0,21086,24235,0,0,0,0,0,0,0,155040,118634,0,0,0,0,67500,33447,0,0,0,0,17907,30098,0,26329,24271,0,25000,13085,0,20424,12284
2,2025,'120991010',409,  ,KG,0,24,1984,0,0,0,0,0,0,0,0,0,0,0,0,0,0,0,0,0,0,0,0,0,0,0,0,0,24,1984,0,0,0,0,0,0,0,0,0
2,2025,'120991010',411,  ,KG,0,18525,3173,0,0,0,0,0,0,0,0,0,0,0,0,0,0,0,0,0,0,0,0,0,0,0,0,0,0,0,0,18525,3173,0,0,0,0,0,0
2,2025,'120991010',601,  ,KG,0,7719,15692,0,0,0,0,0,0,0,0,0,0,0,0,0,0,0,0,0,0,0,0,0,0,7719,15692,0,0,0,0,0,0,0,0,0,0,0,0
2,2025,'120991010',606,  ,KG,0,257748,318996,0,0,0,0,16600,12417,0,22271,9266,0,88,322,0,29345,12226,0,4225,33320,0,58432,90578,0,62332,116774,0,20195,21094,0,5595,7617,0,19415,8221,0,19250,7161
2,2025,'120991090',103,  ,KG,0,11178,159604,0,12,3593,0,0,0,0,780,16617,0,0,332,0,826,1398,0,0,0,0,5907,60857,0,885,19241,0,316,9515,0,958,15333,0,81,7982,0,1413,24736
2,2025,'120991090',105,  ,KG,0,343733,2125438,0,69582,355797,0,32193,192986,0,7146,73276,0,53341,266480,0,18470,160224,0,31649,146807,0,26693,148207,0,28988,214708,0,10335,72914,0,15047,98630,0,17753,127054,0,32536,268355
2,2025,'120991090',106,  ,KG,0,20795,222766,0,589,5453,0,50,449,0,2326,37913,0,2448,28604,0,1651,4550,0,200,1547,0,5935,67426,0,50,290,0,2822,35787,0,186,2538,0,4493,37348,0,45,861
2,2025,'120991090',110,  ,KG,0,7728,127686,0,862,7782,0,674,1264,0,115,30906,0,1069,10976,0,1000,1184,0,21,7697,0,1028,9054,0,1064,21185,0,1815,8796,0,0,2312,0,2,4948,0,78,21582
2,2025,'120991090',111,  ,KG,0,45515,714704,0,94,18968,0,540,65200,0,2448,54566,0,9203,56068,0,554,19368,0,6206,89766,0,1951,29074,0,4213,73242,0,5104,79451,0,10915,146629,0,4227,71234,0,60,11138
2,2025,'120991090',117,  ,KG,0,3819,6450,0,8,807,0,0,0,0,0,0,0,11,1410,0,0,0,0,0,0,0,3200,2568,0,0,0,0,0,0,0,600,1665,0,0,0,0,0,0
2,2025,'120991090',118,  ,KG,0,228,16554,0,39,390,0,0,0,0,2,1985,0,0,0,0,0,0,0,0,0,0,0,0,0,0,0,0,0,0,0,0,0,0,4,8413,0,183,5766
2,2025,'120991090',122,  ,KG,0,983,65097,0,43,24051,0,106,3836,0,0,0,0,0,3671,0,0,0,0,620,8002,0,85,6261,0,0,0,0,64,13406,0,42,415,0,23,4189,0,0,1266
2,2025,'120991090',123,  ,KG,0,47043,467705,0,3001,35678,0,1772,18151,0,7509,65956,0,356,4344,0,7391,48454,0,913,31904,0,8221,64849,0,4955,42446,0,4305,38162,0,91,4206,0,3959,53135,0,4570,60420
2,2025,'120991090',131,  ,KG,0,500,220,0,0,0,0,0,0,0,0,0,0,0,0,0,0,0,0,0,0,0,500,220,0,0,0,0,0,0,0,0,0,0,0,0,0,0,0
2,2025,'120991090',143,  ,KG,0,4,2970,0,0,0,0,0,1102,0,0,0,0,0,0,0,0,1528,0,0,0,0,0,0,0,0,0,0,0,0,0,0,0,0,4,340,0,0,0
2,2025,'120991090',150,  ,KG,0,0,565,0,0,0,0,0,0,0,0,0,0,0,0,0,0,565,0,0,0,0,0,0,0,0,0,0,0,0,0,0,0,0,0,0,0,0,0
2,2025,'120991090',154,  ,KG,0,997,9205,0,0,0,0,0,0,0,221,2192,0,636,4961,0,0,0,0,0,0,0,0,0,0,0,0,0,0,0,0,0,0,0,140,2052,0,0,0
2,2025,'120991090',204,  ,KG,0,639292,903496,0,45988,67462,0,152341,246374,0,63046,96307,0,26318,35016,0,48304,59709,0,101111,129752,0,67286,88458,0,0,0,0,85674,119035,0,43033,44899,0,4824,13658,0,1367,2826
2,2025,'120991090',205,  ,KG,0,23,2480,0,0,0,0,0,0,0,0,0,0,0,331,0,0,0,0,1,831,0,0,0,0,10,600,0,12,718,0,0,0,0,0,0,0,0,0
2,2025,'120991090',207,  ,KG,0,11069,545263,0,2325,49327,0,2511,44507,0,799,52254,0,907,109302,0,438,39925,0,512,41958,0,140,27661,0,251,31109,0,383,31076,0,1835,44004,0,340,32696,0,628,41444
2,2025,'120991090',208,  ,KG,0,9,7514,0,6,5116,0,0,0,0,0,0,0,0,0,0,0,0,0,3,2398,0,0,0,0,0,0,0,0,0,0,0,0,0,0,0,0,0,0
2,2025,'120991090',210,  ,KG,0,23708,521141,0,328,18264,0,572,13651,0,3596,21839,0,1668,124945,0,391,21068,0,4109,26964,0,696,60781,0,457,4710,0,5721,24712,0,463,26338,0,28,7383,0,5679,170486
2,2025,'120991090',213,  ,KG,0,1202,5047,0,0,0,0,0,0,0,13,440,0,0,0,0,640,2499,0,171,629,0,256,1011,0,0,0,0,0,0,0,122,468,0,0,0,0,0,0
2,2025,'120991090',217,  ,KG,0,79,4506,0,0,0,0,0,0,0,0,0,0,0,0,0,67,2286,0,0,0,0,0,0,0,0,0,0,12,2220,0,0,0,0,0,0,0,0,0
2,2025,'120991090',218,  ,KG,0,828,37145,0,59,2819,0,6,269,0,0,0,0,6,253,0,188,3511,0,307,16661,0,0,0,0,0,0,0,0,0,0,262,13632,0,0,0,0,0,0
2,2025,'120991090',220,  ,KG,0,315681,1959378,0,30362,232865,0,18199,198616,0,56297,105850,0,32292,199933,0,10072,73845,0,62827,180440,0,13079,63338,0,23178,112132,0,13349,115348,0,37056,387996,0,2447,16917,0,16523,272098
2,2025,'120991090',223,  ,KG,0,51,495,0,11,231,0,0,0,0,0,0,0,0,0,0,0,0,0,0,0,0,0,0,0,40,264,0,0,0,0,0,0,0,0,0,0,0,0
2,2025,'120991090',225,  ,KG,0,3,506,0,0,0,0,3,506,0,0,0,0,0,0,0,0,0,0,0,0,0,0,0,0,0,0,0,0,0,0,0,0,0,0,0,0,0,0
2,2025,'120991090',234,  ,KG,0,457,31076,0,0,0,0,0,0,0,166,9249,0,0,0,0,0,0,0,0,0,0,0,0,0,0,0,0,224,15423,0,4,2172,0,63,4232,0,0,0
2,2025,'120991090',240,  ,KG,0,2,916,0,0,0,0,0,0,0,0,0,0,1,517,0,0,0,0,0,0,0,0,0,0,0,0,0,0,0,0,0,0,0,0,0,0,1,399
2,2025,'120991090',302,  ,KG,0,0,371,0,0,0,0,0,0,0,0,0,0,0,371,0,0,0,0,0,0,0,0,0,0,0,0,0,0,0,0,0,0,0,0,0,0,0,0
2,2025,'120991090',304,  ,KG,0,640647,2283031,0,68448,161667,0,105356,252228,0,124072,573828,0,77150,139169,0,97056,428183,0,81963,184555,0,19291,35157,0,3329,51657,0,6896,107610,0,46380,239651,0,475,13096,0,10231,96230
2,2025,'120991090',305,  ,KG,0,3,57449,0,0,3820,0,0,2879,0,0,1158,0,0,10361,0,0,5993,0,0,0,0,0,0,0,0,2135,0,3,1110,0,0,20196,0,0,7597,0,0,2200
2,2025,'120991090',306,  ,KG,0,11,187977,0,0,0,0,0,54695,0,0,26275,0,0,28198,0,7,26111,0,0,976,0,0,13319,0,0,6568,0,0,275,0,4,6995,0,0,0,0,0,24565
2,2025,'120991090',311,  ,KG,0,0,3074,0,0,1150,0,0,0,0,0,0,0,0,0,0,0,0,0,0,0,0,0,1193,0,0,0,0,0,0,0,0,0,0,0,0,0,0,731
2,2025,'120991090',407,  ,KG,0,4484,954921,0,766,18490,0,117,47050,0,33,16713,0,649,244714,0,175,55164,0,343,20960,0,349,35642,0,66,7321,0,309,42842,0,1042,110203,0,594,337972,0,41,17850
2,2025,'120991090',409,  ,KG,0,626781,9165935,0,18391,308527,0,26037,510779,0,91613,982323,0,67322,965628,0,91538,1006326,0,39563,562160,0,110961,1376770,0,53695,1034217,0,36568,739588,0,43971,707308,0,36316,772057,0,10806,200252
2,2025,'120991090',410,  ,KG,0,3773,113744,0,673,23079,0,0,0,0,30,2861,0,549,20093,0,38,15050,0,13,5083,0,2333,22081,0,0,0,0,115,13678,0,22,11819,0,0,0,0,0,0
2,2025,'120991090',413,  ,KG,0,19868,171083,0,0,0,0,0,0,0,187,11139,0,1651,13665,0,0,0,0,17930,140864,0,0,0,0,0,0,0,0,0,0,100,5415,0,0,0,0,0,0
2,2025,'120991090',501,  ,KG,0,668,23084,0,0,0,0,0,0,0,0,0,0,0,0,0,0,0,0,0,0,0,668,23084,0,0,0,0,0,0,0,0,0,0,0,0,0,0,0
2,2025,'120991090',506,  ,KG,0,800,2064,0,0,0,0,0,0,0,0,0,0,500,1106,0,0,0,0,0,0,0,300,958,0,0,0,0,0,0,0,0,0,0,0,0,0,0,0
2,2025,'120991090',538,  ,KG,0,32,8024,0,0,0,0,0,0,0,0,0,0,0,0,0,0,0,0,32,8024,0,0,0,0,0,0,0,0,0,0,0,0,0,0,0,0,0,0
2,2025,'120991090',541,  ,KG,0,4,47742,0,0,0,0,1,6085,0,0,0,0,0,5319,0,0,0,0,0,4578,0,0,0,0,0,6804,0,0,0,0,0,0,0,3,24956,0,0,0
2,2025,'120991090',551,  ,KG,0,254412,3830119,0,23386,779963,0,11612,187078,0,18455,83178,0,1955,24053,0,10812,176175,0,51795,732950,0,10265,106680,0,41059,552059,0,24112,256947,0,18855,137170,0,33944,450045,0,8162,343821
2,2025,'120991090',554,  ,KG,0,80,3877,0,0,0,0,0,0,0,80,3877,0,0,0,0,0,0,0,0,0,0,0,0,0,0,0,0,0,0,0,0,0,0,0,0,0,0,0
2,2025,'120991090',601,  ,KG,0,82704,572495,0,76,5401,0,151,7476,0,8197,92853,0,8756,109132,0,13470,92220,0,1200,11380,0,1548,20785,0,6086,94154,0,24876,37511,0,61,3835,0,15910,69515,0,2373,28233
2,2025,'120991090',606,  ,KG,0,94184,588147,0,11060,21487,0,0,0,0,369,16195,0,15650,245636,0,11950,173574,0,36399,92851,0,8396,14834,0,9881,19525,0,0,0,0,479,4045,0,0,0,0,0,0
2,2025,'120999000',103,  ,KG,0,1015,21047,0,1000,11789,0,5,3110,0,0,0,0,0,0,0,0,0,0,0,0,0,0,0,0,0,0,0,0,0,0,0,0,0,10,6148,0,0,0
2,2025,'120999000',105,  ,KG,0,204397,448284,0,6469,98145,0,150,1188,0,4110,10734,0,5971,16370,0,19090,31869,0,10386,12933,0,6119,157779,0,85067,66652,0,60000,25875,0,47,2152,0,6053,14942,0,935,9645
2,2025,'120999000',106,  ,KG,0,20841,14085,0,20595,10025,0,0,0,0,0,0,0,0,0,0,3,2355,0,0,0,0,181,1263,0,0,0,0,62,442,0,0,0,0,0,0,0,0,0
2,2025,'120999000',110,  ,KG,0,225,16544,0,3,1250,0,0,0,0,0,0,0,0,0,0,0,2314,0,213,4945,0,0,0,0,0,0,0,0,5050,0,9,2985,0,0,0,0,0,0
2,2025,'120999000',111,  ,KG,0,39672,403181,0,679,17619,0,2950,84945,0,479,15288,0,505,12606,0,0,0,0,2153,54338,0,3383,88815,0,1646,46815,0,21,783,0,25018,8596,0,1255,27810,0,1583,45566
2,2025,'120999000',112,  ,KG,0,2,468,0,0,0,0,0,0,0,0,0,0,0,0,0,0,0,0,0,0,0,0,0,0,0,0,0,0,0,0,0,0,0,1,234,0,1,234
2,2025,'120999000',117,  ,KG,0,7667,5819,0,0,0,0,0,0,0,4770,3652,0,0,0,0,0,0,0,0,0,0,2897,2167,0,0,0,0,0,0,0,0,0,0,0,0,0,0,0
2,2025,'120999000',122,  ,KG,0,148,11208,0,0,0,0,0,0,0,0,0,0,0,0,0,0,0,0,0,0,0,0,0,0,148,11208,0,0,0,0,0,0,0,0,0,0,0,0
2,2025,'120999000',123,  ,KG,0,18252,32711,0,8000,5650,0,780,1320,0,4550,2898,0,676,1844,0,1199,4532,0,0,0,0,0,0,0,8,266,0,411,13122,0,10,709,0,0,0,0,2618,2370
2,2025,'120999000',131,  ,KG,0,3640,14530,0,1640,5186,0,0,0,0,0,0,0,0,0,0,0,0,0,0,0,0,0,0,0,0,0,0,0,0,0,0,0,0,0,0,0,2000,9344
2,2025,'120999000',143,  ,KG,0,18,1365,0,0,0,0,0,0,0,0,0,0,0,0,0,0,0,0,0,0,0,0,0,0,7,881,0,5,232,0,0,0,0,6,252,0,0,0
2,2025,'120999000',207,  ,KG,0,77,16952,0,0,0,0,55,4907,0,0,0,0,15,255,0,4,3699,0,0,0,0,0,0,0,0,6940,0,0,0,0,0,0,0,0,0,0,3,1151
2,2025,'120999000',210,  ,KG,0,8,846,0,5,633,0,0,0,0,3,213,0,0,0,0,0,0,0,0,0,0,0,0,0,0,0,0,0,0,0,0,0,0,0,0,0,0,0
2,2025,'120999000',213,  ,KG,0,11200,7039,0,0,0,0,0,0,0,0,0,0,0,0,0,0,0,0,200,690,0,10000,5344,0,1000,1005,0,0,0,0,0,0,0,0,0,0,0,0
2,2025,'120999000',218,  ,KG,0,920,4604,0,0,0,0,0,0,0,0,0,0,0,0,0,0,0,0,920,4604,0,0,0,0,0,0,0,0,0,0,0,0,0,0,0,0,0,0
2,2025,'120999000',220,  ,KG,0,2930,15370,0,375,2455,0,1610,6969,0,217,1044,0,0,0,0,83,1663,0,0,0,0,0,0,0,0,0,0,615,2319,0,0,0,0,20,591,0,10,329
2,2025,'120999000',223,  ,KG,0,41,1479,0,0,0,0,30,668,0,8,286,0,0,0,0,3,525,0,0,0,0,0,0,0,0,0,0,0,0,0,0,0,0,0,0,0,0,0
2,2025,'120999000',227,  ,KG,0,2000,1430,0,0,0,0,0,0,0,0,0,0,0,0,0,0,0,0,2000,1430,0,0,0,0,0,0,0,0,0,0,0,0,0,0,0,0,0,0
2,2025,'120999000',237,  ,KG,0,24100,12871,0,0,0,0,0,0,0,0,0,0,0,0,0,0,0,0,0,0,0,24100,12871,0,0,0,0,0,0,0,0,0,0,0,0,0,0,0
2,2025,'120999000',302,  ,KG,0,5071,5239,0,0,0,0,226,778,0,0,0,0,0,0,0,0,0,0,4825,4023,0,0,0,0,0,0,0,0,0,0,0,0,0,20,438,0,0,0
2,2025,'120999000',304,  ,KG,0,585047,919652,0,42411,118562,0,268033,363748,0,165529,150853,0,31580,90191,0,6326,27655,0,19131,56175,0,14615,37025,0,31,896,0,21995,17997,0,9091,33542,0,0,0,0,6305,23008
2,2025,'120999000',305,  ,KG,0,54000,34563,0,0,0,0,0,0,0,25000,14015,0,0,0,0,0,0,0,0,0,0,0,0,0,0,0,0,4000,3462,0,0,0,0,0,0,0,25000,17086
2,2025,'120999000',306,  ,KG,0,0,589,0,0,0,0,0,0,0,0,0,0,0,0,0,0,589,0,0,0,0,0,0,0,0,0,0,0,0,0,0,0,0,0,0,0,0,0
2,2025,'120999000',311,  ,KG,0,0,666,0,0,0,0,0,0,0,0,0,0,0,0,0,0,328,0,0,0,0,0,0,0,0,338,0,0,0,0,0,0,0,0,0,0,0,0
2,2025,'120999000',407,  ,KG,0,45782,118083,0,1000,1277,0,12000,6434,0,152,13340,0,5750,3698,0,2000,1148,0,0,0,0,770,63553,0,6500,4214,0,0,0,0,7610,16405,0,4000,2697,0,6000,5317
2,2025,'120999000',408,  ,KG,0,28000,20384,0,0,0,0,0,0,0,8000,5922,0,0,0,0,0,0,0,10000,7052,0,0,0,0,0,0,0,0,0,0,10000,7410,0,0,0,0,0,0
2,2025,'120999000',409,  ,KG,0,950,66926,0,0,0,0,10,2412,0,0,0,0,0,0,0,0,0,0,41,9998,0,850,49982,0,0,0,0,49,4534,0,0,0,0,0,0,0,0,0
2,2025,'120999000',410,  ,KG,0,320,417,0,0,0,0,0,0,0,0,0,0,320,417,0,0,0,0,0,0,0,0,0,0,0,0,0,0,0,0,0,0,0,0,0,0,0,0
2,2025,'120999000',411,  ,KG,0,123401,106962,0,0,0,0,52000,26255,0,41126,33727,0,0,0,0,0,0,0,5000,4819,0,0,0,0,8640,16033,0,1000,608,0,5000,4976,0,0,0,0,10635,20544
2,2025,'120999000',413,  ,KG,0,102000,46998,0,0,0,0,0,0,0,0,0,0,26000,9312,0,0,0,0,0,0,0,0,0,0,0,0,0,50000,27119,0,0,0,0,0,0,0,26000,10567
2,2025,'120999000',541,  ,KG,0,0,238,0,0,0,0,0,0,0,0,0,0,0,0,0,0,0,0,0,0,0,0,238,0,0,0,0,0,0,0,0,0,0,0,0,0,0,0
2,2025,'120999000',601,  ,KG,0,154140,59193,0,0,0,0,0,0,0,0,0,0,4,600,0,3028,2554,0,130095,46517,0,21000,8615,0,0,0,0,0,0,0,13,907,0,0,0,0,0,0
2,2025,'120999000',606,  ,KG,0,1443,11308,0,0,0,0,7,1360,0,0,0,0,0,0,0,0,281,0,0,282,0,0,0,0,1436,8208,0,0,0,0,0,0,0,0,1177,0,0,0
2,2025,'121010000',105,  ,KG,0,930,795,0,0,0,0,0,0,0,0,0,0,0,0,0,0,0,0,0,0,0,930,795,0,0,0,0,0,0,0,0,0,0,0,0,0,0,0
2,2025,'121010000',205,  ,KG,0,50,205,0,50,205,0,0,0,0,0,0,0,0,0,0,0,0,0,0,0,0,0,0,0,0,0,0,0,0,0,0,0,0,0,0,0,0,0
2,2025,'121010000',213,  ,KG,0,468,1071,0,0,0,0,0,0,0,0,0,0,0,0,0,468,1071,0,0,0,0,0,0,0,0,0,0,0,0,0,0,0,0,0,0,0,0,0
2,2025,'121010000',245,  ,KG,0,3041,7714,0,0,0,0,0,0,0,0,0,0,0,0,0,2976,7451,0,0,0,0,0,0,0,0,0,0,0,0,0,65,263,0,0,0,0,0,0
2,2025,'121010000',304,  ,KG,0,360,1646,0,150,753,0,0,0,0,0,0,0,0,0,0,135,453,0,0,0,0,75,440,0,0,0,0,0,0,0,0,0,0,0,0,0,0,0
2,2025,'121020100',205,  ,KG,0,5090,16201,0,0,0,0,0,0,0,0,0,0,0,0,0,1000,3325,0,0,0,0,4090,12876,0,0,0,0,0,0,0,0,0,0,0,0,0,0,0
2,2025,'121020100',213,  ,KG,0,2670252,4312734,0,209934,262384,0,132615,194525,0,11638,14462,0,112640,206752,0,637855,1013948,0,490750,830606,0,324410,513164,0,83765,125046,0,222040,379037,0,383099,633274,0,45906,111972,0,15600,27564
2,2025,'121020100',223,  ,KG,0,950,2582,0,0,0,0,0,0,0,0,0,0,0,0,0,950,2582,0,0,0,0,0,0,0,0,0,0,0,0,0,0,0,0,0,0,0,0,0
2,2025,'121020100',242,  ,KG,0,1200,2393,0,0,0,0,0,0,0,0,0,0,500,981,0,700,1412,0,0,0,0,0,0,0,0,0,0,0,0,0,0,0,0,0,0,0,0,0
2,2025,'121020100',245,  ,KG,0,815770,2303556,0,57000,149737,0,86460,246085,0,43600,124476,0,49610,130051,0,143460,355227,0,95180,263744,0,19800,56347,0,59400,172815,0,79300,243726,0,0,0,0,95560,289780,0,86400,271568
2,2025,'121020100',304,  ,KG,0,649118,1720987,0,34960,66890,0,54712,142190,0,118969,357490,0,16690,39465,0,158823,429304,0,107600,288837,0,6343,24620,0,7344,18939,0,4125,15251,0,53490,147770,0,85557,187055,0,505,3176
2,2025,'121020100',601,  ,KG,0,14245,61225,0,0,0,0,540,2618,0,40,255,0,0,0,0,0,0,0,420,1850,0,445,2144,0,480,2122,0,5820,21714,0,0,0,0,6500,30522,0,0,0
2,2025,'121020100',606,  ,KG,0,32581,102024,0,275,796,0,5860,23495,0,1140,4093,0,120,258,0,2101,12730,0,390,1456,0,0,0,0,18780,47240,0,3895,11712,0,0,0,0,0,0,0,20,244
2,2025,'121020200',304,  ,KG,0,32338,238989,0,335,3373,0,4115,33388,0,280,2729,0,900,6948,0,4790,40561,0,20640,141146,0,593,5455,0,0,0,0,220,1571,0,380,3109,0,85,709,0,0,0
2,2025,'121020200',606,  ,KG,0,340,2996,0,0,0,0,240,2194,0,0,0,0,0,0,0,100,802,0,0,0,0,0,0,0,0,0,0,0,0,0,0,0,0,0,0,0,0,0
2,2025,'121120100',103,  ,KG,0,5199,104473,0,227,8185,0,1123,31059,0,841,16868,0,980,6153,0,318,6116,0,53,1869,0,246,4717,0,51,1258,0,51,2716,0,455,7193,0,0,0,0,854,18339
2,2025,'121120100',105,  ,KG,0,811856,5790616,0,55743,346123,0,5625,27486,0,13603,71535,0,50787,250964,0,270319,1766703,0,42994,203669,0,57435,402835,0,65545,767222,0,42216,335811,0,25583,167836,0,107314,1086466,0,74692,363966
2,2025,'121120100',106,  ,KG,0,1080,48155,0,144,6423,0,0,0,0,0,0,0,360,16049,0,576,25683,0,0,0,0,0,0,0,0,0,0,0,0,0,0,0,0,0,0,0,0,0
2,2025,'121120100',304,  ,KG,0,910,8349,0,0,0,0,510,5153,0,0,0,0,0,0,0,0,0,0,0,0,0,0,0,0,0,0,0,0,0,0,0,0,0,400,3196,0,0,0
2,2025,'121120900',103,  ,KG,0,7,1310,0,0,0,0,0,0,0,0,0,0,0,0,0,0,0,0,0,0,0,0,0,0,0,0,0,0,0,0,0,0,0,0,0,0,7,1310
2,2025,'121150000',105,  ,KG,0,389638,282578,0,41380,27281,0,23399,23502,0,0,0,0,10000,5807,0,4000,2274,0,11000,6211,0,79852,52341,0,40000,21975,0,2000,1245,0,20000,11076,0,40000,24634,0,118007,106232
2,2025,'121150000',124,  ,KG,0,21875,9696,0,0,0,0,0,0,0,0,0,0,0,0,0,0,0,0,7200,1706,0,0,0,0,0,0,0,0,0,0,0,0,0,14675,7990,0,0,0
2,2025,'121190120',105,  ,KG,0,1562066,2218651,0,126330,160246,0,125262,191064,0,8487,7678,0,50669,58272,0,14761,18221,0,54531,51021,0,111997,66695,0,104502,146090,0,148691,206936,0,371638,612336,0,213464,355714,0,231734,344378
2,2025,'121190120',130,  ,KG,0,20305,9110,0,0,0,0,0,0,0,0,0,0,200,360,0,0,0,0,0,0,0,0,0,0,0,0,0,0,0,0,20000,8543,0,105,207,0,0,0
2,2025,'121190120',218,  ,KG,0,170,523,0,0,0,0,0,0,0,0,0,0,0,0,0,0,0,0,0,0,0,0,0,0,0,0,0,0,0,0,170,523,0,0,0,0,0,0
2,2025,'121190120',224,  ,KG,0,28800,28800,0,12000,12000,0,12000,12000,0,4800,4800,0,0,0,0,0,0,0,0,0,0,0,0,0,0,0,0,0,0,0,0,0,0,0,0,0,0,0
2,2025,'121190190',105,  ,KG,0,549088,962414,0,23595,30435,0,50064,124064,0,34571,26214,0,29034,29760,0,42078,32659,0,48491,79516,0,12243,18321,0,64204,87429,0,50371,174950,0,90164,167119,0,79676,131551,0,24597,60396
2,2025,'121190190',110,  ,KG,0,1354,83758,0,694,42728,0,0,0,0,0,0,0,0,0,0,0,0,0,0,0,0,0,0,0,660,41030,0,0,0,0,0,0,0,0,0,0,0,0
2,2025,'121190190',111,  ,KG,0,221,7257,0,0,0,0,0,0,0,0,0,0,0,0,0,31,2236,0,0,0,0,0,0,0,30,265,0,0,0,0,0,0,0,0,0,0,160,4756
2,2025,'121190190',113,  ,KG,0,20,1915,0,0,0,0,0,0,0,0,0,0,0,0,0,0,0,0,0,0,0,20,1915,0,0,0,0,0,0,0,0,0,0,0,0,0,0,0
2,2025,'121190190',118,  ,KG,0,14540,156145,0,200,6701,0,0,0,0,371,11359,0,2800,1922,0,395,16053,0,5891,15857,0,3840,66557,0,380,9253,0,60,6028,0,0,0,0,370,10597,0,233,11818
2,2025,'121190190',123,  ,KG,0,459800,64678,0,3200,5015,0,0,0,0,40000,4722,0,28000,2951,0,29100,3035,0,166000,16414,0,15200,7380,0,40400,5283,0,67000,9151,0,28500,5043,0,42400,5684,0,0,0
2,2025,'121190190',210,  ,KG,0,21500,50096,0,0,0,0,0,0,0,0,0,0,0,0,0,12500,26214,0,0,0,0,0,0,0,0,0,0,9000,23882,0,0,0,0,0,0,0,0,0
2,2025,'121190190',223,  ,KG,0,1007,1515,0,0,0,0,0,0,0,1007,1515,0,0,0,0,0,0,0,0,0,0,0,0,0,0,0,0,0,0,0,0,0,0,0,0,0,0,0
2,2025,'121190190',224,  ,KG,0,19805,29070,0,0,0,0,5000,5920,0,0,0,0,5000,5955,0,8500,14957,0,0,0,0,1305,2238,0,0,0,0,0,0,0,0,0,0,0,0,0,0,0
2,2025,'121190190',302,  ,KG,0,1073,29884,0,0,0,0,0,0,0,0,0,0,0,0,0,258,7357,0,0,0,0,815,22527,0,0,0,0,0,0,0,0,0,0,0,0,0,0,0
2,2025,'121190190',304,  ,KG,0,3666,5866,0,0,0,0,3666,5866,0,0,0,0,0,0,0,0,0,0,0,0,0,0,0,0,0,0,0,0,0,0,0,0,0,0,0,0,0,0
2,2025,'121190190',311,  ,KG,0,844,26363,0,0,0,0,362,10571,0,0,0,0,0,0,0,0,0,0,0,0,0,0,0,0,0,0,0,0,0,0,0,0,0,482,15792,0,0,0
2,2025,'121190190',402,  ,KG,0,440,7310,0,0,0,0,0,0,0,90,1619,0,0,0,0,68,975,0,0,0,0,191,3306,0,0,0,0,0,0,0,91,1410,0,0,0,0,0,0
2,2025,'121190190',407,  ,KG,0,432,354,0,0,0,0,432,354,0,0,0,0,0,0,0,0,0,0,0,0,0,0,0,0,0,0,0,0,0,0,0,0,0,0,0,0,0,0
2,2025,'121190190',410,  ,KG,0,210,4268,0,0,0,0,0,0,0,0,0,0,0,0,0,0,0,0,0,0,0,0,0,0,0,0,0,0,0,0,0,0,0,135,2681,0,75,1587
2,2025,'121190500',105,  ,KG,0,648,1083,0,0,0,0,0,0,0,0,0,0,0,0,0,0,0,0,0,0,0,648,1083,0,0,0,0,0,0,0,0,0,0,0,0,0,0,0
2,2025,'121190500',125,  ,KG,0,75,813,0,0,0,0,0,0,0,0,0,0,0,0,0,0,0,0,29,209,0,0,0,0,0,0,0,23,305,0,23,299,0,0,0,0,0,0
2,2025,'121190500',205,  ,KG,0,108,578,0,54,290,0,0,0,0,0,0,0,0,0,0,0,0,0,0,0,0,54,288,0,0,0,0,0,0,0,0,0,0,0,0,0,0,0
2,2025,'121190500',220,  ,KG,0,105,586,0,0,0,0,0,0,0,0,0,0,0,0,0,0,0,0,0,0,0,0,0,0,0,0,0,0,0,0,105,586,0,0,0,0,0,0
2,2025,'121190500',551,  ,KG,0,3786147,3500341,0,384245,376550,0,116612,103166,0,353212,307517,0,338869,286381,0,334220,316825,0,397284,350344,0,334673,305552,0,208537,215372,0,389499,360301,0,340680,313017,0,321207,318172,0,267109,247144
2,2025,'121190710',105,  ,KG,0,16000,16954,0,0,0,0,0,0,0,0,0,0,0,0,0,0,0,0,16000,16954,0,0,0,0,0,0,0,0,0,0,0,0,0,0,0,0,0,0
2,2025,'121190931',103,  ,KG,0,100,424,0,100,424,0,0,0,0,0,0,0,0,0,0,0,0,0,0,0,0,0,0,0,0,0,0,0,0,0,0,0,0,0,0,0,0,0
2,2025,'121190931',105,  ,KG,0,4601981,8840200,0,371065,935641,0,246070,345747,0,253306,308695,0,252599,376242,0,651464,1277321,0,672939,793239,0,230979,546969,0,197366,348818,0,394115,539657,0,321076,863015,0,614717,1529652,0,396285,975204
2,2025,'121190931',106,  ,KG,0,22155,23936,0,0,0,0,22155,23936,0,0,0,0,0,0,0,0,0,0,0,0,0,0,0,0,0,0,0,0,0,0,0,0,0,0,0,0,0,0
2,2025,'121190931',110,  ,KG,0,16800,14989,0,2040,2171,0,0,0,0,0,0,0,1200,1178,0,1200,1146,0,0,0,0,2100,1683,0,2010,1734,0,4860,4147,0,0,0,0,3390,2930,0,0,0
2,2025,'121190931',118,  ,KG,0,299,236,0,0,0,0,0,0,0,0,0,0,0,0,0,0,0,0,299,236,0,0,0,0,0,0,0,0,0,0,0,0,0,0,0,0,0,0
2,2025,'121190931',121,  ,KG,0,5377,24875,0,2083,9542,0,0,0,0,0,0,0,0,0,0,0,0,0,999,6385,0,0,0,0,2295,8948,0,0,0,0,0,0,0,0,0,0,0,0
2,2025,'121190931',122,  ,KG,0,10160,24565,0,0,0,0,10160,24565,0,0,0,0,0,0,0,0,0,0,0,0,0,0,0,0,0,0,0,0,0,0,0,0,0,0,0,0,0,0
2,2025,'121190931',123,  ,KG,0,906430,77037,0,42700,4329,0,112700,11016,0,156080,14697,0,112715,9844,0,155715,12215,0,107730,8546,0,64715,5409,0,22000,1613,0,22015,1496,0,22015,1540,0,44015,3202,0,44030,3130
2,2025,'121190931',132,  ,KG,0,6,4559,0,0,0,0,0,0,0,0,0,0,0,0,0,5,3604,0,0,0,0,0,0,0,1,955,0,0,0,0,0,0,0,0,0,0,0,0
2,2025,'121190931',304,  ,KG,0,254,518,0,0,0,0,0,0,0,0,0,0,127,262,0,0,0,0,0,0,0,0,0,0,0,0,0,0,0,0,127,256,0,0,0,0,0,0
2,2025,'121190939',103,  ,KG,0,31965,78104,0,5186,16486,0,0,0,0,5260,9615,0,10000,24427,0,11493,27266,0,0,0,0,0,0,0,0,0,0,0,0,0,0,0,0,0,0,0,26,310
2,2025,'121190939',105,  ,KG,0,11467178,21944411,0,723379,1449390,0,607303,1129766,0,655183,1136343,0,733310,1355162,0,864319,1725167,0,1094361,1904721,0,1127090,2146280,0,959154,1766585,0,1195364,1992872,0,1223084,2673109,0,1154866,2094250,0,1129765,2570766
2,2025,'121190939',106,  ,KG,0,1140,4360,0,0,0,0,1140,4360,0,0,0,0,0,0,0,0,0,0,0,0,0,0,0,0,0,0,0,0,0,0,0,0,0,0,0,0,0,0
2,2025,'121190939',110,  ,KG,0,125720,104870,0,3975,994,0,11880,10106,0,9380,9198,0,18585,17540,0,17560,16732,0,5025,1198,0,2900,790,0,11305,9273,0,3500,957,0,12480,9682,0,10520,9844,0,18610,18556
2,2025,'121190939',111,  ,KG,0,8717,4780,0,0,0,0,2000,1468,0,0,0,0,0,0,0,338,247,0,0,0,0,112,272,0,0,0,0,0,0,0,6173,2588,0,0,0,0,94,205
2,2025,'121190939',121,  ,KG,0,10566,99011,0,3448,40793,0,0,0,0,0,0,0,0,0,0,0,0,0,0,0,0,0,0,0,0,0,0,0,0,0,0,0,0,0,0,0,7118,58218
2,2025,'121190939',122,  ,KG,0,1025,2764,0,0,0,0,0,0,0,0,0,0,0,0,0,0,0,0,0,0,0,1025,2764,0,0,0,0,0,0,0,0,0,0,0,0,0,0,0
2,2025,'121190939',123,  ,KG,0,105100,118251,0,0,0,0,7800,8826,0,22000,26670,0,14000,14774,0,5000,5526,0,37000,39525,0,300,233,0,0,0,0,0,0,0,10000,11336,0,7000,7818,0,2000,3543
2,2025,'121190939',208,  ,KG,0,250,1071,0,0,0,0,0,0,0,0,0,0,0,0,0,100,423,0,0,0,0,0,0,0,0,0,0,0,0,0,0,0,0,150,648,0,0,0
2,2025,'121190939',213,  ,KG,0,177,688,0,0,0,0,0,0,0,0,0,0,0,0,0,0,0,0,72,223,0,0,0,0,0,0,0,105,465,0,0,0,0,0,0,0,0,0
2,2025,'121190939',223,  ,KG,0,31104,66276,0,615,1151,0,0,0,0,5041,11757,0,647,1543,0,8519,17640,0,2940,4309,0,1000,1606,0,4200,7040,0,4047,12445,0,350,1389,0,3175,6029,0,570,1367
2,2025,'121190939',228,  ,KG,0,120,331,0,0,0,0,0,0,0,0,0,0,0,0,0,0,0,0,0,0,0,120,331,0,0,0,0,0,0,0,0,0,0,0,0,0,0,0
2,2025,'121190939',229,  ,KG,0,200,443,0,0,0,0,0,0,0,0,0,0,0,0,0,0,0,0,0,0,0,0,0,0,0,0,0,0,0,0,0,0,0,200,443,0,0,0
2,2025,'121190939',231,  ,KG,0,5,503,0,0,0,0,0,0,0,0,0,0,5,503,0,0,0,0,0,0,0,0,0,0,0,0,0,0,0,0,0,0,0,0,0,0,0,0
2,2025,'121190939',236,  ,KG,0,365,753,0,0,0,0,0,0,0,0,0,0,365,753,0,0,0,0,0,0,0,0,0,0,0,0,0,0,0,0,0,0,0,0,0,0,0,0
2,2025,'121190939',243,  ,KG,0,100,594,0,100,594,0,0,0,0,0,0,0,0,0,0,0,0,0,0,0,0,0,0,0,0,0,0,0,0,0,0,0,0,0,0,0,0,0
2,2025,'121190939',304,  ,KG,0,158,207,0,158,207,0,0,0,0,0,0,0,0,0,0,0,0,0,0,0,0,0,0,0,0,0,0,0,0,0,0,0,0,0,0,0,0,0
2,2025,'121190939',407,  ,KG,0,5075,4759,0,0,0,0,600,1048,0,0,0,0,0,0,0,1175,986,0,0,0,0,0,0,0,0,0,0,300,402,0,0,0,0,3000,2323,0,0,0
2,2025,'121190939',551,  ,KG,0,200,368,0,0,0,0,0,0,0,200,368,0,0,0,0,0,0,0,0,0,0,0,0,0,0,0,0,0,0,0,0,0,0,0,0,0,0,0
2,2025,'121190991',106,  ,KG,0,110000,41652,0,21600,8324,0,0,0,0,21600,7975,0,0,0,0,0,0,0,0,0,0,2000,1754,0,21600,7811,0,21600,7791,0,0,0,0,21600,7997,0,0,0
2,2025,'121190991',118,  ,KG,0,52613,71605,0,10615,8969,0,0,0,0,1630,5503,0,0,0,0,11102,14089,0,2100,2125,0,2520,5883,0,2607,6874,0,11809,10463,0,1000,7000,0,2225,4143,0,7005,6556
2,2025,'121190991',123,  ,KG,0,45207,105904,0,20000,13333,0,0,0,0,509,7634,0,229,2111,0,319,5025,0,21500,55825,0,180,2463,0,90,1647,0,996,12086,0,990,439,0,394,5341,0,0,0
2,2025,'121190991',601,  ,KG,0,11540,38684,0,0,0,0,0,0,0,0,0,0,0,0,0,0,0,0,0,0,0,0,0,0,0,0,0,11040,32838,0,0,0,0,0,0,0,500,5846
2,2025,'121190991',612,  ,KG,0,2430,7142,0,0,0,0,0,0,0,315,799,0,0,0,0,225,872,0,0,0,0,630,1866,0,810,2231,0,0,0,0,0,0,0,450,1374,0,0,0
2,2025,'121190992',105,  ,KG,0,545826,263802,0,76997,31596,0,17690,12892,0,38022,12069,0,87240,32442,0,69777,36270,0,38511,25029,0,40273,30704,0,21033,14795,0,26445,20785,0,768,233,0,1900,884,0,127170,46103
2,2025,'121190992',110,  ,KG,0,700,211,0,0,0,0,0,0,0,700,211,0,0,0,0,0,0,0,0,0,0,0,0,0,0,0,0,0,0,0,0,0,0,0,0,0,0,0
2,2025,'121190992',111,  ,KG,0,1581020,297825,0,59310,13575,0,40020,6140,0,40020,5950,0,239930,43385,0,40010,7425,0,259900,46733,0,99960,17440,0,141980,25615,0,159940,29219,0,279970,58389,0,20010,2782,0,199970,41172
2,2025,'121190992',121,  ,KG,0,1457510,268884,0,0,0,0,291460,56286,0,208030,37079,0,311980,62187,0,130012,22329,0,260020,44685,0,0,0,0,0,0,0,0,0,0,104008,17334,0,21990,4838,0,130010,24146
2,2025,'121190999',103,  ,KG,0,21208,32726,0,5838,6393,0,2386,4825,0,307,495,0,2184,5670,0,0,0,0,130,292,0,2115,4668,0,228,249,0,456,494,0,7136,8677,0,0,0,0,428,963
2,2025,'121190999',105,  ,KG,0,586543,986041,0,66890,93367,0,24790,38352,0,46618,65183,0,34721,75827,0,70635,80986,0,37497,56594,0,36472,39732,0,44189,50587,0,66260,176808,0,23060,51582,0,75048,122932,0,60363,134091
2,2025,'121190999',106,  ,KG,0,5675,64394,0,200,3933,0,1500,13131,0,30,220,0,406,2651,0,0,0,0,0,0,0,100,854,0,6,464,0,3233,39208,0,0,0,0,200,3933,0,0,0
2,2025,'121190999',110,  ,KG,0,956993,228454,0,68950,16977,0,67088,15083,0,92517,23937,0,94434,21444,0,59793,12829,0,78403,16277,0,77106,17628,0,71759,17486,0,108734,28884,0,77620,16757,0,57392,15554,0,103197,25598
2,2025,'121190999',111,  ,KG,0,357838,329887,0,32609,31894,0,17474,16945,0,23850,17926,0,44510,38687,0,27571,26695,0,26293,21766,0,35246,32687,0,7855,6352,0,53834,51292,0,23648,23979,0,22570,20735,0,42378,40929
2,2025,'121190999',113,  ,KG,0,13104,15101,0,2016,2388,0,0,0,0,1008,1144,0,1008,1123,0,0,0,0,1008,1120,0,1008,1118,0,1008,1144,0,2016,2286,0,1008,1177,0,2016,2391,0,1008,1210
2,2025,'121190999',117,  ,KG,0,8490,4113,0,648,284,0,0,0,0,0,0,0,3780,1265,0,0,0,0,2010,1569,0,2020,732,0,0,0,0,0,0,0,0,0,0,0,0,0,32,263
2,2025,'121190999',118,  ,KG,0,161753,129926,0,14576,12283,0,13713,11798,0,6000,4705,0,24765,19723,0,11665,9763,0,12210,8819,0,17205,12998,0,12205,9637,0,13496,10346,0,13708,11830,0,11205,8884,0,11005,9140
2,2025,'121190999',121,  ,KG,0,1512,5276,0,543,1974,0,0,0,0,0,0,0,0,0,0,0,0,0,0,0,0,0,0,0,969,3302,0,0,0,0,0,0,0,0,0,0,0,0
2,2025,'121190999',122,  ,KG,0,4087,11413,0,0,0,0,0,0,0,0,0,0,0,0,0,0,0,0,0,0,0,3187,9451,0,0,0,0,900,1962,0,0,0,0,0,0,0,0,0
2,2025,'121190999',123,  ,KG,0,1205688,840371,0,117074,115167,0,84849,21108,0,38500,51756,0,66300,38468,0,86827,72597,0,46614,48591,0,114191,67095,0,143050,122986,0,169542,70534,0,186291,133361,0,49400,33764,0,103050,64944
2,2025,'121190999',124,  ,KG,0,14708,15057,0,0,0,0,2665,2657,0,0,0,0,0,0,0,183,271,0,7920,7747,0,180,575,0,3760,3807,0,0,0,0,0,0,0,0,0,0,0,0
2,2025,'121190999',125,  ,KG,0,19579,32657,0,1970,2244,0,126,629,0,650,968,0,420,1439,0,1095,869,0,160,366,0,1318,5168,0,7570,1983,0,0,0,0,5877,17443,0,393,1548,0,0,0
2,2025,'121190999',127,  ,KG,0,2799,3981,0,99,249,0,0,0,0,325,535,0,408,320,0,126,271,0,0,0,0,0,0,0,683,805,0,207,569,0,122,337,0,720,678,0,109,217
2,2025,'121190999',131,  ,KG,0,900,1226,0,0,0,0,200,422,0,0,0,0,0,0,0,0,0,0,200,270,0,500,534,0,0,0,0,0,0,0,0,0,0,0,0,0,0,0
2,2025,'121190999',132,  ,KG,0,63,208,0,0,0,0,0,0,0,0,0,0,0,0,0,0,0,0,0,0,0,0,0,0,63,208,0,0,0,0,0,0,0,0,0,0,0,0
2,2025,'121190999',133,  ,KG,0,1909,5550,0,0,0,0,0,0,0,0,0,0,0,0,0,0,0,0,772,2706,0,0,0,0,0,0,0,600,1060,0,537,1784,0,0,0,0,0,0
2,2025,'121190999',143,  ,KG,0,759,3608,0,0,0,0,500,276,0,0,0,0,0,0,0,0,0,0,0,0,0,0,0,0,0,0,0,0,0,0,0,0,0,259,3332,0,0,0
2,2025,'121190999',144,  ,KG,0,29,900,0,0,0,0,0,0,0,0,0,0,0,0,0,0,0,0,0,0,0,0,0,0,29,900,0,0,0,0,0,0,0,0,0,0,0,0
2,2025,'121190999',205,  ,KG,0,2919,17654,0,0,0,0,61,606,0,81,803,0,135,1362,0,122,1214,0,1871,6059,0,122,1236,0,8,437,0,173,2268,0,0,0,0,163,1714,0,183,1955
2,2025,'121190999',210,  ,KG,0,25947,52925,0,11113,20209,0,109,499,0,4870,8073,0,0,0,0,0,0,0,130,2030,0,1500,2383,0,620,840,0,1324,4205,0,100,331,0,0,0,0,6181,14355
2,2025,'121190999',213,  ,KG,0,37606,192771,0,2968,18502,0,2243,12605,0,2707,11933,0,1414,4973,0,2070,14349,0,2501,10008,0,2689,16406,0,1888,14315,0,3115,19012,0,12477,43853,0,1973,15486,0,1561,11329
2,2025,'121190999',215,  ,KG,0,305,3416,0,305,3416,0,0,0,0,0,0,0,0,0,0,0,0,0,0,0,0,0,0,0,0,0,0,0,0,0,0,0,0,0,0,0,0,0
2,2025,'121190999',217,  ,KG,0,20830,44159,0,1581,4028,0,6623,15649,0,0,0,0,2000,3839,0,0,0,0,1944,5754,0,1470,2534,0,0,0,0,0,0,0,7212,12355,0,0,0,0,0,0
2,2025,'121190999',218,  ,KG,0,124290,128415,0,12038,12508,0,2775,5179,0,5760,4753,0,13511,14321,0,13420,11737,0,100,283,0,20384,18251,0,2200,2042,0,6404,9685,0,15835,15883,0,11681,13854,0,20182,19919
2,2025,'121190999',220,  ,KG,0,3463,10131,0,0,0,0,408,1637,0,0,0,0,0,0,0,0,0,0,664,947,0,60,622,0,0,0,0,172,460,0,671,3221,0,1488,3244,0,0,0
2,2025,'121190999',223,  ,KG,0,28025,69895,0,2798,8658,0,440,944,0,3133,9993,0,689,2229,0,671,1727,0,1182,3125,0,2239,5987,0,1651,5080,0,2087,4262,0,7476,12404,0,4503,8908,0,1156,6578
2,2025,'121190999',224,  ,KG,0,1791,1941,0,0,0,0,0,0,0,0,0,0,0,0,0,0,0,0,0,0,0,1791,1941,0,0,0,0,0,0,0,0,0,0,0,0,0,0,0
2,2025,'121190999',225,  ,KG,0,919,3686,0,70,951,0,110,332,0,0,0,0,204,467,0,0,0,0,25,383,0,510,1553,0,0,0,0,0,0,0,0,0,0,0,0,0,0,0
2,2025,'121190999',227,  ,KG,0,6541,27823,0,2510,7469,0,0,0,0,0,0,0,558,3257,0,0,0,0,1340,2598,0,0,0,0,411,4481,0,0,0,0,371,4115,0,0,0,0,1351,5903
2,2025,'121190999',228,  ,KG,0,2362,4594,0,0,0,0,0,0,0,0,0,0,0,0,0,0,0,0,0,0,0,832,1578,0,30,283,0,0,0,0,0,0,0,1500,2733,0,0,0
2,2025,'121190999',229,  ,KG,0,125274,142228,0,11232,12027,0,20112,15342,0,15102,21251,0,12203,10174,0,6660,4511,0,3888,3109,0,5855,6421,0,6227,6772,0,2568,5240,0,9890,6112,0,7965,7718,0,23572,43551
2,2025,'121190999',230,  ,KG,0,276,1205,0,0,0,0,0,0,0,0,0,0,267,777,0,0,0,0,0,0,0,0,0,0,0,0,0,0,0,0,9,428,0,0,0,0,0,0
2,2025,'121190999',231,  ,KG,0,2093,16582,0,0,0,0,0,0,0,0,0,0,0,0,0,0,0,0,100,407,0,0,0,0,3,345,0,1485,4206,0,100,5527,0,0,0,0,405,6097
2,2025,'121190999',232,  ,KG,0,13373,39361,0,887,3215,0,3277,14179,0,152,242,0,2733,7083,0,2367,3822,0,856,2524,0,510,1066,0,170,244,0,1015,1810,0,699,2847,0,277,904,0,430,1425
2,2025,'121190999',234,  ,KG,0,239714,176204,0,3070,3771,0,23646,17355,0,20989,17793,0,13919,11547,0,35640,19982,0,15025,15284,0,21648,12040,0,10428,8759,0,19229,10594,0,30427,24590,0,30904,23245,0,14789,11244
2,2025,'121190999',235,  ,KG,0,14,545,0,14,545,0,0,0,0,0,0,0,0,0,0,0,0,0,0,0,0,0,0,0,0,0,0,0,0,0,0,0,0,0,0,0,0,0
2,2025,'121190999',236,  ,KG,0,470,1465,0,0,0,0,0,0,0,0,0,0,0,0,0,0,0,0,0,0,0,320,1217,0,0,0,0,150,248,0,0,0,0,0,0,0,0,0
2,2025,'121190999',238,  ,KG,0,10014,68987,0,1582,49187,0,1000,2237,0,0,0,0,0,0,0,500,2452,0,963,1137,0,0,0,0,0,0,0,1023,4671,0,0,0,0,4000,6715,0,946,2588
2,2025,'121190999',241,  ,KG,0,16802,57538,0,309,1932,0,30,500,0,548,2426,0,2658,8378,0,504,3129,0,2196,7094,0,187,1198,0,2525,8281,0,2287,5487,0,505,2637,0,692,3196,0,4361,13280
2,2025,'121190999',243,  ,KG,0,453,1219,0,0,0,0,200,394,0,0,0,0,0,0,0,0,0,0,0,0,0,0,0,0,0,0,0,0,0,0,253,825,0,0,0,0,0,0
2,2025,'121190999',245,  ,KG,0,553,10037,0,179,3107,0,0,0,0,0,0,0,69,1317,0,0,0,0,80,1481,0,0,0,0,0,0,0,85,1321,0,0,0,0,140,2811,0,0,0
2,2025,'121190999',248,  ,KG,0,105,531,0,0,0,0,0,0,0,0,0,0,0,0,0,0,0,0,0,0,0,0,0,0,0,0,0,105,531,0,0,0,0,0,0,0,0,0
2,2025,'121190999',304,  ,KG,0,191268,410677,0,11200,43316,0,43966,60942,0,4817,20421,0,22078,31397,0,11961,43681,0,7589,20986,0,20195,38358,0,6975,22331,0,10514,33657,0,6183,26652,0,31405,42358,0,14385,26578
2,2025,'121190999',305,  ,KG,0,7784,18747,0,0,0,0,666,1326,0,1386,2695,0,0,0,0,0,0,0,846,1516,0,0,0,0,1770,5071,0,0,0,0,1326,3502,0,453,1483,0,1337,3154
2,2025,'121190999',407,  ,KG,0,307235,233513,0,64668,27240,0,54960,36976,0,2200,2900,0,943,1309,0,76226,45540,0,5255,3516,0,16810,9310,0,1350,1856,0,0,0,0,25908,56150,0,155,516,0,58760,48200
2,2025,'121190999',409,  ,KG,0,8000,7808,0,0,0,0,0,0,0,0,0,0,0,0,0,0,0,0,0,0,0,0,0,0,0,0,0,8000,7808,0,0,0,0,0,0,0,0,0
2,2025,'121190999',410,  ,KG,0,18287,126385,0,786,17288,0,316,5325,0,155,3126,0,394,9689,0,75,1728,0,8374,31023,0,467,6124,0,7210,41015,0,0,0,0,249,5202,0,94,885,0,167,4980
2,2025,'121190999',411,  ,KG,0,3129,27815,0,0,0,0,0,0,0,1756,26355,0,0,0,0,0,0,0,0,0,0,0,0,0,0,0,0,1198,1226,0,0,0,0,0,0,0,175,234
2,2025,'121190999',501,  ,KG,0,17745,18510,0,674,2054,0,131,838,0,7122,3519,0,61,336,0,141,1007,0,91,490,0,167,1153,0,205,1754,0,7127,4822,0,1662,2074,0,0,0,0,364,463
2,2025,'121190999',506,  ,KG,0,264292,299273,0,27838,26723,0,40612,39482,0,5132,9319,0,45556,39053,0,5940,11490,0,14625,25411,0,16381,19382,0,49597,51649,0,18037,26777,0,8267,12463,0,15069,18321,0,17238,19203
2,2025,'121190999',507,  ,KG,0,669785,197808,0,21140,6531,0,21160,6363,0,147380,43166,0,0,0,0,185522,52431,0,45126,11606,0,167397,54010,0,0,0,0,20580,6131,0,41320,12265,0,0,0,0,20160,5305
2,2025,'121190999',517,  ,KG,0,676,1804,0,0,0,0,500,685,0,0,0,0,0,0,0,0,0,0,142,652,0,34,467,0,0,0,0,0,0,0,0,0,0,0,0,0,0,0
2,2025,'121190999',521,  ,KG,0,80,202,0,0,0,0,0,0,0,0,0,0,0,0,0,0,0,0,0,0,0,0,0,0,0,0,0,0,0,0,0,0,0,80,202,0,0,0
2,2025,'121190999',541,  ,KG,0,1154,3505,0,345,1058,0,270,804,0,249,741,0,229,696,0,0,0,0,0,0,0,0,0,0,0,0,0,0,0,0,0,0,0,0,0,0,61,206
2,2025,'121190999',543,  ,KG,0,8000,11520,0,0,0,0,2000,3046,0,0,0,0,0,0,0,0,0,0,3000,4223,0,3000,4251,0,0,0,0,0,0,0,0,0,0,0,0,0,0,0
2,2025,'121190999',601,  ,KG,0,492,3549,0,0,0,0,0,0,0,0,0,0,216,1597,0,0,0,0,0,0,0,0,0,0,0,0,0,0,0,0,276,1952,0,0,0,0,0,0
2,2025,'121221100',103,TH,KG,1154488,3115071,18155248,60752,171785,1043977,4788,12922,63480,24604,67139,392384,92545,267866,1222242,58977,162595,818698,105142,296815,1715870,298331,810017,4826802,199083,518367,3207657,170953,445382,2670632,64713,166921,1016387,54283,143059,845320,20317,52203,331799
2,2025,'121221100',105,TH,KG,581177,1659853,8745774,20008,55577,288189,6866,18933,84711,6671,19327,92988,60943,174170,1091502,57417,169479,910843,72965,210393,1010282,83795,241751,1190066,36871,102537,551182,53185,150395,809022,67278,190365,1072989,50700,146537,742907,64478,180389,901093
2,2025,'121221200',103,  ,KG,0,264123,418063,0,3962,16267,0,1515,4764,0,9900,31430,0,54099,141782,0,30987,41101,0,32160,37117,0,30257,28505,0,440,846,0,24361,23754,0,27467,22832,0,30151,53353,0,18824,16312
2,2025,'121221200',105,  ,KG,0,110213,137126,0,33456,45160,0,0,0,0,17062,22245,0,0,0,0,8686,10496,0,8261,9966,0,8686,10566,0,8686,10834,0,8673,10719,0,0,0,0,8686,8571,0,8017,8569
2,2025,'121221310',103,  ,KG,0,1515176,2397938,0,116434,191354,0,57753,146858,0,170025,220611,0,94320,143540,0,54320,130590,0,22806,54795,0,59234,140711,0,70940,165829,0,164271,234517,0,323225,317579,0,216743,361547,0,165105,290007
2,2025,'121221310',105,  ,KG,0,2338608,1845989,0,244510,195107,0,115960,101338,0,212446,168903,0,210128,162745,0,180846,140181,0,187332,142103,0,208926,155254,0,160711,124987,0,183741,138356,0,244587,199452,0,178149,144895,0,211272,172668
2,2025,'121221321',103,  ,KG,0,989853,1957882,0,71512,151927,0,60042,120479,0,47593,96428,0,78477,154848,0,124375,227045,0,81695,159180,0,102124,189104,0,93929,189560,0,85254,159068,0,78599,163599,0,95734,193336,0,70519,153308
2,2025,'121221321',105,  ,KG,0,7944979,8705296,0,632359,814054,0,355499,455795,0,745707,919204,0,536793,642657,0,587103,645937,0,834863,885355,0,686641,736926,0,597273,579994,0,696643,700312,0,732359,736522,0,673873,704205,0,865866,884335
2,2025,'121221321',601,  ,KG,0,1,213,0,0,0,0,0,0,0,0,0,0,0,0,0,0,0,0,0,0,0,0,0,0,0,0,0,0,0,0,1,213,0,0,0,0,0,0
2,2025,'121221322',103,  ,KG,0,591385,331340,0,49650,24441,0,26000,11844,0,112750,64188,0,176000,104749,0,6500,2502,0,51000,23055,0,13485,5851,0,0,0,0,0,0,0,0,0,0,112000,67332,0,44000,27378
2,2025,'121221322',105,  ,KG,0,808035,235144,0,90000,30160,0,49500,10409,0,165750,50570,0,220500,57137,0,106785,27188,0,122250,49285,0,14250,2769,0,0,0,0,0,0,0,0,0,0,24750,5199,0,14250,2427
2,2025,'121221329',103,  ,KG,0,4903185,1154113,0,14250,7256,0,2940,1405,0,145690,37800,0,2568300,549739,0,1404140,282536,0,416580,107943,0,73250,38144,0,76935,34397,0,38250,17388,0,89270,41355,0,24000,11586,0,49580,24564
2,2025,'121221329',105,  ,KG,0,10669634,1894485,0,581895,133259,0,86750,28283,0,572553,119288,0,1076040,178933,0,1833962,285352,0,2852400,404499,0,1180874,204229,0,771600,158608,0,415030,90819,0,283475,65453,0,657380,148875,0,357675,76887
2,2025,'121221329',118,  ,KG,0,17910,6463,0,0,0,0,17910,6463,0,0,0,0,0,0,0,0,0,0,0,0,0,0,0,0,0,0,0,0,0,0,0,0,0,0,0,0,0,0
2,2025,'121221329',202,  ,KG,0,3,245,0,0,0,0,0,0,0,0,0,0,0,0,0,0,0,0,0,0,0,0,0,0,3,245,0,0,0,0,0,0,0,0,0,0,0,0
2,2025,'121221390',103,  ,KG,0,451049,332406,0,20277,14414,0,32180,16434,0,21390,18104,0,19074,30759,0,24782,67300,0,91860,42945,0,69800,20270,0,37950,20210,0,28700,9218,0,55704,50225,0,31582,22676,0,17750,19851
2,2025,'121221390',105,  ,KG,0,2565690,2671799,0,355844,370851,0,78318,98684,0,87401,90954,0,92896,114631,0,119578,143073,0,78829,106997,0,92595,92569,0,355551,342254,0,469573,465487,0,73236,91290,0,410046,408840,0,351823,346169
2,2025,'121221390',106,  ,KG,0,5012,19284,0,0,0,0,0,0,0,0,0,0,0,0,0,0,0,0,0,0,0,0,0,0,0,0,0,0,0,0,0,0,0,5012,19284,0,0,0
2,2025,'121221390',110,  ,KG,0,75880,133601,0,1596,1844,0,1504,2004,0,4705,10437,0,5360,5870,0,7054,12226,0,5888,12288,0,10118,16382,0,20309,23653,0,7631,17242,0,6328,15643,0,4142,14315,0,1245,1697
2,2025,'121221390',113,  ,KG,0,100,536,0,0,0,0,0,0,0,0,0,0,0,0,0,0,0,0,0,0,0,0,0,0,0,0,0,100,536,0,0,0,0,0,0,0,0,0
2,2025,'121221390',210,  ,KG,0,776,1886,0,0,0,0,0,0,0,500,578,0,0,0,0,0,0,0,0,0,0,0,0,0,20,219,0,0,0,0,80,325,0,0,0,0,176,764
2,2025,'121221390',224,  ,KG,0,21000,25268,0,7000,7372,0,0,0,0,7000,7840,0,0,0,0,0,0,0,0,0,0,0,0,0,0,0,0,0,0,0,0,0,0,0,0,0,7000,10056
2,2025,'121221390',302,  ,KG,0,106480,639939,0,26560,103431,0,0,0,0,7280,49027,0,10840,69283,0,14560,93045,0,7280,47740,0,0,0,0,7280,49714,0,0,0,0,7280,49296,0,10840,73691,0,14560,104712
2,2025,'121221390',409,  ,KG,0,32464,131064,0,0,0,0,15184,39728,0,3456,18302,0,0,0,0,0,0,0,0,0,0,3456,17631,0,0,0,0,3456,18097,0,3456,18180,0,0,0,0,3456,19126
2,2025,'121221390',614,  ,KG,0,16000,2976,0,0,0,0,0,0,0,0,0,0,0,0,0,0,0,0,0,0,0,0,0,0,0,0,0,0,0,0,0,0,0,0,0,0,16000,2976
2,2025,'121229110',103,  ,KG,0,1430,5747,0,0,0,0,0,0,0,0,0,0,1130,3422,0,0,0,0,0,0,0,0,0,0,0,0,0,0,0,0,300,2325,0,0,0,0,0,0
2,2025,'121229110',105,  ,KG,0,15000,148491,0,0,0,0,0,0,0,0,0,0,0,0,0,5000,47397,0,5000,50434,0,5000,50660,0,0,0,0,0,0,0,0,0,0,0,0,0,0,0
2,2025,'121229190',105,  ,KG,0,432000,68402,0,32000,7431,0,44000,6683,0,24000,3488,0,23000,3898,0,50000,7074,0,16000,2376,0,85000,12748,0,27000,4368,0,0,0,0,40000,5886,0,64000,9767,0,27000,4683
2,2025,'121229211',103,  ,KG,0,96250,152114,0,1500,3317,0,8400,16324,0,0,0,0,8400,16673,0,0,0,0,10500,12679,0,8400,16672,0,0,0,0,3340,3971,0,24060,32703,0,14220,21374,0,17430,28401
2,2025,'121229211',105,  ,KG,0,154485,173472,0,8500,10789,0,14320,21865,0,32600,29181,0,0,0,0,14100,20046,0,17000,18822,0,17010,11053,0,0,0,0,0,0,0,31880,39256,0,15000,16179,0,4075,6281
2,2025,'121229211',118,  ,KG,0,121329,38932,0,20320,8153,0,0,0,0,12731,4372,0,0,0,0,0,0,0,0,0,0,0,0,0,18000,4777,0,0,0,0,19800,5281,0,40150,12527,0,10328,3822
2,2025,'121229211',409,  ,KG,0,31735,24266,0,20735,16124,0,0,0,0,0,0,0,11000,8142,0,0,0,0,0,0,0,0,0,0,0,0,0,0,0,0,0,0,0,0,0,0,0,0
2,2025,'121229211',501,  ,KG,0,813264,426704,0,192147,100369,0,120634,55017,0,122970,57872,0,21640,11414,0,99483,43451,0,57256,31107,0,19525,13213,0,15930,11921,0,56749,34722,0,45460,24293,0,26270,20536,0,35200,22789
2,2025,'121229211',551,  ,KG,0,105350,57725,0,0,0,0,14500,7735,0,0,0,0,14000,7600,0,28000,14999,0,0,0,0,13750,8144,0,0,0,0,21000,11386,0,0,0,0,7200,4121,0,6900,3740
2,2025,'121229219',105,  ,KG,0,99005,21250,0,0,0,0,19600,3894,0,0,0,0,0,0,0,18480,3583,0,0,0,0,18480,3675,0,0,0,0,2000,556,0,18480,3653,0,0,0,0,21965,5889
2,2025,'121229219',110,  ,KG,0,9714,3635,0,0,0,0,0,0,0,2850,1330,0,0,0,0,0,0,0,6864,2305,0,0,0,0,0,0,0,0,0,0,0,0,0,0,0,0,0,0
2,2025,'121229219',118,  ,KG,0,1127260,244054,0,150110,30368,0,0,0,0,91820,17615,0,72370,16113,0,0,0,0,146430,31239,0,0,0,0,100350,21852,0,0,0,0,158170,34484,0,302700,68701,0,105310,23682
2,2025,'121229219',125,  ,KG,0,13530,3025,0,0,0,0,0,0,0,0,0,0,0,0,0,0,0,0,0,0,0,0,0,0,0,0,0,0,0,0,0,0,0,6030,1560,0,7500,1465
2,2025,'121229219',409,  ,KG,0,634020,254673,0,14250,5041,0,52000,20203,0,52000,19760,0,219000,82459,0,62000,22830,0,64000,23603,0,81240,46438,0,12600,4899,0,50000,18609,0,11930,4772,0,0,0,0,15000,6059
2,2025,'121229290',103,  ,KG,0,29728,18566,0,14620,6906,0,0,0,0,0,0,0,0,0,0,0,0,0,108,2744,0,0,0,0,12000,6779,0,0,0,0,0,0,0,3000,2137,0,0,0
2,2025,'121229290',105,  ,KG,0,125010,16244,0,0,0,0,20000,1596,0,18500,1665,0,0,0,0,38500,3279,0,0,0,0,8010,6452,0,0,0,0,20000,1562,0,0,0,0,0,0,0,20000,1690
2,2025,'121229290',117,  ,KG,0,1000,1084,0,0,0,0,0,0,0,0,0,0,0,0,0,0,0,0,0,0,0,0,0,0,0,0,0,1000,1084,0,0,0,0,0,0,0,0,0
2,2025,'121229290',118,  ,KG,0,743405,83842,0,74740,8726,0,25750,3631,0,99840,10506,0,64760,7449,0,90005,9029,0,74925,7844,0,48715,5424,0,37745,4525,0,70285,7616,0,28705,4028,0,77820,8788,0,50115,6276
2,2025,'121229290',202,  ,KG,0,130192,74826,0,25700,8426,0,26546,23489,0,0,0,0,25720,8643,0,25700,8191,0,0,0,0,25720,8986,0,0,0,0,0,0,0,0,0,0,806,17091,0,0,0
2,2025,'121229290',205,  ,KG,0,230400,61284,0,25600,6834,0,0,0,0,0,0,0,0,0,0,51200,13417,0,128000,33826,0,25600,7207,0,0,0,0,0,0,0,0,0,0,0,0,0,0,0
2,2025,'121229290',206,  ,KG,0,551341,170215,0,50184,16634,0,0,0,0,75276,24200,0,25000,6308,0,50000,12648,0,125000,30719,0,25322,13254,0,75000,19945,0,25283,12894,0,75000,20462,0,25000,6799,0,276,6352
2,2025,'121229290',210,  ,KG,0,9370,23464,0,47,260,0,108,225,0,0,0,0,0,0,0,135,287,0,135,287,0,0,0,0,146,457,0,216,498,0,123,288,0,118,276,0,8342,20886
2,2025,'121229290',220,  ,KG,0,44,815,0,0,0,0,0,0,0,0,0,0,44,815,0,0,0,0,0,0,0,0,0,0,0,0,0,0,0,0,0,0,0,0,0,0,0,0
2,2025,'121229290',302,  ,KG,0,34400,9342,0,0,0,0,0,0,0,0,0,0,14400,3748,0,0,0,0,0,0,0,0,0,0,0,0,0,0,0,0,0,0,0,20000,5594,0,0,0
2,2025,'121229290',304,  ,KG,0,378,2104,0,338,792,0,40,1312,0,0,0,0,0,0,0,0,0,0,0,0,0,0,0,0,0,0,0,0,0,0,0,0,0,0,0,0,0,0
2,2025,'121229290',409,  ,KG,0,1368802,256152,0,52000,10736,0,52000,6923,0,182000,32289,0,101032,27084,0,156000,26942,0,104000,18915,0,165770,32000,0,114000,23732,0,130000,22605,0,156000,29342,0,156000,25584,0,0,0
2,2025,'121229290',551,  ,KG,0,132086,22644,0,31000,5284,0,0,0,0,15000,2386,0,0,0,0,16000,2544,0,0,0,0,0,0,0,86,230,0,16000,2603,0,31000,5604,0,15000,2437,0,8000,1556
2,2025,'121292000',218,  ,KG,0,9000,9271,0,2000,1584,0,0,0,0,0,0,0,0,0,0,2000,1386,0,0,0,0,0,0,0,0,0,0,2000,1498,0,0,0,0,0,0,0,3000,4803
2,2025,'121292000',233,  ,KG,0,1150,1049,0,0,0,0,0,0,0,0,0,0,0,0,0,700,571,0,0,0,0,0,0,0,0,0,0,0,0,0,0,0,0,450,478,0,0,0
2,2025,'121293000',105,  ,KG,0,23390,5681,0,0,0,0,5160,1299,0,8220,1999,0,1600,470,0,0,0,0,0,0,0,0,0,0,0,0,0,0,0,0,0,0,0,2680,665,0,5730,1248
2,2025,'121293000',110,  ,KG,0,20440,3193,0,1848,304,0,2400,382,0,3648,568,0,5416,834,0,0,0,0,0,0,0,1704,256,0,3288,506,0,0,0,0,0,0,0,2136,343,0,0,0
2,2025,'121293000',111,  ,KG,0,5796,653,0,2800,330,0,0,0,0,0,0,0,0,0,0,0,0,0,2996,323,0,0,0,0,0,0,0,0,0,0,0,0,0,0,0,0,0,0
2,2025,'121293000',127,  ,KG,0,3277,3895,0,701,902,0,940,1184,0,0,0,0,589,647,0,0,0,0,0,0,0,0,0,0,210,247,0,0,0,0,837,915,0,0,0,0,0,0
2,2025,'121299110',105,  ,KG,0,1500,4076,0,1000,2783,0,0,0,0,0,0,0,0,0,0,0,0,0,0,0,0,0,0,0,0,0,0,0,0,0,500,1293,0,0,0,0,0,0
2,2025,'121299110',122,  ,KG,0,21000,29219,0,0,0,0,0,0,0,21000,29219,0,0,0,0,0,0,0,0,0,0,0,0,0,0,0,0,0,0,0,0,0,0,0,0,0,0,0
2,2025,'121299190',122,  ,KG,0,21000,15676,0,0,0,0,0,0,0,0,0,0,0,0,0,0,0,0,0,0,0,0,0,0,21000,15676,0,0,0,0,0,0,0,0,0,0,0,0
2,2025,'121299910',105,  ,KG,0,378689,561384,0,21448,42317,0,50236,60165,0,7298,21527,0,30128,46455,0,19056,46182,0,39440,65915,0,61697,78050,0,39384,57122,0,22270,17981,0,17668,38342,0,10568,16075,0,59496,71253
2,2025,'121299910',210,  ,KG,0,180,649,0,0,0,0,0,0,0,180,649,0,0,0,0,0,0,0,0,0,0,0,0,0,0,0,0,0,0,0,0,0,0,0,0,0,0,0
2,2025,'121299910',551,  ,KG,0,113000,9471,0,24000,2032,0,0,0,0,24000,1877,0,0,0,0,0,0,0,41000,3564,0,0,0,0,0,0,0,0,0,0,24000,1998,0,0,0,0,0,0
2,2025,'121299990',103,  ,KG,0,1289,5135,0,0,0,0,0,0,0,0,0,0,0,0,0,1089,4338,0,0,0,0,0,0,0,200,797,0,0,0,0,0,0,0,0,0,0,0,0
2,2025,'121299990',105,  ,KG,0,1941427,1258668,0,179411,89125,0,133235,105013,0,144278,86983,0,139518,92288,0,198246,114990,0,129209,94770,0,258961,168179,0,133697,97176,0,131580,60540,0,137392,73938,0,238058,166998,0,117842,108668
2,2025,'121299990',106,  ,KG,0,905,11756,0,0,0,0,0,0,0,10,706,0,0,0,0,30,409,0,10,697,0,200,3195,0,0,0,0,0,0,0,0,0,0,15,978,0,640,5771
2,2025,'121299990',110,  ,KG,0,32865,36383,0,4626,5798,0,0,0,0,8829,11330,0,338,824,0,420,413,0,5741,5879,0,1619,1236,0,3456,1989,0,892,803,0,5162,5739,0,415,1127,0,1367,1245
2,2025,'121299990',111,  ,KG,0,255151,655022,0,5540,10790,0,2613,4419,0,2769,3711,0,17294,50822,0,49808,128046,0,18221,47741,0,3571,6259,0,2052,4073,0,46225,123826,0,46007,121768,0,54584,130948,0,6467,22619
2,2025,'121299990',113,  ,KG,0,1060,1154,0,0,0,0,0,0,0,0,0,0,0,0,0,0,0,0,1060,1154,0,0,0,0,0,0,0,0,0,0,0,0,0,0,0,0,0,0
2,2025,'121299990',117,  ,KG,0,89880,21932,0,7782,1624,0,7240,1492,0,10539,7135,0,5248,960,0,8884,1410,0,7768,1241,0,7142,1418,0,4508,706,0,8232,1341,0,10048,1584,0,4973,1544,0,7516,1477
2,2025,'121299990',118,  ,KG,0,3573,4308,0,1230,1405,0,0,0,0,0,0,0,0,0,0,481,423,0,0,0,0,0,0,0,0,0,0,50,322,0,0,0,0,1087,1241,0,725,917
2,2025,'121299990',122,  ,KG,0,330,500,0,0,0,0,0,0,0,0,0,0,0,0,0,330,500,0,0,0,0,0,0,0,0,0,0,0,0,0,0,0,0,0,0,0,0,0
2,2025,'121299990',123,  ,KG,0,57429,27746,0,517,981,0,0,0,0,7310,3880,0,4771,1779,0,1000,718,0,0,0,0,0,0,0,15905,11097,0,13698,4422,0,2228,1780,0,0,0,0,12000,3089
2,2025,'121299990',124,  ,KG,0,144,247,0,0,0,0,0,0,0,0,0,0,0,0,0,0,0,0,0,0,0,0,0,0,0,0,0,144,247,0,0,0,0,0,0,0,0,0
2,2025,'121299990',125,  ,KG,0,3130,3263,0,1200,1013,0,0,0,0,0,0,0,48,231,0,907,720,0,0,0,0,140,277,0,0,0,0,0,0,0,807,727,0,28,295,0,0,0
2,2025,'121299990',127,  ,KG,0,372,2083,0,0,0,0,35,275,0,0,0,0,0,0,0,0,0,0,243,1146,0,94,662,0,0,0,0,0,0,0,0,0,0,0,0,0,0,0
2,2025,'121299990',128,  ,KG,0,59,430,0,0,0,0,0,0,0,0,0,0,0,0,0,0,0,0,0,0,0,0,0,0,59,430,0,0,0,0,0,0,0,0,0,0,0,0
2,2025,'121299990',131,  ,KG,0,50,271,0,50,271,0,0,0,0,0,0,0,0,0,0,0,0,0,0,0,0,0,0,0,0,0,0,0,0,0,0,0,0,0,0,0,0,0
2,2025,'121299990',146,  ,KG,0,1080,582,0,0,0,0,0,0,0,0,0,0,0,0,0,0,0,0,0,0,0,1080,582,0,0,0,0,0,0,0,0,0,0,0,0,0,0,0
2,2025,'121299990',152,  ,KG,0,2024,5430,0,2024,5430,0,0,0,0,0,0,0,0,0,0,0,0,0,0,0,0,0,0,0,0,0,0,0,0,0,0,0,0,0,0,0,0,0
2,2025,'121299990',203,  ,KG,0,200,9584,0,0,0,0,0,0,0,0,0,0,0,0,0,0,0,0,100,5232,0,0,0,0,0,0,0,0,0,0,0,0,0,100,4352,0,0,0
2,2025,'121299990',207,  ,KG,0,108,1037,0,0,0,0,0,0,0,0,0,0,0,0,0,0,0,0,0,0,0,0,0,0,0,0,0,0,0,0,0,0,0,108,1037,0,0,0
2,2025,'121299990',213,  ,KG,0,272,955,0,0,0,0,0,0,0,22,456,0,250,499,0,0,0,0,0,0,0,0,0,0,0,0,0,0,0,0,0,0,0,0,0,0,0,0
2,2025,'121299990',218,  ,KG,0,35390,94792,0,120,475,0,0,0,0,0,0,0,0,0,0,0,0,0,0,0,0,450,5447,0,5000,11776,0,16264,27354,0,2400,10714,0,2450,12627,0,8706,26399
2,2025,'121299990',220,  ,KG,0,92249,102659,0,15562,17055,0,15178,16165,0,7650,8198,0,0,0,0,54,223,0,0,0,0,30600,34128,0,22950,26331,0,255,559,0,0,0,0,0,0,0,0,0
2,2025,'121299990',222,  ,KG,0,680,4530,0,0,0,0,0,0,0,0,0,0,0,0,0,340,2148,0,0,0,0,0,0,0,0,0,0,0,0,0,0,0,0,0,0,0,340,2382
2,2025,'121299990',223,  ,KG,0,7030,17644,0,1325,1734,0,0,0,0,0,0,0,0,0,0,4482,11970,0,0,0,0,0,0,0,820,1592,0,0,0,0,403,2348,0,0,0,0,0,0
2,2025,'121299990',224,  ,KG,0,5000,8965,0,0,0,0,0,0,0,0,0,0,0,0,0,0,0,0,0,0,0,5000,8965,0,0,0,0,0,0,0,0,0,0,0,0,0,0,0
2,2025,'121299990',225,  ,KG,0,10299,14334,0,49,672,0,0,0,0,0,0,0,1500,1981,0,1700,2568,0,300,460,0,3000,4601,0,750,854,0,0,0,0,3000,3198,0,0,0,0,0,0
2,2025,'121299990',227,  ,KG,0,504,418,0,0,0,0,0,0,0,504,418,0,0,0,0,0,0,0,0,0,0,0,0,0,0,0,0,0,0,0,0,0,0,0,0,0,0,0
2,2025,'121299990',229,  ,KG,0,1177,4946,0,0,0,0,0,0,0,0,0,0,149,455,0,0,0,0,949,4254,0,0,0,0,0,0,0,79,237,0,0,0,0,0,0,0,0,0
2,2025,'121299990',230,  ,KG,0,153,217,0,0,0,0,153,217,0,0,0,0,0,0,0,0,0,0,0,0,0,0,0,0,0,0,0,0,0,0,0,0,0,0,0,0,0,0
2,2025,'121299990',232,  ,KG,0,848,2385,0,347,1059,0,300,896,0,100,216,0,0,0,0,0,0,0,0,0,0,0,0,0,0,0,0,101,214,0,0,0,0,0,0,0,0,0
2,2025,'121299990',246,  ,KG,0,4800,32243,0,1200,7801,0,0,0,0,0,0,0,0,0,0,1200,7918,0,1200,7827,0,0,0,0,0,0,0,0,0,0,1200,8697,0,0,0,0,0,0
2,2025,'121299990',304,  ,KG,0,329,3186,0,7,285,0,0,0,0,0,0,0,0,0,0,300,1623,0,8,924,0,0,0,0,0,0,0,0,0,0,14,354,0,0,0,0,0,0
2,2025,'121299990',305,  ,KG,0,51200,23904,0,400,2085,0,18900,7549,0,1000,2171,0,12000,4557,0,0,0,0,0,0,0,0,0,0,0,0,0,0,0,0,0,0,0,0,0,0,18900,7542
2,2025,'121299990',408,  ,KG,0,3000,4687,0,0,0,0,0,0,0,0,0,0,0,0,0,3000,4687,0,0,0,0,0,0,0,0,0,0,0,0,0,0,0,0,0,0,0,0,0
2,2025,'121299990',409,  ,KG,0,205000,48289,0,0,0,0,0,0,0,0,0,0,0,0,0,0,0,0,200000,41249,0,0,0,0,0,0,0,0,0,0,5000,7040,0,0,0,0,0,0
2,2025,'121299990',410,  ,KG,0,9900,16279,0,4600,5022,0,0,0,0,200,1193,0,200,653,0,0,0,0,300,832,0,60,244,0,0,0,0,1340,1558,0,0,0,0,0,0,0,3200,6777
2,2025,'121299990',413,  ,KG,0,40000,13752,0,0,0,0,0,0,0,0,0,0,0,0,0,0,0,0,40000,13752,0,0,0,0,0,0,0,0,0,0,0,0,0,0,0,0,0,0
2,2025,'121299990',504,  ,KG,0,3000,5951,0,0,0,0,0,0,0,0,0,0,0,0,0,0,0,0,3000,5951,0,0,0,0,0,0,0,0,0,0,0,0,0,0,0,0,0,0
2,2025,'121299990',506,  ,KG,0,27024,31727,0,3580,4159,0,3000,4188,0,0,0,0,4412,4997,0,0,0,0,1141,1465,0,1494,1746,0,2002,1472,0,7097,7194,0,100,206,0,1350,2028,0,2848,4272
2,2025,'121299990',524,  ,KG,0,2360,1934,0,0,0,0,0,0,0,396,350,0,0,0,0,988,761,0,0,0,0,0,0,0,296,245,0,384,322,0,0,0,0,0,0,0,296,256
2,2025,'121299990',542,  ,KG,0,102,435,0,0,0,0,0,0,0,0,0,0,0,0,0,0,0,0,102,435,0,0,0,0,0,0,0,0,0,0,0,0,0,0,0,0,0,0
2,2025,'121299990',551,  ,KG,0,196334,157320,0,0,0,0,17000,14248,0,114,577,0,19620,19233,0,27016,17798,0,9038,6575,0,26906,19403,0,19698,15225,0,9270,6337,0,41193,33680,0,1617,1915,0,24862,22329
2,2025,'121299990',601,  ,KG,0,11568,42957,0,557,2641,0,708,2749,0,0,0,0,1925,5360,0,700,1731,0,430,1190,0,617,2898,0,0,0,0,1233,5096,0,554,1599,0,4262,17836,0,582,1857
2,2025,'121299990',606,  ,KG,0,25848,46527,0,0,0,0,0,0,0,0,0,0,9684,15050,0,0,0,0,9684,15050,0,6000,14881,0,0,0,0,0,0,0,0,0,0,0,0,0,480,1546
2,2025,'121299990',619,  ,KG,0,1102,13127,0,0,0,0,0,0,0,1052,12346,0,0,0,0,0,0,0,0,0,0,0,0,0,0,0,0,0,0,0,0,0,0,0,0,0,50,781
2,2025,'121300000',103,  ,MT,0,40,3536,0,10,920,0,0,0,0,10,866,0,0,0,0,0,0,0,10,873,0,0,0,0,0,0,0,10,877,0,0,0,0,0,0,0,0,0
2,2025,'121300000',105,  ,MT,0,232079,10286833,0,17826,938920,0,17684,878148,0,17652,818605,0,20098,886680,0,18635,788824,0,22381,922101,0,23464,964185,0,18579,783609,0,18694,798946,0,21173,922198,0,16115,712151,0,19778,872466
2,2025,'121300000',106,  ,MT,0,0,348,0,0,0,0,0,0,0,0,0,0,0,0,0,0,0,0,0,0,0,0,0,0,0,0,0,0,0,0,0,0,0,0,0,0,0,348
2,2025,'121300000',213,  ,MT,0,10,3639,0,0,0,0,0,0,0,0,0,0,0,0,0,0,0,0,0,0,0,0,0,0,0,0,0,10,3639,0,0,0,0,0,0,0,0,0
2,2025,'121300000',218,  ,MT,0,3807,121156,0,66,2193,0,263,8532,0,0,0,0,375,11522,0,141,4259,0,361,10631,0,351,11031,0,61,1862,0,419,13438,0,354,10921,0,954,31730,0,462,15037
2,2025,'121300000',223,  ,MT,0,0,884,0,0,0,0,0,537,0,0,0,0,0,347,0,0,0,0,0,0,0,0,0,0,0,0,0,0,0,0,0,0,0,0,0,0,0,0
2,2025,'121300000',302,  ,MT,0,2097,88897,0,333,15636,0,168,8204,0,193,8802,0,64,2492,0,335,13552,0,179,6689,0,208,8213,0,137,5196,0,145,5969,0,227,9375,0,108,4769,0,0,0
2,2025,'121300000',304,  ,MT,0,8020,384306,0,543,24367,0,1029,47735,0,149,6306,0,943,41017,0,794,36137,0,849,37024,0,651,26307,0,307,17030,0,555,30428,0,184,9446,0,1380,73931,0,636,34578
2,2025,'121300000',409,  ,MT,0,90,5621,0,0,0,0,90,5621,0,0,0,0,0,0,0,0,0,0,0,0,0,0,0,0,0,0,0,0,0,0,0,0,0,0,0,0,0,0
2,2025,'121300000',601,  ,MT,0,117158,5262467,0,7453,334754,0,7349,335808,0,9154,423119,0,12704,564759,0,10506,455653,0,9619,418308,0,10250,451577,0,11375,501521,0,7249,328415,0,11875,546422,0,9149,420788,0,10475,481343
2,2025,'121410000',207,  ,MT,0,106,7950,0,55,3908,0,0,0,0,0,0,0,0,0,0,0,0,0,0,0,0,51,4042,0,0,0,0,0,0,0,0,0,0,0,0,0,0,0
2,2025,'121410000',210,  ,MT,0,3978,223706,0,161,9344,0,409,22875,0,207,11439,0,478,26824,0,488,27566,0,580,32778,0,478,27179,0,660,37013,0,372,20457,0,145,8231,0,0,0,0,0,0
2,2025,'121410000',218,  ,MT,0,3831,150102,0,197,8453,0,319,11868,0,244,9374,0,219,8916,0,244,9709,0,657,25829,0,269,10484,0,216,7556,0,195,8065,0,442,17631,0,609,23556,0,220,8661
2,2025,'121410000',220,  ,MT,0,37276,1696305,0,3667,183460,0,2926,136478,0,3953,186472,0,2270,101733,0,5068,224334,0,2754,119717,0,2475,110834,0,1879,80470,0,2295,104369,0,3573,157889,0,2445,120398,0,3971,170151
2,2025,'121410000',302,  ,MT,0,14307,813884,0,1107,69585,0,1888,110633,0,1347,78791,0,1157,65562,0,1186,66970,0,522,29730,0,1552,86263,0,946,51940,0,1030,55381,0,1125,61086,0,1762,97137,0,685,40806
2,2025,'121410000',304,  ,MT,0,1471,90777,0,47,4034,0,158,9053,0,0,0,0,226,15333,0,238,12676,0,145,9155,0,204,13335,0,128,7861,0,0,0,0,143,9083,0,42,1939,0,140,8308
2,2025,'121410000',606,  ,MT,0,1197,101959,0,72,6042,0,144,12247,0,120,10072,0,0,0,0,165,13902,0,120,10073,0,48,4026,0,120,10075,0,48,4030,0,192,16272,0,72,6523,0,96,8697
2,2025,'121490010',302,  ,MT,0,881,51413,0,72,4503,0,0,0,0,0,0,0,224,12631,0,0,0,0,127,7049,0,0,0,0,281,17009,0,50,2845,0,127,7376,0,0,0,0,0,0
2,2025,'121490010',304,  ,MT,0,78965,4444581,0,6383,369528,0,7135,415464,0,6955,372808,0,7860,444201,0,7923,421014,0,7948,439769,0,6443,343618,0,6260,358004,0,5321,300995,0,5777,313118,0,5792,346753,0,5168,319309
2,2025,'121490010',409,  ,MT,0,78,4836,0,26,1718,0,0,0,0,0,0,0,0,0,0,26,1489,0,0,0,0,26,1629,0,0,0,0,0,0,0,0,0,0,0,0,0,0,0
2,2025,'121490010',601,  ,MT,0,3626,211111,0,131,8403,0,316,19171,0,238,14063,0,315,18214,0,264,14085,0,367,21047,0,473,26667,0,344,19048,0,314,18707,0,157,9059,0,339,20173,0,368,22474
2,2025,'121490090',105,  ,MT,0,56,1714,0,0,0,0,0,0,0,0,0,0,0,0,0,0,0,0,0,0,0,4,325,0,52,1389,0,0,0,0,0,0,0,0,0,0,0,0
2,2025,'121490090',110,  ,MT,0,21338,543993,0,1689,51149,0,2053,55538,0,1274,31452,0,1767,42652,0,2468,55581,0,1716,44147,0,2053,47004,0,1950,48152,0,1559,40840,0,1170,29456,0,1586,42220,0,2053,55802
2,2025,'121490090',124,  ,MT,0,14684,425654,0,954,24122,0,959,23805,0,961,27338,0,1566,45893,0,845,23838,0,477,19246,0,1183,35073,0,924,39963,0,2073,57119,0,1811,51662,0,1956,50996,0,975,26599
2,2025,'121490090',205,  ,MT,0,40,3732,0,0,0,0,20,1709,0,0,0,0,0,0,0,0,0,0,0,0,0,20,1729,0,0,294,0,0,0,0,0,0,0,0,0,0,0,0
2,2025,'121490090',206,  ,MT,0,0,245,0,0,0,0,0,0,0,0,0,0,0,0,0,0,0,0,0,0,0,0,0,0,0,0,0,0,0,0,0,0,0,0,245,0,0,0
2,2025,'121490090',207,  ,MT,0,25,2601,0,0,0,0,0,0,0,0,0,0,0,0,0,0,0,0,0,0,0,0,0,0,0,0,0,25,2601,0,0,0,0,0,0,0,0,0
2,2025,'121490090',210,  ,MT,0,0,366,0,0,0,0,0,0,0,0,0,0,0,0,0,0,0,0,0,0,0,0,0,0,0,0,0,0,366,0,0,0,0,0,0,0,0,0
2,2025,'121490090',213,  ,MT,0,3,3695,0,1,832,0,0,0,0,1,1275,0,0,0,0,0,0,0,0,347,0,0,228,0,0,0,0,0,0,0,0,0,0,1,1013,0,0,0
2,2025,'121490090',218,  ,MT,0,39489,2037935,0,2069,112933,0,3265,173866,0,2300,117081,0,3160,170849,0,3052,154266,0,4246,215996,0,3829,205942,0,3874,205301,0,3525,175747,0,3932,197190,0,3676,171656,0,2561,137108
2,2025,'121490090',220,  ,MT,0,7341,304803,0,965,43295,0,332,14489,0,439,18663,0,507,20818,0,1084,42243,0,929,37839,0,771,31355,0,497,20679,0,612,24915,0,364,15153,0,213,8793,0,628,26561
2,2025,'121490090',227,  ,MT,0,0,440,0,0,0,0,0,0,0,0,0,0,0,0,0,0,0,0,0,0,0,0,0,0,0,0,0,0,0,0,0,440,0,0,0,0,0,0
2,2025,'121490090',237,  ,MT,0,1998,101228,0,0,0,0,48,2458,0,122,5712,0,96,4511,0,24,1087,0,138,6294,0,84,3835,0,271,13667,0,74,4007,0,889,46054,0,126,6718,0,126,6885
2,2025,'121490090',302,  ,MT,0,191036,11083126,0,13743,849081,0,14877,900868,0,16744,976170,0,16460,944424,0,21924,1218983,0,18463,1029336,0,18539,1045918,0,13302,764042,0,14703,842766,0,13905,811017,0,12025,711009,0,16351,989512
2,2025,'121490090',304,  ,MT,0,1004835,55948604,0,87094,5106583,0,80005,4582790,0,77573,4298968,0,86091,4708639,0,112166,5970914,0,103388,5419070,0,84063,4549685,0,78986,4347092,0,65352,3686985,0,82624,4628423,0,71206,4148169,0,76287,4501286
2,2025,'121490090',601,  ,MT,0,391380,21305810,0,36029,2067647,0,23208,1302670,0,32927,1792106,0,32423,1732156,0,36915,1909475,0,34823,1785779,0,36073,1918847,0,34630,1875395,0,30829,1676986,0,32888,1804161,0,29852,1681640,0,30783,1758948
2,2025,'121490090',606,  ,MT,0,4696,405936,0,683,41005,0,344,23875,0,408,37191,0,288,26397,0,266,24235,0,427,39112,0,432,39575,0,312,29369,0,408,36917,0,360,33495,0,264,25447,0,504,49318
2,2025,'12XXXXXXA',127,  ,MT,0,399,58685,0,0,0,0,0,0,0,0,0,0,0,0,0,0,0,0,0,0,0,0,0,0,0,0,0,0,0,0,399,58685,0,0,0,0,0,0
2,2025,'12XXXXXXA',304,  ,MT,0,1947,483188,0,0,0,0,0,0,0,100,29996,0,0,0,0,597,147269,0,199,47156,0,297,71426,0,496,121176,0,258,66165,0,0,0,0,0,0,0,0,0
2,2025,'12XXXXXXA',307,  ,MT,0,522,249631,0,0,0,0,0,0,0,0,0,0,0,0,0,0,0,0,54,26671,0,180,86755,0,72,34850,0,108,50729,0,90,42317,0,0,0,0,18,8309
2,2025,'12XXXXXXA',413,  ,MT,0,308,93544,0,105,32944,0,203,60600,0,0,0,0,0,0,0,0,0,0,0,0,0,0,0,0,0,0,0,0,0,0,0,0,0,0,0,0,0,0
2,2025,'12XXXXXXA',549,  ,MT,0,148,38649,0,148,38649,0,0,0,0,0,0,0,0,0,0,0,0,0,0,0,0,0,0,0,0,0,0,0,0,0,0,0,0,0,0,0,0,0
2,2025,'12XXXXXXA',553,  ,MT,0,3454,767008,0,613,139834,0,459,104941,0,499,112967,0,932,209434,0,18,4055,0,0,0,0,0,0,0,0,0,0,0,0,0,0,0,0,99,24575,0,834,171202
2,2025,'130120000',123,  ,KG,0,24475,23631,0,0,0,0,0,0,0,5125,4371,0,1300,870,0,0,0,0,0,0,0,2000,2749,0,6000,6912,0,1800,1195,0,3250,2093,0,5000,5441,0,0,0
2,2025,'130120000',205,  ,KG,0,15250,22601,0,0,0,0,0,0,0,50,430,0,0,0,0,0,0,0,0,0,0,800,1118,0,7200,10410,0,0,0,0,0,0,0,7200,10643,0,0,0
2,2025,'130120000',210,  ,KG,0,754985,699469,0,66600,58055,0,77885,70850,0,61000,61887,0,84880,83516,0,50000,44405,0,51440,49331,0,134080,118953,0,56000,44435,0,6175,7062,0,63725,59809,0,49400,49637,0,53800,51529
2,2025,'130120000',213,  ,KG,0,45880,61486,0,0,0,0,15740,17644,0,0,0,0,0,0,0,0,0,0,0,0,0,14040,18272,0,0,0,0,0,0,0,0,0,0,0,0,0,16100,25570
2,2025,'130120000',507,  ,KG,0,1592544,1397682,0,152144,119785,0,94000,76283,0,20000,14812,0,20000,23679,0,102000,90349,0,40000,32417,0,154000,141737,0,40300,36102,0,334000,288963,0,314100,276138,0,194000,187180,0,128000,110237
2,2025,'130120000',520,  ,KG,0,48000,28223,0,0,0,0,20000,11694,0,0,0,0,20000,11645,0,8000,4884,0,0,0,0,0,0,0,0,0,0,0,0,0,0,0,0,0,0,0,0,0
2,2025,'130190100',123,  ,KG,0,59030,148096,0,0,0,0,0,0,0,0,0,0,0,0,0,0,0,0,22500,56966,0,0,0,0,30,301,0,12500,30954,0,24000,59875,0,0,0,0,0,0
2,2025,'130190910',110,  ,KG,0,297,882,0,0,0,0,0,0,0,0,0,0,0,0,0,0,0,0,0,0,0,0,0,0,0,0,0,0,0,0,297,882,0,0,0,0,0,0
2,2025,'130190910',111,  ,KG,0,105000,219817,0,30000,59030,0,0,0,0,0,0,0,30000,62567,0,0,0,0,0,0,0,15000,35898,0,15000,33594,0,0,0,0,0,0,0,0,0,0,15000,28728
2,2025,'130190910',123,  ,KG,0,96150,225393,0,21000,43233,0,0,0,0,25050,59088,0,0,0,0,0,0,0,0,0,0,0,0,0,0,0,0,0,0,0,25050,61346,0,0,0,0,25050,61726
2,2025,'130190920',105,  ,KG,0,47,204,0,0,0,0,0,0,0,0,0,0,0,0,0,0,0,0,47,204,0,0,0,0,0,0,0,0,0,0,0,0,0,0,0,0,0,0
2,2025,'130190990',105,  ,KG,0,24000,10872,0,12000,5544,0,0,0,0,0,0,0,0,0,0,0,0,0,12000,5328,0,0,0,0,0,0,0,0,0,0,0,0,0,0,0,0,0,0
2,2025,'130190990',117,  ,KG,0,5440,6002,0,0,0,0,0,0,0,0,0,0,0,0,0,5440,6002,0,0,0,0,0,0,0,0,0,0,0,0,0,0,0,0,0,0,0,0,0
2,2025,'130190990',118,  ,KG,0,95080,56822,0,20,237,0,18000,8378,0,18500,17413,0,26020,14379,0,490,668,0,16000,6862,0,0,0,0,0,0,0,16000,7020,0,0,0,0,20,229,0,30,1636
2,2025,'130190990',123,  ,KG,0,127435,165531,0,10,368,0,17000,17942,0,0,0,0,400,414,0,5000,6837,0,10000,15543,0,37000,39888,0,15000,19197,0,10000,15304,0,6000,8265,0,27025,41773,0,0,0
2,2025,'130190990',133,  ,KG,0,4900,70478,0,0,0,0,0,0,0,0,0,0,200,5277,0,1700,20612,0,0,0,0,0,0,0,2500,36904,0,0,0,0,0,0,0,0,0,0,500,7685
2,2025,'130190990',141,  ,KG,0,15,798,0,0,0,0,0,0,0,0,0,0,0,0,0,0,0,0,15,798,0,0,0,0,0,0,0,0,0,0,0,0,0,0,0,0,0,0
2,2025,'130190990',210,  ,KG,0,14,449,0,0,0,0,0,0,0,0,0,0,0,0,0,0,0,0,14,449,0,0,0,0,0,0,0,0,0,0,0,0,0,0,0,0,0,0
2,2025,'130190990',213,  ,KG,0,5,369,0,0,0,0,0,0,0,0,0,0,0,0,0,0,0,0,0,0,0,0,0,0,0,0,0,0,0,0,5,369,0,0,0,0,0,0
2,2025,'130190990',218,  ,KG,0,4350,23444,0,2000,11197,0,0,0,0,0,0,0,2350,12247,0,0,0,0,0,0,0,0,0,0,0,0,0,0,0,0,0,0,0,0,0,0,0,0
2,2025,'130190990',225,  ,KG,0,50,798,0,0,0,0,0,0,0,0,0,0,0,0,0,0,0,0,0,0,0,0,0,0,0,0,0,0,0,0,0,0,0,0,0,0,50,798
2,2025,'130190990',230,  ,KG,0,556,10431,0,0,0,0,100,1524,0,0,0,0,0,0,0,0,0,0,150,2320,0,10,221,0,0,0,0,11,272,0,10,310,0,150,2504,0,125,3280
2,2025,'130190990',304,  ,KG,0,42,751,0,0,0,0,0,0,0,0,0,0,42,751,0,0,0,0,0,0,0,0,0,0,0,0,0,0,0,0,0,0,0,0,0,0,0,0
2,2025,'130190990',401,  ,KG,0,560,7423,0,0,0,0,0,0,0,0,0,0,0,0,0,0,0,0,0,0,0,0,0,0,560,7423,0,0,0,0,0,0,0,0,0,0,0,0
2,2025,'130190990',410,  ,KG,0,224,794,0,20,271,0,0,0,0,0,0,0,0,0,0,0,0,0,0,0,0,0,0,0,0,0,0,0,0,0,204,523,0,0,0,0,0,0
2,2025,'130190990',507,  ,KG,0,400,1086,0,0,0,0,0,0,0,200,537,0,0,0,0,0,0,0,0,0,0,0,0,0,0,0,0,0,0,0,0,0,0,200,549,0,0,0
2,2025,'130190990',540,  ,KG,0,1501,6656,0,0,0,0,0,0,0,0,0,0,0,0,0,500,1466,0,0,0,0,500,2493,0,0,0,0,0,0,0,0,0,0,501,2697,0,0,0
2,2025,'130212000',105,  ,KG,0,29943,58787,0,50,2351,0,0,0,0,141,752,0,13682,19083,0,0,0,0,529,4841,0,982,5153,0,0,0,0,11000,13478,0,3059,12197,0,500,932,0,0,0
2,2025,'130212000',123,  ,KG,0,20,26101,0,20,26101,0,0,0,0,0,0,0,0,0,0,0,0,0,0,0,0,0,0,0,0,0,0,0,0,0,0,0,0,0,0,0,0,0
2,2025,'130212000',210,  ,KG,0,26480,58554,0,0,0,0,1270,5358,0,0,0,0,1440,3763,0,0,0,0,7020,13379,0,0,0,0,8290,18553,0,0,0,0,0,0,0,8460,17501,0,0,0
2,2025,'130212000',213,  ,KG,0,75,281,0,0,0,0,0,0,0,0,0,0,0,0,0,0,0,0,0,0,0,75,281,0,0,0,0,0,0,0,0,0,0,0,0,0,0,0
2,2025,'130212000',220,  ,KG,0,60,1487,0,0,0,0,30,721,0,0,0,0,0,0,0,0,0,0,0,0,0,0,0,0,0,0,0,30,766,0,0,0,0,0,0,0,0,0
2,2025,'130212000',304,  ,KG,0,6600,19286,0,6600,19286,0,0,0,0,0,0,0,0,0,0,0,0,0,0,0,0,0,0,0,0,0,0,0,0,0,0,0,0,0,0,0,0,0
2,2025,'130213000',205,  ,KG,0,491,6161,0,0,0,0,7,337,0,0,0,0,240,2751,0,0,0,0,0,0,0,0,0,0,0,0,0,0,0,0,240,2845,0,0,0,0,4,228
2,2025,'130213000',213,  ,KG,0,155634,1134135,0,23928,174152,0,25817,241203,0,90,1089,0,0,0,0,38997,283876,0,15408,86547,0,4945,31423,0,175,1589,0,12240,84207,0,0,0,0,22969,152512,0,11065,77537
2,2025,'130213000',218,  ,KG,0,100,887,0,0,0,0,0,0,0,0,0,0,0,0,0,0,0,0,0,0,0,0,0,0,0,0,0,0,0,0,100,887,0,0,0,0,0,0
2,2025,'130213000',304,  ,KG,0,492,18521,0,12,468,0,60,1936,0,54,727,0,0,0,0,102,4268,0,80,1446,0,136,8646,0,0,0,0,0,0,0,14,516,0,34,514,0,0,0
2,2025,'130213000',606,  ,KG,0,5,401,0,0,0,0,0,0,0,0,0,0,0,0,0,0,0,0,0,0,0,0,0,0,0,0,0,0,0,0,5,401,0,0,0,0,0,0
2,2025,'130219110',103,  ,KG,0,950,2484,0,0,0,0,0,0,0,0,0,0,0,0,0,0,0,0,650,1109,0,0,0,0,0,0,0,0,0,0,300,1375,0,0,0,0,0,0
2,2025,'130219110',105,  ,KG,0,1800,4237,0,0,0,0,600,1811,0,0,0,0,1200,2426,0,0,0,0,0,0,0,0,0,0,0,0,0,0,0,0,0,0,0,0,0,0,0,0
2,2025,'130219110',106,  ,KG,0,5004,7529,0,0,0,0,0,0,0,5004,7529,0,0,0,0,0,0,0,0,0,0,0,0,0,0,0,0,0,0,0,0,0,0,0,0,0,0,0
2,2025,'130219110',111,  ,KG,0,1240,4363,0,0,0,0,0,0,0,0,0,0,0,0,0,0,0,0,0,0,0,0,0,0,1240,4363,0,0,0,0,0,0,0,0,0,0,0,0
2,2025,'130219110',205,  ,KG,0,120,4752,0,0,0,0,120,4752,0,0,0,0,0,0,0,0,0,0,0,0,0,0,0,0,0,0,0,0,0,0,0,0,0,0,0,0,0,0
2,2025,'130219110',213,  ,KG,0,531,3678,0,0,0,0,0,0,0,300,2904,0,0,0,0,0,0,0,0,0,0,0,0,0,0,0,0,0,0,0,231,774,0,0,0,0,0,0
2,2025,'130219110',218,  ,KG,0,20,249,0,0,0,0,0,0,0,0,0,0,0,0,0,0,0,0,0,0,0,20,249,0,0,0,0,0,0,0,0,0,0,0,0,0,0,0
2,2025,'130219110',304,  ,KG,0,9099,113779,0,0,0,0,0,0,0,10,317,0,2398,26332,0,0,0,0,1600,25859,0,848,1674,0,0,0,0,1625,26754,0,200,3844,0,20,610,0,2398,28389
2,2025,'130219110',551,  ,KG,0,1080,7538,0,0,0,0,0,0,0,180,935,0,54,540,0,378,2193,0,0,0,0,0,0,0,0,0,0,0,0,0,0,0,0,0,0,0,468,3870
2,2025,'130219120',304,  ,KG,0,9578,20333,0,0,0,0,3193,6868,0,0,0,0,0,0,0,3193,6364,0,0,0,0,0,0,0,0,0,0,1596,3449,0,0,0,0,0,0,0,1596,3652
2,2025,'130219210',105,  ,KG,0,25395,256220,0,1000,10700,0,0,0,0,0,0,0,0,0,0,0,0,0,500,4530,0,1300,10919,0,0,0,0,1000,9828,0,1050,10174,0,8200,80695,0,12345,129374
2,2025,'130219231',105,  ,KG,0,43200,58252,0,0,0,0,0,0,0,0,0,0,0,0,0,0,0,0,14400,18984,0,0,0,0,14400,19322,0,0,0,0,0,0,0,14400,19946,0,0,0
2,2025,'130219231',123,  ,KG,0,460,1675,0,80,347,0,0,0,0,80,283,0,0,0,0,0,0,0,0,0,0,0,0,0,160,535,0,0,0,0,0,0,0,140,510,0,0,0
2,2025,'130219231',207,  ,KG,0,320,3166,0,80,1156,0,0,0,0,0,0,0,60,480,0,0,0,0,0,0,0,60,502,0,60,507,0,0,0,0,60,521,0,0,0,0,0,0
2,2025,'130219231',210,  ,KG,0,778,7782,0,0,0,0,0,0,0,5,201,0,0,0,0,24,485,0,280,3915,0,60,265,0,4,274,0,0,0,0,5,356,0,0,0,0,400,2286
2,2025,'130219231',213,  ,KG,0,2080,13701,0,0,0,0,725,3131,0,200,1391,0,100,1809,0,130,1706,0,0,0,0,850,5097,0,0,0,0,0,0,0,0,0,0,0,0,0,75,567
2,2025,'130219231',215,  ,KG,0,75,507,0,0,0,0,0,0,0,0,0,0,0,0,0,0,0,0,0,0,0,0,0,0,0,0,0,50,264,0,0,0,0,25,243,0,0,0
2,2025,'130219231',304,  ,KG,0,5270,78937,0,9,1161,0,1379,24985,0,191,3966,0,1284,25305,0,30,1055,0,79,771,0,466,5230,0,0,0,0,920,8270,0,902,7768,0,0,0,0,10,426
2,2025,'130219239',103,  ,KG,0,103290,1665471,0,9246,152640,0,7192,34707,0,10607,180081,0,7931,183722,0,16432,216409,0,962,23035,0,11795,111039,0,3728,68481,0,2867,84103,0,6307,136929,0,18839,295980,0,7384,178345
2,2025,'130219239',105,  ,KG,0,1701237,4384410,0,132064,342966,0,126971,279182,0,124556,287943,0,157142,290000,0,121142,364128,0,145927,346920,0,188798,319346,0,118880,220276,0,133455,653571,0,122301,436934,0,161571,504150,0,168430,338994
2,2025,'130219239',106,  ,KG,0,8998,51112,0,282,8355,0,84,3866,0,745,5955,0,70,1601,0,116,2392,0,25,584,0,6295,12762,0,68,1498,0,81,2205,0,100,2929,0,72,1882,0,1060,7083
2,2025,'130219239',107,  ,KG,0,9,337,0,0,0,0,0,0,0,0,0,0,0,0,0,0,0,0,0,0,0,0,0,0,0,0,0,0,0,0,0,0,0,0,0,0,9,337
2,2025,'130219239',108,  ,KG,0,600,3895,0,0,0,0,0,0,0,0,0,0,0,0,0,600,3895,0,0,0,0,0,0,0,0,0,0,0,0,0,0,0,0,0,0,0,0,0
2,2025,'130219239',110,  ,KG,0,938146,156477,0,64695,7854,0,63790,5606,0,42150,20346,0,103180,9015,0,41188,7456,0,102470,8433,0,102800,19728,0,61370,4662,0,42948,19928,0,101920,9179,0,124145,36108,0,87490,8162
2,2025,'130219239',111,  ,KG,0,14525,21306,0,1300,2197,0,0,0,0,0,0,0,0,0,0,0,0,0,7321,5360,0,100,586,0,2008,901,0,1800,11705,0,0,0,0,0,0,0,1996,557
2,2025,'130219239',113,  ,KG,0,1605,97931,0,60,1488,0,80,8629,0,100,9786,0,385,10582,0,70,1417,0,300,18051,0,100,13175,0,60,2032,0,220,21247,0,30,3444,0,200,8080,0,0,0
2,2025,'130219239',117,  ,KG,0,123,243,0,0,0,0,0,0,0,0,0,0,0,0,0,123,243,0,0,0,0,0,0,0,0,0,0,0,0,0,0,0,0,0,0,0,0,0
2,2025,'130219239',118,  ,KG,0,10861,145476,0,100,3355,0,790,19924,0,1400,22438,0,110,7764,0,1972,6387,0,1069,11997,0,112,17149,0,1380,6282,0,1035,24075,0,1483,13602,0,975,10213,0,435,2290
2,2025,'130219239',123,  ,KG,0,339703,2485324,0,23588,173823,0,9095,140581,0,24307,218937,0,17810,172028,0,19056,165330,0,18843,182736,0,20705,177495,0,133576,207887,0,26180,220089,0,17893,335747,0,12008,248699,0,16642,241972
2,2025,'130219239',124,  ,KG,0,624,267,0,0,0,0,0,0,0,0,0,0,0,0,0,624,267,0,0,0,0,0,0,0,0,0,0,0,0,0,0,0,0,0,0,0,0,0
2,2025,'130219239',143,  ,KG,0,810,36643,0,20,883,0,0,0,0,15,996,0,95,6093,0,70,4475,0,455,15449,0,75,4807,0,10,389,0,0,0,0,0,0,0,70,3551,0,0,0
2,2025,'130219239',202,  ,KG,0,10000,13228,0,0,0,0,0,0,0,0,0,0,0,0,0,2000,2486,0,0,0,0,2000,2617,0,0,0,0,5000,6687,0,0,0,0,1000,1438,0,0,0
2,2025,'130219239',204,  ,KG,0,65,5955,0,13,1191,0,0,0,0,0,0,0,13,1191,0,0,0,0,13,1191,0,0,0,0,0,0,0,0,0,0,0,0,0,26,2382,0,0,0
2,2025,'130219239',205,  ,KG,0,11,761,0,0,0,0,2,560,0,0,0,0,0,0,0,0,0,0,0,0,0,0,0,0,0,0,0,9,201,0,0,0,0,0,0,0,0,0
2,2025,'130219239',206,  ,KG,0,3760,5887,0,0,0,0,0,0,0,0,0,0,1800,4807,0,0,0,0,0,0,0,0,0,0,0,0,0,0,0,0,1960,1080,0,0,0,0,0,0
2,2025,'130219239',207,  ,KG,0,25888,84862,0,225,3333,0,2955,6633,0,200,8078,0,0,0,0,698,10176,0,3010,6307,0,150,1198,0,15200,36816,0,128,3768,0,3310,8087,0,12,466,0,0,0
2,2025,'130219239',208,  ,KG,0,616,3500,0,0,0,0,0,0,0,0,0,0,445,1231,0,125,1413,0,10,239,0,11,309,0,25,308,0,0,0,0,0,0,0,0,0,0,0,0
2,2025,'130219239',210,  ,KG,0,709560,2295556,0,45780,77669,0,18818,186410,0,2752,37372,0,90296,344888,0,49413,134789,0,49023,208945,0,93811,278320,0,111911,157815,0,62750,171691,0,91249,322957,0,47671,237095,0,46086,137605
2,2025,'130219239',211,  ,KG,0,130,2279,0,0,0,0,0,0,0,0,0,0,60,1275,0,0,0,0,0,0,0,0,0,0,25,351,0,0,0,0,25,361,0,20,292,0,0,0
2,2025,'130219239',213,  ,KG,0,17699,500036,0,920,36329,0,885,10567,0,727,34928,0,658,26135,0,793,22330,0,1663,51766,0,2713,50331,0,1172,42993,0,1399,48056,0,3626,102841,0,1705,34596,0,1438,39164
2,2025,'130219239',215,  ,KG,0,3402,95368,0,372,12157,0,22,784,0,399,6984,0,252,8896,0,396,7554,0,204,9387,0,156,7098,0,380,12836,0,248,10379,0,94,2747,0,478,6878,0,401,9668
2,2025,'130219239',218,  ,KG,0,12973,474043,0,679,34687,0,903,12714,0,992,53766,0,338,11207,0,989,21049,0,827,53451,0,876,18831,0,80,3757,0,1453,49710,0,3473,97740,0,902,39814,0,1461,77317
2,2025,'130219239',220,  ,KG,0,5844,145299,0,130,14950,0,10,356,0,484,10457,0,228,7597,0,231,4281,0,583,13535,0,1523,30840,0,0,0,0,1160,19608,0,720,22250,0,775,21425,0,0,0
2,2025,'130219239',222,  ,KG,0,71,571,0,0,0,0,0,0,0,5,340,0,0,0,0,0,0,0,66,231,0,0,0,0,0,0,0,0,0,0,0,0,0,0,0,0,0,0
2,2025,'130219239',223,  ,KG,0,242,5601,0,0,0,0,21,304,0,0,0,0,21,302,0,0,0,0,0,0,0,0,0,0,0,0,0,0,0,0,200,4995,0,0,0,0,0,0
2,2025,'130219239',224,  ,KG,0,2129,88331,0,190,16396,0,0,0,0,0,0,0,360,21325,0,999,6028,0,140,9939,0,0,0,0,140,10055,0,0,0,0,130,9394,0,120,8925,0,50,6269
2,2025,'130219239',227,  ,KG,0,57,10501,0,0,0,0,9,2053,0,3,528,0,9,1584,0,3,528,0,6,1056,0,12,2112,0,0,0,0,6,1056,0,6,1056,0,0,0,0,3,528
2,2025,'130219239',228,  ,KG,0,200,1925,0,0,0,0,0,0,0,0,0,0,0,0,0,200,1925,0,0,0,0,0,0,0,0,0,0,0,0,0,0,0,0,0,0,0,0,0
2,2025,'130219239',232,  ,KG,0,432,20249,0,103,5080,0,0,0,0,120,4829,0,0,0,0,103,5055,0,0,0,0,106,5285,0,0,0,0,0,0,0,0,0,0,0,0,0,0,0
2,2025,'130219239',235,  ,KG,0,111,3200,0,0,0,0,0,0,0,0,0,0,50,801,0,0,0,0,0,0,0,0,0,0,0,0,0,0,0,0,0,0,0,61,2399,0,0,0
2,2025,'130219239',237,  ,KG,0,2349,1254,0,0,0,0,0,0,0,0,0,0,0,0,0,2349,1254,0,0,0,0,0,0,0,0,0,0,0,0,0,0,0,0,0,0,0,0,0
2,2025,'130219239',242,  ,KG,0,3030,31287,0,0,0,0,0,0,0,0,0,0,0,0,0,0,0,0,0,0,0,0,0,0,0,0,0,3000,30864,0,30,423,0,0,0,0,0,0
2,2025,'130219239',245,  ,KG,0,490,42947,0,50,1478,0,40,661,0,200,20612,0,0,0,0,0,0,0,0,0,0,200,20196,0,0,0,0,0,0,0,0,0,0,0,0,0,0,0
2,2025,'130219239',302,  ,KG,0,123570,113350,0,20,1672,0,21454,18802,0,12947,10973,0,44362,40059,0,990,4356,0,0,0,0,21745,15056,0,0,0,0,0,0,0,30,2414,0,0,0,0,22022,20018
2,2025,'130219239',304,  ,KG,0,135146,1803237,0,12304,258223,0,2249,46020,0,19280,231350,0,17832,139597,0,25137,380590,0,16706,144722,0,8170,131572,0,4948,112537,0,3142,62912,0,18973,185470,0,3097,76216,0,3308,34028
2,2025,'130219239',305,  ,KG,0,24973,84849,0,2006,4552,0,10,259,0,0,0,0,7995,21985,0,2685,24715,0,0,0,0,2157,4444,0,4100,9850,0,10,250,0,0,0,0,6010,18794,0,0,0
2,2025,'130219239',312,  ,KG,0,59,810,0,0,0,0,0,0,0,0,0,0,0,0,0,0,0,0,0,0,0,0,0,0,22,347,0,17,226,0,0,0,0,20,237,0,0,0
2,2025,'130219239',321,  ,KG,0,10,1033,0,0,0,0,0,0,0,0,0,0,0,0,0,0,0,0,3,309,0,0,0,0,0,0,0,7,724,0,0,0,0,0,0,0,0,0
2,2025,'130219239',407,  ,KG,0,9511,146476,0,398,5328,0,300,5349,0,3016,33825,0,300,5819,0,1260,21354,0,21,364,0,680,11140,0,613,11853,0,660,11297,0,700,12169,0,611,10873,0,952,17105
2,2025,'130219239',410,  ,KG,0,678197,126125,0,0,0,0,3240,12761,0,653,17682,0,226830,22811,0,4360,15017,0,138431,15537,0,183780,19494,0,540,2924,0,2000,5235,0,1000,2613,0,0,0,0,117363,12051
2,2025,'130219239',501,  ,KG,0,30,1525,0,0,0,0,0,0,0,0,0,0,0,0,0,20,538,0,0,0,0,10,987,0,0,0,0,0,0,0,0,0,0,0,0,0,0,0
2,2025,'130219239',546,  ,KG,0,5410,52181,0,1520,15094,0,0,0,0,0,0,0,0,0,0,2200,19974,0,0,0,0,0,0,0,100,807,0,0,0,0,10,919,0,1440,12615,0,140,2772
2,2025,'130219239',548,  ,KG,0,1920,14349,0,0,0,0,0,0,0,0,0,0,0,0,0,1920,14349,0,0,0,0,0,0,0,0,0,0,0,0,0,0,0,0,0,0,0,0,0
2,2025,'130219239',551,  ,KG,0,44093,42859,0,0,0,0,1,270,0,0,0,0,121,588,0,20790,17752,0,0,0,0,5000,7882,0,0,287,0,18160,15826,0,0,0,0,21,254,0,0,0
2,2025,'130219239',601,  ,KG,0,2788,3753,0,0,0,0,78,2178,0,0,0,0,0,0,0,1302,730,0,0,0,0,0,0,0,0,0,0,0,0,0,0,0,0,0,0,0,1408,845
2,2025,'130219239',606,  ,KG,0,257,11344,0,0,0,0,22,2915,0,63,731,0,0,0,0,21,2620,0,0,0,0,0,0,0,0,0,0,129,4441,0,21,417,0,1,220,0,0,0
2,2025,'130219310',105,  ,KG,0,700,32138,0,0,0,0,0,0,0,350,15501,0,0,0,0,0,0,0,0,0,0,0,0,0,0,0,0,0,0,0,0,0,0,0,0,0,350,16637
2,2025,'130219310',541,  ,KG,0,75,3456,0,0,0,0,25,1238,0,0,0,0,0,0,0,0,0,0,50,2218,0,0,0,0,0,0,0,0,0,0,0,0,0,0,0,0,0,0
2,2025,'130219310',601,  ,KG,0,3880,196163,0,0,0,0,150,5378,0,0,0,0,0,0,0,0,0,0,50,2633,0,0,0,0,3480,180875,0,0,0,0,200,7277,0,0,0,0,0,0
2,2025,'130219390',103,  ,KG,0,3,480,0,0,0,0,0,0,0,0,0,0,0,0,0,0,0,0,0,0,0,0,0,0,1,239,0,0,0,0,0,0,0,0,0,0,2,241
2,2025,'130219390',123,  ,KG,0,95,3209,0,15,1429,0,20,340,0,0,0,0,0,0,0,0,0,0,0,0,0,0,0,0,10,1152,0,0,0,0,0,0,0,0,0,0,50,288
2,2025,'130219390',221,  ,KG,0,8,647,0,0,0,0,0,0,0,0,0,0,0,0,0,8,647,0,0,0,0,0,0,0,0,0,0,0,0,0,0,0,0,0,0,0,0,0
2,2025,'130220000',105,  ,KG,0,94100,219734,0,3000,8242,0,4800,10304,0,7000,17453,0,8250,20556,0,22700,50265,0,2000,4684,0,3500,7637,0,10600,23110,0,6000,13831,0,0,0,0,4000,8477,0,22250,55175
2,2025,'130220000',204,  ,KG,0,886995,2732403,0,83441,257152,0,60767,194798,0,127477,359546,0,64625,210393,0,97321,319762,0,780,3128,0,75527,226361,0,86766,273370,0,59815,190192,0,43970,131315,0,43760,139324,0,142746,427062
2,2025,'130220000',210,  ,KG,0,488825,1429160,0,82875,252084,0,15000,41143,0,18000,58800,0,51000,142922,0,66950,187273,0,20000,64790,0,21000,53096,0,79950,228368,0,10000,28301,0,75425,218589,0,0,0,0,48625,153794
2,2025,'130220000',213,  ,KG,0,353200,947234,0,16200,42670,0,30550,80215,0,8350,23916,0,45550,121221,0,29900,79097,0,6250,12937,0,34400,89766,0,45050,129661,0,34500,91609,0,28850,70881,0,39450,109600,0,34150,95661
2,2025,'130220000',218,  ,KG,0,6600,11333,0,0,0,0,0,0,0,0,0,0,0,0,0,0,0,0,0,0,0,0,0,0,0,0,0,0,0,0,6600,11333,0,0,0,0,0,0
2,2025,'130220000',220,  ,KG,0,4000,10776,0,0,0,0,2000,5298,0,0,0,0,0,0,0,0,0,0,0,0,0,0,0,0,2000,5478,0,0,0,0,0,0,0,0,0,0,0,0
2,2025,'130220000',245,  ,KG,0,9200,20616,0,0,0,0,600,1677,0,0,0,0,0,0,0,0,0,0,1000,2334,0,7220,15611,0,0,0,0,0,0,0,380,994,0,0,0,0,0,0
2,2025,'130220000',305,  ,KG,0,239825,575574,0,15950,41916,0,0,0,0,4000,9701,0,47025,114948,0,17275,39776,0,49000,122274,0,0,0,0,24475,55233,0,19900,38383,0,19450,44597,0,24850,64838,0,17900,43908
2,2025,'130220000',410,  ,KG,0,139605,297848,0,10500,20756,0,0,0,0,30500,66216,0,10500,21470,0,10500,21471,0,10000,22517,0,10500,21687,0,20500,44506,0,10000,22818,0,0,0,0,20500,43949,0,6105,12458
2,2025,'130231000',103,  ,KG,0,82849,349040,0,10859,44821,0,13206,55305,0,3700,15284,0,6500,26657,0,1000,3288,0,13411,63436,0,2300,11179,0,10600,36464,0,4300,24632,0,12073,51939,0,3000,9644,0,1900,6391
2,2025,'130231000',105,  ,KG,0,160363,389575,0,4290,14107,0,13000,34499,0,3320,10175,0,27140,61870,0,22300,52720,0,2300,5588,0,32290,75500,0,300,1619,0,23400,55784,0,8608,20226,0,1715,3744,0,21700,53743
2,2025,'130231000',106,  ,KG,0,300,1632,0,0,0,0,0,0,0,0,0,0,0,0,0,0,0,0,0,0,0,300,1632,0,0,0,0,0,0,0,0,0,0,0,0,0,0,0
2,2025,'130231000',110,  ,KG,0,7100,12290,0,600,1132,0,0,0,0,1000,1687,0,0,0,0,1000,1589,0,0,0,0,2500,4263,0,0,0,0,0,0,0,0,0,0,0,0,0,2000,3619
2,2025,'130231000',117,  ,KG,0,170,273,0,0,0,0,0,0,0,0,0,0,0,0,0,0,0,0,0,0,0,0,0,0,0,0,0,0,0,0,170,273,0,0,0,0,0,0
2,2025,'130231000',118,  ,KG,0,172500,363887,0,9000,22587,0,6000,14273,0,10600,27114,0,11000,24642,0,30900,57549,0,13000,28280,0,11500,25022,0,23900,42857,0,14000,32919,0,2000,4187,0,11700,28801,0,28900,55656
2,2025,'130231000',123,  ,KG,0,2800,6972,0,0,0,0,0,0,0,0,0,0,0,0,0,2800,6972,0,0,0,0,0,0,0,0,0,0,0,0,0,0,0,0,0,0,0,0,0
2,2025,'130231000',210,  ,KG,0,10,247,0,0,0,0,0,0,0,0,0,0,0,0,0,10,247,0,0,0,0,0,0,0,0,0,0,0,0,0,0,0,0,0,0,0,0,0
2,2025,'130231000',218,  ,KG,0,28492,140529,0,0,0,0,0,0,0,6000,28080,0,20,761,0,2360,11448,0,524,2663,0,400,2148,0,5500,23985,0,2100,9713,0,3020,15777,0,8545,45669,0,23,285
2,2025,'130231000',220,  ,KG,0,2575,7315,0,100,336,0,0,0,0,0,0,0,200,701,0,0,0,0,0,0,0,1200,3278,0,0,0,0,1000,2718,0,0,0,0,75,282,0,0,0
2,2025,'130231000',304,  ,KG,0,1449,16367,0,140,1626,0,115,1058,0,158,2002,0,162,1938,0,105,1266,0,233,2626,0,120,1094,0,120,1384,0,74,858,0,175,1833,0,0,0,0,47,682
2,2025,'130231000',305,  ,KG,0,1000,10320,0,0,0,0,1000,10320,0,0,0,0,0,0,0,0,0,0,0,0,0,0,0,0,0,0,0,0,0,0,0,0,0,0,0,0,0,0
2,2025,'130231000',409,  ,KG,0,670500,2923174,0,80000,365847,0,80000,352663,0,20500,89102,0,60000,254779,0,80000,335133,0,40000,171012,0,40000,169891,0,40000,169857,0,80000,344081,0,40000,175229,0,50000,229454,0,60000,266126
2,2025,'130231000',501,  ,KG,0,336000,1483113,0,24000,105414,0,24000,106155,0,24000,106144,0,48000,214759,0,24000,106332,0,24000,106227,0,48000,211547,0,24000,105319,0,24000,105319,0,24000,105290,0,24000,105299,0,24000,105308
2,2025,'130232010',204,  ,KG,0,101700,566391,0,8200,49155,0,12200,70788,0,3600,20354,0,5400,29000,0,20400,108565,0,0,0,0,0,0,0,8300,46062,0,9500,50173,0,7200,39664,0,14100,78770,0,12800,73860
2,2025,'130232010',215,  ,KG,0,27700,66813,0,1350,3806,0,4025,8809,0,0,0,0,6025,12635,0,1350,3731,0,0,0,0,3350,9249,0,2025,5194,0,0,0,0,2150,4868,0,4725,12126,0,2700,6395
2,2025,'130232010',218,  ,KG,0,282675,999531,0,20000,128494,0,26000,74890,0,31000,74669,0,43000,107184,0,20025,101304,0,13600,40277,0,16000,68779,0,3000,8755,0,49000,187300,0,24000,94534,0,3500,17325,0,33550,96020
2,2025,'130232010',220,  ,KG,0,138000,358418,0,22000,51520,0,5000,15014,0,37450,94802,0,0,0,0,10000,30838,0,0,0,0,36550,94068,0,17000,43935,0,5000,15552,0,0,0,0,5000,12689,0,0,0
2,2025,'130232010',501,  ,KG,0,41000,94506,0,0,0,0,0,0,0,8000,17283,0,13000,34007,0,0,0,0,0,0,0,20000,43216,0,0,0,0,0,0,0,0,0,0,0,0,0,0,0
2,2025,'130232090',103,  ,KG,0,21545,45651,0,2540,4785,0,1300,2761,0,0,0,0,2000,3920,0,3000,5543,0,0,0,0,540,1282,0,4620,9520,0,3540,7840,0,0,0,0,3465,7783,0,540,2217
2,2025,'130232090',105,  ,KG,0,126050,141868,0,10000,16815,0,10000,11734,0,0,0,0,1000,2499,0,12000,23647,0,56000,30887,0,9000,12133,0,1000,2435,0,10000,12790,0,7000,8986,0,10050,19942,0,0,0
2,2025,'130232090',123,  ,KG,0,2678757,1012443,0,109100,32280,0,132500,59837,0,316000,126164,0,266500,80239,0,255400,101873,0,281100,89103,0,202500,75134,0,340500,131388,0,184000,88231,0,250557,97580,0,129600,39869,0,211000,90745
2,2025,'130232090',124,  ,KG,0,2265715,856294,0,124000,54376,0,168005,64038,0,150001,60492,0,236001,86032,0,193007,71348,0,200003,75645,0,236679,87691,0,190004,67481,0,120000,44234,0,368009,137012,0,196003,78624,0,84003,29321
2,2025,'130232090',207,  ,KG,0,151675,141450,0,20000,22004,0,0,0,0,10000,9467,0,41750,39885,0,10000,8986,0,0,0,0,27925,24124,0,12000,9377,0,20000,17328,0,0,0,0,10000,10279,0,0,0
2,2025,'130232090',210,  ,KG,0,24400,95472,0,0,0,0,3200,13085,0,0,0,0,4000,9185,0,2000,9282,0,2000,8581,0,1600,6132,0,2400,10277,0,5600,23753,0,1200,4971,0,2400,10206,0,0,0
2,2025,'130232090',215,  ,KG,0,37250,32891,0,7050,6035,0,7750,6226,0,0,0,0,3375,3047,0,3625,2979,0,0,0,0,2700,2804,0,2025,2081,0,0,0,0,600,868,0,5400,4726,0,4725,4125
2,2025,'130232090',218,  ,KG,0,32350,124064,0,50,387,0,0,0,0,125,769,0,0,0,0,5000,4816,0,11175,62767,0,5000,5008,0,0,0,0,0,0,0,5000,38552,0,5000,5273,0,1000,6492
2,2025,'130232090',220,  ,KG,0,91500,75429,0,15000,13500,0,500,903,0,0,0,0,0,0,0,0,0,0,1500,2317,0,16000,13001,0,0,0,0,3000,2737,0,15000,11438,0,15000,11756,0,25500,19777
2,2025,'130232090',304,  ,KG,0,2050,6234,0,0,0,0,0,0,0,0,0,0,50,661,0,0,0,0,1000,2757,0,0,0,0,0,0,0,1000,2816,0,0,0,0,0,0,0,0,0
2,2025,'130239000',103,  ,KG,0,228860,531648,0,10500,23194,0,25600,56904,0,17100,54778,0,21300,49363,0,25720,62559,0,26300,61310,0,30540,65889,0,6775,15011,0,16125,38140,0,15600,35273,0,22400,46326,0,10900,22901
2,2025,'130239000',105,  ,KG,0,126795,242713,0,4000,7834,0,15500,31961,0,12000,22200,0,20000,41590,0,4000,7265,0,7095,10850,0,27500,55521,0,0,0,0,4000,6000,0,24200,43524,0,4500,8369,0,4000,7599
2,2025,'130239000',111,  ,KG,0,1210000,123916,0,66000,6633,0,44000,4422,0,132000,13266,0,88000,8844,0,88000,8844,0,110000,11055,0,154000,15697,0,110000,11165,0,110000,11385,0,154000,16247,0,66000,6963,0,88000,9395
2,2025,'130239000',117,  ,KG,0,497560,912264,0,33350,122484,0,36000,87156,0,23000,41842,0,50500,71005,0,46500,85181,0,48700,74263,0,47000,67806,0,67600,135438,0,31000,67767,0,28300,39308,0,10000,17469,0,75610,102545
2,2025,'130239000',118,  ,KG,0,224040,537670,0,3500,4748,0,38400,102785,0,2000,2748,0,33560,82793,0,31900,76046,0,10600,23891,0,17800,39791,0,20600,47309,0,25200,59125,0,21200,49197,0,14400,36556,0,4880,12681
2,2025,'130239000',123,  ,KG,0,307500,67622,0,0,0,0,40000,6544,0,7000,1581,0,0,0,0,0,0,0,40000,7941,0,83500,20775,0,0,0,0,51000,11226,0,42000,9441,0,40000,9193,0,4000,921
2,2025,'130239000',204,  ,KG,0,331902,1086143,0,35815,102587,0,12040,34889,0,33890,95778,0,24770,95526,0,30120,114847,0,150,1275,0,31890,121868,0,36746,146387,0,45870,128302,0,19216,65790,0,14485,39525,0,46910,139369
2,2025,'130239000',205,  ,KG,0,160,785,0,0,0,0,0,0,0,0,0,0,0,0,0,0,0,0,0,0,0,0,0,0,0,0,0,0,0,0,0,0,0,0,0,0,160,785
2,2025,'130239000',210,  ,KG,0,148197,475748,0,14250,39652,0,10825,33945,0,26780,79744,0,5533,21654,0,10000,26968,0,72,11199,0,28102,96342,0,8780,24245,0,1750,6003,0,19030,64183,0,3000,8024,0,20075,63789
2,2025,'130239000',215,  ,KG,0,18825,25308,0,1350,1992,0,0,0,0,0,0,0,1350,1862,0,4025,4796,0,0,0,0,6025,8058,0,2700,3818,0,0,0,0,0,0,0,3375,4782,0,0,0
2,2025,'130239000',218,  ,KG,0,103684,297811,0,8600,24018,0,150,798,0,4200,11797,0,14600,50836,0,8750,26514,0,375,1567,0,13000,28700,0,25025,77194,0,5650,15685,0,15100,37617,0,8134,22698,0,100,387
2,2025,'130239000',220,  ,KG,0,750,540,0,0,0,0,0,0,0,0,0,0,0,0,0,0,0,0,0,0,0,0,0,0,0,0,0,0,0,0,0,0,0,0,0,0,750,540
2,2025,'130239000',304,  ,KG,0,79957,425143,0,11075,66003,0,0,0,0,7700,36625,0,11275,64807,0,10200,54349,0,100,729,0,10000,53305,0,9050,45236,0,10725,53017,0,1032,7701,0,100,771,0,8700,42600
2,2025,'130239000',407,  ,KG,0,156050,126235,0,24000,22778,0,7000,6426,0,0,0,0,18000,14997,0,39000,30551,0,24000,18191,0,0,0,0,0,0,0,5000,4273,0,19000,11499,0,20050,17520,0,0,0
2,2025,'130239000',409,  ,KG,0,13500,51654,0,2000,9362,0,0,0,0,1000,4093,0,2000,6850,0,2100,8789,0,1000,3644,0,2400,7038,0,1000,5042,0,0,0,0,1950,6558,0,0,0,0,50,278
2,2025,'130239000',601,  ,KG,0,2,360,0,0,0,0,2,360,0,0,0,0,0,0,0,0,0,0,0,0,0,0,0,0,0,0,0,0,0,0,0,0,0,0,0,0,0,0
2,2025,'13XXXXXXA',123,  ,KG,0,700,2186,0,0,0,0,0,0,0,0,0,0,700,2186,0,0,0,0,0,0,0,0,0,0,0,0,0,0,0,0,0,0,0,0,0,0,0,0
2,2025,'140110000',105,  ,KG,0,3313106,396279,0,328885,48879,0,239701,25425,0,354841,40396,0,222050,30779,0,180698,25865,0,281644,32142,0,103427,16725,0,123436,19312,0,255631,27995,0,547652,50492,0,531414,56534,0,143727,21735
2,2025,'140110000',110,  ,KG,0,123078,15566,0,3600,2452,0,18001,2253,0,17577,1862,0,11333,1482,0,9081,1681,0,0,0,0,0,0,0,6578,607,0,37750,3436,0,19158,1793,0,0,0,0,0,0
2,2025,'140110000',210,  ,KG,0,108,749,0,0,0,0,0,0,0,43,356,0,0,0,0,0,0,0,0,0,0,0,0,0,65,393,0,0,0,0,0,0,0,0,0,0,0,0
2,2025,'140110000',220,  ,KG,0,3,223,0,0,0,0,0,0,0,0,0,0,0,0,0,0,0,0,0,0,0,3,223,0,0,0,0,0,0,0,0,0,0,0,0,0,0,0
2,2025,'140120000',105,  ,KG,0,38619,171700,0,726,2657,0,8973,43881,0,654,3814,0,464,3125,0,4005,11603,0,150,297,0,5950,29944,0,76,219,0,6486,31611,0,4528,10513,0,781,4803,0,5826,29233
2,2025,'140120000',106,  ,KG,0,1200,4601,0,0,0,0,300,1201,0,0,0,0,300,1158,0,0,0,0,300,1111,0,0,0,0,300,1131,0,0,0,0,0,0,0,0,0,0,0,0
2,2025,'140120000',110,  ,KG,0,900,1051,0,0,0,0,0,0,0,450,528,0,0,0,0,0,0,0,0,0,0,450,523,0,0,0,0,0,0,0,0,0,0,0,0,0,0,0
2,2025,'140120000',113,  ,KG,0,9887,20446,0,0,0,0,2053,5130,0,0,0,0,0,0,0,0,0,0,0,0,0,0,0,0,1939,4180,0,0,0,0,3800,5893,0,0,0,0,2095,5243
2,2025,'140120000',118,  ,KG,0,3628,36713,0,155,1923,0,363,2199,0,565,3252,0,174,2304,0,60,1318,0,314,7674,0,476,4861,0,9,222,0,78,1540,0,63,1493,0,0,0,0,1371,9927
2,2025,'140120000',210,  ,KG,0,19,256,0,19,256,0,0,0,0,0,0,0,0,0,0,0,0,0,0,0,0,0,0,0,0,0,0,0,0,0,0,0,0,0,0,0,0,0
2,2025,'140120000',213,  ,KG,0,327,1635,0,0,0,0,49,222,0,0,0,0,0,0,0,53,263,0,0,0,0,77,373,0,0,0,0,87,461,0,0,0,0,61,316,0,0,0
2,2025,'140120000',220,  ,KG,0,50,527,0,0,0,0,0,0,0,0,0,0,0,0,0,0,0,0,50,527,0,0,0,0,0,0,0,0,0,0,0,0,0,0,0,0,0,0
2,2025,'140120000',304,  ,KG,0,59,603,0,0,0,0,0,0,0,0,0,0,0,0,0,35,375,0,0,0,0,24,228,0,0,0,0,0,0,0,0,0,0,0,0,0,0,0
2,2025,'140190100',105,  ,KG,0,1220,2053,0,0,0,0,0,0,0,1080,735,0,0,0,0,0,0,0,0,0,0,140,1318,0,0,0,0,0,0,0,0,0,0,0,0,0,0,0
2,2025,'140190100',110,  ,KG,0,32800,7485,0,0,0,0,0,0,0,0,0,0,8200,1868,0,16400,3677,0,0,0,0,0,0,0,0,0,0,0,0,0,8200,1940,0,0,0,0,0,0
2,2025,'140190290',105,  ,KG,0,27454,30824,0,9504,4529,0,5741,2836,0,634,1891,0,1467,4570,0,2981,4168,0,0,0,0,3639,5155,0,1326,3722,0,1561,2506,0,528,1029,0,73,418,0,0,0
2,2025,'140190290',110,  ,KG,0,28068,16260,0,0,0,0,12296,7341,0,10472,5990,0,0,0,0,5300,2929,0,0,0,0,0,0,0,0,0,0,0,0,0,0,0,0,0,0,0,0,0
2,2025,'140190290',111,  ,KG,0,816,9443,0,33,267,0,0,0,0,0,0,0,173,1759,0,0,0,0,0,0,0,492,6436,0,0,0,0,0,0,0,105,684,0,0,0,0,13,297
2,2025,'140190290',117,  ,KG,0,330,1013,0,0,0,0,0,0,0,330,1013,0,0,0,0,0,0,0,0,0,0,0,0,0,0,0,0,0,0,0,0,0,0,0,0,0,0,0
2,2025,'140190290',210,  ,KG,0,123,4116,0,9,258,0,0,0,0,9,272,0,10,310,0,7,459,0,29,896,0,10,324,0,21,679,0,0,0,0,17,551,0,11,367,0,0,0
2,2025,'140190290',213,  ,KG,0,12,3769,0,1,384,0,1,457,0,2,345,0,3,742,0,0,0,0,0,305,0,0,0,0,4,697,0,0,0,0,0,407,0,0,0,0,1,432
2,2025,'140190290',218,  ,KG,0,23,247,0,0,0,0,0,0,0,0,0,0,0,0,0,0,0,0,0,0,0,23,247,0,0,0,0,0,0,0,0,0,0,0,0,0,0,0
2,2025,'140190290',227,  ,KG,0,8,2511,0,5,1422,0,0,0,0,0,0,0,0,0,0,0,0,0,3,1089,0,0,0,0,0,0,0,0,0,0,0,0,0,0,0,0,0,0
2,2025,'140190290',234,  ,KG,0,0,220,0,0,0,0,0,0,0,0,0,0,0,0,0,0,0,0,0,0,0,0,0,0,0,220,0,0,0,0,0,0,0,0,0,0,0,0
2,2025,'140190290',304,  ,KG,0,58,1509,0,5,254,0,0,0,0,10,290,0,0,0,0,12,316,0,27,415,0,0,0,0,4,234,0,0,0,0,0,0,0,0,0,0,0,0
2,2025,'140190290',546,  ,KG,0,1204,1267,0,0,0,0,0,0,0,0,0,0,12,254,0,1192,1013,0,0,0,0,0,0,0,0,0,0,0,0,0,0,0,0,0,0,0,0,0
2,2025,'140420000',105,  ,KG,0,49,1025,0,0,0,0,0,0,0,0,0,0,0,0,0,0,0,0,0,0,0,0,0,0,0,0,0,0,0,0,49,1025,0,0,0,0,0,0
2,2025,'140420000',123,  ,KG,0,9391000,834630,0,464325,44540,0,955085,87783,0,919660,82564,0,653540,57547,0,956350,82082,0,695080,58642,0,543910,47147,0,495820,43258,0,1231500,108243,0,1398690,124534,0,482230,44085,0,594810,54205
2,2025,'140420000',234,  ,KG,0,113900,10416,0,0,0,0,22400,2236,0,0,0,0,0,0,0,91500,8180,0,0,0,0,0,0,0,0,0,0,0,0,0,0,0,0,0,0,0,0,0
2,2025,'140420000',304,  ,KG,0,1842093,221820,0,416088,50733,0,0,0,0,0,0,0,0,0,0,157875,23503,0,278229,29142,0,298532,31409,0,342124,39042,0,31572,9256,0,0,0,0,301932,33834,0,15741,4901
2,2025,'140420000',410,  ,KG,0,8290570,902988,0,1735003,193242,0,1486766,164084,0,555554,62005,0,356640,36833,0,0,0,0,566545,60398,0,1211996,121859,0,606103,66435,0,356660,37547,0,356400,37494,0,101720,10675,0,957183,112416
2,2025,'140490110',118,  ,KG,0,25339,12200,0,0,0,0,0,0,0,7723,1675,0,8202,5663,0,0,0,0,0,0,0,0,0,0,0,0,0,7800,1601,0,0,0,0,1614,3261,0,0,0
2,2025,'140490120',105,  ,KG,0,6643,9675,0,0,0,0,0,0,0,1490,832,0,514,1019,0,125,1048,0,342,354,0,2102,1998,0,0,0,0,0,0,0,395,874,0,1130,1680,0,545,1870
2,2025,'140490120',106,  ,KG,0,5260,4879,0,2020,1595,0,0,0,0,2040,2095,0,0,0,0,1200,1189,0,0,0,0,0,0,0,0,0,0,0,0,0,0,0,0,0,0,0,0,0
2,2025,'140490120',118,  ,KG,0,565,564,0,225,252,0,0,0,0,0,0,0,0,0,0,0,0,0,0,0,0,0,0,0,0,0,0,340,312,0,0,0,0,0,0,0,0,0
2,2025,'140490120',123,  ,KG,0,20000,7041,0,10000,3698,0,0,0,0,0,0,0,0,0,0,0,0,0,0,0,0,0,0,0,0,0,0,0,0,0,10000,3343,0,0,0,0,0,0
2,2025,'140490120',125,  ,KG,0,2373,1245,0,0,0,0,2373,1245,0,0,0,0,0,0,0,0,0,0,0,0,0,0,0,0,0,0,0,0,0,0,0,0,0,0,0,0,0,0
2,2025,'140490120',305,  ,KG,0,26525,33743,0,0,0,0,13000,16996,0,0,0,0,0,0,0,0,0,0,0,0,0,0,0,0,0,0,0,13525,16747,0,0,0,0,0,0,0,0,0
2,2025,'140490130',103,  ,KG,0,200,566,0,200,566,0,0,0,0,0,0,0,0,0,0,0,0,0,0,0,0,0,0,0,0,0,0,0,0,0,0,0,0,0,0,0,0,0
2,2025,'140490130',105,  ,KG,0,280032,622042,0,25023,34473,0,6990,9560,0,16260,26393,0,2490,6645,0,25002,64720,0,61808,139397,0,24000,60133,0,59656,149779,0,531,283,0,22212,50407,0,10960,16291,0,25100,63961
2,2025,'140490130',117,  ,KG,0,125,275,0,0,0,0,0,0,0,0,0,0,0,0,0,0,0,0,0,0,0,0,0,0,125,275,0,0,0,0,0,0,0,0,0,0,0,0
2,2025,'140490130',123,  ,KG,0,115447,81105,0,4330,5876,0,3299,3228,0,3875,4067,0,16887,8544,0,8370,10505,0,15035,7078,0,6180,6507,0,15901,8141,0,4200,3416,0,17380,12625,0,8580,3456,0,11410,7662
2,2025,'140490130',305,  ,KG,0,504,1052,0,0,0,0,0,0,0,504,1052,0,0,0,0,0,0,0,0,0,0,0,0,0,0,0,0,0,0,0,0,0,0,0,0,0,0,0
2,2025,'140490130',407,  ,KG,0,29000,12723,0,0,0,0,0,0,0,0,0,0,0,0,0,9000,6367,0,0,0,0,0,0,0,20000,6356,0,0,0,0,0,0,0,0,0,0,0,0
2,2025,'140490140',105,  ,KG,0,152000,14706,0,16000,1606,0,16000,1554,0,8000,842,0,16000,1527,0,16000,1459,0,0,0,0,0,0,0,0,0,0,16000,1493,0,32000,3073,0,16000,1567,0,16000,1585
2,2025,'140490140',111,  ,KG,0,180000,34306,0,24000,4815,0,24000,4672,0,24000,4557,0,0,0,0,24000,4333,0,0,0,0,24000,4400,0,24000,4504,0,0,0,0,12000,2266,0,0,0,0,24000,4759
2,2025,'140490140',541,  ,KG,0,135250,10947,0,70000,6052,0,0,0,0,0,0,0,0,0,0,0,0,0,17250,957,0,0,0,0,0,0,0,0,0,0,48000,3938,0,0,0,0,0,0
2,2025,'140490140',543,  ,KG,0,96000,7839,0,48000,4202,0,0,0,0,0,0,0,0,0,0,0,0,0,24000,1795,0,0,0,0,0,0,0,0,0,0,24000,1842,0,0,0,0,0,0
2,2025,'140490200',105,  ,KG,0,1155226,92970,0,97362,9630,0,74564,6038,0,60044,4769,0,125264,7597,0,84527,7984,0,295273,18112,0,52461,9473,0,77621,6498,0,106300,7049,0,64064,5638,0,75644,6737,0,42102,3445
2,2025,'140490200',106,  ,KG,0,15472,4213,0,0,0,0,0,0,0,0,0,0,13008,3532,0,0,0,0,0,0,0,0,0,0,2464,681,0,0,0,0,0,0,0,0,0,0,0,0
2,2025,'140490200',110,  ,KG,0,4395130,175218,0,519420,19935,0,422352,15147,0,453561,19102,0,415080,14760,0,351761,13980,0,364823,14997,0,381502,13656,0,244920,9405,0,346339,13864,0,409724,17248,0,342390,14656,0,143258,8468
2,2025,'140490200',111,  ,KG,0,74445349,1564768,0,149910,14827,0,143358,12867,0,93813,9956,0,189532,17377,0,126884,14127,0,21589858,420018,0,19822076,387204,0,10340680,204778,0,10253650,207391,0,11244765,243794,0,224883,16319,0,265940,16110
2,2025,'140490200',113,  ,KG,0,897877999,17096783,0,62351082,1331977,0,93849135,1724345,0,125527316,2326527,0,63957073,1119266,0,63748948,1199124,0,73325721,1441503,0,42224954,784542,0,59724318,1125593,0,63227109,1183158,0,93454107,1815591,0,61974196,1250663,0,94514040,1794494
2,2025,'140490200',117,  ,KG,0,114526,11140,0,0,0,0,7500,2715,0,29730,1942,0,0,0,0,0,0,0,30760,1917,0,0,0,0,0,0,0,0,0,0,0,0,0,46536,4566,0,0,0
2,2025,'140490200',118,  ,KG,0,2985880949,63096066,0,272840482,6416785,0,208100646,4852027,0,273274679,5715601,0,180115942,3806951,0,233131317,4974155,0,232637094,4656163,0,193905851,3875494,0,239337083,4907350,0,321134848,6509581,0,229338223,4552892,0,329240277,7074044,0,272824507,5755023
2,2025,'140490200',120,  ,KG,0,20000,780,0,0,0,0,20000,780,0,0,0,0,0,0,0,0,0,0,0,0,0,0,0,0,0,0,0,0,0,0,0,0,0,0,0,0,0,0
2,2025,'140490200',123,  ,KG,0,4519368,447694,0,424698,23296,0,213297,21502,0,507877,49585,0,685040,51723,0,342917,31012,0,409274,40565,0,364695,41772,0,274152,38027,0,503846,53673,0,80078,10482,0,350171,39824,0,363323,46233
2,2025,'140490200',125,  ,KG,0,40056186,2194645,0,2413543,102912,0,3107139,132931,0,3916661,191226,0,3919659,230570,0,4500133,241406,0,2815885,166730,0,3274605,207427,0,4341474,219740,0,3090978,171656,0,3554537,222453,0,3126547,185714,0,1995025,121880
2,2025,'140490200',127,  ,KG,0,1956,949,0,0,0,0,0,0,0,1240,601,0,716,348,0,0,0,0,0,0,0,0,0,0,0,0,0,0,0,0,0,0,0,0,0,0,0,0
2,2025,'140490200',205,  ,KG,0,75,270,0,0,0,0,0,0,0,0,0,0,0,0,0,0,0,0,0,0,0,0,0,0,0,0,0,75,270,0,0,0,0,0,0,0,0,0
2,2025,'140490200',207,  ,KG,0,311764,31311,0,9823,5401,0,52370,3038,0,671,508,0,26185,1616,0,61182,5193,0,27560,4391,0,26185,1714,0,26185,1721,0,21330,1487,0,26185,1747,0,26185,1791,0,7903,2704
2,2025,'140490200',213,  ,KG,0,145,481,0,0,0,0,20,235,0,0,0,0,0,0,0,0,0,0,125,246,0,0,0,0,0,0,0,0,0,0,0,0,0,0,0,0,0,0
2,2025,'140490200',218,  ,KG,0,2221,346,0,0,0,0,0,0,0,0,0,0,0,0,0,0,0,0,0,0,0,0,0,0,0,0,0,2221,346,0,0,0,0,0,0,0,0,0
2,2025,'140490200',236,  ,KG,0,75730,4198,0,0,0,0,0,0,0,0,0,0,0,0,0,25718,1406,0,0,0,0,25025,1345,0,0,0,0,0,0,0,0,0,0,24987,1447,0,0,0
2,2025,'140490200',304,  ,KG,0,5345911,105059,0,169858,6585,0,79856,5515,0,79828,6342,0,0,0,0,1172424,20405,0,864734,15907,0,0,0,0,628299,12375,0,0,0,0,0,0,0,527996,9293,0,1822916,28637
2,2025,'140490300',105,  ,KG,0,480892,117254,0,50143,9672,0,5551,2293,0,76305,16618,0,33133,11364,0,4478,4730,0,20133,4392,0,74909,12828,0,15674,5291,0,66452,14890,0,44240,11510,0,15143,6011,0,74731,17655
2,2025,'140490300',106,  ,KG,0,29000,4410,0,0,0,0,0,0,0,0,0,0,0,0,0,0,0,0,14000,2206,0,0,0,0,15000,2204,0,0,0,0,0,0,0,0,0,0,0,0
2,2025,'140490300',110,  ,KG,0,55285,7581,0,18000,2422,0,0,0,0,1285,520,0,0,0,0,0,0,0,0,0,0,0,0,0,0,0,0,18000,2257,0,0,0,0,0,0,0,18000,2382
2,2025,'140490300',111,  ,KG,0,846300,111598,0,118600,15019,0,47110,7545,0,78550,12862,0,60990,5710,0,73000,8350,0,49100,5562,0,101460,10933,0,29350,4901,0,92400,14294,0,51240,8168,0,66000,8567,0,78500,9687
2,2025,'140490300',118,  ,KG,0,199290,61915,0,16500,5743,0,33000,11284,0,33540,8789,0,0,0,0,0,0,0,16500,5251,0,16500,5277,0,0,0,0,16500,5362,0,33750,9000,0,16500,5520,0,16500,5689
2,2025,'140490410',105,  ,KG,0,33451,49404,0,2550,2583,0,0,0,0,2240,3910,0,4163,7100,0,5273,8597,0,0,0,0,3728,6394,0,3334,4141,0,2861,4509,0,2153,3595,0,1149,2170,0,6000,6405
2,2025,'140490410',222,  ,KG,0,200,253,0,0,0,0,200,253,0,0,0,0,0,0,0,0,0,0,0,0,0,0,0,0,0,0,0,0,0,0,0,0,0,0,0,0,0,0
2,2025,'140490410',407,  ,KG,0,17377,20618,0,0,0,0,6400,7161,0,364,452,0,0,0,0,0,0,0,0,0,0,2535,3883,0,1678,2102,0,0,0,0,0,0,0,6400,7020,0,0,0
2,2025,'140490410',409,  ,KG,0,109498,165607,0,8966,15660,0,6109,9075,0,17588,26577,0,3222,4583,0,14185,19667,0,13146,19144,0,6577,8851,0,5922,9585,0,14838,21958,0,8938,14885,0,6315,10143,0,3692,5479
2,2025,'140490410',606,  ,KG,0,50007,129327,0,1450,3531,0,4429,11978,0,1471,3596,0,5175,10586,0,6263,17107,0,7145,15854,0,3047,10648,0,1476,2769,0,6655,18192,0,3609,10100,0,0,0,0,9287,24966
2,2025,'140490491',105,  ,KG,0,311420,371146,0,104837,134296,0,33137,33417,0,29596,29437,0,27982,30181,0,0,0,0,9417,9503,0,0,0,0,2684,4971,0,2250,3637,0,14300,18249,0,32168,41033,0,55049,66422
2,2025,'140490492',105,  ,KG,0,32223,48346,0,7034,10047,0,5740,8636,0,1152,1434,0,382,471,0,0,0,0,2058,6835,0,0,0,0,0,0,0,160,288,0,15442,20329,0,0,0,0,255,306
2,2025,'140490499',103,  ,KG,0,3691,5534,0,0,0,0,1309,268,0,0,0,0,1030,229,0,1136,219,0,0,0,0,0,0,0,0,0,0,32,201,0,184,4617,0,0,0,0,0,0
2,2025,'140490499',105,  ,KG,0,2527512,2167415,0,286861,272864,0,150504,96455,0,180787,156576,0,319833,202161,0,125455,120116,0,201763,154416,0,206292,185039,0,200181,163500,0,200627,186013,0,194934,200602,0,236696,213971,0,223579,215702
2,2025,'140490499',106,  ,KG,0,5416,3600,0,0,0,0,0,0,0,0,0,0,0,0,0,2400,2463,0,2856,508,0,160,629,0,0,0,0,0,0,0,0,0,0,0,0,0,0,0
2,2025,'140490499',110,  ,KG,0,220906,53451,0,28401,17121,0,1000,267,0,6989,1998,0,5764,1674,0,6437,1770,0,2548,2583,0,756,212,0,160,667,0,1218,503,0,14566,4670,0,79440,9926,0,73627,12060
2,2025,'140490499',111,  ,KG,0,108225,80908,0,8906,5018,0,9,376,0,18580,20836,0,9134,1469,0,6490,12644,0,296,4614,0,17330,6071,0,5459,4052,0,9566,8797,0,930,254,0,23255,11012,0,8270,5765
2,2025,'140490499',113,  ,KG,0,15260,373,0,0,0,0,0,0,0,0,0,0,0,0,0,0,0,0,15260,373,0,0,0,0,0,0,0,0,0,0,0,0,0,0,0,0,0,0
2,2025,'140490499',117,  ,KG,0,2000,235,0,0,0,0,0,0,0,0,0,0,0,0,0,0,0,0,0,0,0,0,0,0,0,0,0,0,0,0,0,0,0,2000,235,0,0,0
2,2025,'140490499',118,  ,KG,0,10541061,441362,0,345513,13931,0,1243604,54607,0,681040,28014,0,1076440,44818,0,1770756,73265,0,1761982,75968,0,854440,37724,0,477220,22920,0,992912,36798,0,536502,21826,0,539032,22006,0,261620,9485
2,2025,'140490499',122,  ,KG,0,13461,874,0,13461,874,0,0,0,0,0,0,0,0,0,0,0,0,0,0,0,0,0,0,0,0,0,0,0,0,0,0,0,0,0,0,0,0,0
2,2025,'140490499',123,  ,KG,0,93859,21418,0,20000,1803,0,28765,6483,0,0,0,0,349,1158,0,0,0,0,20000,1645,0,14511,5764,0,0,0,0,989,1267,0,0,0,0,9245,3298,0,0,0
2,2025,'140490499',125,  ,KG,0,1860,314,0,0,0,0,0,0,0,0,0,0,0,0,0,0,0,0,0,0,0,0,0,0,1860,314,0,0,0,0,0,0,0,0,0,0,0,0
2,2025,'140490499',127,  ,KG,0,1088,1339,0,0,0,0,182,272,0,182,230,0,0,0,0,0,0,0,237,208,0,0,0,0,0,0,0,297,370,0,0,0,0,0,0,0,190,259
2,2025,'140490499',131,  ,KG,0,110340,157384,0,0,0,0,16200,21872,0,0,0,0,16290,21179,0,16350,22075,0,12900,19352,0,0,0,0,0,0,0,16200,24302,0,0,0,0,16200,24302,0,16200,24302
2,2025,'140490499',204,  ,KG,0,8000,768,0,0,0,0,0,0,0,0,0,0,0,0,0,0,0,0,0,0,0,0,0,0,0,0,0,0,0,0,8000,768,0,0,0,0,0,0
2,2025,'140490499',205,  ,KG,0,362736,35494,0,25916,2607,0,25194,2472,0,39919,3850,0,25897,2447,0,39501,3729,0,45,505,0,66557,6411,0,37734,3640,0,38950,3739,0,63023,6094,0,0,0,0,0,0
2,2025,'140490499',207,  ,KG,0,5173,3787,0,0,0,0,550,2067,0,0,0,0,174,622,0,4449,1098,0,0,0,0,0,0,0,0,0,0,0,0,0,0,0,0,0,0,0,0,0
2,2025,'140490499',208,  ,KG,0,1260,241,0,0,0,0,0,0,0,1260,241,0,0,0,0,0,0,0,0,0,0,0,0,0,0,0,0,0,0,0,0,0,0,0,0,0,0,0
2,2025,'140490499',210,  ,KG,0,983,2519,0,0,0,0,0,0,0,183,488,0,0,0,0,0,388,0,800,922,0,0,0,0,0,721,0,0,0,0,0,0,0,0,0,0,0,0
2,2025,'140490499',213,  ,KG,0,206,998,0,0,0,0,0,0,0,160,313,0,0,0,0,0,0,0,0,0,0,0,0,0,0,0,0,0,0,0,0,0,0,46,685,0,0,0
2,2025,'140490499',220,  ,KG,0,1391,492,0,0,0,0,0,0,0,11,246,0,0,0,0,0,0,0,0,0,0,0,0,0,0,0,0,1380,246,0,0,0,0,0,0,0,0,0
2,2025,'140490499',236,  ,KG,0,10728,598,0,0,0,0,10728,598,0,0,0,0,0,0,0,0,0,0,0,0,0,0,0,0,0,0,0,0,0,0,0,0,0,0,0,0,0,0
2,2025,'140490499',238,  ,KG,0,51,240,0,0,0,0,0,0,0,0,0,0,51,240,0,0,0,0,0,0,0,0,0,0,0,0,0,0,0,0,0,0,0,0,0,0,0,0
2,2025,'140490499',246,  ,KG,0,1200,9530,0,0,0,0,0,0,0,0,0,0,0,0,0,0,0,0,0,0,0,0,0,0,0,0,0,0,0,0,0,0,0,1200,9530,0,0,0
2,2025,'140490499',304,  ,KG,0,463,23068,0,3,2919,0,0,614,0,0,0,0,103,552,0,0,0,0,86,9793,0,0,0,0,139,464,0,0,301,0,0,0,0,130,6480,0,2,1945
2,2025,'140490499',305,  ,KG,0,10045,11060,0,45,231,0,0,0,0,0,0,0,0,0,0,10000,10829,0,0,0,0,0,0,0,0,0,0,0,0,0,0,0,0,0,0,0,0,0
2,2025,'140490499',407,  ,KG,0,9419,5820,0,0,0,0,0,0,0,500,373,0,2490,1340,0,0,0,0,500,392,0,1049,645,0,0,0,0,1790,902,0,0,0,0,1300,1184,0,1790,984
2,2025,'140490499',409,  ,KG,0,68227,187173,0,0,0,0,0,0,0,1,1094,0,0,0,0,24000,64549,0,22446,61920,0,0,0,0,0,0,0,0,0,0,0,0,0,21780,59610,0,0,0
2,2025,'140490499',606,  ,KG,0,115,116576,0,0,0,0,19,20933,0,0,0,0,36,28143,0,0,0,0,0,0,0,0,0,0,0,0,0,0,0,0,0,0,0,0,0,0,60,67500
2,2025,'14XXXXXXA',304,  ,KG,0,4077051,59990,0,0,0,0,0,0,0,0,0,0,452484,7522,0,0,0,0,0,0,0,900220,14251,0,0,0,0,502093,7796,0,2222254,30421,0,0,0,0,0,0
