Exp or Imp,Year,HS,Country,Unit1,Unit2,Quantity1-Year,Quantity2-Year,Value-Year,Quantity1-Jan,Quantity2-Jan,Value-Jan,Quantity1-Feb,Quantity2-Feb,Value-Feb,Quantity1-Mar,Quantity2-Mar,Value-Mar,Quantity1-Apr,Quantity2-Apr,Value-Apr,Quantity1-May,Quantity2-May,Value-May,Quantity1-Jun,Quantity2-Jun,Value-Jun,Quantity1-Jul,Quantity2-Jul,Value-Jul,Quantity1-Aug,Quantity2-Aug,Value-Aug,Quantity1-Sep,Quantity2-Sep,Value-Sep,Quantity1-Oct,Quantity2-Oct,Value-Oct,Quantity1-Nov,Quantity2-Nov,Value-Nov,Quantity1-Dec,Quantity2-Dec,Value-Dec
2,2025,'010121100',213,  ,NO,0,2,11121,0,0,0,0,0,0,0,0,0,0,0,0,0,0,0,0,0,0,0,0,0,0,0,0,0,0,0,0,2,11121,0,0,0,0,0,0
2,2025,'010121100',304,  ,NO,0,6,34524,0,3,17841,0,0,0,0,0,0,0,0,0,0,0,0,0,1,7046,0,0,0,0,0,0,0,0,0,0,0,0,0,0,0,0,2,9637
2,2025,'010121210',205,  ,NO,0,15,772744,0,9,258477,0,0,0,0,1,7898,0,0,0,0,1,30765,0,1,165428,0,1,242378,0,0,0,0,0,0,0,0,0,0,2,67798,0,0,0
2,2025,'010121210',206,  ,NO,0,28,3010583,0,6,357983,0,2,530939,0,3,485250,0,3,99897,0,5,391549,0,1,60534,0,0,0,0,0,0,0,0,0,0,0,0,0,0,0,0,8,1084431
2,2025,'010121210',210,  ,NO,0,10,2515318,0,4,228132,0,0,0,0,1,1615729,0,0,0,0,0,0,0,2,632510,0,0,0,0,0,0,0,0,0,0,0,0,0,3,38947,0,0,0
2,2025,'010121210',213,  ,NO,0,2,113896,0,1,63627,0,0,0,0,0,0,0,0,0,0,0,0,0,0,0,0,0,0,0,0,0,0,0,0,0,0,0,0,1,50269,0,0,0
2,2025,'010121210',302,  ,NO,0,1,50527,0,0,0,0,0,0,0,0,0,0,1,50527,0,0,0,0,0,0,0,0,0,0,0,0,0,0,0,0,0,0,0,0,0,0,0,0
2,2025,'010121210',304,  ,NO,0,17,3392178,0,0,0,0,0,0,0,1,7898,0,2,298956,0,1,243766,0,2,45754,0,0,0,0,0,0,0,0,0,0,1,11657,0,2,1251082,0,8,1533065
2,2025,'010121210',409,  ,NO,0,4,236946,0,0,0,0,1,66786,0,0,0,0,1,3449,0,0,0,0,0,0,0,0,0,0,0,0,0,0,0,0,0,0,0,0,0,0,2,166711
2,2025,'010121210',410,  ,NO,0,1,43437,0,0,0,0,0,0,0,0,0,0,0,0,0,0,0,0,1,43437,0,0,0,0,0,0,0,0,0,0,0,0,0,0,0,0,0,0
2,2025,'010121210',413,  ,NO,0,8,384249,0,0,0,0,2,118010,0,1,101264,0,2,12058,0,0,0,0,0,0,0,0,0,0,0,0,0,0,0,0,0,0,0,0,0,0,3,152917
2,2025,'010121210',601,  ,NO,0,9,358511,0,0,0,0,2,7274,0,0,0,0,0,0,0,0,0,0,0,0,0,0,0,0,3,297171,0,0,0,0,2,11769,0,0,0,0,2,42297
2,2025,'010121210',606,  ,NO,0,1,12158,0,0,0,0,0,0,0,0,0,0,0,0,0,0,0,0,0,0,0,0,0,0,0,0,0,0,0,0,1,12158,0,0,0,0,0,0
2,2025,'010121290',205,  ,NO,0,7,364032,0,6,155443,0,0,0,0,0,0,0,0,0,0,0,0,0,0,0,0,0,0,0,0,0,0,0,0,0,0,0,0,0,0,0,1,208589
2,2025,'010121290',206,  ,NO,0,11,883953,0,4,75895,0,0,0,0,0,0,0,0,0,0,0,0,0,0,0,0,2,685242,0,0,0,0,0,0,0,0,0,0,5,122816,0,0,0
2,2025,'010121290',210,  ,NO,0,4,221892,0,2,85414,0,0,0,0,0,0,0,0,0,0,0,0,0,0,0,0,0,0,0,0,0,0,0,0,0,0,0,0,2,136478,0,0,0
2,2025,'010121290',213,  ,NO,0,4,117001,0,0,0,0,0,0,0,0,0,0,0,0,0,0,0,0,0,0,0,1,71976,0,0,0,0,0,0,0,0,0,0,3,45025,0,0,0
2,2025,'010121290',304,  ,NO,0,33,2336424,0,0,0,0,0,0,0,0,0,0,0,0,0,0,0,0,0,0,0,0,0,0,0,0,0,0,0,0,9,572694,0,0,0,0,24,1763730
2,2025,'010121290',601,  ,NO,0,2,34464,0,0,0,0,0,0,0,0,0,0,0,0,0,0,0,0,0,0,0,0,0,0,0,0,0,0,0,0,2,34464,0,0,0,0,0,0
2,2025,'010129100',103,  ,NO,0,30,19571,0,0,0,0,0,0,0,0,0,0,30,19571,0,0,0,0,0,0,0,0,0,0,0,0,0,0,0,0,0,0,0,0,0,0,0,0
2,2025,'010129100',202,  ,NO,0,1,8440,0,0,0,0,0,0,0,0,0,0,0,0,0,1,8440,0,0,0,0,0,0,0,0,0,0,0,0,0,0,0,0,0,0,0,0,0
2,2025,'010129100',203,  ,NO,0,2,78147,0,0,0,0,0,0,0,0,0,0,0,0,0,1,7600,0,0,0,0,1,70547,0,0,0,0,0,0,0,0,0,0,0,0,0,0,0
2,2025,'010129100',204,  ,NO,0,1,5143,0,0,0,0,0,0,0,0,0,0,0,0,0,0,0,0,0,0,0,0,0,0,0,0,0,1,5143,0,0,0,0,0,0,0,0,0
2,2025,'010129100',205,  ,NO,0,2,19416,0,0,0,0,0,0,0,0,0,0,0,0,0,1,12882,0,0,0,0,0,0,0,0,0,0,1,6534,0,0,0,0,0,0,0,0,0
2,2025,'010129100',206,  ,NO,0,3,18552,0,1,5424,0,1,6038,0,0,0,0,0,0,0,1,7090,0,0,0,0,0,0,0,0,0,0,0,0,0,0,0,0,0,0,0,0,0
2,2025,'010129100',207,  ,NO,0,51,490540,0,7,46600,0,4,28977,0,3,40456,0,6,75617,0,5,41700,0,0,0,0,3,17746,0,0,0,0,4,46387,0,12,116768,0,6,69641,0,1,6648
2,2025,'010129100',208,  ,NO,0,25,221226,0,3,29187,0,2,20346,0,0,0,0,2,18788,0,0,0,0,0,0,0,1,9778,0,0,0,0,2,15133,0,12,74833,0,1,6912,0,2,46249
2,2025,'010129100',210,  ,NO,0,562,953918,0,107,208971,0,1,5536,0,1,4675,0,114,150046,0,0,0,0,111,172557,0,1,3351,0,0,0,0,0,0,0,1,6484,0,112,191657,0,114,210641
2,2025,'010129100',213,  ,NO,0,48,753784,0,11,166001,0,3,42805,0,5,49006,0,5,118934,0,2,16579,0,0,0,0,3,67022,0,0,0,0,3,29422,0,8,157426,0,3,29761,0,5,76828
2,2025,'010129100',217,  ,NO,0,1,4925,0,0,0,0,0,0,0,0,0,0,0,0,0,1,4925,0,0,0,0,0,0,0,0,0,0,0,0,0,0,0,0,0,0,0,0,0
2,2025,'010129100',218,  ,NO,0,5,66540,0,4,57804,0,0,0,0,0,0,0,0,0,0,0,0,0,0,0,0,0,0,0,0,0,0,0,0,0,1,8736,0,0,0,0,0,0
2,2025,'010129100',223,  ,NO,0,1,4322,0,0,0,0,0,0,0,0,0,0,0,0,0,0,0,0,0,0,0,0,0,0,0,0,0,0,0,0,1,4322,0,0,0,0,0,0
2,2025,'010129100',227,  ,NO,0,1,18224,0,0,0,0,0,0,0,0,0,0,0,0,0,0,0,0,0,0,0,0,0,0,0,0,0,0,0,0,0,0,0,1,18224,0,0,0
2,2025,'010129100',237,  ,NO,0,1,3720,0,0,0,0,0,0,0,0,0,0,0,0,0,0,0,0,0,0,0,0,0,0,0,0,0,0,0,0,0,0,0,0,0,0,1,3720
2,2025,'010129100',238,  ,NO,0,2,22793,0,1,4140,0,0,0,0,0,0,0,0,0,0,0,0,0,0,0,0,0,0,0,0,0,0,0,0,0,0,0,0,1,18653,0,0,0
2,2025,'010129100',302,  ,NO,0,2582,4403891,0,0,0,0,198,362970,0,494,863810,0,195,331248,0,92,165419,0,317,479631,0,188,306144,0,0,0,0,199,316810,0,209,344521,0,406,705613,0,284,527725
2,2025,'010129100',304,  ,NO,0,2,21018,0,2,21018,0,0,0,0,0,0,0,0,0,0,0,0,0,0,0,0,0,0,0,0,0,0,0,0,0,0,0,0,0,0,0,0,0
2,2025,'010129100',601,  ,NO,0,15,121023,0,0,0,0,0,0,0,0,0,0,6,50067,0,0,0,0,0,0,0,0,0,0,0,0,0,0,0,0,9,70956,0,0,0,0,0,0
2,2025,'010129100',606,  ,NO,0,4,57286,0,0,0,0,0,0,0,0,0,0,0,0,0,0,0,0,0,0,0,1,36101,0,0,0,0,0,0,0,1,8616,0,0,0,0,2,12569
2,2025,'010129210',601,  ,NO,0,1,2468,0,0,0,0,1,2468,0,0,0,0,0,0,0,0,0,0,0,0,0,0,0,0,0,0,0,0,0,0,0,0,0,0,0,0,0,0
2,2025,'010129290',137,  ,NO,0,1,6449,0,1,6449,0,0,0,0,0,0,0,0,0,0,0,0,0,0,0,0,0,0,0,0,0,0,0,0,0,0,0,0,0,0,0,0,0
2,2025,'010129290',205,  ,NO,0,23,816151,0,0,0,0,1,44450,0,1,47868,0,3,77928,0,1,13775,0,2,68120,0,2,72975,0,0,0,0,0,0,0,1,93155,0,12,397880,0,0,0
2,2025,'010129290',206,  ,NO,0,24,1431423,0,3,99438,0,2,370768,0,0,0,0,0,0,0,1,30764,0,2,13172,0,1,33188,0,0,0,0,1,107421,0,1,183805,0,13,592867,0,0,0
2,2025,'010129290',207,  ,NO,0,1,7585,0,0,0,0,0,0,0,0,0,0,0,0,0,0,0,0,0,0,0,0,0,0,0,0,0,0,0,0,1,7585,0,0,0,0,0,0
2,2025,'010129290',210,  ,NO,0,7,212808,0,2,34331,0,0,0,0,0,0,0,0,0,0,0,0,0,0,0,0,0,0,0,0,0,0,1,38896,0,0,0,0,4,139581,0,0,0
2,2025,'010129290',302,  ,NO,0,2,133545,0,0,0,0,0,0,0,0,0,0,0,0,0,0,0,0,0,0,0,0,0,0,0,0,0,0,0,0,2,133545,0,0,0,0,0,0
2,2025,'010129290',304,  ,NO,0,142,5831900,0,0,0,0,1,8168,0,10,330269,0,26,1232352,0,28,588389,0,7,173260,0,1,34598,0,0,0,0,2,69217,0,30,1752460,0,0,0,0,37,1643187
2,2025,'010129290',601,  ,NO,0,16,813891,0,0,0,0,0,0,0,5,369651,0,7,130524,0,4,313716,0,0,0,0,0,0,0,0,0,0,0,0,0,0,0,0,0,0,0,0,0
2,2025,'010129290',606,  ,NO,0,2,31547,0,0,0,0,0,0,0,0,0,0,2,31547,0,0,0,0,0,0,0,0,0,0,0,0,0,0,0,0,0,0,0,0,0,0,0,0
2,2025,'010310000',204,  ,NO,0,60,28112,0,0,0,0,0,0,0,0,0,0,0,0,0,0,0,0,0,0,0,0,0,0,0,0,0,0,0,0,0,0,0,60,28112,0,0,0
2,2025,'010391000',204,  ,NO,0,128,67785,0,0,0,0,0,0,0,0,0,0,0,0,0,63,32874,0,48,22261,0,0,0,0,0,0,0,0,0,0,0,0,0,17,12650,0,0,0
2,2025,'010391000',210,  ,NO,0,46,14915,0,0,0,0,0,0,0,0,0,0,0,0,0,0,0,0,0,0,0,0,0,0,0,0,0,0,0,0,0,0,0,0,0,0,46,14915
2,2025,'010392020',204,  ,NO,0,20,25459,0,0,0,0,0,0,0,0,0,0,0,0,0,0,0,0,4,4875,0,0,0,0,0,0,0,0,0,0,0,0,0,16,20584,0,0,0
2,2025,'010392020',210,  ,NO,0,6,2443,0,0,0,0,0,0,0,0,0,0,0,0,0,0,0,0,0,0,0,0,0,0,0,0,0,0,0,0,0,0,0,0,0,0,6,2443
2,2025,'010392020',302,  ,NO,0,375,201521,0,0,0,0,0,0,0,0,0,0,142,67995,0,0,0,0,0,0,0,45,28557,0,0,0,0,0,0,0,160,81130,0,0,0,0,28,23839
2,2025,'010392020',304,  ,NO,0,107,67509,0,0,0,0,0,0,0,25,10048,0,28,21855,0,0,0,0,0,0,0,38,28603,0,0,0,0,16,7003,0,0,0,0,0,0,0,0,0
2,2025,'010410000',606,  ,NO,0,25,9787,0,0,0,0,0,0,0,0,0,0,25,9787,0,0,0,0,0,0,0,0,0,0,0,0,0,0,0,0,0,0,0,0,0,0,0,0
2,2025,'010511000',205,  ,NO,0,201038,910940,0,0,0,0,41587,197451,0,13084,22059,0,0,0,0,28223,178599,0,28064,182782,0,16631,101782,0,0,0,0,23133,156174,0,11710,15597,0,2582,6769,0,36024,49727
2,2025,'010511000',207,  ,NO,0,84384,251604,0,0,0,0,0,0,0,0,0,0,29469,58177,0,8026,120857,0,0,0,0,0,0,0,16389,34552,0,0,0,0,20859,17589,0,9641,20429,0,0,0
2,2025,'010511000',302,  ,NO,0,5088,8717,0,0,0,0,0,0,0,0,0,0,0,0,0,0,0,0,0,0,0,0,0,0,0,0,0,0,0,0,5088,8717,0,0,0,0,0,0
2,2025,'010511000',304,  ,NO,0,1298,6109,0,0,0,0,0,0,0,0,0,0,0,0,0,0,0,0,0,0,0,0,0,0,0,0,0,0,0,0,0,0,0,0,0,0,1298,6109
2,2025,'010511000',410,  ,NO,0,14954,25954,0,0,0,0,2797,3157,0,0,0,0,0,0,0,3078,5861,0,1673,4368,0,7406,12568,0,0,0,0,0,0,0,0,0,0,0,0,0,0,0
2,2025,'010511000',606,  ,NO,0,130366,430252,0,0,0,0,0,0,0,0,0,0,0,0,0,0,0,0,0,0,0,0,0,0,0,0,0,23916,48145,0,26145,33847,0,37236,167486,0,43069,180774
2,2025,'010513000',205,  ,NO,0,1545,3421,0,0,0,0,0,0,0,0,0,0,0,0,0,0,0,0,0,0,0,0,0,0,0,0,0,1545,3421,0,0,0,0,0,0,0,0,0
2,2025,'010611000',110,NO,KG,979,2687,2000597,0,0,0,0,0,0,275,936,450467,0,0,0,0,0,0,0,0,0,328,741,701178,0,0,0,0,0,0,0,0,0,0,0,0,376,1010,848952
2,2025,'010611000',118,NO,KG,1,40,1527,0,0,0,0,0,0,0,0,0,0,0,0,0,0,0,0,0,0,0,0,0,0,0,0,0,0,0,0,0,0,0,0,0,1,40,1527
2,2025,'010611000',120,NO,KG,2897,10133,5379901,0,0,0,768,3546,1380384,634,2162,745623,0,0,0,0,0,0,0,0,0,729,2972,1377399,0,0,0,0,0,0,0,0,0,0,0,0,766,1453,1876495
2,2025,'010612090',601,NO,KG,1,3,627,0,0,0,0,0,0,0,0,0,0,0,0,1,3,627,0,0,0,0,0,0,0,0,0,0,0,0,0,0,0,0,0,0,0,0,0
2,2025,'010614000',106,NO,KG,391,81,2175,0,0,0,80,16,424,0,0,0,90,16,456,0,0,0,0,0,0,69,12,377,0,0,0,0,0,0,50,13,299,52,12,315,50,12,304
2,2025,'010614000',111,NO,KG,8,4,734,0,0,0,0,0,0,0,0,0,0,0,0,0,0,0,0,0,0,0,0,0,0,0,0,0,0,0,0,0,0,8,4,734,0,0,0
2,2025,'010614000',207,NO,KG,1443,1240,14296,195,187,1528,111,80,775,304,340,3036,146,55,1881,98,210,1535,0,0,0,0,0,0,0,0,0,100,80,784,271,148,2651,100,80,806,118,60,1300
2,2025,'010614000',304,NO,KG,117,286,4024,0,0,0,0,0,0,0,0,0,0,0,0,14,21,831,24,24,721,9,11,448,0,0,0,0,0,0,0,0,0,1,1,333,69,229,1691
2,2025,'010619010',103,NO,KG,95,239,44776,6,9,2250,14,36,8430,12,26,8925,12,31,4624,7,16,2126,10,25,5000,5,14,1592,6,27,2780,7,15,3183,5,14,1304,3,10,1095,8,16,3467
2,2025,'010619010',105,NO,KG,2067,12549,347197,284,1821,63236,152,807,25103,69,743,13296,284,2207,49310,142,904,29347,115,877,30197,182,585,17711,251,1533,49620,87,330,7379,59,499,6920,159,823,17059,283,1420,38019
2,2025,'010619010',106,NO,KG,7,53,5249,0,0,0,0,0,0,0,0,0,2,5,1836,0,0,0,1,1,650,0,0,0,3,10,2339,0,0,0,0,0,0,1,37,424,0,0,0
2,2025,'010619010',111,NO,KG,609,973,39704,37,82,4110,6,9,360,75,92,5554,74,73,5084,54,67,5462,30,48,1800,22,26,1924,92,25,1259,20,35,1200,41,228,3473,33,109,3988,125,179,5490
2,2025,'010619010',112,NO,KG,3,55,483,0,0,0,0,0,0,0,0,0,0,0,0,0,0,0,0,0,0,0,0,0,1,42,224,0,0,0,0,0,0,2,13,259,0,0,0
2,2025,'010619010',113,NO,KG,3,3,246,0,0,0,0,0,0,0,0,0,0,0,0,0,0,0,3,3,246,0,0,0,0,0,0,0,0,0,0,0,0,0,0,0,0,0,0
2,2025,'010619010',117,NO,KG,1,6,209,0,0,0,0,0,0,0,0,0,0,0,0,1,6,209,0,0,0,0,0,0,0,0,0,0,0,0,0,0,0,0,0,0,0,0,0
2,2025,'010619010',118,NO,KG,6,6,620,0,0,0,0,0,0,0,0,0,0,0,0,0,0,0,0,0,0,0,0,0,0,0,0,6,6,620,0,0,0,0,0,0,0,0,0
2,2025,'010619010',123,NO,KG,3,99,945,0,0,0,0,0,0,0,0,0,0,0,0,2,63,678,0,0,0,0,0,0,0,0,0,0,0,0,0,0,0,0,0,0,1,36,267
2,2025,'010619010',152,NO,KG,15,185,4715,0,0,0,3,60,347,0,0,0,0,0,0,0,0,0,1,12,570,3,30,1132,0,0,0,1,60,528,1,4,445,6,19,1693,0,0,0
2,2025,'010619010',153,NO,KG,1,5,300,0,0,0,0,0,0,0,0,0,1,5,300,0,0,0,0,0,0,0,0,0,0,0,0,0,0,0,0,0,0,0,0,0,0,0,0
2,2025,'010619010',154,NO,KG,1,3,265,0,0,0,0,0,0,0,0,0,0,0,0,0,0,0,0,0,0,0,0,0,0,0,0,1,3,265,0,0,0,0,0,0,0,0,0
2,2025,'010619010',205,NO,KG,4,123,1602,0,0,0,1,28,321,0,0,0,1,48,385,0,0,0,1,22,343,1,25,553,0,0,0,0,0,0,0,0,0,0,0,0,0,0,0
2,2025,'010619010',206,NO,KG,1,2,207,0,0,0,1,2,207,0,0,0,0,0,0,0,0,0,0,0,0,0,0,0,0,0,0,0,0,0,0,0,0,0,0,0,0,0,0
2,2025,'010619010',207,NO,KG,100,20,1425,0,0,0,0,0,0,0,0,0,0,0,0,0,0,0,100,20,1425,0,0,0,0,0,0,0,0,0,0,0,0,0,0,0,0,0,0
2,2025,'010619010',208,NO,KG,1,20,244,0,0,0,0,0,0,0,0,0,0,0,0,1,20,244,0,0,0,0,0,0,0,0,0,0,0,0,0,0,0,0,0,0,0,0,0
2,2025,'010619010',210,NO,KG,2,77,1246,1,60,321,0,0,0,0,0,0,1,17,925,0,0,0,0,0,0,0,0,0,0,0,0,0,0,0,0,0,0,0,0,0,0,0,0
2,2025,'010619010',213,NO,KG,7,155,2832,0,0,0,1,70,448,0,0,0,0,0,0,0,0,0,0,0,0,0,0,0,0,0,0,5,80,1863,0,0,0,1,5,521,0,0,0
2,2025,'010619010',218,NO,KG,1,6,453,0,0,0,1,6,453,0,0,0,0,0,0,0,0,0,0,0,0,0,0,0,0,0,0,0,0,0,0,0,0,0,0,0,0,0,0
2,2025,'010619010',221,NO,KG,1,4,208,0,0,0,0,0,0,0,0,0,0,0,0,0,0,0,0,0,0,0,0,0,0,0,0,0,0,0,1,4,208,0,0,0,0,0,0
2,2025,'010619010',223,NO,KG,10,231,4383,0,0,0,0,0,0,2,74,584,1,9,292,2,6,511,0,0,0,1,29,1386,0,0,0,1,50,548,0,0,0,1,18,312,2,45,750
2,2025,'010619010',224,NO,KG,30,373,12162,4,37,1221,0,0,0,2,6,739,3,76,1314,4,28,1134,4,50,1542,3,48,1891,3,33,1478,0,0,0,2,24,995,3,64,863,2,7,985
2,2025,'010619010',227,NO,KG,7,106,4831,0,0,0,1,20,275,4,50,3613,0,0,0,0,0,0,0,0,0,0,0,0,0,0,0,1,4,345,1,32,598,0,0,0,0,0,0
2,2025,'010619010',231,NO,KG,1,25,401,0,0,0,0,0,0,0,0,0,0,0,0,0,0,0,0,0,0,1,25,401,0,0,0,0,0,0,0,0,0,0,0,0,0,0,0
2,2025,'010619010',236,NO,KG,1,8,842,0,0,0,1,8,842,0,0,0,0,0,0,0,0,0,0,0,0,0,0,0,0,0,0,0,0,0,0,0,0,0,0,0,0,0,0
2,2025,'010619010',238,NO,KG,3,118,1694,0,0,0,1,8,651,1,80,561,0,0,0,0,0,0,0,0,0,1,30,482,0,0,0,0,0,0,0,0,0,0,0,0,0,0,0
2,2025,'010619010',243,NO,KG,1,50,519,0,0,0,0,0,0,0,0,0,1,50,519,0,0,0,0,0,0,0,0,0,0,0,0,0,0,0,0,0,0,0,0,0,0,0,0
2,2025,'010619010',245,NO,KG,6,51,1861,0,0,0,0,0,0,0,0,0,0,0,0,0,0,0,1,25,436,1,7,496,0,0,0,0,0,0,4,19,929,0,0,0,0,0,0
2,2025,'010619010',246,NO,KG,1,40,222,0,0,0,0,0,0,0,0,0,0,0,0,0,0,0,0,0,0,1,40,222,0,0,0,0,0,0,0,0,0,0,0,0,0,0,0
2,2025,'010619010',302,NO,KG,99,48,1179,0,0,0,0,0,0,56,8,449,0,0,0,0,0,0,25,20,423,0,0,0,0,0,0,0,0,0,0,0,0,0,0,0,18,20,307
2,2025,'010619010',304,NO,KG,4777,4281,201190,763,880,42295,591,267,16337,529,344,18477,360,147,8194,504,297,12246,531,430,21649,570,571,29840,347,592,24061,166,267,14596,123,165,3801,117,105,3366,176,216,6328
2,2025,'010619010',305,NO,KG,9,18,1790,0,0,0,0,0,0,9,18,1790,0,0,0,0,0,0,0,0,0,0,0,0,0,0,0,0,0,0,0,0,0,0,0,0,0,0,0
2,2025,'010619010',403,NO,KG,2,2,817,0,0,0,0,0,0,0,0,0,2,2,817,0,0,0,0,0,0,0,0,0,0,0,0,0,0,0,0,0,0,0,0,0,0,0,0
2,2025,'010619010',410,NO,KG,2,80,800,0,0,0,0,0,0,0,0,0,0,0,0,0,0,0,2,80,800,0,0,0,0,0,0,0,0,0,0,0,0,0,0,0,0,0,0
2,2025,'010619010',506,NO,KG,40,40,4719,0,0,0,0,0,0,0,0,0,0,0,0,0,0,0,0,0,0,40,40,4719,0,0,0,0,0,0,0,0,0,0,0,0,0,0,0
2,2025,'010619010',551,NO,KG,5,431,14085,0,0,0,0,0,0,0,0,0,0,0,0,1,15,504,0,0,0,0,0,0,0,0,0,0,0,0,0,0,0,1,18,363,3,398,13218
2,2025,'010619010',601,NO,KG,184,1867,70488,20,258,10328,19,212,7588,13,225,7331,8,57,1896,11,91,3636,26,151,3277,14,293,11448,13,54,1948,20,156,5138,21,247,14753,4,20,431,15,103,2714
2,2025,'010619010',606,NO,KG,101,515,29657,5,32,1457,10,47,3102,4,14,1199,10,67,3530,4,21,1131,5,13,1346,12,97,2915,13,47,3726,12,91,3995,13,44,3587,5,17,1452,8,25,2217
2,2025,'010619090',103,NO,KG,47083,1376,11255,3700,108,1047,5030,144,1197,3200,88,678,1700,52,509,4753,140,1413,5100,144,1200,2850,84,639,3800,116,742,5050,152,1196,5500,164,1270,2950,88,655,3450,96,709
2,2025,'010619090',105,NO,KG,7066,434,330036,117,18,11091,501,32,42903,188,3,24444,2294,120,27847,1225,114,22333,38,4,8492,192,33,14568,66,2,4795,843,18,67358,401,53,28917,320,7,27955,881,30,49333
2,2025,'010619090',106,NO,KG,78782,2692,60677,6801,218,5478,6134,204,4591,7506,241,4955,5734,208,5021,7610,247,5384,6092,213,4737,6021,231,5313,3220,122,2809,8414,318,6141,6200,208,4844,6574,211,5188,8476,271,6216
2,2025,'010619090',111,NO,KG,5427,677,34528,465,68,7071,0,0,0,858,80,4332,715,79,3455,513,55,2358,530,86,2635,236,36,1571,348,45,2080,686,69,3105,555,75,2917,189,36,3244,332,48,1760
2,2025,'010619090',113,NO,KG,120,12,787,0,0,0,0,0,0,0,0,0,0,0,0,0,0,0,50,5,337,0,0,0,0,0,0,70,7,450,0,0,0,0,0,0,0,0,0
2,2025,'010619090',123,NO,KG,4,8750,335379,0,0,0,0,0,0,0,0,0,0,0,0,0,0,0,0,0,0,4,8750,335379,0,0,0,0,0,0,0,0,0,0,0,0,0,0,0
2,2025,'010619090',204,NO,KG,20,2,400,0,0,0,0,0,0,0,0,0,0,0,0,0,0,0,0,0,0,20,2,400,0,0,0,0,0,0,0,0,0,0,0,0,0,0,0
2,2025,'010619090',205,NO,KG,68,1,3935,0,0,0,0,0,0,0,0,0,0,0,0,0,0,0,0,0,0,38,1,2133,0,0,0,30,0,1802,0,0,0,0,0,0,0,0,0
2,2025,'010619090',207,NO,KG,1424,477,20059,0,0,0,147,20,2103,147,21,1513,121,25,2063,151,99,3882,0,0,0,218,80,1908,153,26,1337,125,25,1472,108,70,1172,106,31,1314,148,80,3295
2,2025,'010619090',210,NO,KG,107,1,8679,0,0,0,0,0,0,0,0,0,0,0,0,74,1,6851,0,0,0,5,0,388,0,0,0,24,0,1183,4,0,257,0,0,0,0,0,0
2,2025,'010619090',213,NO,KG,4,1,206,0,0,0,0,0,0,0,0,0,0,0,0,0,0,0,0,0,0,0,0,0,0,0,0,0,0,0,0,0,0,4,1,206,0,0,0
2,2025,'010619090',223,NO,KG,2478,748,35097,370,137,5487,220,77,3191,214,74,2992,170,68,2169,196,68,2449,136,27,1532,100,30,1471,0,0,0,204,50,2735,388,112,6285,350,69,4895,130,36,1891
2,2025,'010619090',227,NO,KG,3,48,1508,0,0,0,0,0,0,0,0,0,1,10,801,0,0,0,0,0,0,0,0,0,0,0,0,0,0,0,2,38,707,0,0,0,0,0,0
2,2025,'010619090',237,NO,KG,260,190,9055,0,0,0,0,0,0,120,90,3672,0,0,0,0,0,0,0,0,0,0,0,0,0,0,0,0,0,0,140,100,5383,0,0,0,0,0,0
2,2025,'010619090',245,NO,KG,59420,2650,64034,6523,241,6027,5825,282,5817,4303,112,3677,4914,251,4838,3578,166,3409,6870,317,6797,696,60,777,1769,53,3195,6118,249,6207,7516,320,9232,5341,345,6790,5967,254,7268
2,2025,'010619090',302,NO,KG,211,60,2189,0,0,0,0,0,0,0,0,0,0,0,0,70,10,539,1,30,539,0,0,0,0,0,0,0,0,0,70,10,534,70,10,577,0,0,0
2,2025,'010619090',304,NO,KG,7805,924,278133,668,65,34634,444,42,29412,600,56,21616,394,35,13958,2477,304,42521,379,39,16550,408,151,26308,582,54,21594,326,38,13291,631,58,23944,393,35,15386,503,47,18919
2,2025,'010619090',403,NO,KG,10,80,5253,0,0,0,0,0,0,0,0,0,0,0,0,0,0,0,2,30,1794,0,0,0,0,0,0,0,0,0,0,0,0,8,50,3459,0,0,0
2,2025,'010619090',551,NO,KG,1,80,937,0,0,0,0,0,0,0,0,0,0,0,0,1,80,937,0,0,0,0,0,0,0,0,0,0,0,0,0,0,0,0,0,0,0,0,0
2,2025,'010619090',601,NO,KG,1,1,414,0,0,0,0,0,0,0,0,0,0,0,0,0,0,0,0,0,0,0,0,0,0,0,0,0,0,0,0,0,0,0,0,0,1,1,414
2,2025,'010619090',606,NO,KG,1,5,206,0,0,0,0,0,0,0,0,0,1,5,206,0,0,0,0,0,0,0,0,0,0,0,0,0,0,0,0,0,0,0,0,0,0,0,0
2,2025,'010620010',103,NO,KG,318,57,5352,0,0,0,0,0,0,0,0,0,0,0,0,50,10,756,30,13,408,0,0,0,0,0,0,100,5,2404,38,10,682,100,19,1102,0,0,0
2,2025,'010620010',105,NO,KG,44483,20448,69235,1640,1518,3778,100,5,1642,5279,4675,8365,1140,1000,1955,7014,1662,6895,1182,705,3554,12368,668,8364,762,523,4486,3580,3812,10305,570,500,1023,9088,4289,12947,1760,1091,5921
2,2025,'010620010',106,NO,KG,1009,32,3855,0,0,0,0,0,0,0,0,0,0,0,0,6,1,964,0,0,0,900,13,650,0,0,0,30,1,373,68,16,1471,0,0,0,5,1,397
2,2025,'010620010',108,NO,KG,420,7,1552,0,0,0,0,0,0,0,0,0,0,0,0,0,0,0,45,3,203,0,0,0,375,4,1349,0,0,0,0,0,0,0,0,0,0,0,0
2,2025,'010620010',110,NO,KG,1493,1453,6147,300,346,815,0,0,0,0,0,0,175,201,391,0,0,0,250,186,1429,0,0,0,280,211,849,83,100,213,100,8,1590,0,0,0,305,401,860
2,2025,'010620010',111,NO,KG,1050,23,870,0,0,0,550,13,459,0,0,0,0,0,0,0,0,0,0,0,0,250,5,204,0,0,0,0,0,0,250,5,207,0,0,0,0,0,0
2,2025,'010620010',113,NO,KG,310,6,1499,0,0,0,0,0,0,0,0,0,0,0,0,0,0,0,0,0,0,0,0,0,0,0,0,0,0,0,0,0,0,0,0,0,310,6,1499
2,2025,'010620010',118,NO,KG,1500,359,15815,18,6,332,301,30,2145,184,55,1692,180,20,2713,0,0,0,113,61,1620,0,0,0,256,100,1883,21,22,857,100,20,341,253,35,3212,74,10,1020
2,2025,'010620010',144,NO,KG,18,13,516,0,0,0,0,0,0,0,0,0,0,0,0,0,0,0,18,13,516,0,0,0,0,0,0,0,0,0,0,0,0,0,0,0,0,0,0
2,2025,'010620010',145,NO,KG,200,3,556,0,0,0,0,0,0,200,3,556,0,0,0,0,0,0,0,0,0,0,0,0,0,0,0,0,0,0,0,0,0,0,0,0,0,0,0
2,2025,'010620010',146,NO,KG,1675,108,4527,300,25,849,300,20,826,0,0,0,400,33,962,675,30,1890,0,0,0,0,0,0,0,0,0,0,0,0,0,0,0,0,0,0,0,0,0
2,2025,'010620010',207,NO,KG,31,10,2199,0,0,0,0,0,0,0,0,0,0,0,0,0,0,0,0,0,0,0,0,0,0,0,0,31,10,2199,0,0,0,0,0,0,0,0,0
2,2025,'010620010',210,NO,KG,20,3,586,0,0,0,0,0,0,20,3,586,0,0,0,0,0,0,0,0,0,0,0,0,0,0,0,0,0,0,0,0,0,0,0,0,0,0,0
2,2025,'010620010',213,NO,KG,386,47,9296,37,4,722,6,0,417,3,2,914,10,1,410,3,1,220,0,0,0,1,1,667,0,0,0,123,19,2116,145,11,425,0,0,0,58,8,3405
2,2025,'010620010',220,NO,KG,815,44,14785,0,0,0,0,0,0,0,0,0,0,0,0,0,0,0,0,0,0,30,1,1771,0,0,0,0,0,0,685,38,12130,100,5,884,0,0,0
2,2025,'010620010',225,NO,KG,7,3,2609,0,0,0,0,0,0,0,0,0,0,0,0,0,0,0,0,0,0,4,3,2335,3,0,274,0,0,0,0,0,0,0,0,0,0,0,0
2,2025,'010620010',242,NO,KG,3740,165,18255,820,34,3299,0,0,0,850,37,2761,204,15,1914,131,3,764,0,0,0,670,48,4015,0,0,0,820,19,3849,245,9,1653,0,0,0,0,0,0
2,2025,'010620010',244,NO,KG,3700,227,9795,0,0,0,0,0,0,0,0,0,0,0,0,950,28,2422,500,20,1189,630,53,1646,0,0,0,0,0,0,860,26,2242,760,100,2296,0,0,0
2,2025,'010620010',245,NO,KG,14,5,741,0,0,0,0,0,0,0,0,0,0,0,0,0,0,0,0,0,0,0,0,0,0,0,0,14,5,741,0,0,0,0,0,0,0,0,0
2,2025,'010620010',304,NO,KG,9396,86,26567,0,0,0,605,7,2174,330,4,489,21,5,292,0,0,0,8,1,230,4021,32,6619,1200,9,1896,1359,12,6579,1152,8,7231,0,0,0,700,8,1057
2,2025,'010620010',305,NO,KG,3196,901,21536,0,0,0,333,46,1844,390,90,2556,0,0,0,55,50,4319,6,3,938,575,67,3260,500,100,2213,500,180,2210,257,132,388,50,55,1516,530,178,2292
2,2025,'010620010',310,NO,KG,590,65,1160,0,0,0,0,0,0,180,18,273,0,0,0,160,32,355,0,0,0,0,0,0,0,0,0,250,15,532,0,0,0,0,0,0,0,0,0
2,2025,'010620010',319,NO,KG,250,47,1318,0,0,0,0,0,0,0,0,0,0,0,0,0,0,0,0,0,0,100,5,576,150,42,742,0,0,0,0,0,0,0,0,0,0,0,0
2,2025,'010620010',403,NO,KG,101,60,1128,0,0,0,0,0,0,0,0,0,0,0,0,0,0,0,0,0,0,0,0,0,0,0,0,101,60,1128,0,0,0,0,0,0,0,0,0
2,2025,'010620010',404,NO,KG,251,20,1977,0,0,0,0,0,0,0,0,0,0,0,0,0,0,0,0,0,0,0,0,0,0,0,0,0,0,0,0,0,0,0,0,0,251,20,1977
2,2025,'010620010',407,NO,KG,1225,219,12070,0,0,0,0,0,0,120,28,363,250,82,3443,0,0,0,182,18,2109,196,29,1607,120,6,1234,357,56,3314,0,0,0,0,0,0,0,0,0
2,2025,'010620010',412,NO,KG,320,35,10878,0,0,0,0,0,0,0,0,0,0,0,0,0,0,0,0,0,0,0,0,0,0,0,0,0,0,0,0,0,0,291,15,4732,29,20,6146
2,2025,'010620010',506,NO,KG,220,95,1984,0,0,0,0,0,0,50,20,746,30,5,245,40,20,255,0,0,0,0,0,0,100,50,738,0,0,0,0,0,0,0,0,0,0,0,0
2,2025,'010620010',518,NO,KG,3175,395,10265,0,0,0,400,43,1907,630,95,1669,210,33,591,0,0,0,238,7,827,518,60,1055,120,12,354,0,0,0,815,110,2859,150,15,421,94,20,582
2,2025,'010620010',519,NO,KG,796,75,1102,0,0,0,0,0,0,0,0,0,0,0,0,378,25,276,0,0,0,328,32,206,0,0,0,0,0,0,0,0,0,0,0,0,90,18,620
2,2025,'010620010',532,NO,KG,100,5,1748,0,0,0,0,0,0,0,0,0,0,0,0,0,0,0,100,5,1748,0,0,0,0,0,0,0,0,0,0,0,0,0,0,0,0,0,0
2,2025,'010620010',533,NO,KG,301,97,4327,0,0,0,85,7,1136,0,0,0,0,0,0,146,70,2523,0,0,0,0,0,0,0,0,0,0,0,0,0,0,0,0,0,0,70,20,668
2,2025,'010620010',541,NO,KG,1138,142,5539,0,0,0,0,0,0,40,1,231,0,0,0,300,40,1318,150,8,645,200,20,999,0,0,0,248,55,1286,0,0,0,200,18,1060,0,0,0
2,2025,'010620010',544,NO,KG,55,21,8229,0,0,0,15,3,2240,20,12,2954,0,0,0,0,0,0,0,0,0,0,0,0,0,0,0,0,0,0,0,0,0,0,0,0,20,6,3035
2,2025,'010620010',547,NO,KG,49,45,32111,0,0,0,0,0,0,10,2,4162,10,1,6563,0,0,0,4,21,3740,10,19,8729,0,0,0,0,0,0,0,0,0,15,2,8917,0,0,0
2,2025,'010620010',551,NO,KG,143,17,2367,0,0,0,0,0,0,122,7,961,0,0,0,21,10,1406,0,0,0,0,0,0,0,0,0,0,0,0,0,0,0,0,0,0,0,0,0
2,2025,'010620010',554,NO,KG,1900,118,8888,350,17,1800,0,0,0,0,0,0,350,17,1697,300,40,1348,0,0,0,550,27,2375,0,0,0,0,0,0,350,17,1668,0,0,0,0,0,0
2,2025,'010620020',111,NO,KG,8,10,400,0,0,0,0,0,0,0,0,0,0,0,0,0,0,0,0,0,0,0,0,0,0,0,0,0,0,0,0,0,0,8,10,400,0,0,0
2,2025,'010620020',518,NO,KG,202,30,213,0,0,0,0,0,0,0,0,0,0,0,0,0,0,0,0,0,0,0,0,0,0,0,0,0,0,0,0,0,0,202,30,213,0,0,0
2,2025,'010620031',103,NO,KG,19794,883,111347,1563,55,8799,1158,49,5806,1794,78,5407,1359,49,5673,1832,101,8367,857,30,3865,1518,79,8417,2503,129,11470,2685,144,22356,739,25,8879,2319,101,13986,1467,43,8322
2,2025,'010620031',105,NO,KG,2971,46,5827,0,0,0,0,0,0,527,10,797,151,5,514,0,0,0,112,3,381,110,3,459,520,5,782,0,0,0,953,10,892,0,0,0,598,10,2002
2,2025,'010620031',106,NO,KG,6668,130,29435,108,3,289,100,0,206,673,11,3664,419,6,2246,276,6,2450,631,16,3335,1581,33,5151,909,19,3275,415,12,1325,424,6,1756,904,13,3321,228,5,2417
2,2025,'010620031',108,NO,KG,4539,90,9742,291,4,268,254,6,688,211,1,251,377,6,692,780,36,1987,138,3,547,256,4,335,205,3,1187,392,5,1473,1034,16,1287,501,5,826,100,1,201
2,2025,'010620031',110,NO,KG,31593,313,7313,10031,106,1745,671,13,446,2431,30,366,4647,25,712,382,20,473,1785,33,982,4355,20,604,0,0,0,0,0,0,6976,56,1440,0,0,0,315,10,545
2,2025,'010620031',111,NO,KG,17134,1144,119898,1317,92,9245,640,29,3312,1098,74,6616,2196,135,7624,3174,124,15037,1409,109,15626,2103,130,21265,1199,50,7747,1358,185,9795,636,88,12183,788,51,4049,1216,77,7399
2,2025,'010620031',113,NO,KG,5243,200,17467,171,5,1581,271,5,1860,180,10,671,245,23,1143,910,46,1364,1271,29,2884,0,0,0,428,16,1537,543,15,1982,979,45,1667,0,0,0,245,6,2778
2,2025,'010620031',118,NO,KG,24681,2328,97735,1924,91,2875,266,49,1053,4809,466,20146,649,45,1619,1816,105,4762,4143,448,15744,878,72,5730,2695,228,11025,1100,188,5566,1909,192,8472,2436,275,12918,2056,169,7825
2,2025,'010620031',145,NO,KG,448,72,4198,0,0,0,0,0,0,198,4,877,0,0,0,0,0,0,0,0,0,100,29,1296,0,0,0,150,39,2025,0,0,0,0,0,0,0,0,0
2,2025,'010620031',146,NO,KG,432,52,3266,0,0,0,0,0,0,0,0,0,0,0,0,40,10,851,0,0,0,270,27,1589,0,0,0,0,0,0,122,15,826,0,0,0,0,0,0
2,2025,'010620031',152,NO,KG,1130,153,3654,0,0,0,0,0,0,0,0,0,0,0,0,1030,145,3081,100,8,573,0,0,0,0,0,0,0,0,0,0,0,0,0,0,0,0,0,0
2,2025,'010620031',204,NO,KG,33,4,1619,0,0,0,8,1,482,5,1,401,0,0,0,0,0,0,0,0,0,0,0,0,0,0,0,0,0,0,0,0,0,0,0,0,20,2,736
2,2025,'010620031',207,NO,KG,872,123,8755,60,8,285,14,5,276,23,2,2461,0,0,0,141,16,1098,134,15,1885,112,15,587,166,19,657,0,0,0,113,28,995,53,10,204,56,5,307
2,2025,'010620031',210,NO,KG,9,1,430,0,0,0,0,0,0,0,0,0,0,0,0,0,0,0,0,0,0,0,0,0,0,0,0,0,0,0,0,0,0,0,0,0,9,1,430
2,2025,'010620031',213,NO,KG,1700,126,55268,0,0,0,168,20,5115,245,12,9336,48,9,2632,23,1,1128,113,2,3070,281,41,4219,38,1,2938,275,13,10826,140,8,4031,27,1,1785,342,18,10188
2,2025,'010620031',218,NO,KG,10,0,1340,0,0,0,10,0,1340,0,0,0,0,0,0,0,0,0,0,0,0,0,0,0,0,0,0,0,0,0,0,0,0,0,0,0,0,0,0
2,2025,'010620031',225,NO,KG,66,16,2999,0,0,0,0,0,0,0,0,0,0,0,0,0,0,0,0,0,0,0,0,0,2,1,609,64,15,2390,0,0,0,0,0,0,0,0,0
2,2025,'010620031',227,NO,KG,104,4,2064,0,0,0,46,1,416,0,0,0,0,0,0,0,0,0,0,0,0,16,1,904,0,0,0,0,0,0,0,0,0,0,0,0,42,2,744
2,2025,'010620031',234,NO,KG,140,5,620,0,0,0,0,0,0,0,0,0,0,0,0,0,0,0,0,0,0,0,0,0,0,0,0,0,0,0,140,5,620,0,0,0,0,0,0
2,2025,'010620031',238,NO,KG,294,5,2952,0,0,0,0,0,0,0,0,0,0,0,0,0,0,0,0,0,0,0,0,0,0,0,0,294,5,2952,0,0,0,0,0,0,0,0,0
2,2025,'010620031',242,NO,KG,37,2,1258,0,0,0,23,1,356,6,1,242,0,0,0,0,0,0,0,0,0,0,0,0,4,0,438,0,0,0,4,0,222,0,0,0,0,0,0
2,2025,'010620031',245,NO,KG,12354,652,146629,1344,82,15087,1002,45,10062,1436,100,15532,40,15,292,1282,81,12518,1206,49,14138,1289,69,8885,4,0,548,2058,88,28578,1168,68,12674,488,29,4615,1037,26,23700
2,2025,'010620031',246,NO,KG,10,2,3969,0,0,0,0,0,0,6,1,742,0,0,0,0,0,0,0,0,0,0,0,0,4,1,3227,0,0,0,0,0,0,0,0,0,0,0,0
2,2025,'010620031',302,NO,KG,420,12,5221,0,0,0,0,0,0,0,0,0,116,2,497,0,0,0,0,0,0,0,0,0,0,0,0,14,1,1407,113,1,1043,0,0,0,177,8,2274
2,2025,'010620031',304,NO,KG,18031,737,80921,1351,52,6964,2174,89,8219,1063,44,3956,531,34,3143,3275,139,12050,1190,48,4019,489,26,6348,2521,84,7949,466,26,2948,1214,48,4198,2435,70,11561,1322,77,9566
2,2025,'010620031',305,NO,KG,41,15,1360,0,0,0,0,0,0,0,0,0,20,10,243,0,0,0,21,5,1117,0,0,0,0,0,0,0,0,0,0,0,0,0,0,0,0,0,0
2,2025,'010620031',309,NO,KG,1610,60,4289,0,0,0,0,0,0,0,0,0,0,0,0,0,0,0,810,40,2049,800,20,2240,0,0,0,0,0,0,0,0,0,0,0,0,0,0,0
2,2025,'010620031',310,NO,KG,2834,166,6024,0,0,0,0,0,0,250,24,275,470,10,1644,734,41,1290,0,0,0,226,6,543,500,40,812,0,0,0,149,10,557,505,35,903,0,0,0
2,2025,'010620031',319,NO,KG,14,0,201,0,0,0,0,0,0,0,0,0,0,0,0,0,0,0,0,0,0,14,0,201,0,0,0,0,0,0,0,0,0,0,0,0,0,0,0
2,2025,'010620031',404,NO,KG,108,25,246,0,0,0,0,0,0,0,0,0,0,0,0,0,0,0,0,0,0,0,0,0,108,25,246,0,0,0,0,0,0,0,0,0,0,0,0
2,2025,'010620031',407,NO,KG,275,52,8255,143,34,4048,10,5,1615,50,5,976,0,0,0,0,0,0,72,8,1616,0,0,0,0,0,0,0,0,0,0,0,0,0,0,0,0,0,0
2,2025,'010620031',413,NO,KG,56,8,285,0,0,0,0,0,0,0,0,0,0,0,0,56,8,285,0,0,0,0,0,0,0,0,0,0,0,0,0,0,0,0,0,0,0,0,0
2,2025,'010620031',506,NO,KG,13975,361,15589,0,0,0,0,0,0,0,0,0,11579,250,7185,730,7,1203,496,34,1168,0,0,0,1070,60,5294,100,10,739,0,0,0,0,0,0,0,0,0
2,2025,'010620031',517,NO,KG,260,9,372,0,0,0,0,0,0,0,0,0,0,0,0,0,0,0,260,9,372,0,0,0,0,0,0,0,0,0,0,0,0,0,0,0,0,0,0
2,2025,'010620031',518,NO,KG,9551,646,14602,0,0,0,1370,63,2410,1086,78,1682,2011,120,3112,805,52,1429,304,6,595,989,80,1375,0,0,0,0,0,0,1652,147,2731,340,40,247,994,60,1021
2,2025,'010620031',519,NO,KG,2759,100,3780,0,0,0,0,0,0,0,0,0,1008,30,1214,368,25,517,0,0,0,261,2,331,0,0,0,513,30,930,0,0,0,0,0,0,609,13,788
2,2025,'010620031',525,NO,KG,1180,148,3848,0,0,0,100,5,457,480,68,1354,400,60,1334,0,0,0,0,0,0,0,0,0,0,0,0,0,0,0,200,15,703,0,0,0,0,0,0
2,2025,'010620031',527,NO,KG,46,6,846,0,0,0,46,6,846,0,0,0,0,0,0,0,0,0,0,0,0,0,0,0,0,0,0,0,0,0,0,0,0,0,0,0,0,0,0
2,2025,'010620031',532,NO,KG,300,15,1165,0,0,0,0,0,0,0,0,0,0,0,0,0,0,0,300,15,1165,0,0,0,0,0,0,0,0,0,0,0,0,0,0,0,0,0,0
2,2025,'010620031',533,NO,KG,946,22,3629,0,0,0,496,10,2043,0,0,0,100,3,394,200,4,794,0,0,0,0,0,0,0,0,0,150,5,398,0,0,0,0,0,0,0,0,0
2,2025,'010620031',541,NO,KG,2570,84,11851,0,0,0,200,1,999,200,2,945,0,0,0,250,16,1105,330,6,1410,670,32,2900,0,0,0,200,2,918,340,12,1725,380,13,1849,0,0,0
2,2025,'010620031',546,NO,KG,4318,265,23736,0,0,0,1251,62,5651,96,8,707,191,12,2449,0,0,0,0,0,0,164,20,2045,1224,45,4575,563,60,2937,0,0,0,175,40,1603,654,18,3769
2,2025,'010620031',551,NO,KG,12,1,1915,0,0,0,0,0,0,0,0,0,0,0,0,0,0,0,0,0,0,0,0,0,0,0,0,12,1,1915,0,0,0,0,0,0,0,0,0
2,2025,'010620031',601,NO,KG,10,3,506,0,0,0,0,0,0,0,0,0,0,0,0,0,0,0,0,0,0,0,0,0,10,3,506,0,0,0,0,0,0,0,0,0,0,0,0
2,2025,'010620039',103,NO,KG,2053,417,46671,166,40,1192,50,10,1008,283,57,2990,0,0,0,126,30,2540,0,0,0,225,65,9692,239,70,2185,516,77,9147,98,16,3520,350,52,14397,0,0,0
2,2025,'010620039',105,NO,KG,638,60,6199,0,0,0,0,0,0,61,5,732,20,2,247,0,0,0,76,3,575,101,3,677,48,8,507,0,0,0,255,32,2242,0,0,0,77,7,1219
2,2025,'010620039',106,NO,KG,1014,36,7724,0,0,0,0,0,0,0,0,0,0,0,0,0,0,0,0,0,0,0,0,0,133,14,1133,358,9,2260,30,1,477,445,10,3171,48,2,683
2,2025,'010620039',108,NO,KG,333,30,2570,21,3,558,0,0,0,0,0,0,0,0,0,0,0,0,28,2,244,129,17,731,0,0,0,107,4,775,48,4,262,0,0,0,0,0,0
2,2025,'010620039',110,NO,KG,36,8,669,0,0,0,0,0,0,0,0,0,0,0,0,0,0,0,14,3,311,22,5,358,0,0,0,0,0,0,0,0,0,0,0,0,0,0,0
2,2025,'010620039',111,NO,KG,199,3,1017,0,0,0,0,0,0,199,3,1017,0,0,0,0,0,0,0,0,0,0,0,0,0,0,0,0,0,0,0,0,0,0,0,0,0,0,0
2,2025,'010620039',113,NO,KG,206,35,924,0,0,0,0,0,0,0,0,0,0,0,0,0,0,0,0,0,0,0,0,0,0,0,0,206,35,924,0,0,0,0,0,0,0,0,0
2,2025,'010620039',118,NO,KG,4286,932,35355,53,5,384,53,20,335,812,160,6265,250,20,375,0,0,0,542,125,5043,122,24,1875,474,125,5606,394,97,3491,230,87,1043,761,160,7052,595,109,3886
2,2025,'010620039',146,NO,KG,32,10,625,0,0,0,0,0,0,0,0,0,0,0,0,15,5,319,0,0,0,17,5,306,0,0,0,0,0,0,0,0,0,0,0,0,0,0,0
2,2025,'010620039',203,NO,KG,19,2,692,0,0,0,0,0,0,19,2,692,0,0,0,0,0,0,0,0,0,0,0,0,0,0,0,0,0,0,0,0,0,0,0,0,0,0,0
2,2025,'010620039',205,NO,KG,131,38,702,0,0,0,56,11,264,0,0,0,0,0,0,0,0,0,0,0,0,0,0,0,0,0,0,0,0,0,0,0,0,75,27,438,0,0,0
2,2025,'010620039',207,NO,KG,1499,483,17025,165,50,1110,132,17,5519,298,105,2083,148,60,679,0,0,0,150,45,800,65,42,597,115,18,511,85,45,814,31,8,243,0,0,0,310,93,4669
2,2025,'010620039',208,NO,KG,89,43,2404,30,18,289,0,0,0,0,0,0,0,0,0,0,0,0,0,0,0,0,0,0,0,0,0,31,20,875,0,0,0,0,0,0,28,5,1240
2,2025,'010620039',212,NO,KG,147,18,1207,0,0,0,0,0,0,0,0,0,0,0,0,0,0,0,0,0,0,147,18,1207,0,0,0,0,0,0,0,0,0,0,0,0,0,0,0
2,2025,'010620039',213,NO,KG,1568,179,41188,0,0,0,53,10,782,52,3,1284,16,2,575,36,1,1569,22,1,430,55,11,952,48,1,1444,425,25,11505,394,90,11377,311,28,5920,156,7,5350
2,2025,'010620039',218,NO,KG,2,8,742,0,0,0,0,0,0,0,0,0,0,0,0,0,0,0,2,8,742,0,0,0,0,0,0,0,0,0,0,0,0,0,0,0,0,0,0
2,2025,'010620039',220,NO,KG,20,1,939,0,0,0,0,0,0,0,0,0,20,1,939,0,0,0,0,0,0,0,0,0,0,0,0,0,0,0,0,0,0,0,0,0,0,0,0
2,2025,'010620039',227,NO,KG,42,2,660,0,0,0,42,2,660,0,0,0,0,0,0,0,0,0,0,0,0,0,0,0,0,0,0,0,0,0,0,0,0,0,0,0,0,0,0
2,2025,'010620039',238,NO,KG,89,6,826,0,0,0,0,0,0,0,0,0,0,0,0,0,0,0,0,0,0,0,0,0,0,0,0,89,6,826,0,0,0,0,0,0,0,0,0
2,2025,'010620039',245,NO,KG,792,40,14853,70,5,1840,86,5,1858,47,3,711,139,5,2441,0,0,0,52,6,1022,142,7,2083,0,0,0,202,5,3637,0,0,0,30,2,709,24,2,552
2,2025,'010620039',246,NO,KG,34,10,258,0,0,0,0,0,0,0,0,0,0,0,0,0,0,0,0,0,0,0,0,0,0,0,0,34,10,258,0,0,0,0,0,0,0,0,0
2,2025,'010620039',302,NO,KG,1501,377,20767,23,5,514,155,50,1148,0,0,0,308,64,7711,0,0,0,0,0,0,0,0,0,216,64,2578,0,0,0,205,90,1206,0,0,0,594,104,7610
2,2025,'010620039',304,NO,KG,6641,879,134383,583,90,14581,177,34,9415,595,100,18874,1034,143,19400,372,38,8011,635,110,6735,470,88,8410,390,47,7856,710,53,11672,305,52,3811,836,87,19588,534,37,6030
2,2025,'010620039',310,NO,KG,30,6,406,0,0,0,0,0,0,0,0,0,0,0,0,30,6,406,0,0,0,0,0,0,0,0,0,0,0,0,0,0,0,0,0,0,0,0,0
2,2025,'010620039',403,NO,KG,154,150,3051,0,0,0,0,0,0,0,0,0,0,0,0,0,0,0,0,0,0,0,0,0,63,70,1672,34,20,360,0,0,0,0,0,0,57,60,1019
2,2025,'010620039',404,NO,KG,195,92,2384,0,0,0,0,0,0,0,0,0,0,0,0,51,20,510,0,0,0,0,0,0,144,72,1874,0,0,0,0,0,0,0,0,0,0,0,0
2,2025,'010620039',506,NO,KG,1747,35,805,0,0,0,0,0,0,0,0,0,282,15,443,1465,20,362,0,0,0,0,0,0,0,0,0,0,0,0,0,0,0,0,0,0,0,0,0
2,2025,'010620039',518,NO,KG,1556,174,3570,0,0,0,674,70,937,116,22,454,239,25,433,130,20,411,0,0,0,131,10,353,0,0,0,0,0,0,242,22,775,0,0,0,24,5,207
2,2025,'010620039',519,NO,KG,727,70,1829,0,0,0,0,0,0,0,0,0,93,15,245,406,25,714,0,0,0,0,0,0,0,0,0,131,20,425,0,0,0,0,0,0,97,10,445
2,2025,'010620039',551,NO,KG,300,73,2901,0,0,0,0,0,0,0,0,0,0,0,0,100,20,1071,0,0,0,100,18,1094,0,0,0,22,10,369,78,25,367,0,0,0,0,0,0
2,2025,'010620090',213,NO,KG,96,5,2622,0,0,0,0,0,0,0,0,0,0,0,0,0,0,0,0,0,0,0,0,0,0,0,0,0,0,0,0,0,0,0,0,0,96,5,2622
2,2025,'010620090',227,NO,KG,7,2,273,0,0,0,0,0,0,0,0,0,0,0,0,0,0,0,0,0,0,0,0,0,0,0,0,7,2,273,0,0,0,0,0,0,0,0,0
2,2025,'010631000',111,NO,KG,40,23,4324,5,2,476,0,0,0,0,0,0,20,6,1872,0,0,0,0,0,0,10,10,1257,0,0,0,0,0,0,5,5,719,0,0,0,0,0,0
2,2025,'010631000',205,NO,KG,36,36,5963,0,0,0,0,0,0,0,0,0,0,0,0,0,0,0,0,0,0,20,20,3664,16,16,2299,0,0,0,0,0,0,0,0,0,0,0,0
2,2025,'010631000',207,NO,KG,55,59,10607,2,2,318,0,0,0,0,0,0,0,0,0,0,0,0,24,21,4989,0,0,0,24,26,4819,0,0,0,5,10,481,0,0,0,0,0,0
2,2025,'010631000',208,NO,KG,209,210,32682,12,12,2114,0,0,0,0,0,0,11,15,1947,40,40,4857,21,20,2875,15,15,2120,67,71,12256,24,15,4172,19,22,2341,0,0,0,0,0,0
2,2025,'010631000',213,NO,KG,20,24,5559,0,0,0,0,0,0,0,0,0,0,0,0,0,0,0,3,5,715,0,0,0,8,8,2029,0,0,0,9,11,2815,0,0,0,0,0,0
2,2025,'010631000',218,NO,KG,82,56,13288,0,0,0,0,0,0,0,0,0,0,0,0,0,0,0,52,26,7755,25,25,4986,5,5,547,0,0,0,0,0,0,0,0,0,0,0,0
2,2025,'010632000',111,NO,KG,77,48,19531,0,0,0,5,3,1182,0,0,0,2,2,468,0,0,0,5,3,1430,5,5,1783,0,0,0,12,7,1343,20,15,5522,0,0,0,28,13,7803
2,2025,'010632000',112,NO,KG,182,51,21092,0,0,0,23,4,1592,0,0,0,0,0,0,64,22,7273,19,4,2048,0,0,0,54,15,5971,11,2,1402,0,0,0,11,4,2806,0,0,0
2,2025,'010632000',113,NO,KG,157,114,21147,41,31,6139,0,0,0,6,1,953,31,15,4327,0,0,0,37,32,4885,9,2,251,19,19,2914,0,0,0,14,14,1678,0,0,0,0,0,0
2,2025,'010632000',207,NO,KG,173,79,29451,0,0,0,2,1,465,0,0,0,0,0,0,10,10,2922,22,22,5061,31,7,4689,86,19,10285,19,19,5316,3,1,713,0,0,0,0,0,0
2,2025,'010632000',208,NO,KG,780,162,37934,0,0,0,92,14,2411,125,15,6116,123,4,1315,35,35,3064,0,0,0,25,3,240,132,44,9530,76,16,4040,7,1,1469,165,30,9749,0,0,0
2,2025,'010632000',210,NO,KG,49,15,4263,0,0,0,34,3,688,0,0,0,0,0,0,0,0,0,0,0,0,0,0,0,5,2,1697,0,0,0,0,0,0,10,10,1878,0,0,0
2,2025,'010632000',213,NO,KG,25,1,3191,0,0,0,0,0,0,0,0,0,8,0,626,0,0,0,0,0,0,0,0,0,17,1,2565,0,0,0,0,0,0,0,0,0,0,0,0
2,2025,'010632000',220,NO,KG,1,1,6673,0,0,0,0,0,0,0,0,0,0,0,0,0,0,0,0,0,0,0,0,0,0,0,0,0,0,0,1,1,6673,0,0,0,0,0,0
2,2025,'010632000',225,NO,KG,15,15,2347,0,0,0,0,0,0,0,0,0,0,0,0,0,0,0,0,0,0,0,0,0,0,0,0,0,0,0,15,15,2347,0,0,0,0,0,0
2,2025,'010632000',227,NO,KG,12,12,858,0,0,0,0,0,0,0,0,0,0,0,0,0,0,0,0,0,0,0,0,0,0,0,0,0,0,0,12,12,858,0,0,0,0,0,0
2,2025,'010632000',242,NO,KG,20,20,2455,0,0,0,0,0,0,0,0,0,0,0,0,0,0,0,0,0,0,0,0,0,0,0,0,20,20,2455,0,0,0,0,0,0,0,0,0
2,2025,'010632000',245,NO,KG,43,43,6283,0,0,0,0,0,0,0,0,0,0,0,0,0,0,0,3,3,372,0,0,0,28,28,3614,0,0,0,12,12,2297,0,0,0,0,0,0
2,2025,'010632000',246,NO,KG,3,3,1197,0,0,0,0,0,0,0,0,0,0,0,0,0,0,0,0,0,0,0,0,0,0,0,0,3,3,1197,0,0,0,0,0,0,0,0,0
2,2025,'010632000',403,NO,KG,21,21,4723,10,10,2285,0,0,0,0,0,0,1,1,234,0,0,0,0,0,0,5,5,1097,0,0,0,0,0,0,5,5,1107,0,0,0,0,0,0
2,2025,'010632000',551,NO,KG,3,3,242,3,3,242,0,0,0,0,0,0,0,0,0,0,0,0,0,0,0,0,0,0,0,0,0,0,0,0,0,0,0,0,0,0,0,0,0
2,2025,'010639000',111,NO,KG,70,19,4066,0,0,0,0,0,0,0,0,0,0,0,0,0,0,0,35,15,1945,0,0,0,20,2,1180,15,2,941,0,0,0,0,0,0,0,0,0
2,2025,'010639000',113,NO,KG,1216,48,5484,29,6,615,296,10,991,61,3,456,0,0,0,0,0,0,0,0,0,102,9,647,252,10,870,0,0,0,6,6,640,0,0,0,470,4,1265
2,2025,'010639000',207,NO,KG,93,47,27790,0,0,0,0,0,0,36,18,14514,0,0,0,0,0,0,2,2,286,0,0,0,0,0,0,0,0,0,0,0,0,55,27,12990,0,0,0
2,2025,'010639000',208,NO,KG,1968,335,90726,0,0,0,117,60,37184,482,66,23224,641,65,5095,0,0,0,53,27,5608,211,7,995,267,46,8922,123,27,2432,0,0,0,74,37,7266,0,0,0
2,2025,'010639000',218,NO,KG,348,15,1863,0,0,0,348,15,1863,0,0,0,0,0,0,0,0,0,0,0,0,0,0,0,0,0,0,0,0,0,0,0,0,0,0,0,0,0,0
2,2025,'010639000',227,NO,KG,8,8,2269,0,0,0,0,0,0,0,0,0,0,0,0,0,0,0,0,0,0,0,0,0,0,0,0,0,0,0,8,8,2269,0,0,0,0,0,0
2,2025,'010639000',533,NO,KG,2,10,12147,0,0,0,0,0,0,0,0,0,0,0,0,2,10,12147,0,0,0,0,0,0,0,0,0,0,0,0,0,0,0,0,0,0,0,0,0
2,2025,'010641000',208,NO,KG,481920,947,110346,36480,72,8540,53280,105,12451,36480,72,8269,72960,144,16877,31680,62,7403,26880,52,6253,25440,50,5498,37440,74,8279,68160,134,15291,31680,62,7147,31680,62,7270,29760,58,7068
2,2025,'010641000',246,NO,KG,1956160,11713,432868,249270,1494,54621,204630,1226,43774,268200,1608,56874,158670,950,33838,94290,563,20343,115530,690,25845,80070,479,18694,48960,291,11263,183960,1102,40087,209550,1256,46272,194840,1166,46374,148190,888,34883
2,2025,'010641000',601,NO,KG,6368,2,2701,0,0,0,0,0,0,6368,2,2701,0,0,0,0,0,0,0,0,0,0,0,0,0,0,0,0,0,0,0,0,0,0,0,0,0,0,0
2,2025,'010649000',105,NO,KG,35614760,3593,15312,4710400,421,1311,2834400,367,1916,6365110,547,1971,927180,333,2378,97000,32,221,606240,227,1636,284260,123,932,3285450,282,1057,5294540,378,1044,5234140,417,1365,2878500,235,790,3097540,231,691
2,2025,'010649000',106,NO,KG,156000,156,1033,0,0,0,0,0,0,0,0,0,52000,52,331,0,0,0,52000,52,346,0,0,0,0,0,0,52000,52,356,0,0,0,0,0,0,0,0,0
2,2025,'010649000',110,NO,KG,278640000,13932,22473,0,0,0,30960000,1548,2608,0,0,0,30960000,1548,2531,0,0,0,30960000,1548,2459,30960000,1548,2470,30960000,1548,2511,30960000,1548,2520,30960000,1548,2576,30960000,1548,2149,30960000,1548,2649
2,2025,'010649000',111,NO,KG,204,1,206,0,0,0,0,0,0,0,0,0,0,0,0,0,0,0,0,0,0,0,0,0,0,0,0,0,0,0,0,0,0,204,1,206,0,0,0
2,2025,'010649000',113,NO,KG,880,13,854,0,0,0,0,0,0,292,2,449,0,0,0,0,0,0,588,11,405,0,0,0,0,0,0,0,0,0,0,0,0,0,0,0,0,0,0
2,2025,'010649000',118,NO,KG,201414,2636,92803,3617,40,2127,9527,174,5362,33039,377,14063,15086,176,6670,45945,729,20611,17947,317,10790,44409,477,18042,5913,79,2311,9774,102,4950,9350,93,4595,4820,50,2103,1987,22,1179
2,2025,'010649000',207,NO,KG,8026000,130,22391,788000,12,3030,713000,10,2377,967500,15,2235,390500,7,792,412500,7,580,263500,4,495,171500,2,482,121500,2,420,807500,13,1472,1139000,20,2913,1637500,28,5428,614000,10,2167
2,2025,'010649000',213,NO,KG,274100,396,6588,0,0,0,0,0,0,23300,33,534,51800,72,1181,43500,59,969,30000,40,742,47400,76,1156,16600,23,332,49300,71,1283,12200,22,391,0,0,0,0,0,0
2,2025,'010649000',215,NO,KG,33000,2,5592,3000,0,498,3000,2,478,3000,0,476,3000,0,497,3000,0,497,3000,0,497,3000,0,516,3000,0,520,3000,0,524,3000,0,540,3000,0,549,0,0,0
2,2025,'010649000',218,NO,KG,81332,38,1439,0,0,0,0,0,0,0,0,0,0,0,0,0,0,0,0,0,0,0,0,0,0,0,0,18000,10,207,19200,7,254,196,8,309,43936,13,669
2,2025,'010649000',304,NO,KG,84602,11,5170,6218,3,865,6123,1,494,6000,0,274,7558,3,848,6000,0,260,16703,4,812,6000,0,263,6000,0,268,6000,0,265,6000,0,267,6000,0,273,6000,0,281
2,2025,'010649000',506,NO,KG,1052,12,538,0,0,0,0,0,0,0,0,0,656,10,262,0,0,0,396,2,276,0,0,0,0,0,0,0,0,0,0,0,0,0,0,0,0,0,0
2,2025,'010690011',103,NO,KG,1054,20,1598,0,0,0,0,0,0,0,0,0,0,0,0,0,0,0,0,0,0,0,0,0,500,10,689,0,0,0,0,0,0,0,0,0,554,10,909
2,2025,'010690011',105,NO,KG,29,1,216,0,0,0,0,0,0,0,0,0,0,0,0,0,0,0,0,0,0,0,0,0,0,0,0,0,0,0,29,1,216,0,0,0,0,0,0
2,2025,'010690011',106,NO,KG,8944,150,10533,880,7,866,0,0,0,587,19,453,0,0,0,1520,26,1407,1075,19,1274,891,15,1047,721,12,842,710,8,684,1400,24,845,0,0,0,1160,20,3115
2,2025,'010690011',108,NO,KG,250,4,3340,0,0,0,50,1,820,0,0,0,0,0,0,0,0,0,0,0,0,0,0,0,200,3,2520,0,0,0,0,0,0,0,0,0,0,0,0
2,2025,'010690011',110,NO,KG,1561,37,3266,0,0,0,0,0,0,0,0,0,0,0,0,516,2,1402,735,20,912,0,0,0,0,0,0,0,0,0,110,10,418,200,5,534,0,0,0
2,2025,'010690011',111,NO,KG,305,7,2875,0,0,0,0,0,0,0,0,0,0,0,0,305,7,2875,0,0,0,0,0,0,0,0,0,0,0,0,0,0,0,0,0,0,0,0,0
2,2025,'010690011',113,NO,KG,1302,54,1723,0,0,0,0,0,0,0,0,0,0,0,0,651,31,966,200,5,417,0,0,0,0,0,0,0,0,0,451,18,340,0,0,0,0,0,0
2,2025,'010690011',118,NO,KG,2117,88,3012,0,0,0,0,0,0,0,0,0,0,0,0,0,0,0,0,0,0,130,5,261,600,20,625,0,0,0,372,18,608,600,20,786,415,25,732
2,2025,'010690011',207,NO,KG,363,13,8205,0,0,0,19,1,502,0,0,0,0,0,0,108,1,2142,0,0,0,0,0,0,0,0,0,0,0,0,146,2,4339,90,9,1222,0,0,0
2,2025,'010690011',212,NO,KG,101,3,347,0,0,0,0,0,0,0,0,0,0,0,0,0,0,0,101,3,347,0,0,0,0,0,0,0,0,0,0,0,0,0,0,0,0,0,0
2,2025,'010690011',213,NO,KG,2720,76,12923,0,0,0,501,19,1615,137,2,299,556,13,1449,0,0,0,0,0,0,739,21,3305,66,0,507,310,5,1328,61,1,2026,340,14,1982,10,1,412
2,2025,'010690011',227,NO,KG,262,3,1665,0,0,0,115,1,727,0,0,0,0,0,0,0,0,0,0,0,0,0,0,0,0,0,0,100,1,618,0,0,0,0,0,0,47,1,320
2,2025,'010690011',245,NO,KG,150,8,1255,50,3,303,0,0,0,0,0,0,0,0,0,0,0,0,0,0,0,0,0,0,0,0,0,0,0,0,0,0,0,100,5,952,0,0,0
2,2025,'010690011',302,NO,KG,449,10,6210,0,0,0,158,1,2729,0,0,0,85,4,928,0,0,0,0,0,0,0,0,0,0,0,0,110,1,1032,0,0,0,96,4,1521,0,0,0
2,2025,'010690011',304,NO,KG,1504,40,3081,0,0,0,90,2,386,0,0,0,430,14,1240,627,18,762,0,0,0,326,5,474,0,0,0,0,0,0,0,0,0,31,1,219,0,0,0
2,2025,'010690011',310,NO,KG,5535,203,9072,0,0,0,650,6,1037,300,42,485,485,10,717,1050,25,1738,0,0,0,150,3,235,750,40,1278,350,10,550,550,5,820,1250,62,2212,0,0,0
2,2025,'010690011',404,NO,KG,256,20,523,0,0,0,0,0,0,0,0,0,0,0,0,256,20,523,0,0,0,0,0,0,0,0,0,0,0,0,0,0,0,0,0,0,0,0,0
2,2025,'010690011',406,NO,KG,30,1,1343,0,0,0,30,1,1343,0,0,0,0,0,0,0,0,0,0,0,0,0,0,0,0,0,0,0,0,0,0,0,0,0,0,0,0,0,0
2,2025,'010690011',407,NO,KG,66,2,554,0,0,0,0,0,0,66,2,554,0,0,0,0,0,0,0,0,0,0,0,0,0,0,0,0,0,0,0,0,0,0,0,0,0,0,0
2,2025,'010690011',409,NO,KG,50,8,947,50,8,947,0,0,0,0,0,0,0,0,0,0,0,0,0,0,0,0,0,0,0,0,0,0,0,0,0,0,0,0,0,0,0,0,0
2,2025,'010690011',519,NO,KG,200,16,561,0,0,0,0,0,0,0,0,0,0,0,0,0,0,0,0,0,0,0,0,0,0,0,0,0,0,0,0,0,0,0,0,0,200,16,561
2,2025,'010690011',533,NO,KG,861,31,1068,500,21,237,0,0,0,0,0,0,100,5,257,0,0,0,0,0,0,0,0,0,0,0,0,261,5,574,0,0,0,0,0,0,0,0,0
2,2025,'010690011',551,NO,KG,1250,13,6880,0,0,0,0,0,0,250,3,1189,0,0,0,0,0,0,0,0,0,0,0,0,0,0,0,0,0,0,0,0,0,500,5,2806,500,5,2885
2,2025,'010690011',606,NO,KG,88,0,2247,0,0,0,0,0,0,0,0,0,0,0,0,0,0,0,0,0,0,88,0,2247,0,0,0,0,0,0,0,0,0,0,0,0,0,0,0
2,2025,'010690012',103,NO,KG,250,4,454,0,0,0,0,0,0,0,0,0,0,0,0,0,0,0,0,0,0,0,0,0,250,4,454,0,0,0,0,0,0,0,0,0,0,0,0
2,2025,'010690012',108,NO,KG,98,2,624,0,0,0,0,0,0,0,0,0,0,0,0,98,2,624,0,0,0,0,0,0,0,0,0,0,0,0,0,0,0,0,0,0,0,0,0
2,2025,'010690012',110,NO,KG,30,3,303,30,3,303,0,0,0,0,0,0,0,0,0,0,0,0,0,0,0,0,0,0,0,0,0,0,0,0,0,0,0,0,0,0,0,0,0
2,2025,'010690012',213,NO,KG,647,18,7286,0,0,0,114,6,569,0,0,0,118,3,660,26,1,435,0,0,0,14,3,308,35,0,1444,49,1,560,43,0,792,31,2,291,217,2,2227
2,2025,'010690012',242,NO,KG,59,2,293,0,0,0,0,0,0,0,0,0,0,0,0,0,0,0,0,0,0,0,0,0,0,0,0,0,0,0,59,2,293,0,0,0,0,0,0
2,2025,'010690012',245,NO,KG,317,13,1778,150,6,572,0,0,0,0,0,0,0,0,0,0,0,0,0,0,0,0,0,0,0,0,0,28,2,271,89,4,659,50,1,276,0,0,0
2,2025,'010690012',304,NO,KG,1277,125,4200,83,11,390,53,5,253,120,20,616,0,0,0,236,22,596,582,58,1629,70,3,217,133,6,499,0,0,0,0,0,0,0,0,0,0,0,0
2,2025,'010690012',310,NO,KG,44,8,507,0,0,0,0,0,0,0,0,0,0,0,0,0,0,0,0,0,0,0,0,0,20,5,246,0,0,0,24,3,261,0,0,0,0,0,0
2,2025,'010690090',105,NO,KG,17439255,8730,28188,0,0,0,0,0,0,1000,2,898,0,0,0,0,0,0,2120500,1061,3361,3320000,1660,4444,755,11,1055,2440000,1220,3328,2816500,1403,4864,2800500,1403,4555,3940000,1970,5683
2,2025,'010690090',110,NO,KG,2489,7,674,0,0,0,0,0,0,0,0,0,0,0,0,299,5,268,0,0,0,0,0,0,0,0,0,0,0,0,2190,2,406,0,0,0,0,0,0
2,2025,'010690090',111,NO,KG,1639,12,960,430,5,435,0,0,0,738,5,262,0,0,0,0,0,0,0,0,0,0,0,0,0,0,0,0,0,0,0,0,0,471,2,263,0,0,0
2,2025,'010690090',113,NO,KG,167,1,668,0,0,0,0,0,0,0,0,0,0,0,0,0,0,0,55,0,311,0,0,0,0,0,0,0,0,0,0,0,0,0,0,0,112,1,357
2,2025,'010690090',118,NO,KG,20,1,327,0,0,0,0,0,0,0,0,0,0,0,0,0,0,0,0,0,0,0,0,0,0,0,0,0,0,0,0,0,0,20,1,327,0,0,0
2,2025,'010690090',143,NO,KG,15408000,297,13341,3020000,59,2613,3074000,59,2647,1498000,28,1380,0,0,0,0,0,0,0,0,0,0,0,0,0,0,0,0,0,0,1004000,19,874,3804000,74,3196,3008000,58,2631
2,2025,'010690090',205,NO,KG,5750,6,5096,550,1,800,0,0,0,0,0,0,550,1,845,0,0,0,550,1,849,0,0,0,0,0,0,550,1,869,0,0,0,0,0,0,3550,2,1733
2,2025,'010690090',207,NO,KG,2289917800,19724,590697,210368880,1824,59712,353700000,747,61813,154190300,1783,36753,96168120,3682,33076,80384420,1755,26597,68747640,1442,24155,55486080,1570,18454,108292440,2229,27239,119917780,1660,27531,285697140,1106,72686,622020000,1662,159498,134945000,264,43183
2,2025,'010690090',213,NO,KG,82,2,315,0,0,0,0,0,0,0,0,0,82,2,315,0,0,0,0,0,0,0,0,0,0,0,0,0,0,0,0,0,0,0,0,0,0,0,0
2,2025,'010690090',223,NO,KG,4209,23,9317,331,1,827,253,1,909,419,2,824,353,3,1133,278,3,590,431,2,758,486,3,797,0,0,0,772,4,1621,369,2,911,0,0,0,517,2,947
2,2025,'010690090',245,NO,KG,500,7,645,0,0,0,500,7,645,0,0,0,0,0,0,0,0,0,0,0,0,0,0,0,0,0,0,0,0,0,0,0,0,0,0,0,0,0,0
2,2025,'010690090',304,NO,KG,57800,0,7141,4600,0,588,4600,0,576,4600,0,555,4800,0,588,4800,0,568,4800,0,569,4800,0,574,4800,0,586,5000,0,619,5000,0,625,5000,0,637,5000,0,656
2,2025,'010690090',501,NO,KG,2272000,200,3620,0,0,0,164000,14,239,0,0,0,0,0,0,0,0,0,0,0,0,0,0,0,0,0,0,0,0,0,176000,17,264,1374000,125,2256,558000,44,861
2,2025,'010690090',506,NO,KG,200,1,242,0,0,0,0,0,0,0,0,0,200,1,242,0,0,0,0,0,0,0,0,0,0,0,0,0,0,0,0,0,0,0,0,0,0,0,0
2,2025,'010690090',518,NO,KG,2900,79,2425,0,0,0,0,0,0,0,0,0,2100,39,1771,400,20,297,0,0,0,0,0,0,0,0,0,0,0,0,0,0,0,0,0,0,400,20,357
2,2025,'010690090',601,NO,KG,95440000,0,61564,17280000,0,10292,13840000,0,8069,8880000,0,4762,3040000,0,1759,2640000,0,1526,2960000,0,1715,1760000,0,1100,2800000,0,1699,1200000,0,811,5200000,0,4024,24400000,0,18090,11440000,0,7717
2,2025,'020120000',206,  ,KG,0,6108,28951,0,536,2248,0,410,1760,0,317,1400,0,712,3246,0,420,1957,0,322,1495,0,753,3601,0,572,2749,0,569,2732,0,567,2809,0,495,2666,0,435,2288
2,2025,'020120000',210,  ,KG,0,11196,33598,0,224,589,0,556,1411,0,1263,2981,0,1434,3545,0,929,2323,0,702,1761,0,1133,3452,0,885,3064,0,911,3104,0,1179,4164,0,1131,3995,0,849,3209
2,2025,'020120000',220,  ,KG,0,5285,31674,0,451,2313,0,213,1314,0,386,1993,0,416,2279,0,535,3107,0,317,2118,0,250,1756,0,434,2601,0,573,3608,0,605,3636,0,696,4317,0,409,2632
2,2025,'020120000',302,  ,KG,0,32879,66762,0,0,0,0,10295,20231,0,119,335,0,252,708,0,454,1110,0,710,2027,0,52,302,0,9606,18750,0,123,240,0,0,0,0,11268,23059,0,0,0
2,2025,'020120000',304,  ,KG,0,578216,2316790,0,48532,210647,0,28807,116906,0,72100,263478,0,78099,275085,0,47720,181386,0,36078,135473,0,37111,135826,0,38787,164381,0,33437,135901,0,52063,233022,0,54006,235413,0,51476,229272
2,2025,'020120000',305,  ,KG,0,19014,42976,0,437,1196,0,3150,6947,0,2437,5642,0,3402,7729,0,2054,4161,0,821,1753,0,797,1719,0,1628,3666,0,1509,3774,0,720,1630,0,1634,3821,0,425,938
2,2025,'020120000',601,  ,KG,0,7570,22916,0,1205,3496,0,347,992,0,1105,2996,0,546,1907,0,369,1175,0,329,999,0,222,812,0,132,503,0,1321,4497,0,1435,3771,0,408,1111,0,151,657
2,2025,'020120000',606,  ,KG,0,2411,5526,0,0,0,0,0,0,0,0,0,0,0,0,0,0,0,0,0,0,0,540,971,0,206,646,0,102,318,0,755,1359,0,702,1899,0,106,333
2,2025,'020130010',206,  ,KG,0,3270,17221,0,227,1085,0,263,1245,0,116,525,0,187,987,0,144,731,0,391,1980,0,360,1846,0,216,1198,0,474,2517,0,364,1968,0,367,2165,0,161,974
2,2025,'020130010',210,  ,KG,0,6288,28753,0,139,580,0,379,1531,0,1003,4114,0,842,3610,0,648,2767,0,610,2681,0,872,4100,0,509,2543,0,286,1418,0,499,2639,0,366,1993,0,135,777
2,2025,'020130010',220,  ,KG,0,2255,11179,0,0,0,0,136,512,0,155,609,0,303,1278,0,256,1171,0,251,1183,0,258,1435,0,225,1242,0,359,1883,0,66,346,0,128,703,0,118,817
2,2025,'020130010',302,  ,KG,0,493460,863668,0,60267,111761,0,52954,97994,0,45598,79746,0,42577,69652,0,53601,90911,0,41491,78980,0,33598,46584,0,27864,39639,0,26156,41543,0,33669,55372,0,27386,52909,0,48299,98577
2,2025,'020130010',304,  ,KG,0,2501739,5829635,0,205776,483385,0,162360,341182,0,199379,493470,0,225023,537976,0,240461,527659,0,219816,489257,0,248725,533047,0,194817,449101,0,186659,417453,0,179867,404919,0,169161,426665,0,269695,725521
2,2025,'020130010',305,  ,KG,0,1018152,1900555,0,89638,152685,0,93634,164207,0,118495,205319,0,150298,252776,0,82834,157743,0,71331,137108,0,57655,114308,0,64511,136923,0,71132,147995,0,68974,139959,0,79140,159636,0,70510,131896
2,2025,'020130010',412,  ,KG,0,369,1315,0,122,565,0,123,244,0,0,0,0,0,0,0,0,0,0,124,506,0,0,0,0,0,0,0,0,0,0,0,0,0,0,0,0,0,0
2,2025,'020130010',601,  ,KG,0,9838025,22440531,0,574653,1312604,0,504237,1143288,0,682625,1461879,0,683193,1439721,0,926487,1961435,0,771562,1656320,0,1107867,2410198,0,967456,2252133,0,852974,1998639,0,1101105,2589817,0,739340,1863494,0,926526,2351003
2,2025,'020130010',606,  ,KG,0,1095585,3012494,0,140149,354326,0,21686,61745,0,128743,307319,0,96663,249538,0,93979,229855,0,126812,336724,0,106247,301205,0,59821,177063,0,71465,219255,0,79836,240596,0,86746,268939,0,83438,265929
2,2025,'020130020',206,  ,KG,0,80,254,0,0,0,0,0,0,0,0,0,0,0,0,0,0,0,0,0,0,0,0,0,0,0,0,0,0,0,0,0,0,0,0,0,0,80,254
2,2025,'020130020',210,  ,KG,0,1262,3996,0,0,0,0,162,486,0,360,1076,0,256,788,0,359,1140,0,0,0,0,0,0,0,0,0,0,0,0,0,0,0,0,0,0,0,125,506
2,2025,'020130020',220,  ,KG,0,1504,5971,0,222,817,0,210,987,0,260,993,0,178,863,0,70,250,0,94,335,0,67,248,0,58,203,0,0,0,0,213,767,0,72,284,0,60,224
2,2025,'020130020',302,  ,KG,0,2191734,3140472,0,148698,216924,0,178421,256746,0,192238,266878,0,173315,240737,0,228734,321895,0,368333,445796,0,156899,214577,0,119536,168702,0,126588,186193,0,142933,213011,0,125759,207887,0,230280,401126
2,2025,'020130020',304,  ,KG,0,15889363,25108759,0,1479370,2385467,0,1387039,2205278,0,1200564,1902250,0,1595759,2501556,0,1243911,1817526,0,1192553,1718819,0,1539216,2228233,0,1333279,1957307,0,1346933,2130571,0,1437613,2374542,0,828614,1484297,0,1304512,2402913
2,2025,'020130020',305,  ,KG,0,117172,170907,0,9526,15174,0,10492,15963,0,14347,21699,0,16822,24770,0,7982,9379,0,8795,11015,0,15974,23013,0,11016,15651,0,7599,11052,0,5721,8675,0,5802,8913,0,3096,5603
2,2025,'020130020',412,  ,KG,0,101666,114367,0,61669,71743,0,0,0,0,0,0,0,39997,42624,0,0,0,0,0,0,0,0,0,0,0,0,0,0,0,0,0,0,0,0,0,0,0,0
2,2025,'020130020',601,  ,KG,0,62006666,73465588,0,4266548,4989325,0,3372210,3900760,0,4482924,5083989,0,4718574,5327960,0,6349917,7129836,0,5123406,5809408,0,6186866,7185014,0,5838011,6851663,0,4586862,5422237,0,6252535,7460877,0,4451974,5746175,0,6376839,8558344
2,2025,'020130020',606,  ,KG,0,4205556,5257383,0,454324,549571,0,130855,157431,0,355297,413802,0,452515,519139,0,326512,379307,0,550173,665301,0,334690,416347,0,214724,278410,0,392020,507010,0,339673,445582,0,341156,481518,0,313617,443965
2,2025,'020130030',302,  ,KG,0,3815951,3410961,0,247352,264167,0,178872,183750,0,211678,194987,0,238754,223548,0,290963,258526,0,263006,246538,0,381060,314930,0,327112,269489,0,334521,297918,0,469939,393203,0,363164,318284,0,509530,445621
2,2025,'020130030',304,  ,KG,0,47448856,45985878,0,3982397,3957758,0,3608631,3522881,0,3921291,3793283,0,4475608,4352220,0,4071654,3859448,0,3509211,3380722,0,4765233,4486757,0,3994819,3728742,0,3426757,3326217,0,4275641,4064541,0,3212051,3205995,0,4205563,4307314
2,2025,'020130030',305,  ,KG,0,908598,777869,0,32562,27388,0,89606,72152,0,96736,82338,0,76057,63864,0,76413,70570,0,89887,77014,0,68067,57764,0,68067,56042,0,74066,61349,0,83346,72009,0,77146,67589,0,76645,69790
2,2025,'020130030',601,  ,KG,0,16668154,16695433,0,1082235,1136963,0,958901,995241,0,1253694,1245385,0,1427886,1403643,0,1874985,1780605,0,1354507,1298262,0,1683361,1655440,0,1356077,1346611,0,1183457,1163259,0,1622003,1619202,0,1214765,1275366,0,1656283,1775456
2,2025,'020130030',606,  ,KG,0,1308417,1709259,0,140687,169021,0,45702,62568,0,101458,122931,0,130390,168524,0,83709,105089,0,171248,223303,0,111829,145657,0,71062,95489,0,120082,164053,0,110922,147877,0,117589,160148,0,103739,144599
2,2025,'020130090',302,  ,KG,0,178062,264379,0,19545,28472,0,14547,21292,0,12112,17157,0,26200,37179,0,21143,30118,0,25245,37555,0,20290,30973,0,21330,33143,0,12526,19556,0,2255,3595,0,703,1237,0,2166,4102
2,2025,'020130090',304,  ,KG,0,189567,278975,0,45350,68159,0,18738,27842,0,47233,67552,0,36929,52205,0,12176,17080,0,5925,8890,0,13985,22214,0,6967,11216,0,1606,2617,0,0,0,0,0,0,0,658,1200
2,2025,'020130090',601,  ,KG,0,2784629,2892680,0,273547,270393,0,192704,189971,0,209167,202217,0,161797,154133,0,200970,195886,0,178404,177628,0,230006,233539,0,232208,241715,0,206187,216584,0,296132,317219,0,223742,253744,0,379765,439651
2,2025,'020130090',606,  ,KG,0,40179,48330,0,6436,6401,0,1242,1269,0,2388,2412,0,4967,6982,0,1788,1794,0,2425,2441,0,5044,5840,0,3373,3769,0,4538,6535,0,3448,5384,0,1317,1595,0,3213,3908
2,2025,'020210000',601,  ,KG,0,15770,13408,0,0,0,0,15770,13408,0,0,0,0,0,0,0,0,0,0,0,0,0,0,0,0,0,0,0,0,0,0,0,0,0,0,0,0,0,0
2,2025,'020220000',203,  ,KG,0,2250,3336,0,0,0,0,0,0,0,0,0,0,0,0,0,0,0,0,0,0,0,0,0,0,0,0,0,0,0,0,2250,3336,0,0,0,0,0,0
2,2025,'020220000',205,  ,KG,0,21852,16441,0,4414,3275,0,0,0,0,0,0,0,0,0,0,0,0,0,17438,13166,0,0,0,0,0,0,0,0,0,0,0,0,0,0,0,0,0,0
2,2025,'020220000',206,  ,KG,0,11983,9414,0,0,0,0,0,0,0,0,0,0,11983,9414,0,0,0,0,0,0,0,0,0,0,0,0,0,0,0,0,0,0,0,0,0,0,0,0
2,2025,'020220000',218,  ,KG,0,58573,70512,0,16638,15534,0,6941,8387,0,256,2039,0,1315,3325,0,3279,5049,0,10104,10759,0,244,1979,0,14896,16214,0,254,2096,0,0,0,0,4646,5130,0,0,0
2,2025,'020220000',220,  ,KG,0,1340,4633,0,0,0,0,0,0,0,0,0,0,0,0,0,0,0,0,0,0,0,0,0,0,0,0,0,0,0,0,1340,4633,0,0,0,0,0,0
2,2025,'020220000',223,  ,KG,0,4893,5547,0,4418,5014,0,0,0,0,0,0,0,475,533,0,0,0,0,0,0,0,0,0,0,0,0,0,0,0,0,0,0,0,0,0,0,0,0
2,2025,'020220000',302,  ,KG,0,7235,14782,0,0,0,0,0,0,0,0,0,0,0,0,0,3586,7197,0,0,0,0,0,0,0,0,0,0,0,0,0,3649,7585,0,0,0,0,0,0
2,2025,'020220000',304,  ,KG,0,456391,793994,0,40717,74327,0,11110,20652,0,45438,81593,0,88489,159238,0,68140,114701,0,34871,61168,0,40949,70915,0,18071,32120,0,21408,36772,0,45772,71126,0,28298,46940,0,13128,24442
2,2025,'020220000',305,  ,KG,0,138819,212210,0,4378,5322,0,173,281,0,322,662,0,2254,3125,0,6630,8254,0,805,1401,0,985,1685,0,12162,19696,0,22130,36411,0,37787,57618,0,44681,68103,0,6512,9652
2,2025,'020220000',409,  ,KG,0,7114,4321,0,0,0,0,0,0,0,4343,2155,0,0,0,0,0,0,0,0,0,0,0,0,0,0,0,0,0,0,0,2771,2166,0,0,0,0,0,0
2,2025,'020220000',413,  ,KG,0,4395,10071,0,0,0,0,0,0,0,0,0,0,0,0,0,0,0,0,0,0,0,0,0,0,1534,3254,0,990,1902,0,0,0,0,1871,4915,0,0,0
2,2025,'020220000',601,  ,KG,0,46395,72522,0,12693,8320,0,0,0,0,1914,3459,0,952,3068,0,3346,8990,0,2888,6495,0,2984,4889,0,3497,6299,0,1416,2011,0,2917,5177,0,5813,13812,0,7975,10002
2,2025,'020220000',606,  ,KG,0,36185,38850,0,7138,8951,0,1000,722,0,0,0,0,0,0,0,0,0,0,3999,2167,0,0,0,0,0,0,0,0,0,0,16297,17822,0,5001,2682,0,2750,6506
2,2025,'020230010',205,  ,KG,0,5020,2249,0,0,0,0,0,0,0,0,0,0,0,0,0,0,0,0,0,0,0,4005,991,0,0,0,0,0,0,0,1015,1258,0,0,0,0,0,0
2,2025,'020230010',206,  ,KG,0,2860,3802,0,0,0,0,0,0,0,0,0,0,1830,602,0,0,0,0,0,0,0,0,0,0,0,0,0,0,0,0,0,0,0,1030,3200,0,0,0
2,2025,'020230010',210,  ,KG,0,489,1643,0,0,0,0,0,0,0,489,1643,0,0,0,0,0,0,0,0,0,0,0,0,0,0,0,0,0,0,0,0,0,0,0,0,0,0,0
2,2025,'020230010',218,  ,KG,0,53043,87522,0,3894,5687,0,5668,10861,0,6164,8856,0,7714,12603,0,84,673,0,7674,12109,0,557,1021,0,18989,29098,0,79,658,0,1354,2249,0,62,529,0,804,3178
2,2025,'020230010',220,  ,KG,0,15151,41460,0,0,0,0,2022,4497,0,0,0,0,0,0,0,4659,10204,0,0,0,0,0,0,0,2365,6744,0,0,0,0,5609,18040,0,496,1975,0,0,0
2,2025,'020230010',223,  ,KG,0,59179,82502,0,3984,4305,0,0,0,0,0,0,0,2528,2959,0,28084,40888,0,0,0,0,24583,34350,0,0,0,0,0,0,0,0,0,0,0,0,0,0,0
2,2025,'020230010',225,  ,KG,0,326,1136,0,0,0,0,0,0,0,326,1136,0,0,0,0,0,0,0,0,0,0,0,0,0,0,0,0,0,0,0,0,0,0,0,0,0,0,0
2,2025,'020230010',302,  ,KG,0,133043,134197,0,23121,17137,0,0,0,0,534,1569,0,44874,31206,0,119,270,0,22600,14378,0,0,0,0,1540,4447,0,23767,18552,0,16488,46638,0,0,0,0,0,0
2,2025,'020230010',304,  ,KG,0,399048,481519,0,17650,29785,0,23556,38067,0,515,693,0,62478,97964,0,32354,30767,0,86581,68708,0,21340,51771,0,50885,75973,0,60808,39740,0,0,0,0,18401,31150,0,24480,16901
2,2025,'020230010',305,  ,KG,0,272617,454210,0,33843,54639,0,99180,148790,0,25677,33027,0,1350,2795,0,26313,38038,0,6780,11525,0,4221,7147,0,42917,76419,0,15354,36197,0,4850,13933,0,9451,25176,0,2681,6524
2,2025,'020230010',412,  ,KG,0,737960,982356,0,108649,144236,0,17036,14392,0,34542,42070,0,104192,156180,0,122735,162660,0,69485,90362,0,54043,75302,0,16868,13764,0,58724,79573,0,37611,45643,0,54968,61454,0,59107,96720
2,2025,'020230010',413,  ,KG,0,11153,34350,0,0,0,0,1587,4317,0,0,0,0,0,0,0,799,2531,0,0,0,0,0,0,0,1035,2729,0,5539,17633,0,0,0,0,2193,7140,0,0,0
2,2025,'020230010',601,  ,KG,0,3192084,3171351,0,108289,92776,0,94724,97739,0,182877,151591,0,500045,475270,0,474495,438724,0,201021,180103,0,275151,267285,0,328304,332710,0,230664,200317,0,305049,356651,0,267992,317300,0,223473,260885
2,2025,'020230010',606,  ,KG,0,866162,1323939,0,8063,11966,0,11790,18436,0,7802,19230,0,58565,82000,0,45522,60674,0,98348,142962,0,125071,184954,0,140345,232479,0,134247,226816,0,88641,128157,0,83217,114848,0,64551,101417
2,2025,'020230020',205,  ,KG,0,11173,13072,0,0,0,0,0,0,0,0,0,0,11173,13072,0,0,0,0,0,0,0,0,0,0,0,0,0,0,0,0,0,0,0,0,0,0,0,0
2,2025,'020230020',206,  ,KG,0,47431,76016,0,0,0,0,24163,36809,0,659,791,0,0,0,0,3171,6984,0,0,0,0,0,0,0,9632,14573,0,0,0,0,9806,16859,0,0,0,0,0,0
2,2025,'020230020',210,  ,KG,0,428,1438,0,0,0,0,0,0,0,152,416,0,0,0,0,0,0,0,0,0,0,0,0,0,0,0,0,124,609,0,152,413,0,0,0,0,0,0
2,2025,'020230020',218,  ,KG,0,37151,44889,0,4457,5105,0,8773,10153,0,89,710,0,14525,18454,0,2453,2356,0,3329,4305,0,1935,1955,0,1356,1499,0,0,0,0,234,352,0,0,0,0,0,0
2,2025,'020230020',220,  ,KG,0,3706,8400,0,0,0,0,0,0,0,0,0,0,0,0,0,0,0,0,0,0,0,0,0,0,0,0,0,0,0,0,1961,4832,0,1745,3568,0,0,0
2,2025,'020230020',223,  ,KG,0,383878,435318,0,94185,107648,0,70998,78124,0,25410,27610,0,40181,44216,0,49998,54347,0,71135,77171,0,4639,5767,0,11947,20725,0,11526,12706,0,3859,7004,0,0,0,0,0,0
2,2025,'020230020',302,  ,KG,0,1921142,2131765,0,22518,23465,0,0,0,0,152878,202802,0,74892,76952,0,202552,195816,0,112710,103098,0,111023,119725,0,157512,177566,0,250269,263937,0,381473,399019,0,310067,378625,0,145248,190760
2,2025,'020230020',304,  ,KG,0,3041271,3610977,0,74608,88268,0,47267,55921,0,141183,161199,0,437983,530648,0,168807,221484,0,546835,616551,0,457314,537374,0,493466,580083,0,105599,133341,0,353837,418717,0,128313,148088,0,86059,119303
2,2025,'020230020',305,  ,KG,0,505876,451915,0,36391,30300,0,31343,22828,0,34726,27874,0,60365,52831,0,42750,37354,0,14195,12426,0,39721,34314,0,52264,50475,0,28556,25386,0,34240,32368,0,48292,46562,0,83033,79197
2,2025,'020230020',312,  ,KG,0,45256,37907,0,0,0,0,0,0,0,0,0,0,0,0,0,0,0,0,22418,17978,0,0,0,0,0,0,0,0,0,0,0,0,0,22838,19929,0,0,0
2,2025,'020230020',409,  ,KG,0,23337,23982,0,0,0,0,0,0,0,3555,3665,0,0,0,0,5989,5865,0,1491,1596,0,0,0,0,0,0,0,0,0,0,8015,8058,0,0,0,0,4287,4798
2,2025,'020230020',412,  ,KG,0,3424317,3178680,0,181036,166650,0,187842,177015,0,218388,187528,0,682510,626026,0,352187,298877,0,182974,167044,0,281052,237280,0,184932,177723,0,370103,355950,0,485929,489970,0,122709,120372,0,174655,174245
2,2025,'020230020',413,  ,KG,0,8302,11696,0,0,0,0,4597,5307,0,0,0,0,0,0,0,472,1174,0,0,0,0,0,0,0,1212,1638,0,604,1237,0,0,0,0,1417,2340,0,0,0
2,2025,'020230020',601,  ,KG,0,18023165,19407489,0,739946,822878,0,1014577,1089712,0,829570,922132,0,2212354,2206481,0,1882320,1946544,0,1570861,1644946,0,1820957,1924598,0,1691095,1794796,0,1878771,2039620,0,1993737,2169901,0,1238135,1478673,0,1150842,1367208
2,2025,'020230020',606,  ,KG,0,4342713,4388314,0,238019,241544,0,245419,249007,0,95892,96474,0,995918,978120,0,544549,509540,0,459941,446535,0,531764,540400,0,325175,336992,0,354055,379198,0,288275,304417,0,105328,116929,0,158378,189158
2,2025,'020230030',205,  ,KG,0,24604,25369,0,9303,6997,0,0,0,0,0,0,0,3070,3525,0,0,0,0,0,0,0,0,0,0,0,0,0,0,0,0,12231,14847,0,0,0,0,0,0
2,2025,'020230030',206,  ,KG,0,86549,115449,0,0,0,0,45980,50521,0,0,0,0,14968,18442,0,9102,20050,0,0,0,0,0,0,0,5048,6748,0,0,0,0,11451,19688,0,0,0,0,0,0
2,2025,'020230030',210,  ,KG,0,23828,26741,0,23605,25967,0,0,0,0,0,0,0,0,0,0,0,0,0,0,0,0,0,0,0,132,449,0,0,0,0,0,0,0,91,325,0,0,0
2,2025,'020230030',218,  ,KG,0,29187,29253,0,6452,6128,0,5523,5694,0,0,0,0,8101,8415,0,424,400,0,5186,4898,0,296,332,0,1637,1745,0,753,655,0,815,986,0,0,0,0,0,0
2,2025,'020230030',220,  ,KG,0,231,409,0,0,0,0,0,0,0,0,0,0,0,0,0,0,0,0,0,0,0,0,0,0,0,0,0,0,0,0,231,409,0,0,0,0,0,0
2,2025,'020230030',223,  ,KG,0,467,525,0,0,0,0,0,0,0,0,0,0,0,0,0,0,0,0,0,0,0,467,525,0,0,0,0,0,0,0,0,0,0,0,0,0,0,0
2,2025,'020230030',302,  ,KG,0,22020090,14900818,0,997264,685533,0,1356025,922618,0,1962383,1323217,0,3020397,2190134,0,1845468,1206405,0,2074127,1472957,0,2192220,1404712,0,1812364,1170850,0,1540857,1025074,0,1782345,1143270,0,1746713,1156693,0,1689927,1199355
2,2025,'020230030',304,  ,KG,0,103095529,77955206,0,6462707,5514939,0,4866576,3654895,0,5288788,4256516,0,13080787,10333932,0,10412409,7856522,0,10726802,8095264,0,9982841,7401089,0,8492109,6422020,0,8055971,5882776,0,10263918,7255105,0,8671044,6317939,0,6791577,4964209
2,2025,'020230030',305,  ,KG,0,4694097,3790046,0,582848,411203,0,485651,358826,0,584925,449646,0,530919,419858,0,605250,502062,0,337000,291996,0,110536,97034,0,155675,146408,0,143524,118742,0,347477,284980,0,312668,266421,0,497624,442870
2,2025,'020230030',409,  ,KG,0,1560,1456,0,0,0,0,0,0,0,0,0,0,0,0,0,0,0,0,0,0,0,0,0,0,0,0,0,0,0,0,1560,1456,0,0,0,0,0,0
2,2025,'020230030',412,  ,KG,0,74838,79377,0,474,485,0,30873,36897,0,0,0,0,7204,6777,0,7194,6516,0,7197,6774,0,0,0,0,21425,21282,0,0,0,0,0,0,0,116,298,0,355,348
2,2025,'020230030',413,  ,KG,0,268,409,0,0,0,0,0,0,0,0,0,0,0,0,0,0,0,0,0,0,0,0,0,0,0,0,0,0,0,0,0,0,0,268,409,0,0,0
2,2025,'020230030',601,  ,KG,0,9999245,7624766,0,718024,542762,0,476973,347393,0,390900,312831,0,1410448,1018847,0,1339883,937165,0,610206,453477,0,828212,623518,0,978490,753885,0,878163,678735,0,862442,682605,0,784756,631810,0,720748,641738
2,2025,'020230030',606,  ,KG,0,1116813,1102149,0,73897,75157,0,122440,133381,0,54144,52353,0,174638,162679,0,140035,129601,0,107630,98137,0,94005,84970,0,55848,51813,0,114352,117989,0,110233,118339,0,20615,20736,0,48976,56994
2,2025,'020230090',205,  ,KG,0,30925,41653,0,0,0,0,0,0,0,0,0,0,0,0,0,0,0,0,0,0,0,12892,14836,0,0,0,0,0,0,0,0,0,0,0,0,0,18033,26817
2,2025,'020230090',206,  ,KG,0,201,367,0,0,0,0,0,0,0,0,0,0,0,0,0,0,0,0,0,0,0,0,0,0,0,0,0,0,0,0,0,0,0,201,367,0,0,0
2,2025,'020230090',210,  ,KG,0,965,1989,0,241,522,0,0,0,0,0,0,0,0,0,0,0,0,0,161,300,0,0,0,0,161,323,0,0,0,0,241,485,0,0,0,0,161,359
2,2025,'020230090',218,  ,KG,0,15523,14213,0,15020,13762,0,0,0,0,0,0,0,0,0,0,0,0,0,0,0,0,0,0,0,0,0,0,0,0,0,503,451,0,0,0,0,0,0
2,2025,'020230090',220,  ,KG,0,482,1210,0,0,0,0,0,0,0,0,0,0,0,0,0,0,0,0,0,0,0,0,0,0,0,0,0,0,0,0,482,1210,0,0,0,0,0,0
2,2025,'020230090',223,  ,KG,0,30011,25141,0,6011,3827,0,24000,21314,0,0,0,0,0,0,0,0,0,0,0,0,0,0,0,0,0,0,0,0,0,0,0,0,0,0,0,0,0,0
2,2025,'020230090',302,  ,KG,0,990154,1318673,0,37622,49817,0,56433,75015,0,94055,122138,0,75228,101861,0,150488,197711,0,112866,146267,0,37622,49093,0,190462,249594,0,37622,50939,0,113106,157075,0,42325,58956,0,42325,60207
2,2025,'020230090',304,  ,KG,0,4445842,5313496,0,305296,388873,0,400542,528900,0,502547,632592,0,271686,256326,0,293592,345731,0,270903,315910,0,516505,574145,0,281692,304055,0,598378,747131,0,480004,576968,0,284246,351456,0,240451,291409
2,2025,'020230090',305,  ,KG,0,919052,852628,0,0,0,0,3805,2190,0,0,0,0,19571,13754,0,24032,20904,0,63466,58316,0,195474,177614,0,188556,171049,0,229806,209145,0,117016,117188,0,28350,29137,0,48976,53331
2,2025,'020230090',409,  ,KG,0,100810,63502,0,0,0,0,0,0,0,26377,14351,0,0,0,0,23902,13451,0,7002,4406,0,0,0,0,0,0,0,0,0,0,16631,11172,0,0,0,0,26898,20122
2,2025,'020230090',412,  ,KG,0,909952,735214,0,4456,4074,0,22040,20549,0,0,0,0,195514,149279,0,22987,19940,0,186495,148562,0,68930,55439,0,257928,215283,0,43774,30482,0,24867,15853,0,47485,41624,0,35476,34129
2,2025,'020230090',601,  ,KG,0,124068047,84058357,0,7313813,4650134,0,7738113,4924397,0,5898482,3622895,0,13034215,7640733,0,12163371,7612111,0,8868232,5748875,0,10131027,6578498,0,10689585,7376560,0,9473702,6516473,0,13634045,9839541,0,11661374,8777694,0,13462088,10770446
2,2025,'020230090',606,  ,KG,0,11626741,9492503,0,856874,556924,0,742364,523691,0,996538,705704,0,999052,674713,0,1072622,732596,0,1203406,1031231,0,1858675,1713243,0,1542595,1410808,0,580276,514949,0,706571,607024,0,488263,450825,0,579505,570795
2,2025,'020312022',210,  ,KG,0,60,202,0,0,0,0,0,0,0,0,0,0,0,0,0,0,0,0,0,0,0,0,0,0,0,0,0,0,0,0,0,0,0,0,0,0,60,202
2,2025,'020312022',302,  ,KG,0,800891,621955,0,49100,38421,0,45298,35179,0,39687,31873,0,92252,71617,0,72521,54931,0,58909,44193,0,83339,64253,0,66516,52548,0,53448,41306,0,68979,53889,0,51451,40667,0,119391,93078
2,2025,'020319022',210,  ,KG,0,2346,8406,0,67,228,0,0,0,0,156,528,0,202,754,0,320,1198,0,174,656,0,185,696,0,153,594,0,135,546,0,63,238,0,155,574,0,736,2394
2,2025,'020319022',218,  ,KG,0,27815,50067,0,9509,9875,0,1293,4413,0,1422,3843,0,895,2414,0,1141,2443,0,499,972,0,858,4772,0,2221,6005,0,967,2547,0,885,2527,0,0,0,0,8125,10256
2,2025,'020319022',302,  ,KG,0,218469105,140697112,0,16582097,10759304,0,14020184,8922276,0,17288720,11046691,0,20421034,13065438,0,18973973,11959192,0,16825914,10532347,0,19590092,12295571,0,16716643,10845974,0,20034961,13191705,0,21138054,13742180,0,17280236,11295240,0,19597197,13041194
2,2025,'020319022',304,  ,KG,0,137274448,88601629,0,12431904,8125910,0,10827793,7059644,0,12373013,8143977,0,11377676,7510465,0,12725760,8248609,0,10986433,7060178,0,11539390,7323453,0,10405350,6682233,0,10737571,6861524,0,13194432,8318059,0,10027658,6407754,0,10647468,6859823
2,2025,'020319022',305,  ,KG,0,41542569,29657799,0,2991134,2152044,0,2722443,1912549,0,3762662,2711431,0,3975810,2851050,0,2749157,1918252,0,4151712,2858840,0,2956276,2079084,0,3167962,2278850,0,3231348,2347717,0,4091130,2930957,0,3456541,2490660,0,4286394,3126365
2,2025,'020319022',409,  ,KG,0,4557,5394,0,0,0,0,0,0,0,0,0,0,0,0,0,0,0,0,4557,5394,0,0,0,0,0,0,0,0,0,0,0,0,0,0,0,0,0,0
2,2025,'020319025',302,  ,KG,0,39366,20090,0,5644,2691,0,0,0,0,0,0,0,0,0,0,0,0,0,9718,4828,0,24004,12571,0,0,0,0,0,0,0,0,0,0,0,0,0,0,0
2,2025,'020319025',304,  ,KG,0,5686,2975,0,0,0,0,5686,2975,0,0,0,0,0,0,0,0,0,0,0,0,0,0,0,0,0,0,0,0,0,0,0,0,0,0,0,0,0,0
2,2025,'020321040',218,  ,KG,0,7113,17374,0,60,203,0,817,2039,0,1929,4009,0,1024,2868,0,1945,3846,0,0,0,0,1077,3514,0,0,0,0,0,0,0,261,895,0,0,0,0,0,0
2,2025,'020322022',205,  ,KG,0,9546,6146,0,0,0,0,0,0,0,9546,6146,0,0,0,0,0,0,0,0,0,0,0,0,0,0,0,0,0,0,0,0,0,0,0,0,0,0,0
2,2025,'020322022',210,  ,KG,0,100623,59758,0,0,0,0,0,0,0,0,0,0,8992,5496,0,0,0,0,11982,7144,0,0,0,0,12016,7226,0,11929,7112,0,31761,18741,0,0,0,0,23943,14039
2,2025,'020322022',218,  ,KG,0,113345,61266,0,4170,2189,0,0,0,0,11720,6200,0,13938,7702,0,8980,4760,0,2000,1053,0,8130,4735,0,0,0,0,6417,4009,0,33080,17366,0,24910,13252,0,0,0
2,2025,'020322022',302,  ,KG,0,151986,99992,0,12660,8432,0,22058,14035,0,0,0,0,11785,7508,0,23770,15297,0,0,0,0,23997,15560,0,10997,7217,0,0,0,0,10729,7041,0,21990,15223,0,14000,9679
2,2025,'020322022',304,  ,KG,0,1507,1172,0,569,409,0,0,0,0,284,223,0,369,317,0,0,0,0,0,0,0,0,0,0,0,0,0,285,223,0,0,0,0,0,0,0,0,0
2,2025,'020322022',305,  ,KG,0,1176187,828742,0,77770,56327,0,71542,48753,0,72750,49851,0,133172,94457,0,114371,83017,0,82989,59330,0,125004,86071,0,52883,42529,0,87336,63222,0,89212,61952,0,138891,93324,0,130267,89909
2,2025,'020322022',409,  ,KG,0,518189,331206,0,55970,35206,0,50092,31743,0,40169,26193,0,36075,23415,0,19111,12123,0,16176,10264,0,61164,38053,0,47086,29289,0,60115,38257,0,55392,35895,0,27549,17840,0,49290,32928
2,2025,'020322022',410,  ,KG,0,27180,15872,0,3000,1809,0,3000,1869,0,10740,5918,0,2940,1758,0,0,0,0,0,0,0,0,0,0,0,0,0,1500,903,0,6000,3615,0,0,0,0,0,0
2,2025,'020322024',218,  ,KG,0,117482,30305,0,0,0,0,0,0,0,0,0,0,0,0,0,0,0,0,42389,9147,0,24000,6913,0,0,0,0,24037,6850,0,0,0,0,27056,7395,0,0,0
2,2025,'020322024',302,  ,KG,0,68610,21744,0,20010,7016,0,0,0,0,0,0,0,0,0,0,24300,7303,0,0,0,0,0,0,0,0,0,0,24300,7425,0,0,0,0,0,0,0,0,0
2,2025,'020322025',218,  ,KG,0,3890,1849,0,0,0,0,0,0,0,0,0,0,0,0,0,0,0,0,1010,495,0,0,0,0,0,0,0,2880,1354,0,0,0,0,0,0,0,0,0
2,2025,'020329010',601,  ,KG,0,1251,1408,0,0,0,0,0,0,0,0,0,0,0,0,0,0,0,0,0,0,0,0,0,0,0,0,0,0,0,0,0,0,0,0,0,0,1251,1408
2,2025,'020329022',204,  ,KG,0,38183939,29430128,0,3775759,3008371,0,4159298,3244460,0,1576501,1210077,0,3876538,2955235,0,3848968,2956870,0,2651608,2076707,0,3020734,2284089,0,1895668,1519916,0,4279858,3348996,0,3598632,2747256,0,3618615,2677902,0,1881760,1400249
2,2025,'020329022',205,  ,KG,0,1859908,1353050,0,71885,54723,0,238965,175248,0,182398,134822,0,192925,140688,0,285559,201478,0,240621,169800,0,168963,123325,0,23979,18243,0,192623,144031,0,165895,118108,0,72493,55296,0,23602,17288
2,2025,'020329022',206,  ,KG,0,4203808,3150563,0,431310,346725,0,288307,223842,0,72155,49341,0,482109,370895,0,408594,296551,0,384275,286149,0,264695,195052,0,456522,332823,0,431586,329605,0,528938,393208,0,190741,144015,0,264576,182357
2,2025,'020329022',207,  ,KG,0,12541195,9701687,0,1124864,935267,0,908333,713708,0,1027538,807952,0,1881354,1464835,0,1714264,1290412,0,1237884,931628,0,1244737,937251,0,953639,774055,0,528706,424301,0,671828,525493,0,695338,510984,0,552710,385801
2,2025,'020329022',208,  ,KG,0,215930,160250,0,47144,34712,0,22916,16437,0,22840,16259,0,0,0,0,0,0,0,0,0,0,11690,8773,0,21884,15779,0,21348,15191,0,23337,18231,0,44771,34868,0,0,0
2,2025,'020329022',210,  ,KG,0,15026300,11377056,0,1330347,1017922,0,1246182,936436,0,1064103,792919,0,1536197,1144847,0,1596955,1206709,0,1629359,1238767,0,1015546,779123,0,1342596,1050137,0,929854,722748,0,785742,604000,0,1386643,1033174,0,1162776,850274
2,2025,'020329022',217,  ,KG,0,1166674,832806,0,85576,61813,0,72495,50872,0,72339,50349,0,71670,49725,0,120110,82824,0,240086,171768,0,23927,17426,0,144253,103818,0,95341,69744,0,48246,34936,0,168642,122048,0,23989,17483
2,2025,'020329022',218,  ,KG,0,164386053,120697934,0,15632955,11732599,0,15227278,11354434,0,8865140,6545001,0,16689907,12087366,0,20055850,14194406,0,17390120,12641661,0,13679794,10131199,0,14683949,10945396,0,12184151,9160782,0,13889620,10429532,0,7559811,5485230,0,8527478,5990328
2,2025,'020329022',222,  ,KG,0,1567413,1022873,0,192683,131170,0,59897,38112,0,23996,14874,0,71875,44552,0,177175,115268,0,110446,72702,0,197319,128922,0,176525,117231,0,172514,115747,0,153949,96455,0,83978,53447,0,147056,94393
2,2025,'020329022',225,  ,KG,0,634648,482797,0,96010,74425,0,72023,53886,0,120080,90936,0,120008,90724,0,177447,135707,0,47923,36271,0,0,0,0,0,0,0,1157,848,0,0,0,0,0,0,0,0,0
2,2025,'020329022',302,  ,KG,0,35315658,20416834,0,2718212,1604253,0,1998559,1153182,0,1855130,1073070,0,4500126,2609058,0,3813467,2220155,0,3107965,1821465,0,3779196,2215311,0,3494623,2012812,0,3304088,1898537,0,2624724,1505534,0,1538229,862193,0,2581339,1441264
2,2025,'020329022',304,  ,KG,0,54411117,32769069,0,4870404,3114525,0,3421268,2148557,0,3267200,2023121,0,5990303,3688207,0,6088373,3636077,0,6515178,3831791,0,5291829,3169424,0,4388796,2626768,0,4004822,2339292,0,3751116,2238328,0,2748051,1593870,0,4073777,2359109
2,2025,'020329022',305,  ,KG,0,50754241,34820168,0,4970169,3434243,0,4207166,3034304,0,3411877,2378970,0,5945930,4189346,0,4198832,2892210,0,4933904,3406272,0,5107938,3438369,0,3918529,2663392,0,3249305,2157510,0,4486502,2942851,0,3525828,2330950,0,2798261,1951751
2,2025,'020329022',409,  ,KG,0,34170595,21418559,0,3112339,2094501,0,2424393,1563877,0,2633808,1680811,0,2935662,1828194,0,2981844,1883571,0,2670104,1675891,0,3497548,2198535,0,2489007,1559667,0,2566826,1582016,0,3682753,2252752,0,2542724,1537376,0,2633587,1561368
2,2025,'020329022',410,  ,KG,0,99438662,58294236,0,8616406,5247981,0,8235989,4761077,0,6778325,3985213,0,11856889,6918762,0,7563192,4536984,0,7336756,4363356,0,8402879,4828621,0,7959889,4702907,0,8136927,4753931,0,9961017,5789318,0,7871455,4495995,0,6718938,3910091
2,2025,'020329022',601,  ,KG,0,65665,68956,0,0,0,0,0,0,0,14560,13183,0,14860,14437,0,16223,16437,0,15000,14575,0,0,0,0,0,0,0,867,1700,0,0,0,0,0,0,0,4155,8624
2,2025,'020329024',208,  ,KG,0,1973,543,0,0,0,0,0,0,0,0,0,0,0,0,0,0,0,0,0,0,0,0,0,0,0,0,0,1973,543,0,0,0,0,0,0,0,0,0
2,2025,'020329024',210,  ,KG,0,9044,2894,0,0,0,0,0,0,0,9044,2894,0,0,0,0,0,0,0,0,0,0,0,0,0,0,0,0,0,0,0,0,0,0,0,0,0,0,0
2,2025,'020329024',218,  ,KG,0,351860,106350,0,95970,29666,0,0,0,0,143840,43581,0,0,0,0,0,0,0,15820,3329,0,0,0,0,23950,7664,0,0,0,0,0,0,0,0,0,0,72280,22110
2,2025,'020329024',302,  ,KG,0,1644858,592717,0,95971,36223,0,145981,51607,0,121761,45120,0,314817,117172,0,336696,122124,0,120878,43652,0,193839,69968,0,144462,51159,0,0,0,0,97968,33311,0,0,0,0,72485,22381
2,2025,'020329024',304,  ,KG,0,17009,4966,0,0,0,0,0,0,0,0,0,0,0,0,0,0,0,0,0,0,0,0,0,0,0,0,0,0,0,0,17009,4966,0,0,0,0,0,0
2,2025,'020329025',204,  ,KG,0,147054,76612,0,0,0,0,24442,12806,0,0,0,0,24511,12424,0,0,0,0,0,0,0,0,0,0,0,0,0,24558,12862,0,49023,25674,0,0,0,0,24520,12846
2,2025,'020329025',208,  ,KG,0,24000,12574,0,0,0,0,0,0,0,0,0,0,0,0,0,0,0,0,0,0,0,0,0,0,24000,12574,0,0,0,0,0,0,0,0,0,0,0,0
2,2025,'020329025',218,  ,KG,0,372284,193693,0,70603,36989,0,71920,37679,0,120147,62710,0,0,0,0,47979,25140,0,28298,14364,0,23402,11614,0,0,0,0,9935,5197,0,0,0,0,0,0,0,0,0
2,2025,'020329025',302,  ,KG,0,4063049,2091098,0,313005,163802,0,289331,151553,0,217238,113757,0,539775,282679,0,604701,315762,0,410889,211755,0,627052,318598,0,336712,163554,0,144754,71489,0,240680,120661,0,193155,101146,0,145757,76342
2,2025,'020329025',304,  ,KG,0,9473770,4959944,0,69002,36154,0,47702,24990,0,286864,150256,0,572487,299780,0,1632100,853555,0,1895504,991716,0,1266390,663350,0,869313,455380,0,813156,425899,0,308637,161673,0,641128,335870,0,1071487,561321
2,2025,'020329025',305,  ,KG,0,201800,102885,0,0,0,0,0,0,0,121052,62478,0,34008,17152,0,9985,5060,0,10818,5159,0,1940,929,0,0,0,0,0,0,0,23997,12107,0,0,0,0,0,0
2,2025,'020329025',409,  ,KG,0,144082,75480,0,483,252,0,47866,25073,0,0,0,0,0,0,0,0,0,0,23942,12545,0,23922,12531,0,47869,25079,0,0,0,0,0,0,0,0,0,0,0,0
2,2025,'020329025',410,  ,KG,0,7824419,4088966,0,597484,312823,0,980474,513466,0,383535,200848,0,263540,137733,0,140894,73042,0,575213,299685,0,502146,262009,0,191787,100330,0,907707,475500,0,1123320,585799,0,1414808,741083,0,743511,386648
2,2025,'020410000',210,  ,KG,0,1521,5962,0,0,0,0,232,728,0,299,1080,0,287,968,0,397,1278,0,0,0,0,0,0,0,0,0,0,0,0,0,174,1116,0,0,0,0,132,792
2,2025,'020410000',218,  ,KG,0,279,1094,0,0,0,0,0,0,0,0,0,0,0,0,0,0,0,0,0,0,0,279,1094,0,0,0,0,0,0,0,0,0,0,0,0,0,0,0
2,2025,'020410000',601,  ,KG,0,2340,3740,0,1188,1948,0,0,0,0,1152,1792,0,0,0,0,0,0,0,0,0,0,0,0,0,0,0,0,0,0,0,0,0,0,0,0,0,0,0
2,2025,'020422000',205,  ,KG,0,51,229,0,0,0,0,0,0,0,51,229,0,0,0,0,0,0,0,0,0,0,0,0,0,0,0,0,0,0,0,0,0,0,0,0,0,0,0
2,2025,'020422000',206,  ,KG,0,7036,26810,0,409,1517,0,533,1936,0,654,2335,0,907,3323,0,523,1972,0,667,2512,0,951,3721,0,790,3087,0,528,2055,0,590,2372,0,266,1092,0,218,888
2,2025,'020422000',210,  ,KG,0,30258,122358,0,1531,6081,0,2126,8134,0,3602,13503,0,4560,17504,0,4343,17207,0,2465,10135,0,3103,12627,0,1822,7714,0,2507,10687,0,2127,9101,0,1268,5715,0,804,3950
2,2025,'020422000',304,  ,KG,0,2910,11969,0,446,1884,0,228,979,0,190,771,0,298,1239,0,175,694,0,218,847,0,392,1568,0,187,773,0,194,834,0,166,672,0,416,1708,0,0,0
2,2025,'020422000',601,  ,KG,0,616202,1737214,0,35896,107556,0,26214,70080,0,46932,126250,0,66316,171790,0,57872,151193,0,53080,141005,0,68072,183736,0,53260,147737,0,41641,125684,0,44666,136523,0,56609,170985,0,65644,204675
2,2025,'020422000',606,  ,KG,0,533667,1434950,0,36366,88855,0,52811,145733,0,87795,244180,0,96865,270385,0,25759,64346,0,27714,68372,0,46745,123963,0,23127,61430,0,32389,88505,0,35228,93967,0,40769,109010,0,28099,76204
2,2025,'020423000',210,  ,KG,0,56,201,0,0,0,0,0,0,0,0,0,0,0,0,0,0,0,0,0,0,0,56,201,0,0,0,0,0,0,0,0,0,0,0,0,0,0,0
2,2025,'020423000',601,  ,KG,0,6176193,10163520,0,375753,612123,0,243591,393588,0,467322,703284,0,713478,1033934,0,617256,878314,0,636941,908075,0,734168,1111863,0,523958,855298,0,460814,855459,0,417159,823110,0,454741,906729,0,531012,1081743
2,2025,'020423000',606,  ,KG,0,1702279,2660837,0,144833,211537,0,91156,130892,0,142967,206842,0,186926,257262,0,113697,156118,0,147806,209544,0,206738,323022,0,128605,214772,0,168543,291430,0,135811,233603,0,143158,254586,0,92039,171229
2,2025,'020430000',201,  ,KG,0,180389,303459,0,0,0,0,19199,34304,0,39070,67679,0,39843,66265,0,41039,67169,0,41238,68042,0,0,0,0,0,0,0,0,0,0,0,0,0,0,0,0,0,0
2,2025,'020430000',218,  ,KG,0,258,809,0,0,0,0,0,0,0,0,0,0,0,0,0,258,809,0,0,0,0,0,0,0,0,0,0,0,0,0,0,0,0,0,0,0,0,0
2,2025,'020430000',409,  ,KG,0,9467,10368,0,0,0,0,0,0,0,0,0,0,0,0,0,0,0,0,0,0,0,0,0,0,0,0,0,9467,10368,0,0,0,0,0,0,0,0,0
2,2025,'020430000',601,  ,KG,0,141764,123717,0,25401,21858,0,0,0,0,6845,7250,0,35364,27421,0,18139,14321,0,0,0,0,0,0,0,27812,25159,0,1940,1707,0,26081,25688,0,182,313,0,0,0
2,2025,'020430000',606,  ,KG,0,36798,38778,0,0,0,0,7738,7936,0,0,0,0,0,0,0,10688,10478,0,0,0,0,6746,7398,0,0,0,0,8607,9027,0,0,0,0,3019,3939,0,0,0
2,2025,'020441000',201,  ,KG,0,26022,23176,0,0,0,0,16944,15390,0,0,0,0,0,0,0,0,0,0,0,0,0,0,0,0,0,0,0,9078,7786,0,0,0,0,0,0,0,0,0
2,2025,'020441000',409,  ,KG,0,2008,1307,0,0,0,0,0,0,0,0,0,0,0,0,0,0,0,0,0,0,0,0,0,0,0,0,0,2008,1307,0,0,0,0,0,0,0,0,0
2,2025,'020441000',601,  ,KG,0,3139,2058,0,0,0,0,0,0,0,0,0,0,0,0,0,0,0,0,0,0,0,0,0,0,3139,2058,0,0,0,0,0,0,0,0,0,0,0,0
2,2025,'020441000',606,  ,KG,0,1024912,591377,0,139217,77180,0,121705,68683,0,96163,54850,0,205568,110775,0,72936,40746,0,28678,15177,0,15002,7618,0,30756,16942,0,70616,41210,0,119364,74536,0,53322,35884,0,71585,47776
2,2025,'020442000',201,  ,KG,0,43867,54065,0,0,0,0,0,0,0,10767,18900,0,0,0,0,20049,17698,0,0,0,0,0,0,0,0,0,0,13051,17467,0,0,0,0,0,0,0,0,0
2,2025,'020442000',205,  ,KG,0,72931,67591,0,18445,4246,0,11325,14217,0,0,0,0,0,0,0,13144,14135,0,0,0,0,0,0,0,11484,14727,0,0,0,0,3092,1391,0,15441,18875,0,0,0
2,2025,'020442000',206,  ,KG,0,27681,35803,0,0,0,0,0,0,0,0,0,0,0,0,0,4029,4040,0,0,0,0,0,0,0,10990,14292,0,0,0,0,0,0,0,0,0,0,12662,17471
2,2025,'020442000',210,  ,KG,0,854,2627,0,0,0,0,0,0,0,0,0,0,0,0,0,0,0,0,0,0,0,854,2627,0,0,0,0,0,0,0,0,0,0,0,0,0,0,0
2,2025,'020442000',218,  ,KG,0,226,1100,0,0,0,0,39,251,0,0,0,0,131,510,0,0,0,0,0,0,0,56,339,0,0,0,0,0,0,0,0,0,0,0,0,0,0,0
2,2025,'020442000',409,  ,KG,0,6693,17261,0,0,0,0,0,0,0,0,0,0,0,0,0,0,0,0,0,0,0,0,0,0,0,0,0,6693,17261,0,0,0,0,0,0,0,0,0
2,2025,'020442000',601,  ,KG,0,2428701,2147569,0,181900,128208,0,188952,159288,0,180362,127036,0,255789,198029,0,151393,133203,0,310569,265763,0,240041,213795,0,347372,320582,0,207963,201902,0,115842,130621,0,95816,102454,0,152702,166688
2,2025,'020442000',606,  ,KG,0,753336,687796,0,80584,68255,0,4001,4958,0,65200,50483,0,68174,68607,0,39666,31810,0,186754,150264,0,33758,49809,0,60890,52706,0,383,1564,0,46396,45377,0,47892,45228,0,119638,118735
2,2025,'020443000',201,  ,KG,0,17677,46829,0,3018,13220,0,0,0,0,14659,33609,0,0,0,0,0,0,0,0,0,0,0,0,0,0,0,0,0,0,0,0,0,0,0,0,0,0,0
2,2025,'020443000',205,  ,KG,0,871,1306,0,0,0,0,0,0,0,0,0,0,0,0,0,319,547,0,0,0,0,0,0,0,0,0,0,0,0,0,0,0,0,433,468,0,119,291
2,2025,'020443000',210,  ,KG,0,4465,8587,0,0,0,0,4465,8587,0,0,0,0,0,0,0,0,0,0,0,0,0,0,0,0,0,0,0,0,0,0,0,0,0,0,0,0,0,0
2,2025,'020443000',601,  ,KG,0,6364692,7371850,0,499324,556006,0,331370,343329,0,332717,317583,0,597082,593892,0,939298,935958,0,695718,730011,0,687340,779554,0,637891,768329,0,429458,539316,0,352364,487105,0,317567,481750,0,544563,839017
2,2025,'020443000',606,  ,KG,0,959534,1285772,0,70314,77752,0,77970,83199,0,72253,85616,0,140180,161428,0,108371,138411,0,154016,197821,0,75151,106474,0,35973,53331,0,27566,46883,0,73634,121013,0,87396,148513,0,36710,65331
2,2025,'020450000',601,  ,KG,0,1020654,921501,0,106221,96074,0,66110,61495,0,117661,108458,0,84199,72159,0,33209,28633,0,20329,14137,0,58661,48114,0,136996,121098,0,86291,75206,0,61555,55738,0,57451,53223,0,191971,187166
2,2025,'020500000',105,  ,KG,0,388215,935311,0,29158,77654,0,37155,86370,0,39962,105336,0,39985,92427,0,20010,48416,0,28607,61928,0,35399,88996,0,18222,44781,0,29829,71376,0,36815,87244,0,31522,74481,0,41551,96302
2,2025,'020500000',107,  ,KG,0,7353,5973,0,0,0,0,0,0,0,460,824,0,0,0,0,0,0,0,0,0,0,0,0,0,0,0,0,3620,2155,0,1140,850,0,2133,2144,0,0,0
2,2025,'020500000',210,  ,KG,0,30726,85752,0,0,0,0,0,0,0,5579,14458,0,0,0,0,0,0,0,0,0,0,7301,20244,0,0,0,0,0,0,0,8953,25376,0,0,0,0,8893,25674
2,2025,'020500000',223,  ,KG,0,271459,346380,0,31923,37459,0,0,0,0,33342,38289,0,0,0,0,37493,49031,0,34578,43774,0,991,3759,0,22755,16112,0,16258,41171,0,58866,69552,0,0,0,0,35253,47233
2,2025,'020500000',302,  ,KG,0,571348,1049793,0,31889,57621,0,28039,52150,0,41431,72491,0,53215,98243,0,82867,135651,0,35592,66434,0,86252,144255,0,25946,51952,0,55197,101114,0,47074,87231,0,26734,57753,0,57112,124898
2,2025,'020500000',305,  ,KG,0,90995,94127,0,156,249,0,14761,15297,0,0,0,0,16118,15020,0,15852,15594,0,0,0,0,10543,12779,0,0,0,0,11664,12459,0,0,0,0,13980,15912,0,7921,6817
2,2025,'020500000',410,  ,KG,0,893096,680838,0,77439,55465,0,120726,91968,0,46903,35062,0,92918,69953,0,95421,62933,0,68031,45935,0,71414,48585,0,47393,35340,0,65304,57932,0,118733,105319,0,26713,19556,0,62101,52790
2,2025,'020500000',412,  ,KG,0,1119003,1247042,0,90300,102676,0,108113,114090,0,72629,91228,0,89151,115253,0,102499,92526,0,107682,102537,0,76527,96236,0,72900,78448,0,121333,119990,0,56473,78717,0,123367,152549,0,98029,102792
2,2025,'020500000',413,  ,KG,0,1146578,1007395,0,169464,144386,0,81329,75756,0,54054,48733,0,89735,61681,0,90830,63865,0,40164,39234,0,162707,143719,0,41985,41777,0,83751,85992,0,126524,118627,0,81089,75257,0,124946,108368
2,2025,'020610011',206,  ,KG,0,216,759,0,0,0,0,0,0,0,0,0,0,0,0,0,0,0,0,216,759,0,0,0,0,0,0,0,0,0,0,0,0,0,0,0,0,0,0
2,2025,'020610011',220,  ,KG,0,65,228,0,0,0,0,0,0,0,0,0,0,0,0,0,0,0,0,0,0,0,0,0,0,0,0,0,0,0,0,0,0,0,0,0,0,65,228
2,2025,'020610011',302,  ,KG,0,1616366,4418498,0,158389,425640,0,131560,341735,0,155738,372199,0,192766,478164,0,153398,387819,0,113049,300285,0,136780,399720,0,108682,304030,0,114766,328947,0,119927,350490,0,94706,289339,0,136605,440130
2,2025,'020610011',304,  ,KG,0,14253091,45409581,0,1205828,3607696,0,1015573,3040457,0,1210873,3685588,0,1340980,4188829,0,1264013,3777179,0,1145061,3496040,0,1346814,4434886,0,1082168,3530761,0,1116403,3609936,0,1295397,4275045,0,897879,3090397,0,1332102,4672767
2,2025,'020610011',305,  ,KG,0,14224,29088,0,275,607,0,1081,2320,0,1214,2524,0,2180,4491,0,1517,3063,0,1751,3437,0,1404,2781,0,1198,2363,0,960,1895,0,1026,2086,0,798,1661,0,820,1860
2,2025,'020610011',312,  ,KG,0,46,211,0,0,0,0,0,0,0,0,0,0,46,211,0,0,0,0,0,0,0,0,0,0,0,0,0,0,0,0,0,0,0,0,0,0,0,0
2,2025,'020610011',601,  ,KG,0,3526420,9137939,0,221672,577611,0,210970,539697,0,271293,684792,0,281430,721571,0,317825,799482,0,267290,683255,0,385182,964486,0,305316,790693,0,284810,738165,0,355666,930485,0,288510,782256,0,336456,925446
2,2025,'020610011',606,  ,KG,0,86437,220650,0,8716,19019,0,2809,9073,0,12252,27876,0,6868,17595,0,7824,20198,0,9372,23830,0,4784,11418,0,5261,15429,0,5526,16077,0,5853,15535,0,7000,18177,0,10172,26423
2,2025,'020610019',206,  ,KG,0,4961,13457,0,239,519,0,648,1532,0,0,0,0,546,1453,0,433,1177,0,556,1515,0,823,2296,0,473,1325,0,318,900,0,498,1451,0,288,873,0,139,416
2,2025,'020610019',210,  ,KG,0,973,5977,0,0,0,0,115,695,0,184,1055,0,245,1545,0,231,1440,0,198,1242,0,0,0,0,0,0,0,0,0,0,0,0,0,0,0,0,0,0
2,2025,'020610019',220,  ,KG,0,1088,6212,0,165,1191,0,117,894,0,144,1062,0,128,429,0,328,1750,0,206,886,0,0,0,0,0,0,0,0,0,0,0,0,0,0,0,0,0,0
2,2025,'020610019',302,  ,KG,0,2969599,5676769,0,246298,467507,0,184554,345828,0,218250,412120,0,248652,475307,0,253407,471895,0,205151,377305,0,280746,519137,0,225585,417283,0,240926,431009,0,272859,508609,0,264356,544340,0,328815,706429
2,2025,'020610019',304,  ,KG,0,13556559,29516777,0,1072203,2343139,0,957107,2083813,0,1152669,2522666,0,1398069,3074018,0,1150568,2476779,0,1033589,2186613,0,1291544,2747245,0,995111,2136866,0,973224,2050541,0,1145586,2448418,0,918705,2054147,0,1468184,3392532
2,2025,'020610019',305,  ,KG,0,33173,58396,0,3260,6550,0,3932,7035,0,4477,8023,0,5812,10335,0,2018,3163,0,1810,2951,0,1514,2523,0,2029,3424,0,1798,2945,0,1807,3155,0,2736,4576,0,1980,3716
2,2025,'020610019',601,  ,KG,0,6715658,11414390,0,381881,634556,0,342986,571980,0,431742,709660,0,605887,977903,0,598633,961313,0,519020,849147,0,753509,1254029,0,631113,1088171,0,568765,979839,0,658310,1150158,0,531331,963963,0,692481,1273671
2,2025,'020610019',606,  ,KG,0,224826,333365,0,28157,36514,0,5883,11945,0,32377,42483,0,14294,22153,0,19369,29055,0,20486,31226,0,15507,20920,0,14872,24398,0,16467,26483,0,18285,27431,0,17018,26253,0,22111,34504
2,2025,'020610020',220,  ,KG,0,88,378,0,0,0,0,0,0,0,0,0,0,0,0,0,0,0,0,0,0,0,0,0,0,88,378,0,0,0,0,0,0,0,0,0,0,0,0
2,2025,'020610020',601,  ,KG,0,3167,6004,0,0,0,0,464,823,0,0,0,0,0,0,0,266,507,0,0,0,0,0,0,0,142,267,0,0,0,0,780,1463,0,755,1458,0,760,1486
2,2025,'020610020',606,  ,KG,0,2727,4483,0,0,0,0,0,0,0,0,0,0,0,0,0,0,0,0,0,0,0,314,470,0,327,501,0,838,1333,0,537,921,0,312,548,0,399,710
2,2025,'020621000',203,  ,KG,0,82972,130848,0,0,0,0,0,0,0,0,0,0,0,0,0,24048,35576,0,0,0,0,0,0,0,0,0,0,0,0,0,58924,95272,0,0,0,0,0,0
2,2025,'020621000',204,  ,KG,0,376609,594341,0,47892,71641,0,48081,76511,0,22790,33226,0,23973,37117,0,46684,71746,0,0,0,0,23927,36998,0,0,0,0,95591,151592,0,23956,39015,0,23968,42728,0,19747,33767
2,2025,'020621000',205,  ,KG,0,1063410,1886248,0,144076,272982,0,47799,77104,0,47971,80952,0,80581,135071,0,47895,81195,0,99842,178093,0,72187,132263,0,73281,129401,0,103066,179975,0,54139,95863,0,146546,256763,0,146027,266586
2,2025,'020621000',206,  ,KG,0,1498529,2648100,0,40907,78475,0,227668,398054,0,66896,124062,0,158405,260534,0,47756,75237,0,106402,188373,0,185185,329442,0,94053,165307,0,182423,308914,0,116736,201713,0,74030,135520,0,198068,382469
2,2025,'020621000',207,  ,KG,0,91589,136613,0,23630,34851,0,40260,63225,0,12672,17275,0,0,0,0,0,0,0,15027,21262,0,0,0,0,0,0,0,0,0,0,0,0,0,0,0,0,0,0
2,2025,'020621000',210,  ,KG,0,120031,186581,0,11833,15240,0,0,0,0,12115,16328,0,46635,76095,0,0,0,0,19455,30557,0,0,0,0,18725,30632,0,0,0,0,3433,5562,0,0,0,0,7835,12167
2,2025,'020621000',213,  ,KG,0,3148,6142,0,3148,6142,0,0,0,0,0,0,0,0,0,0,0,0,0,0,0,0,0,0,0,0,0,0,0,0,0,0,0,0,0,0,0,0,0
2,2025,'020621000',218,  ,KG,0,479729,855224,0,12661,21376,0,50689,83834,0,36859,65119,0,24977,45223,0,77691,137110,0,25877,44053,0,53224,95349,0,51194,92435,0,43977,80263,0,32893,59905,0,46258,82001,0,23429,48556
2,2025,'020621000',220,  ,KG,0,615227,1162216,0,23539,41194,0,95586,169461,0,0,0,0,45402,90768,0,45076,84218,0,84984,148260,0,60435,116515,0,50009,105101,0,69576,125423,0,31806,65202,0,62014,130685,0,46800,85389
2,2025,'020621000',222,  ,KG,0,114009,147086,0,0,0,0,16985,20143,0,18211,25098,0,0,0,0,23976,26921,0,0,0,0,19024,28051,0,0,0,0,35813,46873,0,0,0,0,0,0,0,0,0
2,2025,'020621000',223,  ,KG,0,1376139,2316289,0,98107,164059,0,96012,157355,0,49805,76971,0,225820,369018,0,58906,95519,0,156922,266244,0,132507,227933,0,94912,158662,0,164234,272476,0,112563,193688,0,35957,60357,0,150394,274007
2,2025,'020621000',225,  ,KG,0,147508,225907,0,0,0,0,18000,29225,0,29672,43554,0,47928,71350,0,14000,22550,0,0,0,0,0,0,0,0,0,0,0,0,0,0,0,0,37908,59228,0,0,0
2,2025,'020621000',237,  ,KG,0,46729,70497,0,0,0,0,23970,36808,0,0,0,0,0,0,0,0,0,0,0,0,0,0,0,0,22759,33689,0,0,0,0,0,0,0,0,0,0,0,0
2,2025,'020621000',302,  ,KG,0,960926,1910238,0,107695,217198,0,67841,132332,0,23122,49020,0,40994,81875,0,63880,116996,0,141758,267156,0,45007,87163,0,54778,103729,0,101457,200707,0,90701,188466,0,129905,273651,0,93788,191945
2,2025,'020621000',304,  ,KG,0,5107558,9200389,0,182504,274293,0,341889,653557,0,238962,412063,0,750079,1382647,0,483205,931165,0,444003,711575,0,475225,924453,0,496661,903904,0,355022,620258,0,563571,962092,0,447435,772981,0,329002,651401
2,2025,'020621000',305,  ,KG,0,643897,1049878,0,46264,72247,0,45759,72414,0,61078,94269,0,48852,72230,0,74377,125451,0,65446,106634,0,61040,102394,0,38462,56415,0,44713,79830,0,52244,88939,0,62519,102464,0,43143,76591
2,2025,'020621000',310,  ,KG,0,98446,121801,0,7735,10742,0,0,0,0,19087,24168,0,21157,30201,0,2625,1333,0,6228,7342,0,0,0,0,5047,4860,0,5406,5682,0,21081,28684,0,7361,7338,0,2719,1451
2,2025,'020621000',312,  ,KG,0,67129,90993,0,33652,15551,0,0,0,0,5254,11182,0,4736,9478,0,5302,10171,0,3048,6123,0,0,0,0,1950,4069,0,6982,19613,0,3617,7464,0,2588,7342,0,0,0
2,2025,'020621000',409,  ,KG,0,312243,496538,0,21718,31650,0,27302,42092,0,6024,9364,0,47506,74133,0,22620,38250,0,38224,60503,0,31933,51297,0,34406,53481,0,20931,33440,0,33433,51997,0,11103,19813,0,17043,30518
2,2025,'020621000',412,  ,KG,0,2079785,3243029,0,148911,258624,0,185842,281531,0,137445,201006,0,141782,203772,0,156398,232597,0,103821,151452,0,147245,227848,0,255829,388779,0,209382,326572,0,148630,225248,0,259967,412175,0,184533,333425
2,2025,'020621000',413,  ,KG,0,2084,3341,0,0,0,0,498,786,0,0,0,0,0,0,0,0,0,0,0,0,0,0,0,0,490,806,0,602,916,0,0,0,0,494,833,0,0,0
2,2025,'020621000',601,  ,KG,0,8095567,12082681,0,593402,862053,0,358121,531193,0,430832,577150,0,792231,1156009,0,847023,1220338,0,807817,1214223,0,643400,933100,0,791226,1159695,0,657990,981190,0,838946,1307062,0,660149,1024650,0,674430,1116018
2,2025,'020621000',606,  ,KG,0,2125242,3344329,0,178190,260802,0,203670,328819,0,111022,177628,0,337688,532556,0,176077,277130,0,172804,262483,0,253333,383845,0,188164,300651,0,161246,250939,0,153038,251158,0,97920,165112,0,92090,153206
2,2025,'020622000',220,  ,KG,0,514,471,0,0,0,0,514,471,0,0,0,0,0,0,0,0,0,0,0,0,0,0,0,0,0,0,0,0,0,0,0,0,0,0,0,0,0,0
2,2025,'020622000',304,  ,KG,0,621343,215193,0,47632,14827,0,57974,18391,0,17622,8659,0,82851,24261,0,83716,25038,0,66276,19883,0,56332,20958,0,50567,18069,0,58317,26274,0,30004,12160,0,23542,7563,0,46510,19110
2,2025,'020622000',305,  ,KG,0,78675,22486,0,0,0,0,31863,8258,0,0,0,0,0,0,0,9749,2436,0,0,0,0,10053,2666,0,0,0,0,8003,2175,0,0,0,0,19007,6951,0,0,0
2,2025,'020622000',601,  ,KG,0,296729,72657,0,30130,7850,0,7980,1838,0,15206,3839,0,28606,6402,0,24952,5874,0,34641,8292,0,5002,1263,0,24215,5842,0,63398,16005,0,39867,9843,0,21585,5403,0,1147,206
2,2025,'020629010',205,  ,KG,0,10539,11862,0,0,0,0,0,0,0,0,0,0,0,0,0,0,0,0,5920,5679,0,0,0,0,0,0,0,0,0,0,3549,4036,0,1070,2147,0,0,0
2,2025,'020629010',206,  ,KG,0,111018,97374,0,3936,3708,0,20145,17985,0,0,0,0,41527,35523,0,0,0,0,22212,19351,0,0,0,0,13030,11339,0,0,0,0,9999,9224,0,169,244,0,0,0
2,2025,'020629010',207,  ,KG,0,5851,6726,0,0,0,0,5851,6726,0,0,0,0,0,0,0,0,0,0,0,0,0,0,0,0,0,0,0,0,0,0,0,0,0,0,0,0,0,0
2,2025,'020629010',210,  ,KG,0,6357,10497,0,0,0,0,0,0,0,0,0,0,0,0,0,2640,4286,0,0,0,0,3717,6211,0,0,0,0,0,0,0,0,0,0,0,0,0,0,0
2,2025,'020629010',213,  ,KG,0,2181,3003,0,2181,3003,0,0,0,0,0,0,0,0,0,0,0,0,0,0,0,0,0,0,0,0,0,0,0,0,0,0,0,0,0,0,0,0,0
2,2025,'020629010',218,  ,KG,0,251001,335435,0,12069,16607,0,37537,42356,0,14686,20425,0,19048,27515,0,40891,58674,0,42186,55411,0,18450,22585,0,32040,44535,0,13094,14769,0,12584,19165,0,6012,9359,0,2404,4034
2,2025,'020629010',220,  ,KG,0,18725,35972,0,0,0,0,1552,6299,0,0,0,0,0,0,0,0,0,0,762,810,0,0,0,0,11340,16750,0,0,0,0,3681,9700,0,1390,2413,0,0,0
2,2025,'020629010',222,  ,KG,0,3985,3093,0,0,0,0,3985,3093,0,0,0,0,0,0,0,0,0,0,0,0,0,0,0,0,0,0,0,0,0,0,0,0,0,0,0,0,0,0
2,2025,'020629010',223,  ,KG,0,57493,56082,0,19240,17184,0,0,0,0,3402,3703,0,13280,12447,0,0,0,0,2843,2667,0,7983,7669,0,0,0,0,7745,8893,0,3000,3519,0,0,0,0,0,0
2,2025,'020629010',225,  ,KG,0,3990,3917,0,0,0,0,3990,3917,0,0,0,0,0,0,0,0,0,0,0,0,0,0,0,0,0,0,0,0,0,0,0,0,0,0,0,0,0,0
2,2025,'020629010',302,  ,KG,0,443564,629151,0,9156,9541,0,14114,13523,0,23401,29379,0,21713,27545,0,55128,92331,0,21734,25964,0,96462,101752,0,27328,34236,0,110131,216936,0,26382,35482,0,16442,17766,0,21573,24696
2,2025,'020629010',304,  ,KG,0,1105227,1647794,0,39725,58317,0,55979,102232,0,47468,82984,0,252876,348629,0,145976,209150,0,77243,93112,0,88727,179250,0,99612,147833,0,68765,103556,0,72039,94183,0,86574,111688,0,70243,116860
2,2025,'020629010',305,  ,KG,0,699408,620023,0,68272,56518,0,45084,39633,0,50793,33889,0,59166,45919,0,65567,50348,0,47158,34868,0,50859,43105,0,72315,64592,0,64751,54446,0,76211,84833,0,45810,50237,0,53422,61635
2,2025,'020629010',310,  ,KG,0,22170,8012,0,6082,2344,0,0,0,0,3299,1169,0,1677,615,0,1122,354,0,2092,775,0,0,0,0,1122,372,0,1662,648,0,1054,346,0,2142,724,0,1918,665
2,2025,'020629010',312,  ,KG,0,7563,8737,0,1156,2367,0,0,0,0,1813,1395,0,1520,680,0,707,1327,0,998,1863,0,0,0,0,279,541,0,1090,564,0,0,0,0,0,0,0,0,0
2,2025,'020629010',409,  ,KG,0,36069,21277,0,2177,1691,0,1810,957,0,2029,1030,0,4671,3047,0,2733,1506,0,3713,2271,0,1757,1207,0,3813,1795,0,1858,1403,0,5904,2748,0,1146,779,0,4458,2843
2,2025,'020629010',412,  ,KG,0,746987,620411,0,83158,74177,0,69172,56748,0,62288,44193,0,69525,54171,0,51472,37680,0,17854,15546,0,32457,24906,0,56209,45901,0,38470,30306,0,88791,75356,0,124613,111779,0,52978,49648
2,2025,'020629010',413,  ,KG,0,1408,1462,0,225,249,0,0,0,0,0,0,0,0,0,0,0,0,0,0,0,0,0,0,0,0,0,0,601,577,0,0,0,0,582,636,0,0,0
2,2025,'020629010',601,  ,KG,0,4495382,3653869,0,231653,171229,0,190631,130362,0,206262,147763,0,388403,266618,0,327525,228413,0,452416,326900,0,295087,227705,0,380615,321103,0,542102,463175,0,508775,451721,0,485603,454129,0,486310,464751
2,2025,'020629010',606,  ,KG,0,1325801,872759,0,157084,93525,0,91049,52060,0,20733,14127,0,112926,81186,0,135988,72038,0,68153,40018,0,188068,109493,0,157887,102236,0,183270,128507,0,124574,99660,0,42303,37465,0,43766,42444
2,2025,'020629020',205,  ,KG,0,396,794,0,0,0,0,0,0,0,0,0,0,0,0,0,0,0,0,0,0,0,0,0,0,0,0,0,0,0,0,0,0,0,396,794,0,0,0
2,2025,'020629020',210,  ,KG,0,2835,4392,0,0,0,0,0,0,0,0,0,0,0,0,0,0,0,0,0,0,0,2835,4392,0,0,0,0,0,0,0,0,0,0,0,0,0,0,0
2,2025,'020629020',218,  ,KG,0,1504,2138,0,0,0,0,1504,2138,0,0,0,0,0,0,0,0,0,0,0,0,0,0,0,0,0,0,0,0,0,0,0,0,0,0,0,0,0,0
2,2025,'020629020',310,  ,KG,0,1333,858,0,0,0,0,0,0,0,0,0,0,0,0,0,381,240,0,476,303,0,0,0,0,476,315,0,0,0,0,0,0,0,0,0,0,0,0
2,2025,'020629020',601,  ,KG,0,197967,186763,0,7760,7764,0,3763,3385,0,25962,27680,0,14805,14282,0,14970,13166,0,8565,8264,0,7032,6444,0,27575,25649,0,20262,17042,0,32033,29735,0,26006,24924,0,9234,8428
2,2025,'020629020',606,  ,KG,0,1006,958,0,0,0,0,0,0,0,0,0,0,0,0,0,0,0,0,0,0,0,0,0,0,0,0,0,0,0,0,1006,958,0,0,0,0,0,0
2,2025,'020629090',203,  ,KG,0,728,947,0,0,0,0,0,0,0,0,0,0,0,0,0,0,0,0,0,0,0,0,0,0,0,0,0,0,0,0,728,947,0,0,0,0,0,0
2,2025,'020629090',205,  ,KG,0,613,1230,0,0,0,0,0,0,0,0,0,0,0,0,0,0,0,0,0,0,0,0,0,0,0,0,0,0,0,0,0,0,0,613,1230,0,0,0
2,2025,'020629090',210,  ,KG,0,1000,380,0,0,0,0,0,0,0,0,0,0,0,0,0,0,0,0,0,0,0,0,0,0,0,0,0,0,0,0,0,0,0,1000,380,0,0,0
2,2025,'020629090',218,  ,KG,0,14047,5177,0,0,0,0,0,0,0,0,0,0,0,0,0,0,0,0,0,0,0,0,0,0,0,0,0,14047,5177,0,0,0,0,0,0,0,0,0
2,2025,'020629090',225,  ,KG,0,951,1332,0,0,0,0,0,0,0,951,1332,0,0,0,0,0,0,0,0,0,0,0,0,0,0,0,0,0,0,0,0,0,0,0,0,0,0,0
2,2025,'020629090',304,  ,KG,0,46181,60467,0,23450,15315,0,0,0,0,0,0,0,0,0,0,0,0,0,0,0,0,0,0,0,0,0,0,0,0,0,22731,45152,0,0,0,0,0,0
2,2025,'020629090',305,  ,KG,0,7460,6337,0,1202,1093,0,1471,1260,0,0,0,0,1628,1493,0,1211,1012,0,307,280,0,646,457,0,0,0,0,614,443,0,0,0,0,0,0,0,381,299
2,2025,'020629090',409,  ,KG,0,36135,29929,0,4093,3206,0,1821,1701,0,0,0,0,4212,3337,0,3864,3464,0,5765,4383,0,5290,4092,0,2054,1830,0,2778,2224,0,5293,4647,0,460,495,0,505,550
2,2025,'020629090',601,  ,KG,0,65286,77035,0,929,494,0,10480,14158,0,1512,2214,0,491,739,0,7403,2431,0,396,206,0,1815,694,0,1885,2361,0,11635,6638,0,13122,19532,0,3183,5876,0,12435,21692
2,2025,'020629090',606,  ,KG,0,2430,2341,0,0,0,0,420,288,0,0,0,0,0,0,0,0,0,0,0,0,0,0,0,0,0,0,0,0,0,0,0,0,0,0,0,0,2010,2053
2,2025,'020630091',302,  ,KG,0,52038,33289,0,4860,3048,0,3276,2084,0,3888,2462,0,4770,3010,0,4248,2684,0,4698,2915,0,5346,3364,0,4644,3005,0,4014,2642,0,5400,3557,0,2916,1914,0,3978,2604
2,2025,'020630091',305,  ,KG,0,88772,67143,0,7640,6070,0,6384,5092,0,7444,5814,0,6304,4811,0,7056,5245,0,8936,6500,0,6984,5160,0,4888,3630,0,7440,5655,0,9472,7031,0,8232,6129,0,7992,6006
2,2025,'020630099',218,  ,KG,0,68,230,0,0,0,0,0,0,0,0,0,0,0,0,0,0,0,0,0,0,0,0,0,0,0,0,0,68,230,0,0,0,0,0,0,0,0,0
2,2025,'020641090',218,  ,KG,0,77844,23106,0,20444,6055,0,20260,5801,0,0,0,0,0,0,0,0,0,0,3000,327,0,0,0,0,0,0,0,0,0,0,12813,4054,0,21327,6869,0,0,0
2,2025,'020649091',206,  ,KG,0,191170,99164,0,0,0,0,23870,12925,0,0,0,0,0,0,0,0,0,0,0,0,0,48010,24739,0,0,0,0,47640,24247,0,23910,12217,0,47740,25036,0,0,0
2,2025,'020649091',207,  ,KG,0,24460,9957,0,23960,9705,0,0,0,0,0,0,0,0,0,0,0,0,0,0,0,0,500,252,0,0,0,0,0,0,0,0,0,0,0,0,0,0,0
2,2025,'020649091',208,  ,KG,0,77990,34983,0,0,0,0,0,0,0,0,0,0,24000,10200,0,24000,11324,0,0,0,0,5990,2092,0,0,0,0,24000,11367,0,0,0,0,0,0,0,0,0
2,2025,'020649091',210,  ,KG,0,445105,256618,0,25021,13343,0,27012,16100,0,49011,29173,0,26008,15579,0,26028,15589,0,50079,29447,0,9998,5763,0,48065,27791,0,36058,19073,0,48006,27663,0,24023,13603,0,75796,43494
2,2025,'020649091',217,  ,KG,0,38888,16481,0,9878,4957,0,0,0,0,0,0,0,0,0,0,0,0,0,0,0,0,24130,9462,0,0,0,0,4880,2062,0,0,0,0,0,0,0,0,0
2,2025,'020649091',218,  ,KG,0,1306149,687941,0,89951,55491,0,125063,69923,0,26117,15671,0,178588,87423,0,217510,111570,0,175065,90396,0,75509,52702,0,2714,1720,0,83510,47069,0,145610,69148,0,58766,26478,0,127746,60350
2,2025,'020649091',222,  ,KG,0,3344,1609,0,0,0,0,0,0,0,0,0,0,3344,1609,0,0,0,0,0,0,0,0,0,0,0,0,0,0,0,0,0,0,0,0,0,0,0,0
2,2025,'020649091',225,  ,KG,0,24000,8077,0,0,0,0,0,0,0,0,0,0,24000,8077,0,0,0,0,0,0,0,0,0,0,0,0,0,0,0,0,0,0,0,0,0,0,0,0
2,2025,'020649091',302,  ,KG,0,4983049,2063615,0,364138,154514,0,219330,85454,0,315895,143244,0,526905,224959,0,531750,212949,0,339423,146609,0,485782,190237,0,413985,178243,0,389601,170804,0,422774,166331,0,584535,231577,0,388931,158694
2,2025,'020649091',304,  ,KG,0,18006425,7728623,0,1332157,583823,0,744900,334857,0,964943,423784,0,2121529,1023352,0,1727516,756352,0,2127249,897754,0,1574462,683048,0,1659119,668093,0,1202187,498701,0,2057039,833040,0,1337182,536173,0,1158142,489646
2,2025,'020649091',305,  ,KG,0,577324,339078,0,61514,39944,0,28987,18821,0,38268,20188,0,45270,25902,0,58805,34630,0,40138,23537,0,36200,19015,0,47999,28739,0,32307,17678,0,77772,42266,0,56925,33020,0,53139,35338
2,2025,'020649091',312,  ,KG,0,20710,8048,0,0,0,0,0,0,0,11690,3952,0,6895,3408,0,2125,688,0,0,0,0,0,0,0,0,0,0,0,0,0,0,0,0,0,0,0,0,0
2,2025,'020649091',409,  ,KG,0,85302,38560,0,4530,2187,0,5000,2550,0,5000,2755,0,8000,3654,0,5000,2755,0,9564,5043,0,7158,3403,0,11984,4310,0,5020,1774,0,7016,1829,0,6030,2329,0,11000,5971
2,2025,'020649091',410,  ,KG,0,601567,217308,0,49370,20709,0,86164,32568,0,49113,16749,0,80603,30037,0,8986,4165,0,21475,8717,0,61755,20475,0,50923,19330,0,62829,21468,0,70287,23922,0,49071,15691,0,10991,3477
2,2025,'020649091',601,  ,KG,0,408400,168260,0,48812,22475,0,0,0,0,51597,18052,0,40110,14959,0,39901,17034,0,29382,11747,0,33150,16142,0,35094,15026,0,37477,13537,0,50225,21626,0,29020,10502,0,13632,7160
2,2025,'020649094',218,  ,KG,0,5937,1927,0,0,0,0,0,0,0,3937,1250,0,0,0,0,0,0,0,0,0,0,0,0,0,0,0,0,0,0,0,2000,677,0,0,0,0,0,0
2,2025,'020649095',304,  ,KG,0,7833,4091,0,0,0,0,0,0,0,0,0,0,0,0,0,0,0,0,0,0,0,0,0,0,0,0,0,7833,4091,0,0,0,0,0,0,0,0,0
2,2025,'020649095',601,  ,KG,0,21975,10965,0,0,0,0,0,0,0,3995,2057,0,3002,1446,0,3004,1426,0,3986,1974,0,0,0,0,0,0,0,4000,2035,0,3988,2027,0,0,0,0,0,0
2,2025,'020649099',218,  ,KG,0,979,2195,0,0,0,0,501,1062,0,0,0,0,0,0,0,0,0,0,0,0,0,0,0,0,0,0,0,0,0,0,478,1133,0,0,0,0,0,0
2,2025,'020649099',302,  ,KG,0,27090,14498,0,0,0,0,0,0,0,90,320,0,0,0,0,0,0,0,4500,2363,0,0,0,0,9000,4726,0,9000,4726,0,4500,2363,0,0,0,0,0,0
2,2025,'020649099',304,  ,KG,0,20883,28030,0,6354,10331,0,6349,8527,0,0,0,0,0,0,0,10,2262,0,0,0,0,0,0,0,0,0,0,0,0,0,0,0,0,0,0,0,8170,6910
2,2025,'020649099',305,  ,KG,0,4779,5396,0,498,427,0,996,852,0,0,0,0,0,0,0,1482,1818,0,0,0,0,0,0,0,0,0,0,0,0,0,0,0,0,0,0,0,1803,2299
2,2025,'020649099',601,  ,KG,0,12054,6552,0,2998,1652,0,0,0,0,0,0,0,0,0,0,0,0,0,0,0,0,2015,1149,0,0,0,0,998,524,0,0,0,0,3044,1652,0,2999,1575
2,2025,'020680000',412,  ,KG,0,3886,6435,0,304,536,0,391,678,0,285,464,0,0,0,0,0,0,0,191,294,0,385,609,0,263,423,0,471,738,0,589,985,0,538,904,0,469,804
2,2025,'020690000',105,  ,KG,0,42739,99567,0,4076,9588,0,5108,9923,0,5264,11851,0,4982,10479,0,1729,4710,0,2986,7842,0,3890,10232,0,1600,4129,0,2417,5358,0,3399,8427,0,2841,6956,0,4447,10072
2,2025,'020690000',107,  ,KG,0,8674,11990,0,0,0,0,0,0,0,0,0,0,0,0,0,0,0,0,0,0,0,0,0,0,0,0,0,670,287,0,5600,8400,0,2404,3303,0,0,0
2,2025,'020690000',201,  ,KG,0,35469,17272,0,16801,7239,0,0,0,0,18668,10033,0,0,0,0,0,0,0,0,0,0,0,0,0,0,0,0,0,0,0,0,0,0,0,0,0,0,0
2,2025,'020690000',206,  ,KG,0,79225,35304,0,0,0,0,24449,8237,0,0,0,0,0,0,0,18058,6797,0,0,0,0,0,0,0,23611,12565,0,0,0,0,12457,7350,0,0,0,0,650,355
2,2025,'020690000',210,  ,KG,0,406,1120,0,0,0,0,0,0,0,0,0,0,0,0,0,0,0,0,0,0,0,107,286,0,0,0,0,0,0,0,147,402,0,0,0,0,152,432
2,2025,'020690000',223,  ,KG,0,10541,12929,0,1935,2524,0,0,0,0,2139,2452,0,0,0,0,558,693,0,1117,1282,0,0,0,0,0,0,0,726,1200,0,1837,2104,0,0,0,0,2229,2674
2,2025,'020690000',302,  ,KG,0,6012,6632,0,0,0,0,0,0,0,0,0,0,0,0,0,1014,1187,0,502,587,0,1002,1174,0,3494,3684,0,0,0,0,0,0,0,0,0,0,0,0
2,2025,'020690000',305,  ,KG,0,24425,13917,0,214,295,0,1020,624,0,0,0,0,1294,667,0,1443,648,0,0,0,0,1978,1441,0,11065,5430,0,2628,1665,0,0,0,0,2120,1422,0,2663,1725
2,2025,'020690000',409,  ,KG,0,171,455,0,0,0,0,0,0,0,0,0,0,0,0,0,0,0,0,0,0,0,0,0,0,0,0,0,171,455,0,0,0,0,0,0,0,0,0
2,2025,'020690000',410,  ,KG,0,7282,3658,0,0,0,0,1534,683,0,0,0,0,0,0,0,0,0,0,994,476,0,0,0,0,1245,726,0,997,448,0,800,356,0,790,352,0,922,617
2,2025,'020690000',412,  ,KG,0,102009,64073,0,9191,5344,0,5059,4107,0,13566,7224,0,10281,6402,0,8044,5371,0,11178,7435,0,4881,2943,0,6459,4478,0,12665,7893,0,6452,4151,0,9337,5759,0,4896,2966
2,2025,'020690000',413,  ,KG,0,49504,26695,0,2756,2726,0,1201,666,0,9963,4570,0,1888,1112,0,2211,1565,0,1007,522,0,10897,4475,0,2997,1744,0,4519,2551,0,6537,3381,0,1307,759,0,4221,2624
2,2025,'020690000',601,  ,KG,0,476003,332259,0,41519,23666,0,26176,16730,0,64445,27500,0,15553,11889,0,29900,19028,0,56710,36845,0,40771,30709,0,15578,11567,0,67884,48716,0,49712,37481,0,42009,42938,0,25746,25190
2,2025,'020690000',606,  ,KG,0,111181,67044,0,10654,7041,0,6491,3690,0,12471,6690,0,6168,4710,0,5979,2008,0,17467,10340,0,1033,325,0,13216,7750,0,3928,3753,0,15018,8680,0,11765,4596,0,6991,7461
2,2025,'020711000',218,  ,KG,0,494,878,0,139,207,0,243,449,0,0,0,0,112,222,0,0,0,0,0,0,0,0,0,0,0,0,0,0,0,0,0,0,0,0,0,0,0,0
2,2025,'020712000',113,  ,KG,0,36329,26528,0,0,0,0,10207,8615,0,0,0,0,2552,857,0,0,0,0,0,0,0,8502,7348,0,0,0,0,0,0,0,6900,2528,0,7068,6754,0,1100,426
2,2025,'020712000',218,  ,KG,0,13834,13961,0,0,0,0,981,999,0,2574,2351,0,1928,2007,0,0,0,0,607,634,0,1463,1604,0,1495,1634,0,0,0,0,4786,4732,0,0,0,0,0,0
2,2025,'020712000',234,  ,KG,0,120201,37513,0,24679,8393,0,23469,7546,0,0,0,0,25590,7815,0,25076,7716,0,0,0,0,0,0,0,0,0,0,21387,6043,0,0,0,0,0,0,0,0,0
2,2025,'020712000',410,  ,KG,0,14051359,4393937,0,1152348,404258,0,1630794,560835,0,1342076,438190,0,1224089,375105,0,937595,285289,0,1752983,522953,0,779878,228631,0,779231,234584,0,1417084,420650,0,1181484,353835,0,1018160,309504,0,835637,260103
2,2025,'020712000',606,  ,KG,0,1145,1001,0,0,0,0,0,0,0,0,0,0,0,0,0,0,0,0,0,0,0,0,0,0,0,0,0,319,346,0,0,0,0,826,655,0,0,0
2,2025,'020713100',111,  ,KG,0,42494,19546,0,0,0,0,0,0,0,0,0,0,21247,9629,0,0,0,0,0,0,0,0,0,0,0,0,0,21247,9917,0,0,0,0,0,0,0,0,0
2,2025,'020713200',304,  ,KG,0,1015,2226,0,0,0,0,0,0,0,0,0,0,0,0,0,0,0,0,0,0,0,0,0,0,1015,2226,0,0,0,0,0,0,0,0,0,0,0,0
2,2025,'020714100',111,  ,KG,0,29185,24961,0,594,506,0,3438,2990,0,2598,2182,0,2772,2318,0,594,506,0,6771,5416,0,2912,2374,0,2026,1687,0,1999,1791,0,496,421,0,0,0,0,4985,4770
2,2025,'020714100',410,  ,KG,0,13986,2016,0,0,0,0,0,0,0,0,0,0,2997,380,0,0,0,0,4995,720,0,0,0,0,0,0,0,0,0,0,0,0,0,5994,916,0,0,0
2,2025,'020714100',606,  ,KG,0,450,497,0,0,0,0,0,0,0,0,0,0,0,0,0,0,0,0,0,0,0,0,0,0,0,0,0,0,0,0,0,0,0,450,497,0,0,0
2,2025,'020714210',111,  ,KG,0,3001731,1137376,0,19524,8801,0,13504,6232,0,37301,13560,0,164242,57593,0,214209,73136,0,375784,134915,0,328180,123338,0,294371,114577,0,520492,193878,0,384980,151135,0,341406,136515,0,307738,123696
2,2025,'020714210',113,  ,KG,0,14400,5242,0,0,0,0,3000,1104,0,0,0,0,4500,1564,0,0,0,0,0,0,0,4800,1762,0,0,0,0,0,0,0,1200,453,0,0,0,0,900,359
2,2025,'020714210',218,  ,KG,0,2313,2807,0,0,0,0,0,0,0,0,0,0,0,0,0,0,0,0,0,0,0,0,0,0,0,0,0,0,0,0,2313,2807,0,0,0,0,0,0
2,2025,'020714210',234,  ,KG,0,22000,8094,0,22000,8094,0,0,0,0,0,0,0,0,0,0,0,0,0,0,0,0,0,0,0,0,0,0,0,0,0,0,0,0,0,0,0,0,0
2,2025,'020714210',237,  ,KG,0,22000,7106,0,0,0,0,11000,3521,0,0,0,0,11000,3585,0,0,0,0,0,0,0,0,0,0,0,0,0,0,0,0,0,0,0,0,0,0,0,0
2,2025,'020714210',304,  ,KG,0,7018936,2511862,0,635532,223527,0,606823,207779,0,394950,129356,0,514250,178866,0,877767,295570,0,451171,153273,0,293904,109450,0,440080,159133,0,999145,352019,0,534592,203701,0,977064,376746,0,293658,122442
2,2025,'020714210',410,  ,KG,0,1720058,394119,0,122572,35686,0,96000,23722,0,33180,9373,0,77196,16766,0,168360,34536,0,96000,20160,0,66888,15025,0,335171,76021,0,215070,42531,0,252855,58202,0,101261,24848,0,155505,37249
2,2025,'020714210',606,  ,KG,0,1760,2500,0,0,0,0,0,0,0,0,0,0,0,0,0,0,0,0,0,0,0,300,414,0,280,389,0,660,1025,0,0,0,0,520,672,0,0,0
2,2025,'020714220',111,  ,KG,0,176921778,74039904,0,14082136,6297396,0,15508055,6574374,0,15569210,6380643,0,16600675,6550325,0,13735554,5383683,0,16259213,6361480,0,15603781,6269434,0,11139508,4677814,0,12680406,5380185,0,15266433,6596213,0,13995197,6108088,0,16481610,7460269
2,2025,'020714220',113,  ,KG,0,53751,22714,0,0,0,0,2400,1025,0,0,0,0,2760,1067,0,0,0,0,0,0,0,13140,5394,0,0,0,0,10140,4312,0,1200,501,0,0,0,0,24111,10415
2,2025,'020714220',205,  ,KG,0,29380,12517,0,100,258,0,11292,4949,0,0,0,0,0,0,0,17988,7310,0,0,0,0,0,0,0,0,0,0,0,0,0,0,0,0,0,0,0,0,0
2,2025,'020714220',218,  ,KG,0,1364,2489,0,0,0,0,0,0,0,0,0,0,0,0,0,0,0,0,0,0,0,0,0,0,0,0,0,0,0,0,1364,2489,0,0,0,0,0,0
2,2025,'020714220',237,  ,KG,0,20710,10169,0,0,0,0,10310,5017,0,0,0,0,10400,5152,0,0,0,0,0,0,0,0,0,0,0,0,0,0,0,0,0,0,0,0,0,0,0,0
2,2025,'020714220',304,  ,KG,0,99250,29901,0,0,0,0,23003,5068,0,0,0,0,0,0,0,0,0,0,23000,5128,0,7257,8366,0,0,0,0,23000,5262,0,0,0,0,0,0,0,22990,6077
2,2025,'020714220',401,  ,KG,0,12384,3748,0,0,0,0,0,0,0,0,0,0,0,0,0,0,0,0,0,0,0,0,0,0,0,0,0,0,0,0,12384,3748,0,0,0,0,0,0
2,2025,'020714220',409,  ,KG,0,50323,18231,0,0,0,0,7788,3068,0,0,0,0,20011,5556,0,0,0,0,2004,912,0,2208,938,0,5880,2410,0,1308,562,0,11124,4785,0,0,0,0,0,0
2,2025,'020714220',410,  ,KG,0,388245226,127222670,0,36240773,11505692,0,29732389,9292379,0,24947311,7459081,0,29033022,8648471,0,32560655,9775592,0,32595679,10251435,0,31133888,10452666,0,36614760,12452007,0,41861931,14267174,0,39660122,13566189,0,26637280,9467922,0,27227416,10084062
2,2025,'020714220',606,  ,KG,0,11746,20184,0,0,0,0,0,0,0,0,0,0,0,0,0,0,0,0,0,0,0,1058,2239,0,1231,2570,0,1080,2351,0,0,0,0,8377,13024,0,0,0
2,2025,'020725000',304,  ,KG,0,22212,13988,0,0,0,0,0,0,0,0,0,0,0,0,0,0,0,0,0,0,0,0,0,0,0,0,0,0,0,0,22212,13988,0,0,0,0,0,0
2,2025,'020727200',218,  ,KG,0,11830,11251,0,0,0,0,0,0,0,0,0,0,0,0,0,0,0,0,11830,11251,0,0,0,0,0,0,0,0,0,0,0,0,0,0,0,0,0,0
2,2025,'020727200',304,  ,KG,0,261040,126141,0,47573,22982,0,45340,14060,0,22589,7636,0,46175,21559,0,24493,14354,0,0,0,0,0,0,0,24493,14797,0,24493,14760,0,25884,15993,0,0,0,0,0,0
2,2025,'020727200',606,  ,KG,0,760,1166,0,0,0,0,0,0,0,0,0,0,0,0,0,0,0,0,0,0,0,0,0,0,0,0,0,0,0,0,0,0,0,0,0,0,760,1166
2,2025,'020742000',111,  ,KG,0,2684821,1259405,0,181653,93184,0,125093,62543,0,246508,119124,0,283597,131978,0,168896,76890,0,171917,78197,0,265940,122088,0,234218,107210,0,236217,108779,0,258167,119084,0,228245,105241,0,284370,135087
2,2025,'020742000',113,  ,KG,0,112736,53892,0,0,0,0,1134,657,0,0,0,0,18528,8885,0,18528,8591,0,0,0,0,20210,9385,0,7680,3621,0,14880,7042,0,3648,1740,0,18528,9153,0,9600,4818
2,2025,'020742000',410,  ,KG,0,65696,26347,0,0,0,0,0,0,0,0,0,0,0,0,0,18022,7121,0,0,0,0,23666,9472,0,0,0,0,24008,9754,0,0,0,0,0,0,0,0,0
2,2025,'020743000',227,  ,KG,0,470,3117,0,0,0,0,0,0,0,0,0,0,0,0,0,0,0,0,0,0,0,0,0,0,0,0,0,0,0,0,470,3117,0,0,0,0,0,0
2,2025,'020743000',302,  ,KG,0,1115,8536,0,0,0,0,0,0,0,0,0,0,208,1675,0,207,1510,0,152,1169,0,315,2361,0,171,1323,0,62,498,0,0,0,0,0,0,0,0,0
2,2025,'020744000',227,  ,KG,0,890,2076,0,0,0,0,0,0,0,0,0,0,0,0,0,0,0,0,0,0,0,0,0,0,0,0,0,0,0,0,890,2076,0,0,0,0,0,0
2,2025,'020744000',302,  ,KG,0,2434,7292,0,0,0,0,0,0,0,0,0,0,288,881,0,224,648,0,669,2023,0,403,1195,0,562,1736,0,288,809,0,0,0,0,0,0,0,0,0
2,2025,'020745010',111,  ,KG,0,2940,1044,0,0,0,0,0,0,0,540,351,0,0,0,0,0,0,0,0,0,0,0,0,0,0,0,0,0,0,0,0,0,0,0,0,0,2400,693
2,2025,'020745010',218,  ,KG,0,15254,113268,0,0,0,0,0,0,0,426,3095,0,2810,19768,0,0,0,0,2798,19956,0,0,0,0,0,0,0,3859,28836,0,3861,29580,0,1500,12033,0,0,0
2,2025,'020745010',227,  ,KG,0,111131,570832,0,10450,43609,0,16765,82515,0,9642,46936,0,200,1233,0,3215,14133,0,0,0,0,11694,62652,0,8990,43958,0,0,0,0,13823,76743,0,17961,100637,0,18391,98416
2,2025,'020745010',232,  ,KG,0,13947,75921,0,0,0,0,0,0,0,3636,19208,0,0,0,0,6101,32572,0,0,0,0,0,0,0,0,0,0,0,0,0,0,0,0,4210,24141,0,0,0
2,2025,'020745010',302,  ,KG,0,7484,59432,0,0,0,0,436,3262,0,0,0,0,2475,20171,0,0,0,0,331,2417,0,0,0,0,207,1609,0,0,0,0,3424,27170,0,201,1527,0,410,3276
2,2025,'020745090',111,  ,KG,0,3124998,2787099,0,211648,227328,0,94811,100660,0,176792,168032,0,173953,165290,0,156007,129262,0,226907,183785,0,327348,246252,0,297117,235642,0,297592,231797,0,333274,307694,0,346315,332433,0,483234,458924
2,2025,'020745090',113,  ,KG,0,333841,357871,0,22425,26072,0,10344,18736,0,33186,35967,0,23796,24799,0,20313,20488,0,36345,42572,0,29025,31456,0,37473,38281,0,30020,23888,0,18985,18936,0,31005,32100,0,40924,44576
2,2025,'020745090',218,  ,KG,0,8071,11256,0,0,0,0,0,0,0,0,0,0,1442,1587,0,0,0,0,1393,1554,0,0,0,0,0,0,0,4736,7178,0,0,0,0,500,937,0,0,0
2,2025,'020745090',227,  ,KG,0,174325,272926,0,23090,26112,0,15500,21744,0,15450,20248,0,13775,13972,0,5670,6918,0,0,0,0,12030,21530,0,13000,19276,0,1000,2496,0,18100,30445,0,27410,56410,0,29300,53775
2,2025,'020745090',232,  ,KG,0,18937,27013,0,0,0,0,0,0,0,2419,3332,0,0,0,0,13502,19164,0,0,0,0,0,0,0,0,0,0,0,0,0,0,0,0,3016,4517,0,0,0
2,2025,'020745090',302,  ,KG,0,4536,11151,0,0,0,0,0,0,0,0,0,0,0,0,0,0,0,0,307,675,0,0,0,0,0,0,0,0,0,0,2892,6982,0,213,502,0,1124,2992
2,2025,'020745090',410,  ,KG,0,23661,16280,0,0,0,0,0,0,0,0,0,0,0,0,0,0,0,0,0,0,0,0,0,0,0,0,0,0,0,0,0,0,0,23661,16280,0,0,0
2,2025,'020752000',223,  ,KG,0,21840,14851,0,0,0,0,21840,14851,0,0,0,0,0,0,0,0,0,0,0,0,0,0,0,0,0,0,0,0,0,0,0,0,0,0,0,0,0,0
2,2025,'020753000',227,  ,KG,0,180,1412,0,0,0,0,0,0,0,0,0,0,0,0,0,0,0,0,0,0,0,0,0,0,0,0,0,0,0,0,180,1412,0,0,0,0,0,0
2,2025,'020755100',227,  ,KG,0,14620,82953,0,700,3426,0,500,2423,0,1400,7199,0,0,0,0,2700,14473,0,0,0,0,50,339,0,3200,18566,0,0,0,0,2250,13470,0,200,1098,0,3620,21959
2,2025,'020755200',227,  ,KG,0,10210,16191,0,0,0,0,0,0,0,0,0,0,0,0,0,200,277,0,0,0,0,0,0,0,1500,2316,0,0,0,0,4000,6275,0,1500,2415,0,3010,4908
2,2025,'020760200',210,  ,KG,0,254,400,0,0,0,0,0,0,0,254,400,0,0,0,0,0,0,0,0,0,0,0,0,0,0,0,0,0,0,0,0,0,0,0,0,0,0,0
2,2025,'020810000',105,  ,KG,0,25380,19165,0,0,0,0,0,0,0,0,0,0,13000,9496,0,0,0,0,0,0,0,0,0,0,0,0,0,12380,9669,0,0,0,0,0,0,0,0,0
2,2025,'020810000',210,  ,KG,0,1188,2219,0,0,0,0,114,211,0,0,0,0,589,1167,0,113,231,0,105,215,0,267,395,0,0,0,0,0,0,0,0,0,0,0,0,0,0,0
2,2025,'020810000',218,  ,KG,0,18601,24895,0,0,0,0,2863,3442,0,0,0,0,3046,3666,0,0,0,0,2722,3544,0,0,0,0,4290,6047,0,0,0,0,5680,8196,0,0,0,0,0,0
2,2025,'020810000',220,  ,KG,0,2867,5566,0,0,0,0,0,0,0,980,2002,0,0,0,0,0,0,0,1005,1874,0,0,0,0,0,0,0,0,0,0,882,1690,0,0,0,0,0,0
2,2025,'020810000',227,  ,KG,0,14721,20741,0,0,0,0,0,0,0,202,350,0,0,0,0,6510,8599,0,0,0,0,0,0,0,0,0,0,0,0,0,0,0,0,8009,11792,0,0,0
2,2025,'020840011',202,  ,KG,0,73295,73527,0,0,0,0,0,0,0,0,0,0,0,0,0,66256,69898,0,6114,1779,0,925,1850,0,0,0,0,0,0,0,0,0,0,0,0,0,0,0
2,2025,'020850000',106,  ,KG,0,1060,12876,0,100,1534,0,100,1489,0,0,0,0,100,1403,0,200,1954,0,0,0,0,100,1404,0,0,0,0,260,2284,0,100,1404,0,100,1404,0,0,0
2,2025,'020850000',110,  ,KG,0,163,506,0,0,0,0,0,0,0,0,0,0,0,0,0,0,0,0,163,506,0,0,0,0,0,0,0,0,0,0,0,0,0,0,0,0,0,0
2,2025,'020850000',111,  ,KG,0,5389,6226,0,0,0,0,400,605,0,700,936,0,0,0,0,2620,2403,0,0,0,0,804,1054,0,260,501,0,0,0,0,0,0,0,605,727,0,0,0
2,2025,'020850000',601,  ,KG,0,11719,20573,0,0,0,0,1290,1965,0,0,0,0,1294,2321,0,2558,4538,0,1312,2549,0,1334,2659,0,1310,2395,0,0,0,0,1311,2092,0,0,0,0,1310,2054
2,2025,'020860000',601,  ,KG,0,1321,2961,0,0,0,0,0,0,0,0,0,0,0,0,0,0,0,0,0,0,0,0,0,0,0,0,0,0,0,0,0,0,0,1321,2961,0,0,0
2,2025,'020890000',105,  ,KG,0,45209,82041,0,7120,13954,0,0,0,0,0,0,0,1720,2250,0,0,0,0,7820,15960,0,0,0,0,4561,6350,0,2475,3108,0,10100,18296,0,198,436,0,11215,21687
2,2025,'020890000',106,  ,KG,0,2000,3770,0,0,0,0,0,0,0,0,0,0,2000,3770,0,0,0,0,0,0,0,0,0,0,0,0,0,0,0,0,0,0,0,0,0,0,0,0
2,2025,'020890000',108,  ,KG,0,245,577,0,0,0,0,0,0,0,0,0,0,0,0,0,0,0,0,0,0,0,245,577,0,0,0,0,0,0,0,0,0,0,0,0,0,0,0
2,2025,'020890000',110,  ,KG,0,179666,152875,0,22531,22424,0,8854,7590,0,8940,8275,0,12468,10318,0,6900,5125,0,15166,13071,0,17744,13914,0,17970,14747,0,11900,7736,0,19473,18753,0,11800,9277,0,25920,21645
2,2025,'020890000',205,  ,KG,0,3509,16110,0,692,2664,0,255,2041,0,0,0,0,0,0,0,0,0,0,0,0,0,0,0,0,0,0,0,509,2695,0,816,3777,0,1006,3690,0,231,1243
2,2025,'020890000',210,  ,KG,0,23230,75919,0,1497,4364,0,1730,5364,0,1605,4609,0,2030,5965,0,1401,4154,0,1363,4359,0,1852,6781,0,1973,6491,0,2139,7080,0,3057,10791,0,2570,9117,0,2013,6844
2,2025,'020890000',218,  ,KG,0,14504,36913,0,256,807,0,598,2117,0,2282,6226,0,510,1493,0,200,549,0,792,2619,0,334,967,0,4651,12533,0,123,395,0,4047,7551,0,264,611,0,447,1045
2,2025,'020890000',234,  ,KG,0,92,1245,0,0,0,0,0,0,0,0,0,0,0,0,0,0,0,0,0,0,0,0,0,0,35,490,0,39,490,0,0,0,0,0,0,0,18,265
2,2025,'020890000',506,  ,KG,0,20,289,0,0,0,0,0,0,0,0,0,0,20,289,0,0,0,0,0,0,0,0,0,0,0,0,0,0,0,0,0,0,0,0,0,0,0,0
2,2025,'020890000',601,  ,KG,0,61612,54207,0,164,476,0,0,0,0,0,0,0,12624,11406,0,480,807,0,6410,6466,0,1345,2210,0,2754,4464,0,0,0,0,14659,12024,0,7341,5911,0,15835,10443
2,2025,'020890000',606,  ,KG,0,3748,7871,0,0,0,0,0,0,0,3628,7621,0,0,0,0,120,250,0,0,0,0,0,0,0,0,0,0,0,0,0,0,0,0,0,0,0,0,0
2,2025,'020910000',204,  ,KG,0,360380,92260,0,0,0,0,0,0,0,0,0,0,0,0,0,0,0,0,0,0,0,47960,12012,0,0,0,0,96180,24745,0,48020,12995,0,72000,18033,0,96220,24475
2,2025,'020910000',207,  ,KG,0,723819,171545,0,23375,8379,0,23920,5509,0,0,0,0,26000,6723,0,0,0,0,96556,23155,0,96913,23291,0,48960,9025,0,144332,32700,0,167738,38729,0,47985,12992,0,48040,11042
2,2025,'020910000',210,  ,KG,0,1142,1290,0,0,0,0,1142,1290,0,0,0,0,0,0,0,0,0,0,0,0,0,0,0,0,0,0,0,0,0,0,0,0,0,0,0,0,0,0
2,2025,'020910000',218,  ,KG,0,2913834,812466,0,187231,51845,0,141946,40652,0,135200,41123,0,93746,28205,0,166260,44798,0,409939,110874,0,363040,96175,0,454480,127861,0,310060,86986,0,326292,92407,0,188300,52733,0,137340,38807
2,2025,'020910000',222,  ,KG,0,161670,41713,0,0,0,0,11955,2897,0,12075,2926,0,12000,2908,0,14640,3808,0,9405,2471,0,18510,4816,0,16410,4297,0,19905,5241,0,13920,3668,0,11985,3166,0,20865,5515
2,2025,'020910000',302,  ,KG,0,26395348,7274504,0,2070120,566241,0,1750160,465937,0,1943023,510589,0,2058577,536519,0,3402594,913906,0,2206006,599884,0,2371559,655677,0,1819954,518104,0,2518600,725217,0,2066315,591946,0,2041580,579274,0,2146860,611210
2,2025,'020910000',304,  ,KG,0,4252182,1247725,0,77519,27255,0,192146,60023,0,341432,106704,0,287732,79504,0,143818,46666,0,361354,107006,0,404061,118652,0,459716,128913,0,651194,185321,0,705287,205206,0,193552,55731,0,434371,126744
2,2025,'020910000',305,  ,KG,0,2881800,829250,0,346820,94899,0,237760,64175,0,178440,48308,0,332480,90633,0,290820,81859,0,244700,68952,0,367300,109002,0,71000,21483,0,252140,78409,0,208440,65828,0,241880,73502,0,110020,32200
2,2025,'020910000',409,  ,KG,0,911660,236035,0,0,0,0,72000,18969,0,71760,18195,0,48000,13686,0,72000,19449,0,0,0,0,120000,32049,0,144140,36433,0,119980,30800,0,119800,32721,0,72000,17169,0,71980,16564
2,2025,'020910000',410,  ,KG,0,95760,15547,0,9000,1415,0,62880,10035,0,0,0,0,23880,4097,0,0,0,0,0,0,0,0,0,0,0,0,0,0,0,0,0,0,0,0,0,0,0,0
2,2025,'020990000',111,  ,KG,0,1021694,217627,0,96000,22666,0,96720,22229,0,73944,17356,0,50400,9697,0,48000,9042,0,131630,27561,0,72000,13563,0,72000,16991,0,102000,19320,0,100800,22952,0,72000,13579,0,106200,22671
2,2025,'020990000',410,  ,KG,0,75264,11415,0,0,0,0,0,0,0,0,0,0,0,0,0,0,0,0,0,0,0,0,0,0,21000,3139,0,15960,2355,0,19980,3045,0,0,0,0,18324,2876
2,2025,'021011020',210,  ,KG,0,1516,7909,0,0,0,0,519,1432,0,149,951,0,270,1655,0,0,0,0,81,536,0,0,0,0,396,2638,0,101,697,0,0,0,0,0,0,0,0,0
2,2025,'021011020',218,  ,KG,0,193127,482350,0,3725,8470,0,18282,47579,0,5145,15276,0,17709,53515,0,18672,42638,0,12738,25291,0,24472,52679,0,14555,40151,0,6345,16806,0,35316,86428,0,22720,63896,0,13448,29621
2,2025,'021012020',205,  ,KG,0,88,302,0,0,0,0,0,0,0,0,0,0,0,0,0,88,302,0,0,0,0,0,0,0,0,0,0,0,0,0,0,0,0,0,0,0,0,0
2,2025,'021012020',208,  ,KG,0,7882,16400,0,0,0,0,352,822,0,421,747,0,0,0,0,1658,3598,0,0,0,0,2685,5392,0,0,0,0,0,0,0,2766,5841,0,0,0,0,0,0
2,2025,'021012020',210,  ,KG,0,358,1017,0,0,0,0,0,0,0,0,0,0,209,576,0,0,0,0,0,0,0,0,0,0,0,0,0,149,441,0,0,0,0,0,0,0,0,0
2,2025,'021012020',218,  ,KG,0,51737,83008,0,0,0,0,15285,20679,0,164,417,0,2107,4087,0,6022,7212,0,5203,8085,0,941,1578,0,3096,6289,0,6000,13038,0,8123,11107,0,2578,5678,0,2218,4838
2,2025,'021012020',225,  ,KG,0,11039,28220,0,0,0,0,1553,4064,0,0,0,0,1025,2578,0,0,0,0,4216,10121,0,0,0,0,0,0,0,0,0,0,1053,3207,0,0,0,0,3192,8250
2,2025,'021012020',304,  ,KG,0,29564,52451,0,0,0,0,1164,1709,0,0,0,0,1146,1606,0,14818,27147,0,0,0,0,0,0,0,10117,18694,0,0,0,0,0,0,0,1155,1621,0,1164,1674
2,2025,'021019020',205,  ,KG,0,736,1806,0,0,0,0,0,0,0,0,0,0,0,0,0,0,0,0,0,0,0,0,0,0,0,0,0,0,0,0,0,0,0,0,0,0,736,1806
2,2025,'021019020',208,  ,KG,0,18038,42946,0,0,0,0,1192,3235,0,5392,11909,0,0,0,0,5278,11925,0,0,0,0,3461,9001,0,0,0,0,0,0,0,2715,6876,0,0,0,0,0,0
2,2025,'021019020',210,  ,KG,0,282455,696974,0,27484,63487,0,23148,61045,0,20689,47286,0,36364,94887,0,19554,40692,0,6514,15646,0,19025,44003,0,11218,25126,0,25905,71428,0,40952,103621,0,28854,68694,0,22748,61059
2,2025,'021019020',215,  ,KG,0,793,5081,0,0,0,0,0,0,0,0,0,0,0,0,0,0,0,0,268,1585,0,0,0,0,525,3496,0,0,0,0,0,0,0,0,0,0,0,0
2,2025,'021019020',217,  ,KG,0,46312,94575,0,10858,21023,0,0,0,0,3335,7118,0,0,0,0,0,0,0,7218,16020,0,13916,27663,0,0,0,0,0,0,0,6099,13008,0,4886,9743,0,0,0
2,2025,'021019020',218,  ,KG,0,1720814,3932582,0,93591,205347,0,94448,204141,0,100988,225871,0,125544,284228,0,132294,285922,0,133824,291602,0,128023,318558,0,200011,433665,0,183766,406698,0,209212,509496,0,196148,468418,0,122965,298636
2,2025,'021019020',225,  ,KG,0,27074,71714,0,0,0,0,1035,2558,0,1764,4262,0,1159,3218,0,0,0,0,7665,18637,0,0,0,0,1485,4843,0,0,0,0,640,2113,0,4848,13274,0,8478,22809
2,2025,'021019020',242,  ,KG,0,68739,149611,0,20500,43470,0,0,0,0,12112,25054,0,0,0,0,0,0,0,543,1247,0,337,785,0,9046,19174,0,2486,5607,0,9126,20616,0,2396,5539,0,12193,28119
2,2025,'021019020',302,  ,KG,0,18185,45905,0,5038,10651,0,0,0,0,1587,4622,0,0,0,0,3564,9934,0,0,0,0,2592,7367,0,0,0,0,1944,5657,0,0,0,0,1620,4819,0,1840,2855
2,2025,'021019020',304,  ,KG,0,428573,931098,0,0,0,0,29629,73140,0,38223,69940,0,56603,120336,0,45812,92374,0,26658,56418,0,20213,37871,0,73934,150436,0,19814,37538,0,52380,121992,0,33569,89273,0,31738,81780
2,2025,'021019020',601,  ,KG,0,105,613,0,0,0,0,0,0,0,0,0,0,61,346,0,0,0,0,0,0,0,0,0,0,0,0,0,0,0,0,0,0,0,0,0,0,44,267
2,2025,'021020000',218,  ,KG,0,1412,6729,0,0,0,0,157,633,0,0,0,0,550,2121,0,0,0,0,413,2116,0,0,0,0,0,0,0,0,0,0,0,0,0,292,1859,0,0,0
2,2025,'021020000',220,  ,KG,0,1187,7149,0,244,1254,0,0,0,0,263,1350,0,0,0,0,265,1665,0,0,0,0,0,0,0,162,1080,0,0,0,0,253,1800,0,0,0,0,0,0
2,2025,'021020000',606,  ,KG,0,218,1559,0,0,0,0,0,0,0,0,0,0,0,0,0,0,0,0,0,0,0,0,0,0,118,520,0,100,1039,0,0,0,0,0,0,0,0,0
2,2025,'021093000',105,  ,KG,0,3413,66538,0,0,0,0,2020,38878,0,0,0,0,95,3618,0,4,350,0,0,0,0,440,9050,0,275,3145,0,0,0,0,0,0,0,579,11497,0,0,0
2,2025,'021093000',106,  ,KG,0,5306,74027,0,0,0,0,1000,14422,0,0,0,0,1000,14108,0,0,0,0,1000,13452,0,306,3650,0,0,0,0,0,0,0,1000,13808,0,0,0,0,1000,14587
2,2025,'021093000',110,  ,KG,0,2702,21786,0,0,0,0,401,3164,0,0,0,0,998,8094,0,0,0,0,405,2733,0,0,0,0,0,0,0,0,0,0,398,3393,0,500,4402,0,0,0
2,2025,'021093000',111,  ,KG,0,291,3475,0,0,0,0,0,0,0,40,478,0,55,659,0,56,545,0,0,0,0,40,495,0,100,1298,0,0,0,0,0,0,0,0,0,0,0,0
2,2025,'021099019',304,  ,KG,0,1633,2047,0,0,0,0,0,0,0,0,0,0,0,0,0,0,0,0,0,0,0,0,0,0,0,0,0,0,0,0,0,0,0,1633,2047,0,0,0
2,2025,'021099020',304,  ,KG,0,381,1557,0,0,0,0,0,0,0,0,0,0,381,1557,0,0,0,0,0,0,0,0,0,0,0,0,0,0,0,0,0,0,0,0,0,0,0,0
2,2025,'021099020',601,  ,KG,0,232,1604,0,0,0,0,0,0,0,0,0,0,0,0,0,0,0,0,151,1023,0,0,0,0,81,581,0,0,0,0,0,0,0,0,0,0,0,0
2,2025,'021099020',606,  ,KG,0,1492,15064,0,110,1052,0,0,0,0,320,2866,0,0,0,0,354,3187,0,84,932,0,192,2235,0,0,0,0,0,0,0,180,1997,0,72,799,0,180,1996
2,2025,'021099090',105,  ,KG,0,838021,711234,0,53964,45795,0,94350,82838,0,61200,51326,0,57934,56392,0,64997,51607,0,47736,39587,0,52572,41266,0,94454,76431,0,105000,89611,0,49073,40292,0,81656,73821,0,75085,62268
2,2025,'021099090',107,  ,KG,0,2453,7088,0,280,816,0,360,1039,0,0,0,0,108,238,0,0,0,0,162,511,0,120,330,0,298,900,0,236,747,0,203,665,0,393,1020,0,293,822
2,2025,'021099090',111,  ,KG,0,235,1259,0,0,0,0,0,0,0,0,0,0,0,0,0,102,443,0,44,268,0,0,0,0,0,0,0,89,548,0,0,0,0,0,0,0,0,0
2,2025,'021099090',210,  ,KG,0,6140,8544,0,3360,4559,0,1820,2444,0,0,0,0,0,0,0,0,0,0,0,0,0,0,0,0,0,0,0,0,0,0,0,0,0,480,761,0,480,780
2,2025,'021099090',220,  ,KG,0,176,828,0,0,0,0,0,0,0,0,0,0,0,0,0,0,0,0,0,0,0,0,0,0,0,0,0,0,0,0,94,438,0,82,390,0,0,0
2,2025,'021099090',304,  ,KG,0,1104566,1097618,0,73092,79016,0,118682,118165,0,148457,155758,0,122810,117785,0,116027,109212,0,118442,112208,0,106638,109663,0,67353,69095,0,83864,90880,0,43567,42572,0,89089,76195,0,16545,17069
2,2025,'021099090',601,  ,KG,0,1459,6563,0,0,0,0,0,0,0,93,308,0,432,1026,0,0,0,0,407,2732,0,317,986,0,210,1511,0,0,0,0,0,0,0,0,0,0,0,0
2,2025,'021099090',606,  ,KG,0,3775,39839,0,352,3295,0,0,0,0,501,4512,0,336,3010,0,216,2398,0,168,1962,0,48,554,0,520,5788,0,416,4809,0,678,7523,0,0,0,0,540,5988
2,2025,'030111100',105,NO,KG,341735,4396,94005,17082,290,7637,23889,509,10070,15814,295,5270,20943,500,8943,18405,171,4071,23525,333,6063,31689,210,5810,44155,353,7687,43074,335,8487,45001,476,10413,24747,434,7662,33411,490,11892
2,2025,'030111100',108,NO,KG,30710,83,2774,3900,11,374,3560,9,339,11450,30,1037,11800,33,1024,0,0,0,0,0,0,0,0,0,0,0,0,0,0,0,0,0,0,0,0,0,0,0,0
2,2025,'030111100',111,NO,KG,48537,1787,23067,300,141,667,2209,74,1138,4472,115,3561,2724,296,2053,5244,86,1577,6466,294,2660,9577,200,3467,5628,127,1969,3839,67,1282,2907,120,1514,2706,199,2467,2465,68,712
2,2025,'030111100',112,NO,KG,470763,1108,34650,0,0,0,4200,11,451,29582,83,2650,63871,143,4135,42280,115,3479,44020,111,3388,84973,177,5654,92329,174,5590,39432,108,3141,32336,86,2792,24410,63,2174,13330,37,1196
2,2025,'030111100',113,NO,KG,144760,587,11974,2800,10,234,10400,48,821,26000,102,1920,17600,63,1256,10200,38,700,10200,56,924,11900,51,1159,15770,64,1472,12250,49,1079,10190,41,820,10650,39,991,6800,26,598
2,2025,'030111100',118,NO,KG,160063,1938,35570,10132,75,2025,7807,67,1545,6825,89,1913,10634,138,2836,21994,263,4390,16489,171,3487,24816,346,6097,16346,227,3432,13377,157,2650,10031,125,1873,10466,131,2641,11146,149,2681
2,2025,'030111100',215,NO,KG,3005,70,1179,0,0,0,0,0,0,0,0,0,0,0,0,0,0,0,0,0,0,0,0,0,0,0,0,0,0,0,0,0,0,0,0,0,3005,70,1179
2,2025,'030111200',105,NO,KG,138804,727,32214,7370,46,1426,7194,25,1720,4140,32,3627,2195,40,1273,26127,78,2984,39033,125,5213,8159,26,1345,5117,27,1443,12901,73,4386,13888,45,2923,6280,61,2781,6400,149,3093
2,2025,'030111200',106,NO,KG,417056,2207,64896,33491,128,4603,26155,121,3876,36753,190,6479,44799,209,6890,39132,276,5357,27148,151,4188,40100,187,5233,39616,211,6632,31895,174,5653,34065,164,5395,30910,145,5237,32992,251,5353
2,2025,'030111200',108,NO,KG,2248541,643,19466,241496,46,1952,148823,28,1199,177227,153,2082,268625,56,2336,190930,36,1526,166115,31,1217,227517,45,1766,182342,33,1346,222658,44,1655,189713,116,2084,128657,29,1130,104438,26,1173
2,2025,'030111200',110,NO,KG,2284565,2047,61398,194373,140,4733,115352,90,2707,150798,118,3765,221549,175,5139,203090,146,4198,160511,146,4118,164077,162,4133,204958,189,6286,196584,231,6161,271343,241,7222,192477,209,6461,209453,200,6475
2,2025,'030111200',111,NO,KG,1250531,5692,146447,114549,491,12754,90244,431,9990,75018,404,12553,116784,536,12751,89303,392,9483,108091,529,13211,112469,610,18135,127992,412,10045,126447,525,15059,105930,505,11356,101049,511,10943,82655,346,10167
2,2025,'030111200',112,NO,KG,3305780,7568,181032,315596,653,17488,241630,587,13319,275352,615,15175,257745,562,13547,246206,520,12660,285174,798,16387,265557,785,15353,288839,613,15634,323178,643,15068,297422,653,15862,260868,592,14791,248213,547,15748
2,2025,'030111200',113,NO,KG,16955,2361,69432,322,50,5690,1965,169,7416,586,45,3417,685,124,8195,901,141,5884,9099,318,4484,690,812,6489,590,77,4334,430,115,7340,554,84,4159,695,279,8020,438,147,4004
2,2025,'030111200',118,NO,KG,9843221,21218,546252,934068,1540,40403,722464,1480,39187,852554,1581,43462,783557,1692,41619,725974,1572,40414,776014,1941,46372,785670,1891,48330,768803,1783,51911,986704,1881,50708,829816,1865,44033,810156,2237,56695,867441,1755,43118
2,2025,'030111200',123,NO,KG,101003,751,19776,6355,32,1163,6296,35,987,13054,105,2998,4937,32,741,10768,119,1968,12377,158,2721,4413,15,581,141,3,239,14109,84,2596,7011,36,1544,12835,79,2473,8707,53,1765
2,2025,'030111200',125,NO,KG,1513039,2740,48410,131240,257,4450,88049,161,3006,96315,177,3142,117875,218,3960,139735,262,4323,136258,244,4142,159045,286,4954,128590,229,4053,116525,207,3665,158902,281,4818,114630,200,3832,125875,218,4065
2,2025,'030111200',205,NO,KG,30,1,516,0,0,0,0,0,0,0,0,0,0,0,0,0,0,0,30,1,516,0,0,0,0,0,0,0,0,0,0,0,0,0,0,0,0,0,0
2,2025,'030111200',207,NO,KG,594,4,635,0,0,0,0,0,0,0,0,0,172,2,427,0,0,0,0,0,0,0,0,0,0,0,0,422,2,208,0,0,0,0,0,0,0,0,0
2,2025,'030111200',213,NO,KG,1284,51,2663,655,4,272,0,0,0,124,12,967,400,28,825,0,0,0,0,0,0,0,0,0,0,0,0,105,7,599,0,0,0,0,0,0,0,0,0
2,2025,'030111200',245,NO,KG,41428,224,20452,2979,14,1453,2808,11,900,3229,15,1500,5819,38,2556,4087,21,2251,4620,22,2109,3646,17,1598,4022,26,1947,3265,21,2062,1292,6,642,2491,15,1292,3170,18,2142
2,2025,'030111200',401,NO,KG,1175684,4447,162460,146019,491,22519,89366,312,12976,105491,394,17652,91426,352,12554,49209,191,6744,87384,289,10204,108346,437,15119,105150,337,11589,65465,241,7952,157258,647,17956,81896,365,11660,88674,391,15535
2,2025,'030111200',404,NO,KG,4114,117,6891,1194,21,1334,0,0,0,0,0,0,0,0,0,0,0,0,449,18,1010,1456,20,1007,0,0,0,320,23,1172,375,19,1228,0,0,0,320,16,1140
2,2025,'030111200',407,NO,KG,664340,3164,115937,32319,199,7931,70221,304,11389,21350,130,5001,27720,230,10857,58035,243,8495,63788,247,8135,82148,406,14028,51188,282,11166,58509,222,6554,90953,364,12637,61079,272,9369,47030,265,10375
2,2025,'030111200',410,NO,KG,175922,3356,150698,22845,424,13291,8298,271,9139,13158,306,12568,10987,235,11851,12993,218,10968,7490,245,11371,23374,198,9689,14102,206,12017,10656,262,11951,28588,417,21042,12994,229,14640,10437,345,12171
2,2025,'030111200',411,NO,KG,19777,70,3803,9045,30,1649,0,0,0,0,0,0,0,0,0,0,0,0,4392,20,1068,0,0,0,0,0,0,0,0,0,0,0,0,0,0,0,6340,20,1086
2,2025,'030111200',513,NO,KG,19049,192,7437,0,0,0,219,20,823,0,0,0,212,20,686,0,0,0,13582,47,3024,0,0,0,1572,10,414,89,20,744,0,0,0,1653,70,1244,1722,5,502
2,2025,'030111200',517,NO,KG,167,79,733,0,0,0,0,0,0,0,0,0,0,0,0,31,9,208,0,0,0,0,0,0,0,0,0,0,0,0,0,0,0,136,70,525,0,0,0
2,2025,'030111200',524,NO,KG,27550,549,23472,3973,71,2922,1260,62,1494,2468,40,1370,4286,60,2473,1611,30,1430,1436,21,649,0,0,0,674,18,430,5807,104,6704,1041,46,565,1207,45,1515,3787,52,3920
2,2025,'030111200',527,NO,KG,137,193,1720,64,13,675,0,0,0,0,0,0,73,180,1045,0,0,0,0,0,0,0,0,0,0,0,0,0,0,0,0,0,0,0,0,0,0,0,0
2,2025,'030111200',532,NO,KG,941,137,991,0,0,0,0,0,0,0,0,0,0,0,0,0,0,0,930,17,726,0,0,0,0,0,0,0,0,0,11,120,265,0,0,0,0,0,0
2,2025,'030111200',533,NO,KG,25800,539,23503,0,0,0,2033,24,1539,3531,38,3428,4646,168,3615,4248,54,2592,0,0,0,305,2,1044,1393,82,1858,3970,91,3808,3193,47,3101,2481,33,2518,0,0,0
2,2025,'030111200',541,NO,KG,222,79,2342,0,0,0,0,0,0,23,21,348,0,0,0,6,16,271,0,0,0,168,21,1237,0,0,0,19,13,252,0,0,0,0,0,0,6,8,234
2,2025,'030111200',543,NO,KG,856,116,3412,0,0,0,0,0,0,0,0,0,502,98,2691,0,0,0,0,0,0,0,0,0,354,18,721,0,0,0,0,0,0,0,0,0,0,0,0
2,2025,'030111200',601,NO,KG,1150,43,11050,0,0,0,0,0,0,24,4,1504,972,10,643,0,0,0,0,0,0,0,0,0,66,13,4377,0,0,0,88,16,4526,0,0,0,0,0,0
2,2025,'030119000',105,NO,KG,92,40,2287,32,20,978,0,0,0,0,0,0,0,0,0,0,0,0,60,20,1309,0,0,0,0,0,0,0,0,0,0,0,0,0,0,0,0,0,0
2,2025,'030119000',106,NO,KG,9844,854,25024,0,0,0,25,15,508,1585,87,5110,0,0,0,1927,125,5752,1718,46,2281,936,32,1940,49,20,1146,12,10,221,1454,128,3585,1330,208,2136,808,183,2345
2,2025,'030119000',110,NO,KG,100,10,242,0,0,0,0,0,0,0,0,0,0,0,0,0,0,0,0,0,0,0,0,0,0,0,0,100,10,242,0,0,0,0,0,0,0,0,0
2,2025,'030119000',111,NO,KG,4504,8,295,0,0,0,0,0,0,0,0,0,0,0,0,0,0,0,0,0,0,0,0,0,0,0,0,0,0,0,0,0,0,4504,8,295,0,0,0
2,2025,'030119000',117,NO,KG,278479,9830,94168,20831,799,8023,20739,731,6970,25939,825,7889,27607,946,8795,17650,633,5672,16118,651,6012,21312,751,7664,26124,1190,9418,28081,1027,10175,30789,973,10539,19229,537,5773,24060,767,7238
2,2025,'030119000',118,NO,KG,194490,12800,98419,19036,1414,9154,14337,1011,8442,13241,842,6219,13510,1228,7108,16925,1163,8909,19134,1201,9894,16688,746,7814,17593,1063,7260,16558,957,9090,15977,1033,8575,15498,764,6388,15993,1378,9566
2,2025,'030119000',125,NO,KG,20974,2751,19580,1359,181,1480,3818,389,3072,2242,274,1801,3368,608,3574,800,243,753,1900,207,1190,987,132,1085,1631,179,1164,1390,154,971,1107,112,1413,2247,241,2189,125,31,888
2,2025,'030119000',126,NO,KG,1802,203,3713,0,0,0,554,100,1130,0,0,0,196,15,468,328,30,529,214,20,433,0,0,0,0,0,0,0,0,0,0,0,0,510,38,1153,0,0,0
2,2025,'030119000',141,NO,KG,107,15,883,0,0,0,0,0,0,0,0,0,0,0,0,0,0,0,0,0,0,107,15,883,0,0,0,0,0,0,0,0,0,0,0,0,0,0,0
2,2025,'030119000',304,NO,KG,7175,1438,47111,330,154,2330,422,141,3068,612,121,3977,560,114,4335,1073,176,7146,690,152,4287,496,57,3460,829,150,4541,322,36,2075,740,159,4701,386,49,2263,715,129,4928
2,2025,'030119000',305,NO,KG,69,14,945,0,0,0,0,0,0,0,0,0,0,0,0,0,0,0,37,7,471,0,0,0,0,0,0,0,0,0,32,7,474,0,0,0,0,0,0
2,2025,'030119000',308,NO,KG,119,10,1654,0,0,0,0,0,0,0,0,0,0,0,0,0,0,0,0,0,0,0,0,0,56,4,606,0,0,0,63,6,1048,0,0,0,0,0,0
2,2025,'030119000',310,NO,KG,15,1,235,0,0,0,0,0,0,0,0,0,0,0,0,0,0,0,0,0,0,0,0,0,15,1,235,0,0,0,0,0,0,0,0,0,0,0,0
2,2025,'030119000',311,NO,KG,10,3,207,0,0,0,0,0,0,0,0,0,0,0,0,0,0,0,0,0,0,0,0,0,10,3,207,0,0,0,0,0,0,0,0,0,0,0,0
2,2025,'030119000',323,NO,KG,390,15,658,0,0,0,124,5,220,0,0,0,135,5,215,0,0,0,0,0,0,0,0,0,0,0,0,0,0,0,0,0,0,0,0,0,131,5,223
2,2025,'030119000',326,NO,KG,101,41,2793,14,14,780,0,0,0,0,0,0,0,0,0,10,5,712,4,2,398,0,0,0,62,18,503,0,0,0,0,0,0,0,0,0,11,2,400
2,2025,'030119000',410,NO,KG,1200,218,7430,113,19,460,156,23,1286,165,27,412,0,0,0,0,0,0,0,0,0,247,56,2097,0,0,0,145,29,1289,126,19,285,144,25,1279,104,20,322
2,2025,'030119000',506,NO,KG,232,95,1647,0,0,0,0,0,0,0,0,0,0,0,0,0,0,0,0,0,0,0,0,0,0,0,0,0,0,0,0,0,0,102,40,330,130,55,1317
2,2025,'030119000',517,NO,KG,216,37,1321,0,0,0,0,0,0,65,9,325,0,0,0,53,11,315,0,0,0,0,0,0,0,0,0,50,7,280,0,0,0,48,10,401,0,0,0
2,2025,'030119000',539,NO,KG,145,35,1156,117,30,940,0,0,0,0,0,0,0,0,0,28,5,216,0,0,0,0,0,0,0,0,0,0,0,0,0,0,0,0,0,0,0,0,0
2,2025,'030119000',540,NO,KG,123,33,215,0,0,0,0,0,0,0,0,0,0,0,0,0,0,0,0,0,0,0,0,0,0,0,0,123,33,215,0,0,0,0,0,0,0,0,0
2,2025,'030119000',541,NO,KG,1018,109,3582,20,20,298,204,20,896,124,14,378,0,0,0,108,10,373,0,0,0,129,12,309,0,0,0,78,3,334,106,9,232,120,11,335,129,10,427
2,2025,'030119000',546,NO,KG,3,1,270,0,0,0,0,0,0,0,0,0,3,1,270,0,0,0,0,0,0,0,0,0,0,0,0,0,0,0,0,0,0,0,0,0,0,0,0
2,2025,'030119000',601,NO,KG,3647,103,9549,210,6,913,0,0,0,150,4,481,250,6,1071,10,1,266,240,4,884,0,0,0,176,17,785,338,13,2216,1893,32,1420,260,17,1020,120,3,493
2,2025,'030119000',612,NO,KG,1714,106,2743,214,12,342,258,15,384,251,14,373,174,12,263,0,0,0,106,8,217,0,0,0,151,9,238,122,8,209,135,8,205,133,9,235,170,11,277
2,2025,'030119000',613,NO,KG,149,13,492,0,0,0,0,0,0,0,0,0,0,0,0,0,0,0,0,0,0,0,0,0,0,0,0,0,0,0,0,0,0,0,0,0,149,13,492
2,2025,'030119000',615,NO,KG,89,16,627,0,0,0,0,0,0,0,0,0,0,0,0,0,0,0,0,0,0,0,0,0,0,0,0,0,0,0,0,0,0,0,0,0,89,16,627
2,2025,'030119000',618,NO,KG,232,17,667,0,0,0,0,0,0,0,0,0,0,0,0,0,0,0,0,0,0,0,0,0,0,0,0,0,0,0,0,0,0,232,17,667,0,0,0
2,2025,'030119000',625,NO,KG,3220,339,12682,367,38,1546,0,0,0,114,10,351,174,13,504,370,42,1654,171,17,560,488,60,2299,153,17,643,338,38,1332,455,46,1589,238,23,885,352,35,1319
2,2025,'030119000',628,NO,KG,1036,380,6965,245,86,2155,0,0,0,314,103,1046,0,0,0,172,70,1409,0,0,0,0,0,0,200,76,1565,0,0,0,57,27,466,0,0,0,48,18,324
2,2025,'030192100',105,  ,KG,0,20,20000,0,0,0,0,0,0,0,0,0,0,0,0,0,0,0,0,0,0,0,0,0,0,0,0,0,0,0,0,0,0,0,0,0,0,20,20000
2,2025,'030192100',106,  ,KG,0,552,20700,0,0,0,0,0,0,0,0,0,0,0,0,0,0,0,0,552,20700,0,0,0,0,0,0,0,0,0,0,0,0,0,0,0,0,0,0
2,2025,'030192100',108,  ,KG,0,2969,5858290,0,1982,4379090,0,100,200400,0,40,86400,0,0,0,0,0,0,0,0,0,0,0,0,0,0,0,0,0,0,0,0,0,0,0,0,0,847,1192400
2,2025,'030192100',112,  ,KG,0,1,1824,0,0,0,0,0,0,0,0,0,0,0,0,0,0,0,0,0,0,0,0,0,0,0,0,0,0,0,0,1,1824,0,0,0,0,0,0
2,2025,'030192100',117,  ,KG,0,1735,14105,0,550,4312,0,354,5730,0,526,2198,0,0,0,0,70,733,0,120,573,0,115,559,0,0,0,0,0,0,0,0,0,0,0,0,0,0,0
2,2025,'030192100',302,  ,KG,0,1,355,0,0,0,0,0,0,0,0,0,0,0,0,0,0,0,0,0,0,0,1,355,0,0,0,0,0,0,0,0,0,0,0,0,0,0,0
2,2025,'030192200',103,  ,KG,0,600,1374,0,0,0,0,0,0,0,0,0,0,0,0,0,0,0,0,0,0,0,0,0,0,0,0,0,0,0,0,0,0,0,0,0,0,600,1374
2,2025,'030192200',105,  ,KG,0,6922635,23879943,0,534836,2173076,0,428700,1741933,0,507040,2069523,0,564380,2303750,0,516040,2095255,0,587360,2332314,0,998740,3763031,0,705240,2147911,0,497096,1392552,0,478329,1202329,0,490675,1181395,0,614199,1476874
2,2025,'030192200',106,  ,KG,0,304952,1045849,0,17538,72743,0,15453,63243,0,15408,62364,0,19948,80609,0,22170,85493,0,38150,140043,0,57450,202495,0,26655,85454,0,18700,57842,0,24185,66873,0,22785,59183,0,26510,69507
2,2025,'030192200',117,  ,KG,0,9094,34333,0,75,1010,0,0,0,0,0,0,0,0,0,0,357,2727,0,1932,6739,0,690,3296,0,692,3286,0,1938,5698,0,987,4316,0,390,1210,0,2033,6051
2,2025,'030192200',118,  ,KG,0,150,538,0,0,0,0,0,0,0,0,0,0,0,0,0,150,538,0,0,0,0,0,0,0,0,0,0,0,0,0,0,0,0,0,0,0,0,0
2,2025,'030199119',105,  ,KG,0,1113958,4507395,0,0,0,0,0,0,0,0,0,0,0,0,0,244079,1314138,0,353706,1389503,0,516173,1803754,0,0,0,0,0,0,0,0,0,0,0,0,0,0,0
2,2025,'030199190',105,  ,KG,0,15038,60504,0,0,0,0,0,0,0,0,0,0,0,0,0,0,0,0,7470,31132,0,7568,29372,0,0,0,0,0,0,0,0,0,0,0,0,0,0,0
2,2025,'030199190',106,  ,KG,0,178,3429,0,0,0,0,0,0,0,104,286,0,0,0,0,1,236,0,0,0,0,0,0,0,0,0,0,0,0,0,41,2180,0,0,0,0,32,727
2,2025,'030199210',103,  ,KG,0,90400,64806,0,22900,13360,0,0,0,0,0,0,0,19950,11980,0,0,0,0,0,0,0,0,0,0,15520,10508,0,0,0,0,0,0,0,0,0,0,32030,28958
2,2025,'030199210',105,  ,KG,0,424601,454962,0,30598,50200,0,0,0,0,0,0,0,0,0,0,0,0,0,0,0,0,0,0,0,0,0,0,0,0,0,0,0,0,184959,224884,0,209044,179878
2,2025,'030199220',103,  ,KG,0,1448416,3084809,0,96062,222986,0,102714,225796,0,111179,234083,0,112330,229309,0,92824,189169,0,84350,173087,0,114121,235855,0,137963,294031,0,117207,249416,0,152884,325977,0,133099,288474,0,193683,416626
2,2025,'030199290',103,  ,KG,0,1560656,2504953,0,137952,220506,0,100630,161070,0,131812,213246,0,127394,198577,0,122558,188997,0,124969,198838,0,118033,197935,0,129687,208780,0,133326,214654,0,145347,246353,0,135093,201085,0,153855,254912
2,2025,'030199290',105,  ,KG,0,615412,1225389,0,5745,9525,0,5401,10593,0,6030,10401,0,7273,11854,0,13857,38444,0,9117,15498,0,20461,36938,0,26797,65482,0,6048,9713,0,129844,247404,0,371124,722073,0,13715,47464
2,2025,'030199290',106,  ,KG,0,5771,24287,0,414,1656,0,601,4106,0,378,1476,0,975,3783,0,626,2471,0,253,967,0,506,2003,0,310,1240,0,536,2095,0,492,1833,0,432,1665,0,248,992
2,2025,'030199290',118,  ,KG,0,16,425,0,8,206,0,0,0,0,8,219,0,0,0,0,0,0,0,0,0,0,0,0,0,0,0,0,0,0,0,0,0,0,0,0,0,0,0
2,2025,'030211000',202,  ,KG,0,731790,1120747,0,89406,143105,0,52753,82691,0,55131,86795,0,60936,93548,0,60963,91776,0,49279,75295,0,51109,75514,0,71011,94902,0,58150,84232,0,56189,83787,0,55157,87307,0,71706,121795
2,2025,'030211000',205,  ,KG,0,46606,81820,0,1063,2016,0,1484,2744,0,3620,6180,0,5472,9496,0,4878,8425,0,4553,7875,0,5810,10081,0,6142,10775,0,5923,10369,0,4959,8810,0,1772,3284,0,930,1765
2,2025,'030213011',304,  ,KG,0,2565,7598,0,0,0,0,0,0,0,0,0,0,0,0,0,68,309,0,1019,3392,0,1478,3897,0,0,0,0,0,0,0,0,0,0,0,0,0,0,0
2,2025,'030213012',409,  ,KG,0,412695,627395,0,48458,79663,0,49190,79317,0,15021,24038,0,0,0,0,0,0,0,0,0,0,24891,36466,0,52166,77498,0,37422,53711,0,42006,59651,0,50347,72823,0,93194,144228
2,2025,'030213019',302,  ,KG,0,21798,49009,0,1832,3812,0,1885,3985,0,2536,5470,0,2449,5488,0,1998,4705,0,1522,3617,0,1785,4136,0,1595,3619,0,774,1757,0,1861,4223,0,1538,3492,0,2023,4705
2,2025,'030213019',304,  ,KG,0,77,325,0,0,0,0,0,0,0,0,0,0,0,0,0,0,0,0,77,325,0,0,0,0,0,0,0,0,0,0,0,0,0,0,0,0,0,0
2,2025,'030213019',606,  ,KG,0,149203,372224,0,19202,45746,0,12094,29811,0,13086,32649,0,12451,31158,0,12810,32049,0,9913,24792,0,11034,27496,0,12337,30571,0,10700,26768,0,12008,30951,0,10136,26372,0,13432,33861
2,2025,'030214000',202,  ,KG,0,9108492,13767902,0,528188,953750,0,579219,937828,0,708971,1108896,0,724285,1114565,0,758296,1106236,0,665531,968196,0,878245,1163289,0,989467,1239026,0,842326,1232117,0,822982,1230587,0,772892,1227007,0,838090,1486405
2,2025,'030214000',205,  ,KG,0,81234,140266,0,5433,9774,0,5963,10809,0,6575,12095,0,7148,13002,0,7441,13596,0,8344,15159,0,8113,12680,0,7304,11072,0,6394,9829,0,6827,11129,0,9611,16966,0,2081,4155
2,2025,'030214000',249,  ,KG,0,16246,25563,0,0,0,0,0,0,0,0,0,0,0,0,0,0,0,0,0,0,0,0,0,0,221,361,0,3010,4239,0,4048,5829,0,3989,6361,0,4978,8773
2,2025,'030214000',302,  ,KG,0,237754,364829,0,24397,46293,0,34446,57749,0,34871,55693,0,26946,42889,0,25912,38271,0,35451,48525,0,25564,32034,0,4047,5579,0,3050,4443,0,10076,14249,0,12994,19104,0,0,0
2,2025,'030214000',409,  ,KG,0,99388,151314,0,8964,16293,0,2360,4273,0,0,0,0,0,0,0,0,0,0,0,0,0,0,0,0,0,0,0,563,790,0,7858,10818,0,13444,19467,0,66199,99673
2,2025,'030214000',601,  ,KG,0,2146521,3409501,0,296480,489946,0,192839,320732,0,160653,263593,0,125694,206852,0,116306,190781,0,84557,139135,0,87435,132248,0,99730,150613,0,118153,169905,0,229046,341341,0,206758,310181,0,428870,694174
2,2025,'030223000',205,  ,KG,0,1675,12258,0,0,0,0,98,581,0,0,0,0,113,516,0,136,826,0,300,2286,0,171,1426,0,183,1443,0,117,953,0,201,1391,0,122,906,0,234,1930
2,2025,'030223000',210,  ,KG,0,213,1910,0,0,0,0,0,0,0,0,0,0,32,292,0,51,426,0,42,396,0,0,0,0,24,250,0,0,0,0,0,0,0,21,203,0,43,343
2,2025,'030224000',205,  ,KG,0,507,6045,0,0,0,0,33,307,0,0,0,0,0,0,0,0,0,0,0,0,0,0,0,0,0,0,0,49,560,0,169,2077,0,158,1915,0,98,1186
2,2025,'030224000',210,  ,KG,0,104,1756,0,0,0,0,0,0,0,0,0,0,0,0,0,0,0,0,0,0,0,0,0,0,0,0,0,13,288,0,72,1139,0,0,0,0,19,329
2,2025,'030231000',601,  ,KG,0,913,635,0,0,0,0,0,0,0,0,0,0,0,0,0,400,217,0,0,0,0,0,0,0,513,418,0,0,0,0,0,0,0,0,0,0,0,0
2,2025,'030232000',106,  ,KG,0,34054,41038,0,0,0,0,0,0,0,0,0,0,25730,31462,0,8324,9576,0,0,0,0,0,0,0,0,0,0,0,0,0,0,0,0,0,0,0,0,0
2,2025,'030232000',118,  ,KG,0,251995,289019,0,33002,35037,0,14583,19459,0,17845,24738,0,41730,53925,0,33847,35387,0,13858,12362,0,6203,6332,0,8564,8021,0,8004,8134,0,16013,22120,0,25770,30461,0,32576,33043
2,2025,'030232000',548,  ,KG,0,1489,1486,0,0,0,0,0,0,0,0,0,0,0,0,0,0,0,0,0,0,0,0,0,0,1489,1486,0,0,0,0,0,0,0,0,0,0,0,0
2,2025,'030232000',551,  ,KG,0,225,255,0,0,0,0,0,0,0,0,0,0,225,255,0,0,0,0,0,0,0,0,0,0,0,0,0,0,0,0,0,0,0,0,0,0,0,0
2,2025,'030232000',601,  ,KG,0,37147,46208,0,0,0,0,2411,3546,0,651,909,0,2441,4215,0,3368,3430,0,7574,8740,0,6388,8695,0,2127,2554,0,9589,10513,0,1010,1457,0,1588,2149,0,0,0
2,2025,'030232000',614,  ,KG,0,4763,6638,0,2617,3478,0,1830,2622,0,316,538,0,0,0,0,0,0,0,0,0,0,0,0,0,0,0,0,0,0,0,0,0,0,0,0,0,0,0
2,2025,'030232000',618,  ,KG,0,4646,3321,0,0,0,0,0,0,0,0,0,0,0,0,0,1467,1255,0,3179,2066,0,0,0,0,0,0,0,0,0,0,0,0,0,0,0,0,0,0
2,2025,'030232000',625,  ,KG,0,49353,51973,0,0,0,0,3822,4989,0,1482,1747,0,0,0,0,0,0,0,0,0,0,629,634,0,2201,3148,0,0,0,0,9340,9594,0,16188,17294,0,15691,14567
2,2025,'030234000',106,  ,KG,0,10146,12406,0,0,0,0,0,0,0,0,0,0,7976,9961,0,2170,2445,0,0,0,0,0,0,0,0,0,0,0,0,0,0,0,0,0,0,0,0,0
2,2025,'030234000',118,  ,KG,0,456639,544451,0,42980,47409,0,22850,30415,0,58424,79951,0,59043,74468,0,45688,47428,0,33084,33815,0,40301,45579,0,38322,48965,0,28589,29749,0,43963,58358,0,24627,28742,0,18768,19572
2,2025,'030234000',302,  ,KG,0,276,939,0,0,0,0,0,0,0,0,0,0,0,0,0,0,0,0,0,0,0,0,0,0,0,0,0,276,939,0,0,0,0,0,0,0,0,0
2,2025,'030234000',548,  ,KG,0,2178,4327,0,0,0,0,0,0,0,0,0,0,0,0,0,0,0,0,0,0,0,0,0,0,2178,4327,0,0,0,0,0,0,0,0,0,0,0,0
2,2025,'030234000',551,  ,KG,0,13863,28822,0,0,0,0,0,0,0,0,0,0,5330,10214,0,0,0,0,4117,9229,0,208,705,0,653,1551,0,793,1651,0,0,0,0,0,0,0,2762,5472
2,2025,'030234000',601,  ,KG,0,75607,139788,0,0,0,0,2773,7056,0,6754,17792,0,13132,27245,0,20973,36870,0,9256,18723,0,6614,9922,0,13170,18187,0,1363,1565,0,1042,1618,0,530,810,0,0,0
2,2025,'030234000',606,  ,KG,0,1058,2178,0,0,0,0,0,0,0,339,712,0,291,686,0,0,0,0,0,0,0,131,272,0,107,227,0,190,281,0,0,0,0,0,0,0,0,0
2,2025,'030234000',614,  ,KG,0,704,1415,0,0,0,0,0,0,0,704,1415,0,0,0,0,0,0,0,0,0,0,0,0,0,0,0,0,0,0,0,0,0,0,0,0,0,0,0
2,2025,'030234000',618,  ,KG,0,1920,2049,0,0,0,0,0,0,0,0,0,0,0,0,0,0,0,0,1920,2049,0,0,0,0,0,0,0,0,0,0,0,0,0,0,0,0,0,0
2,2025,'030234000',625,  ,KG,0,38954,46725,0,0,0,0,2413,4015,0,310,566,0,0,0,0,0,0,0,0,0,0,2693,3836,0,2348,3265,0,0,0,0,3596,3634,0,6449,6163,0,21145,25246
2,2025,'030235010',202,  ,KG,0,14388,32423,0,0,0,0,0,0,0,0,0,0,0,0,0,0,0,0,0,0,0,0,0,0,0,0,0,1979,5615,0,9359,20595,0,3050,6213,0,0,0
2,2025,'030235010',210,  ,KG,0,2610,9925,0,0,0,0,0,0,0,0,0,0,587,2232,0,1536,5840,0,487,1853,0,0,0,0,0,0,0,0,0,0,0,0,0,0,0,0,0,0
2,2025,'030235010',218,  ,KG,0,10762,38803,0,632,2275,0,1445,5249,0,2505,9461,0,2191,8201,0,1539,5629,0,919,3018,0,469,1687,0,0,0,0,0,0,0,437,1094,0,417,1396,0,208,793
2,2025,'030235010',220,  ,KG,0,337,1328,0,0,0,0,0,0,0,0,0,0,0,0,0,258,980,0,0,0,0,0,0,0,0,0,0,0,0,0,0,0,0,0,0,0,79,348
2,2025,'030235010',221,  ,KG,0,1113,1325,0,0,0,0,0,0,0,0,0,0,0,0,0,1113,1325,0,0,0,0,0,0,0,0,0,0,0,0,0,0,0,0,0,0,0,0,0
2,2025,'030235010',241,  ,KG,0,132,586,0,0,0,0,0,0,0,0,0,0,0,0,0,0,0,0,0,0,0,0,0,0,0,0,0,0,0,0,0,0,0,0,0,0,132,586
2,2025,'030235010',302,  ,KG,0,139603,614401,0,0,0,0,0,0,0,0,0,0,0,0,0,0,0,0,355,916,0,7888,56179,0,41599,240174,0,31179,120483,0,49434,160045,0,7136,29755,0,2012,6849
2,2025,'030235010',304,  ,KG,0,71949,263115,0,808,3210,0,514,2192,0,1220,3687,0,220,224,0,0,0,0,0,0,0,4545,29973,0,16242,68453,0,33055,112498,0,15345,42878,0,0,0,0,0,0
2,2025,'030235010',503,  ,KG,0,194,776,0,0,0,0,0,0,0,0,0,0,0,0,0,0,0,0,0,0,0,0,0,0,194,776,0,0,0,0,0,0,0,0,0,0,0,0
2,2025,'030235010',504,  ,KG,0,112,448,0,0,0,0,0,0,0,0,0,0,0,0,0,0,0,0,0,0,0,0,0,0,112,448,0,0,0,0,0,0,0,0,0,0,0,0
2,2025,'030235010',551,  ,KG,0,951,2324,0,0,0,0,0,0,0,0,0,0,0,0,0,0,0,0,0,0,0,0,0,0,0,0,0,0,0,0,951,2324,0,0,0,0,0,0
2,2025,'030235020',103,  ,KG,0,111031,74896,0,5113,3545,0,602,240,0,4862,3269,0,4336,1600,0,0,0,0,73735,54653,0,15242,7799,0,4188,1679,0,0,0,0,502,201,0,2451,1910,0,0,0
2,2025,'030235020',305,  ,KG,0,1557389,3573482,0,120940,260207,0,145663,310267,0,155365,328808,0,148154,317193,0,91734,198267,0,104553,229275,0,135759,303046,0,126555,282321,0,128431,284068,0,121920,323104,0,90496,239654,0,187819,497272
2,2025,'030235020',601,  ,KG,0,10759,25195,0,0,0,0,0,0,0,455,1303,0,0,0,0,2692,3479,0,554,984,0,695,2525,0,2497,7534,0,2019,5681,0,179,576,0,1668,3113,0,0,0
2,2025,'030235020',606,  ,KG,0,43565,99643,0,0,0,0,691,1875,0,5163,13445,0,20378,47460,0,4536,9642,0,4927,10637,0,4942,12039,0,1810,3460,0,1118,1085,0,0,0,0,0,0,0,0,0
2,2025,'030236000',118,  ,KG,0,14989,19088,0,2936,4060,0,2346,3306,0,2775,3240,0,555,988,0,128,210,0,0,0,0,0,0,0,0,0,0,439,526,0,2820,3207,0,1387,1507,0,1603,2044
2,2025,'030236000',551,  ,KG,0,15552,34701,0,0,0,0,0,0,0,0,0,0,0,0,0,0,0,0,243,501,0,1686,3811,0,2169,6107,0,8779,18703,0,2675,5579,0,0,0,0,0,0
2,2025,'030236000',601,  ,KG,0,698390,917268,0,0,0,0,0,0,0,0,0,0,0,0,0,18446,25046,0,147357,184484,0,257127,302614,0,152408,239337,0,82602,108485,0,34504,47474,0,5946,9828,0,0,0
2,2025,'030236000',606,  ,KG,0,341583,492258,0,0,0,0,189,680,0,0,0,0,18974,34375,0,27309,34638,0,34118,46932,0,159940,243577,0,85495,119929,0,15558,12127,0,0,0,0,0,0,0,0,0
2,2025,'030244000',103,  ,KG,0,94102,56399,0,0,0,0,0,0,0,0,0,0,0,0,0,0,0,0,0,0,0,0,0,0,15769,12688,0,7000,4410,0,8856,12577,0,960,302,0,61517,26422
2,2025,'030244000',202,  ,KG,0,7440,7389,0,0,0,0,0,0,0,0,0,0,0,0,0,0,0,0,0,0,0,0,0,0,1060,1006,0,4020,4021,0,2360,2362,0,0,0,0,0,0
2,2025,'030245000',103,  ,KG,0,246683,93841,0,21168,8206,0,0,0,0,0,0,0,0,0,0,0,0,0,0,0,0,0,0,0,11376,4679,0,78168,30717,0,135971,50239,0,0,0,0,0,0
2,2025,'030247000',118,  ,KG,0,220662,213518,0,4918,5008,0,4199,5051,0,25209,26751,0,24548,28051,0,18513,16221,0,30029,25823,0,10791,8616,0,25359,24111,0,40286,33218,0,10281,10056,0,18719,17976,0,7810,12636
2,2025,'030247000',409,  ,KG,0,400,771,0,0,0,0,0,0,0,0,0,0,400,771,0,0,0,0,0,0,0,0,0,0,0,0,0,0,0,0,0,0,0,0,0,0,0,0
2,2025,'030247000',551,  ,KG,0,3941,5113,0,0,0,0,0,0,0,0,0,0,655,856,0,0,0,0,168,268,0,312,597,0,163,362,0,0,0,0,2643,3030,0,0,0,0,0,0
2,2025,'030247000',601,  ,KG,0,22210,32601,0,0,0,0,0,0,0,288,486,0,1995,2523,0,594,994,0,1568,2439,0,648,971,0,1344,2364,0,8621,12972,0,6261,8343,0,891,1509,0,0,0
2,2025,'030247000',606,  ,KG,0,3320,5370,0,0,0,0,198,206,0,0,0,0,234,394,0,0,0,0,1406,2090,0,1238,2299,0,244,381,0,0,0,0,0,0,0,0,0,0,0,0
2,2025,'030249210',103,  ,KG,0,836501,630912,0,33740,25469,0,73497,55232,0,87329,75091,0,7393,6035,0,0,0,0,0,0,0,32484,22494,0,90231,65279,0,109076,79483,0,192107,147505,0,91126,66959,0,119518,87365
2,2025,'030249220',601,  ,KG,0,27063,31699,0,0,0,0,0,0,0,5204,5580,0,3223,4504,0,6654,6898,0,1356,1581,0,4095,5561,0,1683,2600,0,916,1184,0,1235,1346,0,2061,1922,0,636,523
2,2025,'030249290',103,  ,KG,0,1735,6534,0,39,205,0,70,378,0,0,0,0,0,0,0,0,0,0,0,0,0,0,0,0,0,0,0,0,0,0,511,2066,0,1044,3660,0,71,225
2,2025,'030251000',202,  ,KG,0,129,267,0,0,0,0,129,267,0,0,0,0,0,0,0,0,0,0,0,0,0,0,0,0,0,0,0,0,0,0,0,0,0,0,0,0,0,0
2,2025,'030272000',122,  ,KG,0,450,370,0,0,0,0,0,0,0,0,0,0,0,0,0,0,0,0,450,370,0,0,0,0,0,0,0,0,0,0,0,0,0,0,0,0,0,0
2,2025,'030284000',218,  ,KG,0,186,712,0,0,0,0,0,0,0,0,0,0,0,0,0,120,489,0,0,0,0,0,0,0,0,0,0,0,0,0,66,223,0,0,0,0,0,0
2,2025,'030289110',103,  ,KG,0,599288,258440,0,60679,23238,0,301254,141111,0,223358,81492,0,0,0,0,0,0,0,0,0,0,0,0,0,0,0,0,0,0,0,0,0,0,0,0,0,13997,12599
2,2025,'030289294',105,  ,KG,0,6817,11240,0,0,0,0,0,0,0,0,0,0,0,0,0,0,0,0,0,0,0,0,0,0,0,0,0,0,0,0,6817,11240,0,0,0,0,0,0
2,2025,'030289299',103,  ,KG,0,1235657,2433274,0,162055,230487,0,109694,170814,0,115060,248470,0,58381,124323,0,46508,108899,0,62724,205742,0,86478,316008,0,82540,230359,0,70910,170808,0,86985,175743,0,127240,176268,0,227082,275353
2,2025,'030289299',105,  ,KG,0,8262,17915,0,753,1158,0,2999,3656,0,1316,2153,0,217,526,0,1295,1266,0,36,579,0,136,421,0,103,1012,0,185,1791,0,257,1645,0,71,790,0,894,2918
2,2025,'030289299',106,  ,KG,0,13148,22784,0,140,294,0,0,0,0,0,0,0,1131,1877,0,1401,2352,0,2238,3795,0,2559,4353,0,1797,3101,0,1803,3066,0,1218,2072,0,140,308,0,721,1566
2,2025,'030289299',127,  ,KG,0,7817,13015,0,0,0,0,0,0,0,0,0,0,375,435,0,732,1008,0,915,1567,0,748,1107,0,625,1101,0,635,1097,0,2032,3537,0,617,1131,0,1138,2032
2,2025,'030289299',210,  ,KG,0,40,495,0,0,0,0,0,0,0,24,261,0,0,0,0,0,0,0,0,0,0,0,0,0,16,234,0,0,0,0,0,0,0,0,0,0,0,0
2,2025,'030289299',302,  ,KG,0,38161,80147,0,941,1794,0,0,0,0,0,0,0,2680,5348,0,4453,7199,0,3592,7408,0,4148,8320,0,3871,7798,0,3965,8730,0,5273,11810,0,4960,11450,0,4278,10290
2,2025,'030289299',304,  ,KG,0,2061,5048,0,0,0,0,0,0,0,0,0,0,0,0,0,12,258,0,0,0,0,0,0,0,912,2331,0,402,1001,0,561,1089,0,174,369,0,0,0
2,2025,'030291090',105,  ,KG,0,507921,390217,0,110032,76781,0,64441,45463,0,26100,19566,0,0,0,0,0,0,0,0,0,0,0,0,0,262,262,0,18575,16701,0,57085,46825,0,105034,86134,0,126392,98485
2,2025,'030291090',202,  ,KG,0,2279,5233,0,0,0,0,0,0,0,0,0,0,0,0,0,0,0,0,0,0,0,0,0,0,0,0,0,0,0,0,291,598,0,371,762,0,1617,3873
2,2025,'030291090',302,  ,KG,0,750,8193,0,0,0,0,0,0,0,0,0,0,0,0,0,0,0,0,0,0,0,0,0,0,0,0,0,0,0,0,270,3381,0,480,4812,0,0,0
2,2025,'030291090',304,  ,KG,0,131925,160896,0,19229,24819,0,56797,69334,0,53771,62627,0,0,0,0,0,0,0,0,0,0,0,0,0,0,0,0,0,0,0,0,0,0,999,1952,0,1129,2164
2,2025,'030311000',224,  ,KG,0,17536570,19901641,0,2068530,2300650,0,694639,815937,0,1761652,1975057,0,528942,597931,0,835734,959909,0,738973,852384,0,620875,699359,0,3454915,3957230,0,999679,1182981,0,1116345,1228041,0,1966992,2205995,0,2749294,3126167
2,2025,'030311000',302,  ,KG,0,88889,188803,0,0,0,0,0,0,0,0,0,0,0,0,0,0,0,0,0,0,0,0,0,0,0,0,0,0,0,0,49717,96968,0,38025,89452,0,1147,2383
2,2025,'030311000',304,  ,KG,0,976874,1307828,0,8000,10446,0,67709,76494,0,0,0,0,32329,66025,0,101979,108594,0,5482,3146,0,8000,9711,0,99791,114380,0,192293,236381,0,204385,275400,0,212779,336812,0,44127,70439
2,2025,'030312010',224,  ,KG,0,83280,77732,0,0,0,0,0,0,0,0,0,0,0,0,0,0,0,0,0,0,0,0,0,0,0,0,0,0,0,0,0,0,0,0,0,0,83280,77732
2,2025,'030312010',302,  ,KG,0,652,937,0,0,0,0,0,0,0,0,0,0,0,0,0,652,937,0,0,0,0,0,0,0,0,0,0,0,0,0,0,0,0,0,0,0,0,0
2,2025,'030312010',409,  ,KG,0,90724756,96722288,0,15043348,16420364,0,12157346,13328085,0,10299048,10979392,0,10764728,11370817,0,5146008,5283148,0,1833322,1893126,0,734449,738723,0,147501,142036,0,2712865,2693677,0,8494629,8907419,0,13193732,13783860,0,10197780,11181641
2,2025,'030312090',224,  ,KG,0,2354871,1165948,0,619087,267577,0,26026,9509,0,30890,12739,0,0,0,0,3030,2111,0,0,0,0,0,0,0,24004,20503,0,71632,36676,0,477192,261546,0,883260,431559,0,219750,123728
2,2025,'030312090',302,  ,KG,0,772961,711684,0,158780,144260,0,23190,40539,0,178307,139188,0,566,1352,0,22806,37637,0,18274,30729,0,1292,434,0,17527,9053,0,118344,69607,0,61259,42858,0,64038,90612,0,108578,105415
2,2025,'030312090',304,  ,KG,0,5128437,2716256,0,108864,70139,0,0,0,0,96223,40383,0,22680,13685,0,0,0,0,34049,15501,0,20748,10081,0,676530,427863,0,1369270,712111,0,2137832,1059336,0,433305,210228,0,228936,156929
2,2025,'030313000',201,  ,KG,0,88580,94878,0,0,0,0,22142,24659,0,0,0,0,0,0,0,0,0,0,0,0,0,21993,23207,0,0,0,0,0,0,0,44445,47012,0,0,0,0,0,0
2,2025,'030313000',202,  ,KG,0,794833,1074233,0,71101,112686,0,94283,121919,0,69548,81440,0,41194,33267,0,0,0,0,63119,70726,0,90616,145218,0,46460,74197,0,46798,73277,0,20062,22879,0,199065,261165,0,52587,77459
2,2025,'030313000',249,  ,KG,0,271673,373494,0,42042,58929,0,62339,87454,0,20757,29114,0,42141,59121,0,63533,89126,0,0,0,0,0,0,0,0,0,0,20672,25169,0,20189,24581,0,0,0,0,0,0
2,2025,'030313000',302,  ,KG,0,456,1273,0,0,0,0,0,0,0,0,0,0,0,0,0,0,0,0,0,0,0,0,0,0,0,0,0,456,1273,0,0,0,0,0,0,0,0,0
2,2025,'030313000',409,  ,KG,0,240619,179340,0,79605,68716,0,43890,24184,0,0,0,0,0,0,0,18291,13521,0,59324,33257,0,0,0,0,0,0,0,0,0,0,19945,19448,0,0,0,0,19564,20214
2,2025,'030314000',105,  ,KG,0,1000,1347,0,0,0,0,0,0,0,0,0,0,0,0,0,0,0,0,0,0,0,0,0,0,0,0,0,0,0,0,0,0,0,0,0,0,1000,1347
2,2025,'030314000',202,  ,KG,0,1045926,1228594,0,242650,259314,0,172779,207985,0,156011,191418,0,85336,109991,0,41374,50565,0,97039,122551,0,65850,67743,0,78421,93607,0,40466,50563,0,0,0,0,21170,23618,0,44830,51239
2,2025,'030314000',204,  ,KG,0,122466,123829,0,60499,62708,0,40055,43831,0,0,0,0,0,0,0,21912,17290,0,0,0,0,0,0,0,0,0,0,0,0,0,0,0,0,0,0,0,0,0
2,2025,'030314000',234,  ,KG,0,4445129,4254617,0,298276,288737,0,27167,30058,0,79720,95378,0,35977,45531,0,58213,60098,0,538645,543426,0,423300,429695,0,572318,543919,0,1306353,1204762,0,932724,818029,0,118596,131139,0,53840,63845
2,2025,'030314000',304,  ,KG,0,123372,129346,0,0,0,0,0,0,0,22500,22873,0,22225,22483,0,0,0,0,44975,44115,0,0,0,0,22500,22813,0,0,0,0,4800,7182,0,6372,9880,0,0,0
2,2025,'030314000',407,  ,KG,0,825569,618018,0,89975,64922,0,90000,61479,0,22500,15483,0,117756,113029,0,101688,88676,0,67400,44956,0,44975,31621,0,90000,62726,0,111925,74782,0,89350,60344,0,0,0,0,0,0
2,2025,'030314000',409,  ,KG,0,4143084,4803601,0,45000,41113,0,207044,244770,0,375027,431927,0,135000,162252,0,395490,465607,0,646515,741132,0,429448,517712,0,387253,506627,0,415291,492009,0,345032,398473,0,290714,314455,0,471270,487524
2,2025,'030314000',413,  ,KG,0,936252,820189,0,22092,11243,0,16006,8293,0,89595,83779,0,44975,47887,0,87457,84545,0,157475,156006,0,90023,90061,0,89629,74461,0,114000,85008,0,157475,117927,0,0,0,0,67525,60979
2,2025,'030323000',105,  ,KG,0,27980,7387,0,0,0,0,0,0,0,0,0,0,0,0,0,0,0,0,7980,2094,0,0,0,0,0,0,0,20000,5293,0,0,0,0,0,0,0,0,0
2,2025,'030323000',106,  ,KG,0,118025,43244,0,8950,3763,0,10000,3616,0,20400,7028,0,9000,3009,0,0,0,0,17735,7085,0,17200,5975,0,0,0,0,13700,4962,0,10500,3873,0,0,0,0,10540,3933
2,2025,'030323000',110,  ,KG,0,222202,95021,0,22782,10205,0,5677,2266,0,16114,6311,0,22278,8699,0,14232,5149,0,20766,8327,0,29819,12682,0,10470,4322,0,11628,5181,0,15732,7032,0,23460,9705,0,29244,15142
2,2025,'030323000',111,  ,KG,0,128825,43415,0,8120,2838,0,4090,1783,0,28840,9547,0,8720,2961,0,10320,3461,0,10290,3342,0,17280,5571,0,0,0,0,26655,8977,0,0,0,0,3510,1176,0,11000,3759
2,2025,'030323000',122,  ,KG,0,730,312,0,0,0,0,0,0,0,0,0,0,0,0,0,0,0,0,0,0,0,0,0,0,730,312,0,0,0,0,0,0,0,0,0,0,0,0
2,2025,'030323000',127,  ,KG,0,2200,332,0,0,0,0,0,0,0,0,0,0,2200,332,0,0,0,0,0,0,0,0,0,0,0,0,0,0,0,0,0,0,0,0,0,0,0,0
2,2025,'030324000',105,  ,KG,0,114615,87465,0,16275,10431,0,0,0,0,0,0,0,8478,7060,0,24780,17498,0,8356,7435,0,0,0,0,0,0,0,8640,7683,0,8437,7505,0,33149,26069,0,6500,3784
2,2025,'030324000',110,  ,KG,0,631686,220899,0,61342,22258,0,18976,6412,0,59919,19975,0,105948,36952,0,47593,16076,0,58308,19724,0,41287,14693,0,55596,17966,0,42180,15528,0,42869,14516,0,49098,18423,0,48570,18376
2,2025,'030324000',111,  ,KG,0,102731,43659,0,8144,3573,0,9440,3921,0,7880,3357,0,16124,6507,0,2500,962,0,17656,7403,0,4520,1792,0,2870,1198,0,8726,3392,0,2600,1168,0,8391,4029,0,13880,6357
2,2025,'030324000',118,  ,KG,0,1760,529,0,0,0,0,0,0,0,0,0,0,1760,529,0,0,0,0,0,0,0,0,0,0,0,0,0,0,0,0,0,0,0,0,0,0,0,0
2,2025,'030324000',122,  ,KG,0,17756,6098,0,2205,854,0,0,0,0,0,0,0,5105,1572,0,3366,1149,0,0,0,0,4990,1567,0,2090,956,0,0,0,0,0,0,0,0,0,0,0,0
2,2025,'030324000',127,  ,KG,0,2494,1302,0,0,0,0,0,0,0,0,0,0,0,0,0,0,0,0,2494,1302,0,0,0,0,0,0,0,0,0,0,0,0,0,0,0,0,0,0
2,2025,'030325000',105,  ,KG,0,9389,2394,0,0,0,0,0,0,0,0,0,0,0,0,0,0,0,0,5120,1162,0,0,0,0,0,0,0,0,0,0,0,0,0,0,0,0,4269,1232
2,2025,'030325000',110,  ,KG,0,82214,39857,0,9646,4557,0,5462,2644,0,13360,6213,0,11986,5366,0,5755,2576,0,4012,2171,0,7700,3574,0,3710,1836,0,0,0,0,6204,2942,0,5542,2715,0,8837,5263
2,2025,'030325000',111,  ,KG,0,79943,26358,0,12690,4326,0,16200,6135,0,2550,724,0,8110,2258,0,4120,2118,0,3888,1106,0,7024,2111,0,6280,1759,0,17584,5283,0,0,0,0,0,0,0,1497,538
2,2025,'030325000',122,  ,KG,0,182464,57853,0,5236,2491,0,7750,2029,0,33144,12031,0,49045,12561,0,4220,1533,0,9140,2484,0,16167,5958,0,2712,1285,0,23542,6780,0,0,0,0,31508,10701,0,0,0
2,2025,'030325000',127,  ,KG,0,888,680,0,0,0,0,0,0,0,0,0,0,0,0,0,0,0,0,633,434,0,0,0,0,0,0,0,0,0,0,0,0,0,0,0,0,255,246
2,2025,'030329000',105,  ,KG,0,16140,18623,0,5020,6542,0,0,0,0,5120,5859,0,0,0,0,0,0,0,0,0,0,0,0,0,6000,6222,0,0,0,0,0,0,0,0,0,0,0,0
2,2025,'030329000',110,  ,KG,0,124262,66032,0,13083,7746,0,6460,3437,0,10982,6026,0,14886,7843,0,9056,4864,0,9610,4566,0,12719,6405,0,7383,3694,0,7020,3377,0,8190,4484,0,7400,3865,0,17473,9725
2,2025,'030329000',122,  ,KG,0,1222,878,0,0,0,0,0,0,0,0,0,0,480,270,0,0,0,0,0,0,0,0,0,0,0,0,0,742,608,0,0,0,0,0,0,0,0,0
2,2025,'030329000',127,  ,KG,0,1725,1535,0,0,0,0,750,627,0,0,0,0,0,0,0,525,473,0,0,0,0,0,0,0,0,0,0,0,0,0,0,0,0,0,0,0,450,435
2,2025,'030331000',201,  ,KG,0,515822,678922,0,72337,82928,0,83334,100321,0,6500,7984,0,15496,19985,0,29043,36580,0,87596,111659,0,39056,47947,0,22646,29788,0,96212,139452,0,16282,24321,0,41704,68700,0,5616,9257
2,2025,'030331000',202,  ,KG,0,1069489,1239978,0,135632,149657,0,59240,65910,0,214264,231875,0,101190,114380,0,117720,132134,0,38999,42758,0,157514,180874,0,67960,82178,0,72010,86530,0,38480,50390,0,47620,72407,0,18860,30885
2,2025,'030331000',204,  ,KG,0,4490,4393,0,3660,3615,0,0,0,0,0,0,0,830,778,0,0,0,0,0,0,0,0,0,0,0,0,0,0,0,0,0,0,0,0,0,0,0,0
2,2025,'030331000',213,  ,KG,0,1462078,1768813,0,196774,212283,0,212812,227096,0,50452,56044,0,66430,77366,0,178735,207186,0,230539,264767,0,17008,20721,0,45790,56549,0,205296,261797,0,23520,29209,0,136439,196769,0,98283,159026
2,2025,'030331000',217,  ,KG,0,448861,502289,0,97807,103692,0,0,0,0,24403,24841,0,0,0,0,97356,106122,0,83121,92509,0,24287,27001,0,24154,28600,0,97733,119524,0,0,0,0,0,0,0,0,0
2,2025,'030331000',218,  ,KG,0,594583,681084,0,46552,54760,0,47839,52217,0,69396,72634,0,46531,49576,0,8380,9119,0,95244,102570,0,26473,28844,0,39500,44229,0,86491,109579,0,37500,42049,0,49534,62802,0,41143,52705
2,2025,'030331000',235,  ,KG,0,44186,50876,0,0,0,0,0,0,0,0,0,0,0,0,0,44186,50876,0,0,0,0,0,0,0,0,0,0,0,0,0,0,0,0,0,0,0,0,0
2,2025,'030331000',236,  ,KG,0,21995,26272,0,0,0,0,0,0,0,0,0,0,0,0,0,12947,15150,0,0,0,0,9048,11122,0,0,0,0,0,0,0,0,0,0,0,0,0,0,0
2,2025,'030331000',237,  ,KG,0,11362,13425,0,0,0,0,0,0,0,0,0,0,0,0,0,4212,4590,0,0,0,0,0,0,0,7150,8835,0,0,0,0,0,0,0,0,0,0,0,0
2,2025,'030331000',301,  ,KG,0,681808,807136,0,104460,115595,0,49043,56045,0,48434,54938,0,98465,112450,0,81798,93472,0,29670,33648,0,63523,80700,0,76810,91349,0,53114,64136,0,20061,24498,0,24870,35287,0,31560,45018
2,2025,'030331000',302,  ,KG,0,3720545,4815927,0,245402,280243,0,673040,755908,0,168200,202756,0,303199,358031,0,140188,166024,0,175899,210841,0,185022,220337,0,204888,256109,0,423276,598914,0,578153,825842,0,432886,645462,0,190392,295460
2,2025,'030331000',304,  ,KG,0,105557,119495,0,0,0,0,12770,14766,0,0,0,0,13530,15665,0,23500,26805,0,5548,6648,0,24269,19605,0,0,0,0,9000,11425,0,7950,10143,0,0,0,0,8990,14438
2,2025,'030333000',210,  ,KG,0,836,3948,0,0,0,0,0,0,0,0,0,0,0,0,0,0,0,0,0,0,0,639,3025,0,0,0,0,0,0,0,197,923,0,0,0,0,0,0
2,2025,'030339000',110,  ,KG,0,2000,1128,0,1000,584,0,0,0,0,0,0,0,0,0,0,0,0,0,0,0,0,0,0,0,1000,544,0,0,0,0,0,0,0,0,0,0,0,0
2,2025,'030339000',207,  ,KG,0,19633,5816,0,0,0,0,0,0,0,0,0,0,0,0,0,0,0,0,0,0,0,0,0,0,0,0,0,19633,5816,0,0,0,0,0,0,0,0,0
2,2025,'030339000',224,  ,KG,0,201352,71108,0,40970,14455,0,115692,39297,0,8980,3412,0,19390,7990,0,16320,5954,0,0,0,0,0,0,0,0,0,0,0,0,0,0,0,0,0,0,0,0,0
2,2025,'030339000',302,  ,KG,0,23887,17954,0,0,0,0,0,0,0,8996,7646,0,7494,3293,0,0,0,0,0,0,0,0,0,0,0,0,0,7397,7015,0,0,0,0,0,0,0,0,0
2,2025,'030339000',304,  ,KG,0,5517666,2114574,0,474538,180325,0,311869,125083,0,831412,264740,0,859794,286775,0,379990,119912,0,266835,100044,0,756933,294698,0,254483,110547,0,283524,121807,0,532637,239709,0,286453,132673,0,279198,138261
2,2025,'030341000',103,  ,KG,0,892282,340519,0,43410,16039,0,87431,29162,0,118818,43470,0,32316,10506,0,122338,49641,0,220962,83106,0,47240,19762,0,84196,34143,0,9815,4557,0,68408,26039,0,40168,16359,0,17180,7735
2,2025,'030341000',105,  ,KG,0,3820651,1398933,0,49990,19339,0,50030,18179,0,224001,79644,0,237566,84719,0,572628,203249,0,421046,156197,0,246923,92431,0,337476,126890,0,541498,201500,0,178419,50373,0,223116,88575,0,737958,277837
2,2025,'030341000',106,  ,KG,0,11857155,5260452,0,127121,52730,0,37590,13401,0,512831,191765,0,684558,256690,0,504402,193792,0,828114,354618,0,2282942,998730,0,215061,97547,0,2606096,1218665,0,2923597,1369904,0,842109,378489,0,292734,134121
2,2025,'030341000',118,  ,KG,0,2794,865,0,0,0,0,0,0,0,0,0,0,0,0,0,0,0,0,0,0,0,0,0,0,0,0,0,0,0,0,0,0,0,2794,865,0,0,0
2,2025,'030341000',544,  ,KG,0,755478,343655,0,28513,9924,0,7454,2677,0,4231,1416,0,0,0,0,3509,1281,0,120760,52538,0,17084,5970,0,19650,7051,0,422910,205070,0,6436,2523,0,931,338,0,124000,54867
2,2025,'030341000',550,  ,KG,0,1103777,391194,0,208878,69221,0,0,0,0,149395,52337,0,124230,43957,0,124259,40518,0,124470,45228,0,0,0,0,0,0,0,49242,15261,0,50698,20640,0,272605,104032,0,0,0
2,2025,'030341000',611,  ,KG,0,2080611,854033,0,0,0,0,11400,4142,0,521257,204861,0,174280,64179,0,86697,30522,0,19436,6818,0,0,0,0,0,0,0,0,0,0,627504,266204,0,151150,64106,0,488887,213201
2,2025,'030342000',103,  ,KG,0,4346290,2410477,0,131404,74498,0,657329,374852,0,666888,348993,0,318215,155880,0,188837,84289,0,908910,489474,0,244237,136382,0,258818,164589,0,249538,168396,0,214446,137197,0,386439,231652,0,121229,44275
2,2025,'030342000',105,  ,KG,0,4872084,3151102,0,259283,150814,0,419538,241140,0,369969,221475,0,460847,278868,0,692012,407793,0,314043,191099,0,190128,125589,0,667244,452462,0,370530,267867,0,378907,271045,0,556376,396619,0,193207,146331
2,2025,'030342000',106,  ,KG,0,13185191,8141585,0,767011,438684,0,1073729,617257,0,1481299,836650,0,834390,506684,0,1200216,690531,0,557120,329035,0,976162,570022,0,1421838,920586,0,1469732,897471,0,1130578,801428,0,1165713,767654,0,1107403,765583
2,2025,'030342000',113,  ,KG,0,213322,134207,0,0,0,0,39147,26068,0,46590,30852,0,42320,25891,0,65194,38446,0,0,0,0,0,0,0,5954,3606,0,0,0,0,0,0,0,0,0,0,14117,9344
2,2025,'030342000',116,  ,KG,0,90288,22421,0,0,0,0,13402,3285,0,0,0,0,7723,1833,0,18091,4156,0,14220,3235,0,25410,7407,0,0,0,0,0,0,0,0,0,0,11442,2505,0,0,0
2,2025,'030342000',118,  ,KG,0,165717,61554,0,0,0,0,0,0,0,0,0,0,0,0,0,23720,8307,0,11063,5286,0,7706,3779,0,25280,6657,0,32816,10665,0,25092,10003,0,40040,16857,0,0,0
2,2025,'030342000',141,  ,KG,0,350889,221220,0,73814,44981,0,115692,72837,0,70660,43962,0,0,0,0,12735,7288,0,62149,40752,0,8281,5532,0,0,0,0,7558,5868,0,0,0,0,0,0,0,0,0
2,2025,'030342000',210,  ,KG,0,588450,230936,0,48498,20296,0,120635,50201,0,0,0,0,49160,18756,0,116949,43407,0,0,0,0,118565,45025,0,0,0,0,0,0,0,134643,53251,0,0,0,0,0,0
2,2025,'030342000',218,  ,KG,0,804514,327286,0,121144,51541,0,21450,10583,0,0,0,0,0,0,0,48507,19434,0,92554,40574,0,0,0,0,72730,27683,0,185660,66636,0,93875,38729,0,45544,22994,0,123050,49112
2,2025,'030342000',312,  ,KG,0,7588,5639,0,334,207,0,0,0,0,0,0,0,0,0,0,0,0,0,0,0,0,0,0,0,7254,5432,0,0,0,0,0,0,0,0,0,0,0,0
2,2025,'030342000',517,  ,KG,0,24390,8283,0,0,0,0,0,0,0,0,0,0,0,0,0,24390,8283,0,0,0,0,0,0,0,0,0,0,0,0,0,0,0,0,0,0,0,0,0
2,2025,'030342000',544,  ,KG,0,4947189,3191433,0,860133,531359,0,339247,209146,0,1076152,662169,0,250493,147959,0,385556,226612,0,173396,109374,0,515933,343958,0,375596,262111,0,686141,483949,0,29660,22888,0,111656,79783,0,143226,112125
2,2025,'030342000',550,  ,KG,0,1471,934,0,0,0,0,0,0,0,0,0,0,1471,934,0,0,0,0,0,0,0,0,0,0,0,0,0,0,0,0,0,0,0,0,0,0,0,0
2,2025,'030342000',602,  ,KG,0,82978,26083,0,0,0,0,0,0,0,0,0,0,0,0,0,0,0,0,0,0,0,0,0,0,18786,5656,0,0,0,0,0,0,0,0,0,0,64192,20427
2,2025,'030342000',611,  ,KG,0,1733951,830935,0,9386,5663,0,128179,73139,0,24494,15159,0,76901,30034,0,254500,135934,0,83445,45502,0,74763,24964,0,203304,97052,0,50683,16396,0,286773,134745,0,337958,166754,0,203565,85593
2,2025,'030342000',612,  ,KG,0,24995,4907,0,0,0,0,0,0,0,0,0,0,0,0,0,0,0,0,0,0,0,0,0,0,0,0,0,0,0,0,24995,4907,0,0,0,0,0,0
2,2025,'030342000',615,  ,KG,0,251907,128371,0,0,0,0,0,0,0,0,0,0,0,0,0,0,0,0,0,0,0,0,0,0,13848,9361,0,0,0,0,142388,84885,0,50571,18410,0,45100,15715
2,2025,'030342000',617,  ,KG,0,457396,161631,0,0,0,0,0,0,0,85343,29498,0,28451,9796,0,0,0,0,0,0,0,0,0,0,80474,27320,0,0,0,0,32792,10983,0,4936,1500,0,225400,82534
2,2025,'030342000',624,  ,KG,0,393889,135731,0,0,0,0,0,0,0,180793,60076,0,0,0,0,0,0,0,99349,34775,0,0,0,0,0,0,0,0,0,0,19614,6569,0,58594,21239,0,35539,13072
2,2025,'030342000',625,  ,KG,0,573003,203515,0,0,0,0,0,0,0,0,0,0,0,0,0,24720,8410,0,49620,16167,0,24300,8350,0,170710,58417,0,121693,41641,0,0,0,0,181960,70530,0,0,0
2,2025,'030342000',626,  ,KG,0,452479,162289,0,24540,9056,0,24530,8839,0,24500,8518,0,87180,31682,0,24400,8204,0,24330,8240,0,24370,8319,0,0,0,0,71702,25680,0,48490,17542,0,24490,8674,0,73947,27535
2,2025,'030343000',103,  ,KG,0,238245,51362,0,23390,4624,0,0,0,0,53250,11760,0,18867,4335,0,27410,5491,0,42665,9145,0,0,0,0,0,0,0,43742,9955,0,0,0,0,28921,6052,0,0,0
2,2025,'030343000',106,  ,KG,0,294317,57425,0,0,0,0,0,0,0,93150,18304,0,0,0,0,47040,10261,0,0,0,0,0,0,0,0,0,0,58077,10799,0,48170,8593,0,24580,4745,0,23300,4723
2,2025,'030343000',110,  ,KG,0,1103060,190652,0,100000,15484,0,350690,63586,0,358830,61226,0,0,0,0,0,0,0,0,0,0,0,0,0,0,0,0,0,0,0,50000,8502,0,173680,29925,0,69860,11929
2,2025,'030343000',111,  ,KG,0,24950,3597,0,0,0,0,0,0,0,0,0,0,0,0,0,0,0,0,24950,3597,0,0,0,0,0,0,0,0,0,0,0,0,0,0,0,0,0,0
2,2025,'030343000',116,  ,KG,0,502555,105008,0,0,0,0,36158,7886,0,0,0,0,42307,9854,0,96052,21339,0,35930,7868,0,0,0,0,0,0,0,25150,4772,0,50750,8715,0,114998,24102,0,101210,20472
2,2025,'030343000',118,  ,KG,0,29248523,6263280,0,2278363,483552,0,3264877,685056,0,4338812,931387,0,4330735,905848,0,1552590,324369,0,1256665,266430,0,1879460,395176,0,2861373,587924,0,2176590,466160,0,1698952,375634,0,1179635,269700,0,2430471,572044
2,2025,'030343000',123,  ,KG,0,27000,3937,0,0,0,0,0,0,0,0,0,0,27000,3937,0,0,0,0,0,0,0,0,0,0,0,0,0,0,0,0,0,0,0,0,0,0,0,0
2,2025,'030343000',126,  ,KG,0,37039,9045,0,0,0,0,14579,2847,0,0,0,0,0,0,0,0,0,0,0,0,0,8972,2393,0,0,0,0,0,0,0,0,0,0,0,0,0,13488,3805
2,2025,'030343000',544,  ,KG,0,82396,14944,0,82396,14944,0,0,0,0,0,0,0,0,0,0,0,0,0,0,0,0,0,0,0,0,0,0,0,0,0,0,0,0,0,0,0,0,0
2,2025,'030343000',611,  ,KG,0,10614,2347,0,0,0,0,0,0,0,0,0,0,0,0,0,0,0,0,0,0,0,0,0,0,0,0,0,0,0,0,0,0,0,10614,2347,0,0,0
2,2025,'030344000',103,  ,KG,0,2524533,2444196,0,116474,91650,0,130902,98153,0,90776,84011,0,234798,201175,0,134860,121532,0,673896,649177,0,439837,418769,0,110494,111457,0,199771,208886,0,151989,175746,0,145715,160199,0,95021,123441
2,2025,'030344000',105,  ,KG,0,9964781,7875745,0,670562,479991,0,749739,551210,0,845309,563149,0,1201673,904439,0,649235,477484,0,796440,602271,0,1652933,1300898,0,1357577,1126397,0,740166,659641,0,359584,342685,0,479467,425813,0,462096,441767
2,2025,'030344000',106,  ,KG,0,24382834,19466723,0,1501871,1059672,0,3145789,2303475,0,3164462,2274373,0,2957850,2217305,0,2938026,2187234,0,807985,602369,0,1486341,1163552,0,2142792,1888380,0,1880496,1716670,0,977967,889032,0,1648624,1523770,0,1730631,1640891
2,2025,'030344000',113,  ,KG,0,413266,269052,0,0,0,0,103703,70586,0,45070,29165,0,99050,64824,0,114586,70289,0,0,0,0,0,0,0,17384,11100,0,0,0,0,0,0,0,0,0,0,33473,23088
2,2025,'030344000',125,  ,KG,0,50058,44482,0,0,0,0,0,0,0,0,0,0,0,0,0,0,0,0,0,0,0,0,0,0,27388,23838,0,22670,20644,0,0,0,0,0,0,0,0,0
2,2025,'030344000',141,  ,KG,0,527912,389983,0,90676,61551,0,102928,71502,0,71200,50115,0,0,0,0,23105,16940,0,84444,63029,0,52246,38619,0,39303,32491,0,64010,55736,0,0,0,0,0,0,0,0,0
2,2025,'030344000',210,  ,KG,0,49074,14254,0,0,0,0,0,0,0,0,0,0,0,0,0,0,0,0,0,0,0,17000,4641,0,0,0,0,0,0,0,32074,9613,0,0,0,0,0,0
2,2025,'030344000',218,  ,KG,0,104499,27384,0,0,0,0,2730,1326,0,0,0,0,0,0,0,0,0,0,0,0,0,4156,1852,0,0,0,0,47954,12007,0,0,0,0,48390,11631,0,1269,568
2,2025,'030344000',312,  ,KG,0,271763,222889,0,47726,37630,0,24460,22626,0,0,0,0,93963,72948,0,65880,52234,0,0,0,0,0,0,0,39734,37451,0,0,0,0,0,0,0,0,0,0,0,0
2,2025,'030344000',544,  ,KG,0,6866630,5255524,0,1252540,856615,0,632202,443775,0,1338527,945181,0,150152,99343,0,643031,472853,0,304615,225872,0,798898,646441,0,470642,408955,0,784867,697968,0,28151,26945,0,185375,167577,0,277630,263999
2,2025,'030344000',550,  ,KG,0,180546,137521,0,0,0,0,0,0,0,158039,121901,0,18767,13296,0,0,0,0,3740,2324,0,0,0,0,0,0,0,0,0,0,0,0,0,0,0,0,0,0
2,2025,'030344000',611,  ,KG,0,2510470,2116845,0,70623,57037,0,432381,336018,0,117682,88275,0,55412,49210,0,744366,589695,0,282387,223477,0,0,0,0,232642,214920,0,9969,9955,0,51278,41718,0,460052,453351,0,53678,53189
2,2025,'030344000',615,  ,KG,0,54259,45112,0,0,0,0,0,0,0,0,0,0,0,0,0,0,0,0,0,0,0,0,0,0,0,0,0,0,0,0,54259,45112,0,0,0,0,0,0
2,2025,'030345010',103,  ,KG,0,235951,501708,0,0,0,0,0,0,0,154140,314502,0,0,0,0,0,0,0,0,0,0,0,0,0,76630,174137,0,0,0,0,5181,13069,0,0,0,0,0,0
2,2025,'030345010',210,  ,KG,0,6138,1359,0,0,0,0,2853,721,0,0,0,0,1683,332,0,1602,306,0,0,0,0,0,0,0,0,0,0,0,0,0,0,0,0,0,0,0,0,0
2,2025,'030345010',217,  ,KG,0,366,972,0,0,0,0,0,0,0,0,0,0,366,972,0,0,0,0,0,0,0,0,0,0,0,0,0,0,0,0,0,0,0,0,0,0,0,0
2,2025,'030345010',218,  ,KG,0,2801,5594,0,438,700,0,628,660,0,438,387,0,311,877,0,0,0,0,0,0,0,0,0,0,648,1998,0,338,972,0,0,0,0,0,0,0,0,0
2,2025,'030345010',220,  ,KG,0,10067,2114,0,2146,372,0,4358,1048,0,0,0,0,3563,694,0,0,0,0,0,0,0,0,0,0,0,0,0,0,0,0,0,0,0,0,0,0,0,0
2,2025,'030345010',221,  ,KG,0,4039,11050,0,1331,3490,0,1037,2572,0,264,664,0,0,0,0,0,0,0,0,0,0,0,0,0,0,0,0,0,0,0,0,0,0,0,0,0,1407,4324
2,2025,'030345010',234,  ,KG,0,9313,6072,0,0,0,0,0,0,0,0,0,0,2250,4791,0,7063,1281,0,0,0,0,0,0,0,0,0,0,0,0,0,0,0,0,0,0,0,0,0
2,2025,'030345010',241,  ,KG,0,40477,80020,0,0,0,0,0,0,0,0,0,0,40477,80020,0,0,0,0,0,0,0,0,0,0,0,0,0,0,0,0,0,0,0,0,0,0,0,0
2,2025,'030345010',501,  ,KG,0,12527,3758,0,4073,1002,0,3343,914,0,0,0,0,0,0,0,0,0,0,0,0,0,0,0,0,0,0,0,0,0,0,0,0,0,0,0,0,5111,1842
2,2025,'030345020',103,  ,KG,0,235799,199815,0,0,0,0,0,0,0,0,0,0,0,0,0,0,0,0,0,0,0,91244,66228,0,0,0,0,125705,108486,0,18850,25101,0,0,0,0,0,0
2,2025,'030346000',103,  ,KG,0,1428033,2732497,0,0,0,0,0,0,0,0,0,0,280262,439869,0,0,0,0,0,0,0,0,0,0,46033,76303,0,134725,281249,0,814713,1637919,0,152300,297157,0,0,0
2,2025,'030346000',106,  ,KG,0,995852,1018856,0,121851,117354,0,154838,164742,0,54667,48517,0,24666,20977,0,0,0,0,0,0,0,53056,54620,0,34634,33412,0,85468,93724,0,240503,263417,0,108140,100168,0,118029,121925
2,2025,'030346000',601,  ,KG,0,7909512,12201447,0,0,0,0,0,0,0,0,0,0,691599,831441,0,38698,49431,0,0,0,0,157651,261599,0,2899686,4613882,0,1415705,2284626,0,1675703,2643639,0,0,0,0,1030470,1516829
2,2025,'030351000',105,  ,KG,0,10037,2476,0,0,0,0,0,0,0,0,0,0,0,0,0,0,0,0,0,0,0,0,0,0,0,0,0,0,0,0,0,0,0,0,0,0,10037,2476
2,2025,'030351000',202,  ,KG,0,1261386,368778,0,539581,157741,0,271623,79290,0,133049,38537,0,181440,53262,0,46100,13459,0,22400,6560,0,22393,6557,0,0,0,0,44800,13372,0,0,0,0,0,0,0,0,0
2,2025,'030351000',205,  ,KG,0,24150,4574,0,0,0,0,0,0,0,0,0,0,0,0,0,24150,4574,0,0,0,0,0,0,0,0,0,0,0,0,0,0,0,0,0,0,0,0,0
2,2025,'030351000',207,  ,KG,0,22655,4062,0,0,0,0,0,0,0,0,0,0,0,0,0,0,0,0,22655,4062,0,0,0,0,0,0,0,0,0,0,0,0,0,0,0,0,0,0
2,2025,'030351000',213,  ,KG,0,24150,4324,0,0,0,0,0,0,0,0,0,0,0,0,0,0,0,0,0,0,0,24150,4324,0,0,0,0,0,0,0,0,0,0,0,0,0,0,0
2,2025,'030351000',224,  ,KG,0,2890804,701525,0,48720,15057,0,173156,34491,0,611028,130341,0,324948,83775,0,55922,25470,0,134103,42422,0,626377,106597,0,371526,85457,0,110608,33478,0,128377,36362,0,174382,64625,0,131657,43450
2,2025,'030351000',236,  ,KG,0,18630,3617,0,0,0,0,0,0,0,0,0,0,0,0,0,0,0,0,0,0,0,18630,3617,0,0,0,0,0,0,0,0,0,0,0,0,0,0,0
2,2025,'030351000',302,  ,KG,0,2841888,795857,0,0,0,0,0,0,0,0,0,0,305448,96493,0,1666228,460214,0,848712,234209,0,21500,4941,0,0,0,0,0,0,0,0,0,0,0,0,0,0,0
2,2025,'030351000',304,  ,KG,0,791967,185698,0,0,0,0,0,0,0,0,0,0,0,0,0,0,0,0,505301,117855,0,286666,67843,0,0,0,0,0,0,0,0,0,0,0,0,0,0,0
2,2025,'030353100',305,  ,KG,0,124020,10740,0,0,0,0,100020,7343,0,0,0,0,0,0,0,0,0,0,0,0,0,0,0,0,0,0,0,0,0,0,0,0,0,0,0,0,24000,3397
2,2025,'030353200',105,  ,KG,0,72750,11113,0,0,0,0,0,0,0,0,0,0,0,0,0,31250,4555,0,0,0,0,16500,2610,0,0,0,0,0,0,0,0,0,0,25000,3948,0,0,0
2,2025,'030353200',110,  ,KG,0,1030,229,0,0,0,0,0,0,0,0,0,0,0,0,0,0,0,0,0,0,0,0,0,0,0,0,0,0,0,0,0,0,0,0,0,0,1030,229
2,2025,'030353200',111,  ,KG,0,8292,3169,0,0,0,0,0,0,0,0,0,0,0,0,0,3000,1079,0,0,0,0,2412,917,0,0,0,0,2400,967,0,0,0,0,0,0,0,480,206
2,2025,'030353200',223,  ,KG,0,181669,38978,0,0,0,0,17172,6351,0,0,0,0,0,0,0,70500,13637,0,70497,13782,0,23500,5208,0,0,0,0,0,0,0,0,0,0,0,0,0,0,0
2,2025,'030353200',236,  ,KG,0,299160,67749,0,20160,4142,0,20160,4084,0,20160,4465,0,0,0,0,60480,12931,0,37080,8145,0,40320,9357,0,40320,9556,0,0,0,0,0,0,0,20160,4978,0,40320,10091
2,2025,'030353200',501,  ,KG,0,5500,2055,0,0,0,0,0,0,0,2000,768,0,0,0,0,1500,549,0,2000,738,0,0,0,0,0,0,0,0,0,0,0,0,0,0,0,0,0,0
2,2025,'030354000',103,  ,KG,0,187623,118229,0,37882,29180,0,2769,2650,0,12110,10404,0,1320,482,0,2960,1692,0,0,0,0,3410,2026,0,3640,2082,0,57252,27380,0,5580,2937,0,10000,3195,0,50700,36201
2,2025,'030354000',105,  ,KG,0,776967,326990,0,49480,10723,0,1720,989,0,65817,21948,0,36103,21110,0,64835,15584,0,67820,28062,0,73798,30191,0,66660,26420,0,56342,28357,0,41712,18476,0,112631,56404,0,140049,68726
2,2025,'030354000',106,  ,KG,0,46855,10731,0,0,0,0,0,0,0,0,0,0,0,0,0,23155,5702,0,23700,5029,0,0,0,0,0,0,0,0,0,0,0,0,0,0,0,0,0,0
2,2025,'030354000',110,  ,KG,0,400,412,0,0,0,0,0,0,0,0,0,0,0,0,0,0,0,0,400,412,0,0,0,0,0,0,0,0,0,0,0,0,0,0,0,0,0,0
2,2025,'030354000',111,  ,KG,0,9190,6859,0,0,0,0,0,0,0,0,0,0,0,0,0,9190,6859,0,0,0,0,0,0,0,0,0,0,0,0,0,0,0,0,0,0,0,0,0
2,2025,'030354000',201,  ,KG,0,528618,316239,0,22975,17723,0,3543,2836,0,24786,17211,0,64384,26480,0,26549,17622,0,50174,17469,0,41014,27682,0,9946,7211,0,14716,10900,0,47952,29842,0,86853,52705,0,135726,88558
2,2025,'030354000',202,  ,KG,0,43483572,24194662,0,13892349,5789077,0,3755617,1639721,0,956159,553525,0,1359260,768668,0,1193073,685365,0,1105395,614625,0,1188294,750861,0,1019678,647911,0,1033648,698417,0,1660191,1051005,0,8496470,5469553,0,7823438,5525934
2,2025,'030354000',204,  ,KG,0,68755,40110,0,0,0,0,24000,10358,0,0,0,0,13725,8667,0,10000,6306,0,13000,8774,0,4030,2712,0,0,0,0,0,0,0,4000,3293,0,0,0,0,0,0
2,2025,'030354000',205,  ,KG,0,10426540,4555053,0,1416468,593019,0,4088060,1679343,0,1303849,546488,0,1817947,770021,0,932814,390554,0,248077,116917,0,258956,164179,0,65876,50622,0,73454,61550,0,71882,62693,0,73958,60538,0,75199,59129
2,2025,'030354000',206,  ,KG,0,4397771,1806554,0,293200,114613,0,37220,10855,0,75300,31763,0,28688,11790,0,1017106,411586,0,1038500,420884,0,631596,262600,0,491320,210246,0,335511,135639,0,394820,172970,0,46400,17859,0,8110,5749
2,2025,'030354000',210,  ,KG,0,127155,47122,0,0,0,0,0,0,0,127155,47122,0,0,0,0,0,0,0,0,0,0,0,0,0,0,0,0,0,0,0,0,0,0,0,0,0,0,0
2,2025,'030354000',213,  ,KG,0,24024,9300,0,0,0,0,0,0,0,24024,9300,0,0,0,0,0,0,0,0,0,0,0,0,0,0,0,0,0,0,0,0,0,0,0,0,0,0,0
2,2025,'030354000',218,  ,KG,0,1517,1259,0,0,0,0,0,0,0,0,0,0,0,0,0,0,0,0,0,0,0,0,0,0,0,0,0,1517,1259,0,0,0,0,0,0,0,0,0
2,2025,'030354000',249,  ,KG,0,502999,243157,0,1280,813,0,0,0,0,7463,5128,0,150120,65192,0,120000,50255,0,144000,60387,0,18491,15117,0,3951,3342,0,12330,10255,0,786,682,0,6660,5470,0,37918,26516
2,2025,'030354000',301,  ,KG,0,240714,175765,0,40765,29231,0,2082,1719,0,2460,1877,0,9871,8025,0,40127,28994,0,68957,51852,0,57372,40643,0,14300,10440,0,4780,2984,0,0,0,0,0,0,0,0,0
2,2025,'030354000',606,  ,KG,0,48000,9454,0,0,0,0,0,0,0,24000,4683,0,0,0,0,0,0,0,0,0,0,0,0,0,0,0,0,24000,4771,0,0,0,0,0,0,0,0,0
2,2025,'030355000',103,  ,KG,0,5285250,1669930,0,434691,121716,0,213550,65614,0,508497,140979,0,309145,89061,0,231872,57344,0,131342,29268,0,266955,74083,0,344042,104580,0,681515,225421,0,679390,235554,0,989232,356788,0,495019,169522
2,2025,'030355000',105,  ,KG,0,75785,10248,0,0,0,0,0,0,0,0,0,0,0,0,0,0,0,0,0,0,0,0,0,0,0,0,0,37345,4894,0,37730,4944,0,0,0,0,710,410
2,2025,'030355000',106,  ,KG,0,137990,20640,0,0,0,0,0,0,0,91990,10559,0,0,0,0,0,0,0,0,0,0,0,0,0,0,0,0,23000,5068,0,23000,5013,0,0,0,0,0,0
2,2025,'030355000',205,  ,KG,0,260300,73276,0,23000,7358,0,85980,23990,0,79460,21660,0,24000,6331,0,0,0,0,47860,13937,0,0,0,0,0,0,0,0,0,0,0,0,0,0,0,0,0,0
2,2025,'030355000',206,  ,KG,0,433120,150252,0,18370,13229,0,9180,2454,0,0,0,0,96000,29277,0,232740,81857,0,0,0,0,0,0,0,38780,10310,0,0,0,0,0,0,0,26050,9409,0,12000,3716
2,2025,'030355000',207,  ,KG,0,1277385,356045,0,47820,13682,0,243300,73815,0,349245,93038,0,119020,33057,0,0,0,0,48000,11314,0,72000,17941,0,96000,26570,0,149420,41326,0,56580,15868,0,0,0,0,96000,29434
2,2025,'030355000',210,  ,KG,0,27640,7833,0,0,0,0,0,0,0,0,0,0,8840,2568,0,0,0,0,0,0,0,0,0,0,0,0,0,3400,957,0,15400,4308,0,0,0,0,0,0
2,2025,'030355000',409,  ,KG,0,119920,30077,0,0,0,0,0,0,0,0,0,0,0,0,0,0,0,0,95920,26290,0,0,0,0,24000,3787,0,0,0,0,0,0,0,0,0,0,0,0
2,2025,'030355000',606,  ,KG,0,508120,189960,0,0,0,0,0,0,0,47000,19864,0,0,0,0,30640,11757,0,200820,70431,0,196980,74411,0,32680,13497,0,0,0,0,0,0,0,0,0,0,0,0
2,2025,'030357000',103,  ,KG,0,114518,71477,0,0,0,0,12345,7326,0,1424,833,0,16538,10615,0,0,0,0,27401,16222,0,21328,14909,0,353,216,0,0,0,0,5836,3683,0,20435,13321,0,8858,4352
2,2025,'030357000',105,  ,KG,0,165704,116300,0,0,0,0,24347,16377,0,27484,18879,0,0,0,0,24940,14521,0,0,0,0,23760,17399,0,0,0,0,12010,7566,0,53163,41558,0,0,0,0,0,0
2,2025,'030357000',106,  ,KG,0,2618667,1903532,0,150487,104909,0,157485,110530,0,273252,187981,0,306606,216543,0,313555,222281,0,167425,116984,0,252979,181114,0,165954,122889,0,169893,123668,0,159293,119771,0,256959,195477,0,244779,201385
2,2025,'030357000',118,  ,KG,0,32261,14168,0,0,0,0,0,0,0,0,0,0,21419,9638,0,0,0,0,0,0,0,0,0,0,0,0,0,10842,4530,0,0,0,0,0,0,0,0,0
2,2025,'030357000',141,  ,KG,0,18921,12710,0,0,0,0,4580,2986,0,0,0,0,0,0,0,12769,8639,0,0,0,0,0,0,0,0,0,0,1572,1085,0,0,0,0,0,0,0,0,0
2,2025,'030357000',544,  ,KG,0,510410,365630,0,38755,26884,0,18821,13471,0,65355,45340,0,14891,10083,0,19248,13029,0,9331,6447,0,67536,47123,0,71874,51010,0,105488,74732,0,40341,31740,0,33237,25170,0,25533,20601
2,2025,'030357000',547,  ,KG,0,4230,2583,0,4230,2583,0,0,0,0,0,0,0,0,0,0,0,0,0,0,0,0,0,0,0,0,0,0,0,0,0,0,0,0,0,0,0,0,0
2,2025,'030357000',550,  ,KG,0,26580,19637,0,25873,19139,0,707,498,0,0,0,0,0,0,0,0,0,0,0,0,0,0,0,0,0,0,0,0,0,0,0,0,0,0,0,0,0,0
2,2025,'030357000',611,  ,KG,0,174214,126489,0,16410,11370,0,76057,53635,0,9555,6822,0,0,0,0,12733,8933,0,0,0,0,16553,12252,0,4485,3326,0,718,480,0,0,0,0,25327,19439,0,12376,10232
2,2025,'030359120',105,  ,KG,0,10841,7453,0,0,0,0,0,0,0,0,0,0,0,0,0,0,0,0,0,0,0,0,0,0,3120,2874,0,0,0,0,7721,4579,0,0,0,0,0,0
2,2025,'030359120',106,  ,KG,0,4549074,1798991,0,92501,33606,0,83787,32959,0,20590,7373,0,91259,26747,0,167373,49780,0,0,0,0,0,0,0,0,0,0,0,0,0,342195,137666,0,2770398,1127250,0,980971,383610
2,2025,'030359190',105,  ,KG,0,185360,36967,0,10650,1802,0,25000,5316,0,0,0,0,0,0,0,19950,3037,0,23750,4964,0,6530,967,0,3000,602,0,6000,1319,0,28330,5912,0,25000,5351,0,37150,7697
2,2025,'030359190',110,  ,KG,0,502530,105403,0,25000,5539,0,49500,10591,0,95000,20655,0,47500,10300,0,97000,18978,0,53100,10751,0,25000,4674,0,25000,4492,0,25000,5551,0,30430,6002,0,30000,7870,0,0,0
2,2025,'030359190',118,  ,KG,0,75000,9162,0,25000,3054,0,50000,6108,0,0,0,0,0,0,0,0,0,0,0,0,0,0,0,0,0,0,0,0,0,0,0,0,0,0,0,0,0,0
2,2025,'030359910',103,  ,KG,0,1447609,946365,0,251163,165474,0,314626,198964,0,133935,97492,0,262804,177352,0,163139,95363,0,71377,49871,0,103463,68125,0,67928,43056,0,29026,18396,0,0,0,0,0,0,0,50148,32272
2,2025,'030359910',105,  ,KG,0,19783,23475,0,969,1197,0,0,0,0,15358,18169,0,3456,4109,0,0,0,0,0,0,0,0,0,0,0,0,0,0,0,0,0,0,0,0,0,0,0,0
2,2025,'030359920',105,  ,KG,0,23044,16788,0,0,0,0,0,0,0,0,0,0,0,0,0,0,0,0,1000,333,0,0,0,0,0,0,0,14700,10973,0,7344,5482,0,0,0,0,0,0
2,2025,'030359920',201,  ,KG,0,4140832,3043806,0,351535,246835,0,170923,130776,0,400116,247140,0,181632,135769,0,288510,218630,0,705646,459343,0,943448,624162,0,167707,157600,0,303748,257822,0,262770,241571,0,173267,157521,0,191530,166637
2,2025,'030359920',202,  ,KG,0,7304695,4345829,0,853207,418569,0,443316,216490,0,760472,370548,0,623739,365600,0,735087,357695,0,628143,362489,0,584096,392115,0,604636,389505,0,495991,334791,0,535005,389105,0,479412,341992,0,561591,406930
2,2025,'030359920',224,  ,KG,0,36977,30745,0,0,0,0,0,0,0,0,0,0,0,0,0,0,0,0,0,0,0,8931,6989,0,0,0,0,13314,10481,0,5113,4469,0,0,0,0,9619,8806
2,2025,'030359920',249,  ,KG,0,214752,119044,0,0,0,0,11000,4925,0,7992,3505,0,26074,11349,0,0,0,0,169686,99265,0,0,0,0,0,0,0,0,0,0,0,0,0,0,0,0,0,0
2,2025,'030359920',302,  ,KG,0,727344,369347,0,101052,40764,0,46221,16839,0,0,0,0,44297,16341,0,4380,4035,0,0,0,0,3152,3350,0,1700,493,0,132879,65907,0,79462,35836,0,224521,132156,0,89680,53626
2,2025,'030359930',103,  ,KG,0,294473,149494,0,0,0,0,19996,5646,0,48789,24356,0,76220,44168,0,5949,2975,0,37552,14541,0,10780,6877,0,11340,6478,0,54989,32091,0,10678,3380,0,18180,8982,0,0,0
2,2025,'030359930',105,  ,KG,0,184191,103551,0,24978,14265,0,1390,579,0,0,0,0,0,0,0,0,0,0,25090,13075,0,25010,14005,0,0,0,0,31511,17786,0,49790,28555,0,26422,15286,0,0,0
2,2025,'030359930',106,  ,KG,0,75507,39810,0,0,0,0,1104,527,0,26473,8667,0,4025,1791,0,2719,1134,0,0,0,0,0,0,0,0,0,0,15023,10455,0,11797,8144,0,13805,8663,0,561,429
2,2025,'030359930',516,  ,KG,0,4637,1526,0,0,0,0,0,0,0,0,0,0,0,0,0,0,0,0,0,0,0,1065,352,0,0,0,0,0,0,0,3572,1174,0,0,0,0,0,0
2,2025,'030359930',544,  ,KG,0,13775,3846,0,508,242,0,0,0,0,739,207,0,0,0,0,0,0,0,0,0,0,657,210,0,10868,2892,0,1003,295,0,0,0,0,0,0,0,0,0
2,2025,'030359930',611,  ,KG,0,37912,22234,0,0,0,0,3359,1359,0,26060,15648,0,0,0,0,0,0,0,0,0,0,0,0,0,0,0,0,0,0,0,0,0,0,4535,2024,0,3958,3203
2,2025,'030359990',103,  ,KG,0,765,2147,0,0,0,0,765,2147,0,0,0,0,0,0,0,0,0,0,0,0,0,0,0,0,0,0,0,0,0,0,0,0,0,0,0,0,0,0
2,2025,'030359990',105,  ,KG,0,7350,5063,0,0,0,0,0,0,0,0,0,0,0,0,0,0,0,0,7350,5063,0,0,0,0,0,0,0,0,0,0,0,0,0,0,0,0,0,0
2,2025,'030363000',224,  ,KG,0,590146,528480,0,0,0,0,166600,148856,0,71400,61967,0,23800,20593,0,25380,21652,0,92688,74425,0,47600,42255,0,0,0,0,23800,21347,0,94498,85088,0,0,0,0,44380,52297
2,2025,'030363000',304,  ,KG,0,315967,271565,0,91472,71334,0,0,0,0,21825,16262,0,125360,107707,0,23692,21805,0,0,0,0,0,0,0,5077,3582,0,0,0,0,3059,765,0,21818,23451,0,23664,26659
2,2025,'030366100',305,  ,KG,0,24495,6338,0,0,0,0,0,0,0,0,0,0,0,0,0,24495,6338,0,0,0,0,0,0,0,0,0,0,0,0,0,0,0,0,0,0,0,0,0
2,2025,'030366100',606,  ,KG,0,188509,167323,0,23555,18484,0,24992,21160,0,32496,26269,0,24000,19279,0,0,0,0,10608,8381,0,0,0,0,0,0,0,6656,5109,0,66202,68641,0,0,0,0,0,0
2,2025,'030367000',224,  ,KG,0,1689068,410249,0,343800,81566,0,191952,44802,0,390756,92838,0,311922,72097,0,0,0,0,0,0,0,0,0,0,0,0,0,256726,68584,0,193912,50362,0,0,0,0,0,0
2,2025,'030367000',304,  ,KG,0,174300,51707,0,0,0,0,0,0,0,0,0,0,48988,14934,0,46957,13814,0,2046,295,0,0,0,0,22025,6401,0,0,0,0,0,0,0,48298,15276,0,5986,987
2,2025,'030368000',207,  ,KG,0,23163,2603,0,0,0,0,0,0,0,0,0,0,0,0,0,0,0,0,0,0,0,0,0,0,0,0,0,23163,2603,0,0,0,0,0,0,0,0,0
2,2025,'030369200',606,  ,KG,0,37800,9280,0,0,0,0,0,0,0,0,0,0,18900,4640,0,0,0,0,0,0,0,18900,4640,0,0,0,0,0,0,0,0,0,0,0,0,0,0,0
2,2025,'030382000',105,  ,KG,0,192760,170583,0,5360,4844,0,0,0,0,20200,17905,0,30560,27244,0,12720,10692,0,6000,5072,0,33020,28201,0,4400,3780,0,0,0,0,12000,10543,0,25000,22499,0,43500,39803
2,2025,'030382000',110,  ,KG,0,59160,77439,0,2080,1946,0,0,0,0,11142,16030,0,0,0,0,0,0,0,5500,14335,0,3648,3128,0,0,0,0,8950,18192,0,12576,11010,0,1840,1680,0,13424,11118
2,2025,'030383000',412,  ,KG,0,13363,42512,0,13363,42512,0,0,0,0,0,0,0,0,0,0,0,0,0,0,0,0,0,0,0,0,0,0,0,0,0,0,0,0,0,0,0,0,0
2,2025,'030384000',218,  ,KG,0,75,281,0,0,0,0,0,0,0,0,0,0,0,0,0,0,0,0,0,0,0,0,0,0,0,0,0,0,0,0,75,281,0,0,0,0,0,0
2,2025,'030389122',103,  ,KG,0,5486,1102,0,0,0,0,0,0,0,0,0,0,0,0,0,0,0,0,5486,1102,0,0,0,0,0,0,0,0,0,0,0,0,0,0,0,0,0,0
2,2025,'030389211',501,  ,KG,0,22218,5519,0,0,0,0,0,0,0,0,0,0,0,0,0,0,0,0,22218,5519,0,0,0,0,0,0,0,0,0,0,0,0,0,0,0,0,0,0
2,2025,'030389211',606,  ,KG,0,6510,1240,0,0,0,0,0,0,0,0,0,0,0,0,0,0,0,0,0,0,0,0,0,0,0,0,0,6510,1240,0,0,0,0,0,0,0,0,0
2,2025,'030389219',103,  ,KG,0,68690,21125,0,0,0,0,0,0,0,17555,5687,0,22685,3930,0,0,0,0,0,0,0,0,0,0,0,0,0,0,0,0,0,0,0,1850,1272,0,26600,10236
2,2025,'030389219',105,  ,KG,0,22101,11027,0,0,0,0,0,0,0,0,0,0,21648,10684,0,0,0,0,0,0,0,0,0,0,0,0,0,453,343,0,0,0,0,0,0,0,0,0
2,2025,'030389219',606,  ,KG,0,519596,196871,0,61738,21830,0,29371,14411,0,7872,2535,0,12409,4876,0,32487,10621,0,117117,39690,0,66658,27801,0,47205,17988,0,23598,7135,0,16464,7123,0,32687,14335,0,71990,28526
2,2025,'030389219',607,  ,KG,0,5868,1147,0,0,0,0,0,0,0,0,0,0,0,0,0,0,0,0,0,0,0,3972,768,0,1896,379,0,0,0,0,0,0,0,0,0,0,0,0
2,2025,'030389293',105,  ,KG,0,34610,19692,0,0,0,0,270,361,0,9500,5010,0,270,332,0,0,0,0,16440,8607,0,0,0,0,270,340,0,0,0,0,7680,4802,0,0,0,0,180,240
2,2025,'030389293',106,  ,KG,0,12000,7339,0,0,0,0,0,0,0,0,0,0,0,0,0,0,0,0,0,0,0,0,0,0,0,0,0,0,0,0,0,0,0,0,0,0,12000,7339
2,2025,'030389293',110,  ,KG,0,6349,4703,0,0,0,0,0,0,0,0,0,0,0,0,0,0,0,0,0,0,0,0,0,0,0,0,0,0,0,0,6349,4703,0,0,0,0,0,0
2,2025,'030389293',118,  ,KG,0,5870,3827,0,0,0,0,0,0,0,0,0,0,0,0,0,0,0,0,1650,536,0,1770,1380,0,0,0,0,0,0,0,2450,1911,0,0,0,0,0,0
2,2025,'030389293',141,  ,KG,0,292704,199164,0,23000,17702,0,0,0,0,24000,19519,0,46570,24493,0,23000,16934,0,62280,43876,0,0,0,0,19854,12184,0,0,0,0,0,0,0,94000,64456,0,0,0
2,2025,'030389293',149,  ,KG,0,30110,17043,0,0,0,0,0,0,0,0,0,0,0,0,0,12050,8219,0,0,0,0,0,0,0,18060,8824,0,0,0,0,0,0,0,0,0,0,0,0
2,2025,'030389293',540,  ,KG,0,56400,49896,0,5000,4861,0,0,0,0,18830,15432,0,12560,10923,0,12300,11222,0,2320,2159,0,0,0,0,0,0,0,2680,2723,0,0,0,0,2710,2576,0,0,0
2,2025,'030389293',551,  ,KG,0,7589,4011,0,0,0,0,3320,1743,0,0,0,0,556,279,0,2600,1414,0,0,0,0,1113,575,0,0,0,0,0,0,0,0,0,0,0,0,0,0,0
2,2025,'030389293',606,  ,KG,0,86460,45383,0,0,0,0,0,0,0,23500,13054,0,47960,24269,0,0,0,0,0,0,0,0,0,0,0,0,0,0,0,0,15000,8060,0,0,0,0,0,0
2,2025,'030389294',103,  ,KG,0,54530,51996,0,18000,18073,0,0,0,0,0,0,0,18460,17600,0,0,0,0,0,0,0,0,0,0,0,0,0,0,0,0,18070,16323,0,0,0,0,0,0
2,2025,'030389294',105,  ,KG,0,2026171,1558538,0,247470,362111,0,145840,137217,0,0,0,0,66240,21126,0,75046,22761,0,115200,33239,0,117522,34277,0,153999,43272,0,158040,46641,0,347940,100266,0,206840,267527,0,392034,490101
2,2025,'030389295',201,  ,KG,0,968099,572680,0,76695,45893,0,83353,49620,0,16947,9892,0,94461,54938,0,88177,52461,0,131040,78292,0,199856,117248,0,168586,100227,0,35489,20893,0,21824,12989,0,33261,18990,0,18410,11237
2,2025,'030389295',202,  ,KG,0,2866753,1516639,0,157951,90304,0,226449,117014,0,74540,42957,0,300866,150641,0,277594,140958,0,67261,35279,0,93455,52109,0,213439,116710,0,670143,348016,0,296290,154034,0,373568,202224,0,115197,66393
2,2025,'030389295',213,  ,KG,0,141291,76218,0,0,0,0,46530,26674,0,0,0,0,0,0,0,0,0,0,0,0,0,49374,24821,0,0,0,0,45387,24723,0,0,0,0,0,0,0,0,0
2,2025,'030389295',217,  ,KG,0,85412,45560,0,5030,2921,0,0,0,0,14370,7941,0,24722,13788,0,4530,2432,0,9490,5051,0,0,0,0,0,0,0,0,0,0,0,0,0,0,0,0,27270,13427
2,2025,'030389295',218,  ,KG,0,70607,35666,0,0,0,0,0,0,0,0,0,0,0,0,0,19700,10102,0,0,0,0,33840,17042,0,5642,3159,0,7750,3818,0,0,0,0,3675,1545,0,0,0
2,2025,'030389295',224,  ,KG,0,267824,142894,0,13270,7032,0,1430,706,0,42270,21270,0,33998,18076,0,1836,1016,0,18824,10094,0,3980,2329,0,28228,15808,0,98644,54147,0,310,299,0,0,0,0,25034,12117
2,2025,'030389295',249,  ,KG,0,465568,241504,0,447658,231474,0,0,0,0,0,0,0,0,0,0,0,0,0,0,0,0,0,0,0,17910,10030,0,0,0,0,0,0,0,0,0,0,0,0
2,2025,'030389295',301,  ,KG,0,409009,250532,0,70736,40849,0,2358,1469,0,12100,9722,0,45564,29492,0,25389,14619,0,12942,10750,0,31459,18658,0,2708,1680,0,40905,24526,0,48332,28888,0,17269,12360,0,99247,57519
2,2025,'030389295',302,  ,KG,0,69741,22383,0,3775,1059,0,0,0,0,748,207,0,13562,2873,0,0,0,0,1480,754,0,7416,2091,0,12076,5601,0,0,0,0,6191,1811,0,24493,7987,0,0,0
2,2025,'030389295',304,  ,KG,0,4722211,2035235,0,391139,161272,0,191723,71770,0,57149,29859,0,131802,69029,0,37757,13928,0,313771,123345,0,345125,137789,0,623149,271524,0,699868,296180,0,1089160,465791,0,393836,176051,0,447732,218697
2,2025,'030389296',302,  ,KG,0,411134,569269,0,31776,47939,0,38123,47531,0,113174,158843,0,55896,77323,0,22397,31687,0,0,0,0,51575,71973,0,37980,51844,0,19160,25118,0,17077,25524,0,3564,4096,0,20412,27391
2,2025,'030389296',304,  ,KG,0,10777214,13753881,0,703983,1010833,0,256119,354458,0,346980,406083,0,141986,176131,0,611531,811892,0,1056761,1342755,0,1633885,2108980,0,1082410,1448360,0,1692725,2096304,0,1305496,1610535,0,1158987,1444904,0,786351,942646
2,2025,'030389297',547,  ,KG,0,45050,19320,0,0,0,0,0,0,0,43442,17622,0,0,0,0,0,0,0,0,0,0,1608,1698,0,0,0,0,0,0,0,0,0,0,0,0,0,0,0
2,2025,'030389297',550,  ,KG,0,14180,12725,0,0,0,0,0,0,0,0,0,0,14180,12725,0,0,0,0,0,0,0,0,0,0,0,0,0,0,0,0,0,0,0,0,0,0,0,0
2,2025,'030389297',606,  ,KG,0,260252,283494,0,70160,75798,0,32450,37909,0,48738,56966,0,0,0,0,23740,32048,0,4450,3852,0,0,0,0,39714,39670,0,21610,20070,0,0,0,0,19390,17181,0,0,0
2,2025,'030389297',607,  ,KG,0,857661,802726,0,0,0,0,11720,7616,0,24284,25216,0,45038,26308,0,199503,209016,0,0,0,0,113516,91172,0,52212,29738,0,160652,140150,0,138893,137186,0,111843,136324,0,0,0
2,2025,'030389298',105,  ,KG,0,175632,219056,0,21500,29456,0,43000,58387,0,0,0,0,0,0,0,0,0,0,23000,26017,0,23000,26313,0,22000,25687,0,43132,53196,0,0,0,0,0,0,0,0,0
2,2025,'030389299',103,  ,KG,0,668209,1392155,0,17463,19346,0,15553,15853,0,22012,24110,0,67156,41977,0,35590,51934,0,52776,57980,0,45476,140069,0,102886,337901,0,114141,383047,0,136583,198755,0,30730,65703,0,27843,55480
2,2025,'030389299',105,  ,KG,0,1539042,723353,0,128030,67550,0,137254,55879,0,227303,88663,0,140101,55516,0,89758,29474,0,99488,59642,0,74706,38653,0,140643,68545,0,101392,41152,0,112795,50838,0,170944,76353,0,116628,91088
2,2025,'030389299',106,  ,KG,0,214828,85864,0,8800,3403,0,13700,5296,0,1600,562,0,7000,2718,0,0,0,0,15860,3046,0,17687,4939,0,0,0,0,46679,19285,0,69509,29491,0,26443,10113,0,7550,7011
2,2025,'030389299',110,  ,KG,0,328037,192378,0,22550,14992,0,10246,4749,0,28930,15699,0,23244,12292,0,45774,23080,0,36596,21815,0,28257,20265,0,34199,17874,0,24157,19909,0,15993,10748,0,41852,18768,0,16239,12187
2,2025,'030389299',111,  ,KG,0,209065,169520,0,49272,6802,0,14533,5513,0,33130,51990,0,1930,1237,0,27392,29974,0,4430,2137,0,14024,15973,0,8365,2828,0,29350,27717,0,9589,10257,0,1062,962,0,15988,14130
2,2025,'030389299',113,  ,KG,0,121400,44681,0,10000,4014,0,0,0,0,19000,6386,0,10000,3880,0,0,0,0,22500,8152,0,0,0,0,8800,3568,0,0,0,0,0,0,0,22500,8966,0,28600,9715
2,2025,'030389299',116,  ,KG,0,12247,1652,0,0,0,0,0,0,0,0,0,0,0,0,0,12247,1652,0,0,0,0,0,0,0,0,0,0,0,0,0,0,0,0,0,0,0,0,0
2,2025,'030389299',117,  ,KG,0,12626,7157,0,3298,1906,0,0,0,0,0,0,0,0,0,0,1963,1053,0,3336,1395,0,0,0,0,0,0,0,1345,1012,0,200,217,0,0,0,0,2484,1574
2,2025,'030389299',118,  ,KG,0,532110,120830,0,208670,44414,0,36980,8329,0,51780,8122,0,54770,9435,0,28590,5581,0,17410,6010,0,25500,4348,0,12870,4873,0,48530,14568,0,37730,9119,0,6000,3885,0,3280,2146
2,2025,'030389299',122,  ,KG,0,57859,37483,0,1169,1250,0,1600,1353,0,15613,10923,0,8126,3974,0,0,0,0,0,0,0,617,482,0,3530,2716,0,15218,13726,0,0,0,0,11986,3059,0,0,0
2,2025,'030389299',126,  ,KG,0,62926,11924,0,0,0,0,10428,2037,0,24996,4669,0,0,0,0,0,0,0,0,0,0,16013,2967,0,0,0,0,0,0,0,0,0,0,0,0,0,11489,2251
2,2025,'030389299',127,  ,KG,0,35060,30987,0,0,0,0,6187,5679,0,0,0,0,4800,4861,0,6262,5411,0,8553,5992,0,0,0,0,4271,4667,0,0,0,0,0,0,0,0,0,0,4987,4377
2,2025,'030389299',202,  ,KG,0,31280,16036,0,27680,15132,0,1000,527,0,0,0,0,0,0,0,2600,377,0,0,0,0,0,0,0,0,0,0,0,0,0,0,0,0,0,0,0,0,0
2,2025,'030389299',217,  ,KG,0,165480,83572,0,30000,16072,0,2000,1055,0,30000,15136,0,0,0,0,30000,14587,0,30000,14600,0,21090,10239,0,9000,4537,0,13390,7346,0,0,0,0,0,0,0,0,0
2,2025,'030389299',224,  ,KG,0,6173668,3484494,0,249200,148547,0,352523,174146,0,236284,132321,0,445857,230588,0,409020,215304,0,625398,357806,0,735034,398530,0,1489162,758515,0,502051,293364,0,274426,234178,0,308682,179619,0,546031,361576
2,2025,'030389299',302,  ,KG,0,431179,207375,0,22313,12216,0,44780,21398,0,20976,10296,0,57965,26892,0,62490,28761,0,0,0,0,68432,31902,0,64565,30623,0,0,0,0,68658,34507,0,0,0,0,21000,10780
2,2025,'030389299',304,  ,KG,0,27184419,11760995,0,346787,221024,0,156827,110609,0,213371,138595,0,2654315,1135051,0,2889991,1153919,0,3515849,1413193,0,1433357,648119,0,2945530,1246783,0,4710733,2031622,0,3739495,1655157,0,3327102,1428900,0,1251062,578023
2,2025,'030389299',406,  ,KG,0,96000,14996,0,0,0,0,0,0,0,0,0,0,0,0,0,0,0,0,0,0,0,0,0,0,0,0,0,0,0,0,0,0,0,0,0,0,96000,14996
2,2025,'030389299',407,  ,KG,0,20,782,0,0,0,0,0,0,0,0,0,0,0,0,0,0,0,0,0,0,0,0,0,0,0,0,0,0,0,0,0,0,0,0,0,0,20,782
2,2025,'030389299',409,  ,KG,0,301724,172059,0,0,0,0,22264,12871,0,0,0,0,0,0,0,0,0,0,0,0,0,0,0,0,214889,123521,0,47104,27096,0,17467,8571,0,0,0,0,0,0
2,2025,'030389299',412,  ,KG,0,119832,52097,0,0,0,0,1500,781,0,28378,9842,0,9530,5632,0,16290,7442,0,0,0,0,19635,8871,0,0,0,0,18419,5296,0,18170,8871,0,7910,5362,0,0,0
2,2025,'030389299',413,  ,KG,0,2700,2026,0,0,0,0,0,0,0,0,0,0,0,0,0,0,0,0,0,0,0,0,0,0,0,0,0,2700,2026,0,0,0,0,0,0,0,0,0
2,2025,'030389299',547,  ,KG,0,4395,4628,0,0,0,0,0,0,0,4395,4628,0,0,0,0,0,0,0,0,0,0,0,0,0,0,0,0,0,0,0,0,0,0,0,0,0,0,0
2,2025,'030389299',606,  ,KG,0,2603645,1270230,0,111590,70441,0,25674,13004,0,155331,56397,0,282619,126198,0,217998,89807,0,393654,190899,0,351318,184236,0,356394,159929,0,355481,189969,0,212552,99499,0,65142,31155,0,75892,58696
2,2025,'030389299',607,  ,KG,0,193454,112372,0,0,0,0,0,0,0,16200,6541,0,3058,1879,0,5104,4172,0,11968,1491,0,14212,11644,0,71940,38646,0,3016,1286,0,36534,29319,0,31422,17394,0,0,0
2,2025,'030389299',611,  ,KG,0,24210,7473,0,0,0,0,0,0,0,0,0,0,0,0,0,0,0,0,0,0,0,0,0,0,0,0,0,0,0,0,16361,4959,0,6946,2218,0,903,296
2,2025,'030391010',105,  ,KG,0,311,877,0,0,0,0,0,0,0,0,0,0,0,0,0,0,0,0,0,0,0,0,0,0,0,0,0,0,0,0,311,877,0,0,0,0,0,0
2,2025,'030391010',205,  ,KG,0,188712,133306,0,22000,13500,0,0,0,0,59360,41060,0,40300,26428,0,0,0,0,22560,17027,0,0,0,0,0,0,0,0,0,0,22400,17461,0,22092,17830,0,0,0
2,2025,'030391010',223,  ,KG,0,9082,17638,0,0,0,0,0,0,0,0,0,0,0,0,0,0,0,0,0,0,0,9082,17638,0,0,0,0,0,0,0,0,0,0,0,0,0,0,0
2,2025,'030391010',302,  ,KG,0,604212,1122069,0,396098,818574,0,0,0,0,0,0,0,0,0,0,0,0,0,0,0,0,3919,9061,0,0,0,0,0,0,0,0,0,0,45358,63611,0,158837,230823
2,2025,'030391020',201,  ,KG,0,38872,34951,0,0,0,0,0,0,0,0,0,0,0,0,0,0,0,0,22704,19529,0,16168,15422,0,0,0,0,0,0,0,0,0,0,0,0,0,0,0
2,2025,'030391020',224,  ,KG,0,21666884,16330554,0,99454,105312,0,125103,128873,0,188615,143144,0,3281123,2580801,0,7276508,5473583,0,6600022,4955606,0,2789359,1869984,0,526261,440480,0,281852,208930,0,195336,161973,0,171519,151051,0,131732,110817
2,2025,'030391020',304,  ,KG,0,20766988,17332719,0,284225,174065,0,70523,44840,0,89593,51085,0,2791731,2756203,0,5419426,4820278,0,6415173,5280989,0,4003507,2961316,0,1230940,794200,0,218844,212757,0,71914,80513,0,41757,42245,0,129355,114228
2,2025,'030391090',103,  ,KG,0,140,233,0,0,0,0,0,0,0,0,0,0,140,233,0,0,0,0,0,0,0,0,0,0,0,0,0,0,0,0,0,0,0,0,0,0,0,0
2,2025,'030391090',111,  ,KG,0,1512,1500,0,0,0,0,0,0,0,0,0,0,0,0,0,0,0,0,0,0,0,504,533,0,0,0,0,0,0,0,0,0,0,1008,967,0,0,0
2,2025,'030391090',201,  ,KG,0,492074,458070,0,44000,45297,0,24375,22127,0,117660,105918,0,24375,21476,0,152560,143845,0,86864,82445,0,0,0,0,0,0,0,0,0,0,42240,36962,0,0,0,0,0,0
2,2025,'030391090',202,  ,KG,0,394475,304617,0,135600,94634,0,91000,73580,0,0,0,0,0,0,0,22000,15346,0,95000,76620,0,50470,43720,0,0,0,0,405,717,0,0,0,0,0,0,0,0,0
2,2025,'030391090',204,  ,KG,0,207101,927794,0,0,0,0,113153,505664,0,67865,303013,0,0,0,0,19405,88408,0,6650,30389,0,0,0,0,0,0,0,0,0,0,0,0,0,0,0,0,28,320
2,2025,'030391090',218,  ,KG,0,1799,5854,0,0,0,0,0,0,0,0,0,0,0,0,0,0,0,0,0,0,0,0,0,0,1799,5854,0,0,0,0,0,0,0,0,0,0,0,0
2,2025,'030391090',222,  ,KG,0,27337,134701,0,0,0,0,0,0,0,0,0,0,0,0,0,0,0,0,9390,42905,0,0,0,0,0,0,0,0,0,0,0,0,0,17947,91796,0,0,0
2,2025,'030391090',224,  ,KG,0,1315116,8562014,0,24720,8780,0,54022,87895,0,0,0,0,0,0,0,0,0,0,0,0,0,0,0,0,9525,2823,0,0,0,0,422711,2562060,0,237880,2030239,0,566258,3870217
2,2025,'030391090',234,  ,KG,0,59328,66205,0,0,0,0,8291,12747,0,0,0,0,0,0,0,0,0,0,0,0,0,8966,12537,0,0,0,0,0,0,0,0,0,0,42071,40921,0,0,0
2,2025,'030391090',302,  ,KG,0,315309,1263706,0,94166,478993,0,23214,85659,0,0,0,0,9265,42320,0,3076,2773,0,0,0,0,11700,46834,0,8379,27342,0,6048,3935,0,80725,241168,0,17568,39698,0,61168,294984
2,2025,'030391090',304,  ,KG,0,11813277,50048638,0,303083,1213061,0,30180,183943,0,100728,149999,0,230209,216330,0,170273,211883,0,68055,75580,0,15725,18191,0,506992,2627181,0,2661466,9579776,0,4117547,18727356,0,2258380,11041475,0,1350639,6003863
2,2025,'030391090',407,  ,KG,0,64500,166586,0,0,0,0,0,0,0,43000,104371,0,0,0,0,0,0,0,21500,62215,0,0,0,0,0,0,0,0,0,0,0,0,0,0,0,0,0,0
2,2025,'030391090',409,  ,KG,0,212827,192976,0,0,0,0,0,0,0,0,0,0,86558,96016,0,46211,37398,0,37655,48368,0,0,0,0,0,0,0,39400,8744,0,3003,2450,0,0,0,0,0,0
2,2025,'030391090',413,  ,KG,0,192162,520213,0,100688,230989,0,0,0,0,0,0,0,14416,33726,0,0,0,0,0,0,0,0,0,0,182,692,0,101,484,0,58778,214294,0,17943,39662,0,54,366
2,2025,'030391090',601,  ,KG,0,9220,45959,0,0,0,0,0,0,0,0,0,0,0,0,0,0,0,0,0,0,0,1000,4418,0,2200,9556,0,2570,12153,0,0,0,0,3450,19832,0,0,0
2,2025,'030391090',606,  ,KG,0,100,224,0,0,0,0,0,0,0,0,0,0,0,0,0,0,0,0,0,0,0,0,0,0,0,0,0,100,224,0,0,0,0,0,0,0,0,0
2,2025,'030392000',105,  ,KG,0,47997,698836,0,9298,149446,0,0,0,0,5400,74583,0,6998,97057,0,7351,91392,0,0,0,0,0,0,0,750,17783,0,0,0,0,7470,119903,0,1000,15405,0,9730,133267
2,2025,'030392000',106,  ,KG,0,10890,29364,0,0,0,0,0,0,0,0,0,0,0,0,0,0,0,0,0,0,0,0,0,0,0,0,0,0,0,0,0,0,0,10890,29364,0,0,0
2,2025,'030392000',112,  ,KG,0,37154,114036,0,0,0,0,10600,32941,0,0,0,0,0,0,0,10600,31772,0,0,0,0,0,0,0,0,0,0,36,534,0,0,0,0,15700,45974,0,218,2815
2,2025,'030392000',118,  ,KG,0,6090,85454,0,242,11984,0,332,4572,0,1762,18250,0,0,0,0,0,0,0,960,8645,0,1200,10530,0,498,9566,0,795,13629,0,0,0,0,301,8278,0,0,0
2,2025,'030392000',218,  ,KG,0,92400,245940,0,10883,31665,0,0,0,0,11886,45225,0,0,0,0,0,0,0,836,10824,0,21077,24799,0,12474,58682,0,0,0,0,34339,61836,0,669,9604,0,236,3305
2,2025,'030392000',550,  ,KG,0,42200,133763,0,0,0,0,0,0,0,0,0,0,0,0,0,4000,18219,0,0,0,0,12000,21351,0,10000,30776,0,0,0,0,16200,63417,0,0,0,0,0,0
2,2025,'030399100',103,  ,KG,0,1720,2624,0,200,283,0,280,466,0,0,0,0,0,0,0,0,0,0,180,299,0,0,0,0,0,0,0,200,333,0,180,299,0,680,944,0,0,0
2,2025,'030399100',105,  ,KG,0,20300,22240,0,0,0,0,0,0,0,0,0,0,20000,21975,0,0,0,0,0,0,0,0,0,0,300,265,0,0,0,0,0,0,0,0,0,0,0,0
2,2025,'030399100',110,  ,KG,0,22780,18374,0,640,1937,0,1400,1760,0,0,0,0,680,1691,0,6000,3936,0,0,0,0,960,577,0,0,0,0,0,0,0,6000,4137,0,0,0,0,7100,4336
2,2025,'030399100',111,  ,KG,0,67650,167070,0,21332,60504,0,0,0,0,0,0,0,9320,23184,0,5000,8549,0,11998,28952,0,10000,19102,0,0,0,0,0,0,0,0,0,0,10000,26779,0,0,0
2,2025,'030399100',117,  ,KG,0,11770,25474,0,3000,6642,0,3000,6489,0,770,1569,0,0,0,0,0,0,0,0,0,0,0,0,0,0,0,0,0,0,0,5000,10774,0,0,0,0,0,0
2,2025,'030399100',118,  ,KG,0,14724,10192,0,324,716,0,900,2090,0,1000,2352,0,0,0,0,0,0,0,500,1085,0,0,0,0,12000,3949,0,0,0,0,0,0,0,0,0,0,0,0
2,2025,'030399100',126,  ,KG,0,1640,4270,0,0,0,0,0,0,0,0,0,0,0,0,0,1640,4270,0,0,0,0,0,0,0,0,0,0,0,0,0,0,0,0,0,0,0,0,0
2,2025,'030399100',217,  ,KG,0,140,409,0,0,0,0,0,0,0,0,0,0,0,0,0,0,0,0,0,0,0,0,0,0,0,0,0,0,0,0,0,0,0,140,409,0,0,0
2,2025,'030399100',218,  ,KG,0,642,1076,0,287,359,0,176,202,0,0,0,0,0,0,0,0,0,0,0,0,0,0,0,0,104,305,0,75,210,0,0,0,0,0,0,0,0,0
2,2025,'030399100',221,  ,KG,0,1656,4664,0,303,800,0,509,1258,0,0,0,0,0,0,0,0,0,0,0,0,0,0,0,0,0,0,0,0,0,0,0,0,0,0,0,0,844,2606
2,2025,'030399100',224,  ,KG,0,91192,69486,0,19985,13058,0,0,0,0,14800,19198,0,12036,3752,0,0,0,0,12497,8917,0,12850,17090,0,17045,4622,0,0,0,0,0,0,0,440,977,0,1539,1872
2,2025,'030399100',234,  ,KG,0,1686,2518,0,0,0,0,0,0,0,0,0,0,1078,2244,0,608,274,0,0,0,0,0,0,0,0,0,0,0,0,0,0,0,0,0,0,0,0,0
2,2025,'030399100',241,  ,KG,0,778,1756,0,0,0,0,0,0,0,0,0,0,0,0,0,778,1756,0,0,0,0,0,0,0,0,0,0,0,0,0,0,0,0,0,0,0,0,0
2,2025,'030399100',304,  ,KG,0,822377,462544,0,83039,39148,0,22772,13819,0,53148,22501,0,65375,29938,0,65270,29723,0,19550,15489,0,115149,82823,0,40416,15803,0,54033,32419,0,65325,32027,0,140965,84545,0,97335,64309
2,2025,'030399100',501,  ,KG,0,669,446,0,0,0,0,0,0,0,0,0,0,331,223,0,338,223,0,0,0,0,0,0,0,0,0,0,0,0,0,0,0,0,0,0,0,0,0
2,2025,'030399919',103,  ,KG,0,19056,6557,0,372,381,0,7230,1596,0,360,226,0,0,0,0,0,0,0,0,0,0,0,0,0,0,0,0,910,404,0,9380,3490,0,420,239,0,384,221
2,2025,'030399993',118,  ,KG,0,56,472,0,0,0,0,0,0,0,0,0,0,0,0,0,0,0,0,56,472,0,0,0,0,0,0,0,0,0,0,0,0,0,0,0,0,0,0
2,2025,'030399993',550,  ,KG,0,17900,50863,0,0,0,0,0,0,0,0,0,0,0,0,0,7500,21970,0,0,0,0,0,0,0,0,0,0,0,0,0,10400,28893,0,0,0,0,0,0
2,2025,'030399999',103,  ,KG,0,39384,19521,0,3120,1986,0,5880,958,0,0,0,0,7604,3809,0,2756,1660,0,509,422,0,2004,1194,0,1920,1216,0,2004,1187,0,3539,1618,0,5056,2338,0,4992,3133
2,2025,'030399999',105,  ,KG,0,134876,56965,0,13730,8798,0,1540,975,0,0,0,0,9598,3270,0,24000,5123,0,850,590,0,25968,3822,0,28424,12894,0,10690,9147,0,2019,885,0,12950,7789,0,5107,3672
2,2025,'030399999',106,  ,KG,0,8000,2863,0,0,0,0,0,0,0,0,0,0,0,0,0,0,0,0,3000,683,0,0,0,0,5000,2180,0,0,0,0,0,0,0,0,0,0,0,0
2,2025,'030399999',110,  ,KG,0,477128,71047,0,72000,9313,0,72000,9152,0,72000,9003,0,24000,2998,0,27125,3762,0,24000,2894,0,34475,5687,0,24000,3045,0,46128,13107,0,24000,3060,0,24000,3156,0,33400,5870
2,2025,'030399999',111,  ,KG,0,1430,240,0,0,0,0,0,0,0,0,0,0,0,0,0,0,0,0,0,0,0,0,0,0,1430,240,0,0,0,0,0,0,0,0,0,0,0,0
2,2025,'030399999',204,  ,KG,0,26232,22685,0,240,519,0,8370,7470,0,444,494,0,240,426,0,3300,5096,0,870,1046,0,0,0,0,1920,3804,0,960,1586,0,9888,2244,0,0,0,0,0,0
2,2025,'030399999',205,  ,KG,0,33129,32712,0,0,0,0,33129,32712,0,0,0,0,0,0,0,0,0,0,0,0,0,0,0,0,0,0,0,0,0,0,0,0,0,0,0,0,0,0
2,2025,'030399999',210,  ,KG,0,86898,75095,0,1367,902,0,20711,18299,0,0,0,0,15366,10473,0,12604,8685,0,0,0,0,0,0,0,0,0,0,20159,20044,0,16691,16692,0,0,0,0,0,0
2,2025,'030399999',217,  ,KG,0,14027,38871,0,0,0,0,0,0,0,0,0,0,7487,19863,0,0,0,0,0,0,0,0,0,0,0,0,0,0,0,0,0,0,0,6540,19008,0,0,0
2,2025,'030399999',218,  ,KG,0,97174,121489,0,20709,23809,0,17469,17963,0,19835,12422,0,12836,16959,0,9435,8230,0,0,0,0,3775,2769,0,7511,23405,0,5519,15496,0,0,0,0,0,0,0,85,436
2,2025,'030399999',220,  ,KG,0,53983,40167,0,9544,6223,0,23436,20255,0,0,0,0,21003,13689,0,0,0,0,0,0,0,0,0,0,0,0,0,0,0,0,0,0,0,0,0,0,0,0
2,2025,'030399999',221,  ,KG,0,243895,618742,0,109139,281953,0,71408,166149,0,17739,38707,0,1585,4474,0,1981,5220,0,0,0,0,11380,30050,0,4480,12279,0,3328,9350,0,0,0,0,0,0,0,22855,70560
2,2025,'030399999',224,  ,KG,0,21566,13506,0,832,450,0,0,0,0,1656,642,0,1044,408,0,0,0,0,512,277,0,0,0,0,1494,653,0,2212,1018,0,1681,906,0,5840,4257,0,6295,4895
2,2025,'030399999',229,  ,KG,0,4437,2703,0,0,0,0,0,0,0,0,0,0,0,0,0,4437,2703,0,0,0,0,0,0,0,0,0,0,0,0,0,0,0,0,0,0,0,0,0
2,2025,'030399999',234,  ,KG,0,281615,457085,0,0,0,0,0,0,0,0,0,0,126176,227906,0,84151,105187,0,63046,108713,0,0,0,0,0,0,0,8242,15279,0,0,0,0,0,0,0,0,0
2,2025,'030399999',241,  ,KG,0,73898,131904,0,0,0,0,0,0,0,0,0,0,23850,17695,0,31635,70967,0,13040,30304,0,0,0,0,1395,3286,0,3978,9652,0,0,0,0,0,0,0,0,0
2,2025,'030399999',302,  ,KG,0,14448,16723,0,0,0,0,0,0,0,2538,2169,0,4831,3577,0,350,800,0,740,1694,0,1574,937,0,1600,3686,0,380,890,0,0,0,0,1895,1687,0,540,1283
2,2025,'030399999',304,  ,KG,0,91782,49947,0,4547,2111,0,17729,9281,0,3600,2120,0,500,260,0,1714,1238,0,2992,1695,0,7604,4330,0,11457,5934,0,5001,3356,0,13978,8482,0,14162,7154,0,8498,3986
2,2025,'030399999',407,  ,KG,0,39475,13098,0,0,0,0,0,0,0,0,0,0,10925,3684,0,10225,3326,0,0,0,0,0,0,0,11275,3734,0,0,0,0,7050,2354,0,0,0,0,0,0
2,2025,'030399999',409,  ,KG,0,1237362,651513,0,152970,82504,0,84676,40326,0,143420,69247,0,89042,50091,0,155851,69711,0,120210,60193,0,46435,25658,0,97406,59944,0,100673,57646,0,38408,21429,0,72157,46270,0,136114,68494
2,2025,'030399999',410,  ,KG,0,472507,40076,0,0,0,0,48024,4450,0,0,0,0,51382,4559,0,51386,4408,0,50964,4340,0,98622,7499,0,48000,3191,0,24897,2741,0,49558,4378,0,49674,4510,0,0,0
2,2025,'030399999',501,  ,KG,0,144708,149303,0,16759,17322,0,14889,16620,0,0,0,0,14419,16211,0,23256,25779,0,0,0,0,0,0,0,0,0,0,0,0,0,0,0,0,18586,16957,0,56799,56414
2,2025,'030399999',504,  ,KG,0,70801,187193,0,5899,14770,0,13856,35503,0,13313,36244,0,9199,23357,0,0,0,0,6275,16132,0,13979,35288,0,0,0,0,0,0,0,0,0,0,0,0,0,8280,25899
2,2025,'030399999',505,  ,KG,0,8487,22248,0,0,0,0,0,0,0,0,0,0,0,0,0,0,0,0,0,0,0,7983,21077,0,0,0,0,0,0,0,504,1171,0,0,0,0,0,0
2,2025,'030399999',537,  ,KG,0,195324,222872,0,16833,10041,0,0,0,0,0,0,0,0,0,0,0,0,0,100354,111698,0,0,0,0,0,0,0,0,0,0,0,0,0,0,0,0,78137,101133
2,2025,'030399999',551,  ,KG,0,469,6587,0,0,0,0,0,0,0,0,0,0,0,0,0,0,0,0,106,1445,0,0,0,0,0,0,0,0,0,0,0,0,0,363,5142,0,0,0
2,2025,'030399999',601,  ,KG,0,47416,48459,0,8381,7948,0,0,0,0,0,0,0,0,0,0,0,0,0,0,0,0,4032,3867,0,0,0,0,15060,16661,0,19943,19983,0,0,0,0,0,0
2,2025,'030399999',606,  ,KG,0,14136,3963,0,0,0,0,8000,2200,0,0,0,0,0,0,0,0,0,0,0,0,0,0,0,0,0,0,0,1000,515,0,5136,1248,0,0,0,0,0,0
2,2025,'030399999',611,  ,KG,0,1000,209,0,0,0,0,0,0,0,0,0,0,0,0,0,1000,209,0,0,0,0,0,0,0,0,0,0,0,0,0,0,0,0,0,0,0,0,0
2,2025,'030399999',617,  ,KG,0,4000,945,0,0,0,0,0,0,0,0,0,0,0,0,0,0,0,0,0,0,0,0,0,0,4000,945,0,0,0,0,0,0,0,0,0,0,0,0
2,2025,'030399999',624,  ,KG,0,1000,225,0,0,0,0,1000,225,0,0,0,0,0,0,0,0,0,0,0,0,0,0,0,0,0,0,0,0,0,0,0,0,0,0,0,0,0,0
2,2025,'030399999',626,  ,KG,0,5810,1423,0,0,0,0,0,0,0,0,0,0,0,0,0,0,0,0,0,0,0,0,0,0,0,0,0,0,0,0,0,0,0,3000,722,0,2810,701
2,2025,'030439000',110,  ,KG,0,15000,8533,0,1500,888,0,1500,878,0,0,0,0,2500,1401,0,1500,811,0,500,308,0,1000,544,0,1500,826,0,1000,554,0,0,0,0,1000,569,0,3000,1754
2,2025,'030441000',202,  ,KG,0,14951828,33995469,0,1138910,2822824,0,1043575,2524108,0,1005160,2429826,0,1106377,2623047,0,1026841,2346722,0,981990,2291634,0,1123166,2319058,0,1564214,3061334,0,1242915,2654764,0,1323873,2904750,0,1251231,2833850,0,2143576,5183552
2,2025,'030441000',409,  ,KG,0,3287029,6908259,0,231677,530688,0,222218,505828,0,238982,527947,0,277468,592358,0,234615,486849,0,224976,455575,0,220494,448041,0,269922,542640,0,223601,452288,0,257567,524765,0,298688,615452,0,586821,1225828
2,2025,'030441000',601,  ,KG,0,238470,516598,0,20519,44587,0,13898,29907,0,10121,22164,0,10648,23178,0,10869,23583,0,17387,37638,0,20808,45029,0,24731,53576,0,19598,42404,0,23592,51001,0,30130,65058,0,36169,78473
2,2025,'030442000',111,  ,KG,0,7103,2100,0,0,0,0,0,0,0,0,0,0,0,0,0,0,0,0,0,0,0,0,0,0,0,0,0,0,0,0,0,0,0,7103,2100,0,0,0
2,2025,'030442000',202,  ,KG,0,1425097,3037745,0,70564,154492,0,155883,333016,0,126950,271454,0,159026,339264,0,152338,324388,0,136090,290617,0,93175,195380,0,112865,232703,0,85336,182015,0,91213,194925,0,88987,190626,0,152670,328865
2,2025,'030448000',103,  ,KG,0,120,580,0,0,0,0,0,0,0,60,319,0,0,0,0,0,0,0,0,0,0,0,0,0,0,0,0,0,0,0,0,0,0,60,261,0,0,0
2,2025,'030449210',218,  ,KG,0,47,262,0,0,0,0,0,0,0,0,0,0,0,0,0,0,0,0,0,0,0,0,0,0,0,0,0,0,0,0,0,0,0,0,0,0,47,262
2,2025,'030449220',118,  ,KG,0,270,216,0,0,0,0,270,216,0,0,0,0,0,0,0,0,0,0,0,0,0,0,0,0,0,0,0,0,0,0,0,0,0,0,0,0,0,0
2,2025,'030449290',110,  ,KG,0,343740,425661,0,28420,37925,0,29840,38619,0,38090,47829,0,35400,43669,0,28940,35537,0,27460,33925,0,28320,33345,0,26400,31501,0,23950,28734,0,25250,30338,0,24930,30647,0,26740,33592
2,2025,'030449290',117,  ,KG,0,4590,15132,0,460,1518,0,290,957,0,280,924,0,515,1698,0,275,907,0,260,856,0,365,1202,0,560,1847,0,260,856,0,330,1087,0,270,889,0,725,2391
2,2025,'030449290',118,  ,KG,0,507033,998946,0,50818,101330,0,43216,85271,0,47804,93774,0,50238,97627,0,36685,72008,0,25359,49908,0,33051,64248,0,40170,78770,0,36355,71195,0,45379,88978,0,38478,75972,0,59480,119865
2,2025,'030459299',103,  ,KG,0,218132,384268,0,23358,46132,0,16081,30033,0,13585,24609,0,14631,25047,0,13519,23305,0,15367,25806,0,19963,34000,0,20335,35308,0,25596,45868,0,17841,29920,0,18797,31313,0,19059,32927
2,2025,'030459299',118,  ,KG,0,254,686,0,0,0,0,0,0,0,0,0,0,0,0,0,0,0,0,0,0,0,254,686,0,0,0,0,0,0,0,0,0,0,0,0,0,0,0
2,2025,'030461000',106,  ,KG,0,53569,98736,0,10350,19536,0,0,0,0,3000,3912,0,3451,8277,0,5778,11945,0,6140,10583,0,5250,11394,0,0,0,0,6730,11927,0,0,0,0,3480,7944,0,9390,13218
2,2025,'030461000',110,  ,KG,0,38771,34974,0,905,563,0,500,323,0,3304,2094,0,1000,500,0,2105,1154,0,2590,1469,0,6604,5350,0,675,330,0,1456,821,0,5444,3030,0,4574,2864,0,9614,16476
2,2025,'030462000',110,  ,KG,0,12207205,5667107,0,734349,353224,0,633438,297605,0,734543,348335,0,970737,442799,0,1073218,471357,0,1154134,529787,0,1354354,610421,0,985351,468668,0,1132375,521759,0,1192395,542712,0,1014258,484705,0,1228053,595735
2,2025,'030462000',127,  ,KG,0,300,271,0,0,0,0,0,0,0,0,0,0,0,0,0,0,0,0,0,0,0,0,0,0,0,0,0,0,0,0,0,0,0,0,0,0,300,271
2,2025,'030463000',543,  ,KG,0,191700,220248,0,24000,26853,0,24000,26712,0,0,0,0,0,0,0,24000,24581,0,0,0,0,0,0,0,0,0,0,48000,54347,0,23700,29770,0,24000,26605,0,24000,31380
2,2025,'030469000',105,  ,KG,0,22422,18534,0,0,0,0,0,0,0,0,0,0,0,0,0,979,875,0,0,0,0,2937,2508,0,0,0,0,9400,7067,0,0,0,0,9106,8084,0,0,0
2,2025,'030469000',110,  ,KG,0,21054,12776,0,2176,1069,0,2000,1155,0,0,0,0,3462,1761,0,1004,458,0,800,1147,0,3124,1388,0,900,852,0,1500,865,0,2044,1960,0,1000,561,0,3044,1560
2,2025,'030469000',127,  ,KG,0,300,248,0,0,0,0,0,0,0,0,0,0,0,0,0,0,0,0,0,0,0,0,0,0,0,0,0,0,0,0,0,0,0,0,0,0,300,248
2,2025,'030471000',103,  ,KG,0,20784,31449,0,2883,3482,0,360,642,0,1230,2038,0,1282,2096,0,1230,1950,0,732,1153,0,1669,2544,0,1255,1929,0,1748,2613,0,2270,3258,0,1323,2232,0,4802,7512
2,2025,'030471000',105,  ,KG,0,14677,17310,0,1824,2291,0,0,0,0,3648,4311,0,1295,1545,0,7910,9163,0,0,0,0,0,0,0,0,0,0,0,0,0,0,0,0,0,0,0,0,0
2,2025,'030471000',202,  ,KG,0,2750,5424,0,0,0,0,0,0,0,0,0,0,600,1079,0,0,0,0,350,886,0,0,0,0,600,1137,0,600,1148,0,600,1174,0,0,0,0,0,0
2,2025,'030471000',224,  ,KG,0,149552,130932,0,22600,20074,0,10708,9447,0,17456,13805,0,23180,17616,0,6732,6237,0,0,0,0,15024,14025,0,21504,19468,0,420,631,0,18928,17900,0,13000,11729,0,0,0
2,2025,'030471000',304,  ,KG,0,76975,89168,0,8975,10056,0,19286,18708,0,8219,8466,0,7387,9687,0,5882,6613,0,2920,3473,0,3560,4600,0,3981,5156,0,3229,4190,0,560,742,0,7370,9860,0,5606,7617
2,2025,'030472000',201,  ,KG,0,2043,3503,0,0,0,0,0,0,0,0,0,0,0,0,0,2043,3503,0,0,0,0,0,0,0,0,0,0,0,0,0,0,0,0,0,0,0,0,0
2,2025,'030473000',202,  ,KG,0,508743,427514,0,63245,48188,0,43596,35733,0,37579,30844,0,55220,46625,0,22246,19125,0,47035,39846,0,46842,36134,0,38372,33976,0,47519,39891,0,26339,23175,0,38280,34478,0,42470,39499
2,2025,'030473000',224,  ,KG,0,4604,4452,0,0,0,0,0,0,0,0,0,0,0,0,0,0,0,0,0,0,0,0,0,0,0,0,0,0,0,0,0,0,0,0,0,0,4604,4452
2,2025,'030474100',103,  ,KG,0,27164,22969,0,0,0,0,0,0,0,0,0,0,0,0,0,0,0,0,0,0,0,10662,8721,0,0,0,0,14527,12378,0,0,0,0,0,0,0,1975,1870
2,2025,'030474100',105,  ,KG,0,430880,338624,0,46520,35102,0,17894,16445,0,44291,34545,0,27526,24244,0,46856,35205,0,18627,14381,0,66160,50085,0,20370,14799,0,50767,42279,0,23676,16954,0,30404,23421,0,37789,31164
2,2025,'030474100',302,  ,KG,0,187096,162850,0,33148,26489,0,6161,4946,0,24626,21289,0,21612,18349,0,3468,2496,0,24223,20306,0,10220,8746,0,6271,5446,0,21080,18066,0,2844,2452,0,8047,11411,0,25396,22854
2,2025,'030474100',305,  ,KG,0,1561075,1131630,0,80617,60304,0,48536,34494,0,101662,71920,0,191696,132304,0,216578,149981,0,201357,145574,0,97302,67896,0,115730,82388,0,145792,108541,0,148608,110358,0,110108,85098,0,103089,82772
2,2025,'030474100',412,  ,KG,0,70801,60898,0,10040,10165,0,0,0,0,15347,13334,0,21236,18090,0,0,0,0,8239,6738,0,11081,8705,0,0,0,0,0,0,0,0,0,0,600,368,0,4258,3498
2,2025,'030474100',413,  ,KG,0,358245,321182,0,40080,38199,0,23555,22624,0,16386,14941,0,35779,31023,0,50493,42783,0,19340,16235,0,28053,25670,0,28367,23979,0,33508,29497,0,9896,9328,0,30221,27707,0,42567,39196
2,2025,'030474100',606,  ,KG,0,24670,15086,0,0,0,0,0,0,0,0,0,0,0,0,0,0,0,0,0,0,0,0,0,0,0,0,0,7348,4926,0,0,0,0,8998,5087,0,8324,5073
2,2025,'030474100',611,  ,KG,0,14743,14292,0,0,0,0,0,0,0,0,0,0,0,0,0,0,0,0,0,0,0,0,0,0,0,0,0,0,0,0,4612,4613,0,10131,9679,0,0,0
2,2025,'030475000',105,  ,KG,0,374458,241249,0,52422,32211,0,5000,2767,0,33466,21127,0,37232,25924,0,43126,26960,0,12445,7095,0,29930,17965,0,17000,9907,0,28528,18298,0,16323,11289,0,41340,27305,0,57646,40401
2,2025,'030475000',110,  ,KG,0,8000,5364,0,0,0,0,0,0,0,0,0,0,0,0,0,0,0,0,0,0,0,0,0,0,0,0,0,8000,5364,0,0,0,0,0,0,0,0,0
2,2025,'030475000',210,  ,KG,0,887,1635,0,887,1635,0,0,0,0,0,0,0,0,0,0,0,0,0,0,0,0,0,0,0,0,0,0,0,0,0,0,0,0,0,0,0,0,0
2,2025,'030475000',224,  ,KG,0,5583536,2984569,0,472758,261558,0,230413,128316,0,374524,198561,0,637942,323240,0,453291,226307,0,608400,312587,0,463335,246889,0,404937,213364,0,404601,226500,0,577190,307824,0,387445,211944,0,568700,327479
2,2025,'030475000',304,  ,KG,0,4845999,2788115,0,372852,217956,0,147981,93889,0,278220,164379,0,467935,276771,0,772004,431089,0,325924,169147,0,268368,143815,0,278225,144319,0,524956,315031,0,537566,319758,0,629763,359673,0,242205,152288
2,2025,'030479100',224,  ,KG,0,88330,34124,0,0,0,0,0,0,0,0,0,0,15600,6682,0,12130,5024,0,0,0,0,21000,7756,0,0,0,0,0,0,0,20400,7545,0,19200,7117,0,0,0
2,2025,'030479100',304,  ,KG,0,3400,1354,0,2600,1054,0,0,0,0,0,0,0,0,0,0,0,0,0,800,300,0,0,0,0,0,0,0,0,0,0,0,0,0,0,0,0,0,0
2,2025,'030479200',105,  ,KG,0,191229,155523,0,3280,1945,0,22227,19767,0,8577,7694,0,68274,56006,0,12206,8735,0,5318,5446,0,24668,18737,0,0,0,0,5828,4183,0,6902,7493,0,4400,2540,0,29549,22977
2,2025,'030479200',218,  ,KG,0,26220,23385,0,4164,3748,0,0,0,0,0,0,0,8448,7382,0,0,0,0,9072,7899,0,0,0,0,4536,4356,0,0,0,0,0,0,0,0,0,0,0,0
2,2025,'030479200',224,  ,KG,0,19287,11801,0,0,0,0,0,0,0,0,0,0,0,0,0,2592,1539,0,0,0,0,2880,1698,0,2881,1733,0,0,0,0,1718,1043,0,2880,1778,0,6336,4010
2,2025,'030479200',409,  ,KG,0,303439,182194,0,0,0,0,0,0,0,0,0,0,14470,10753,0,0,0,0,20400,10256,0,38800,21285,0,38644,19358,0,93080,62479,0,93774,54103,0,4271,3960,0,0,0
2,2025,'030479200',413,  ,KG,0,188167,139951,0,6393,5296,0,289,254,0,1786,1538,0,26232,21933,0,13267,9992,0,516,427,0,29349,23362,0,31538,21525,0,23070,15166,0,26016,19290,0,25355,17421,0,4356,3747
2,2025,'030479200',601,  ,KG,0,811327,658539,0,0,0,0,40759,29381,0,14531,12575,0,53138,39560,0,61634,46808,0,57352,45010,0,33355,28103,0,21250,19348,0,123014,95450,0,186596,152778,0,51403,46380,0,168295,143146
2,2025,'030479200',606,  ,KG,0,5241790,4575260,0,535007,495752,0,281225,259146,0,300199,262376,0,382366,330220,0,463700,395669,0,519203,429603,0,433177,380365,0,305125,269148,0,506058,439687,0,519371,439624,0,523698,444980,0,472661,428690
2,2025,'030481000',105,  ,KG,0,38884,53208,0,0,0,0,9662,13358,0,0,0,0,5280,6999,0,2702,3423,0,0,0,0,0,0,0,5568,7379,0,3360,4419,0,4560,5972,0,3432,5113,0,4320,6545
2,2025,'030481000',110,  ,KG,0,51606,74281,0,10128,21830,0,0,0,0,0,0,0,1250,1309,0,0,0,0,1040,1781,0,0,0,0,300,552,0,14638,21474,0,23350,26300,0,900,1035,0,0,0
2,2025,'030481000',111,  ,KG,0,840272,2379183,0,50505,150339,0,94420,279370,0,75949,221341,0,66494,189691,0,65124,183267,0,77739,216701,0,43359,112821,0,64651,167583,0,83021,219682,0,43836,123188,0,109792,321066,0,65382,194134
2,2025,'030481000',202,  ,KG,0,1332561,3336520,0,47477,143965,0,24963,66136,0,20978,55587,0,56458,141364,0,59071,131132,0,137286,333098,0,91474,237454,0,156745,385406,0,108842,278724,0,182635,482596,0,298022,751720,0,148610,329338
2,2025,'030481000',222,  ,KG,0,84,840,0,0,0,0,0,0,0,0,0,0,0,0,0,84,840,0,0,0,0,0,0,0,0,0,0,0,0,0,0,0,0,0,0,0,0,0
2,2025,'030481000',224,  ,KG,0,1992535,2243427,0,241799,234502,0,144233,140411,0,121749,143777,0,165904,166886,0,219915,238111,0,239647,274639,0,179348,206648,0,143422,172402,0,121004,136750,0,124853,168710,0,141059,186529,0,149602,174062
2,2025,'030481000',302,  ,KG,0,265753,272934,0,1519,2623,0,13400,13508,0,21500,17438,0,0,0,0,51707,46534,0,29017,34665,0,22750,23810,0,11653,13473,0,11550,13143,0,27583,28550,0,28143,28895,0,46931,50295
2,2025,'030481000',304,  ,KG,0,2610010,2726682,0,208528,217323,0,146648,142851,0,126571,122356,0,178287,196968,0,219638,212588,0,322026,324002,0,217822,241788,0,205702,217775,0,172719,182320,0,273552,290837,0,207672,225471,0,330845,352403
2,2025,'030481000',409,  ,KG,0,26548223,44335211,0,4130077,6536808,0,3219734,5061315,0,2491164,3910092,0,2568427,3966898,0,2259659,3739927,0,1250681,2129046,0,1400260,2480262,0,1260480,2472740,0,1343546,2442998,0,2266744,3924060,0,1880742,3247216,0,2476709,4423849
2,2025,'030481000',606,  ,KG,0,4001,15406,0,0,0,0,0,0,0,0,0,0,0,0,0,0,0,0,0,0,0,4001,15406,0,0,0,0,0,0,0,0,0,0,0,0,0,0,0
2,2025,'030482000',105,  ,KG,0,220,507,0,0,0,0,0,0,0,220,507,0,0,0,0,0,0,0,0,0,0,0,0,0,0,0,0,0,0,0,0,0,0,0,0,0,0,0
2,2025,'030482000',110,  ,KG,0,15108,35519,0,2125,4877,0,995,2607,0,750,1527,0,2468,4374,0,0,0,0,1260,3563,0,1483,2692,0,0,0,0,981,2938,0,1019,2385,0,517,1423,0,3510,9133
2,2025,'030482000',111,  ,KG,0,17827,54062,0,1488,3796,0,5354,17802,0,1836,5386,0,4152,10907,0,2263,6714,0,1867,6459,0,787,2722,0,0,0,0,80,276,0,0,0,0,0,0,0,0,0
2,2025,'030482000',202,  ,KG,0,1095367,2639063,0,149055,352654,0,49519,142992,0,70704,184674,0,59869,154397,0,69591,163583,0,77402,189040,0,129627,311199,0,78796,192786,0,97615,241331,0,55882,131498,0,132598,283541,0,124709,291368
2,2025,'030482000',204,  ,KG,0,291304,636379,0,11079,27128,0,12266,27555,0,24943,55963,0,12987,28581,0,28307,58475,0,28784,63080,0,45573,98570,0,35764,77169,0,26891,56579,0,21563,50817,0,22143,47346,0,21004,45116
2,2025,'030482000',234,  ,KG,0,2252839,5335227,0,210504,463724,0,191782,465089,0,194119,457841,0,306175,723683,0,191777,421406,0,149048,361046,0,170660,387473,0,123771,322280,0,171762,365864,0,168276,426581,0,121843,312177,0,253122,628063
2,2025,'030482000',407,  ,KG,0,1789182,3403742,0,213959,435271,0,170835,333687,0,171684,336394,0,134222,233754,0,154386,259228,0,154320,277345,0,151506,287422,0,191179,364433,0,99305,199411,0,172899,338121,0,40000,82676,0,134887,256000
2,2025,'030482000',409,  ,KG,0,15605504,30104823,0,947746,1972763,0,912812,1939643,0,1153344,2212335,0,1530249,2846875,0,1512240,2854989,0,1388163,2571715,0,1365585,2655710,0,1310846,2480537,0,1348553,2633429,0,2420727,4373884,0,689218,1402633,0,1026021,2160310
2,2025,'030482000',413,  ,KG,0,976004,1885113,0,45986,73291,0,51370,112555,0,15760,30121,0,58544,112372,0,57503,110501,0,117842,230825,0,96624,186165,0,77444,153650,0,57454,113204,0,75595,150690,0,84796,175656,0,237086,436083
2,2025,'030483000',103,  ,KG,0,153,448,0,0,0,0,0,0,0,0,0,0,0,0,0,0,0,0,153,448,0,0,0,0,0,0,0,0,0,0,0,0,0,0,0,0,0,0
2,2025,'030483000',105,  ,KG,0,627750,634864,0,28406,31107,0,32228,27830,0,43684,46549,0,62993,65754,0,53162,51651,0,94789,94453,0,44914,43331,0,51182,52184,0,65661,68768,0,40422,41182,0,35309,37285,0,75000,74770
2,2025,'030483000',110,  ,KG,0,111406,133984,0,10000,10573,0,9640,11196,0,2121,3004,0,13317,17507,0,16253,18542,0,189,339,0,7954,10507,0,12439,13208,0,6925,8618,0,17593,23009,0,5859,5918,0,9116,11563
2,2025,'030483000',111,  ,KG,0,7500,7373,0,0,0,0,0,0,0,0,0,0,0,0,0,0,0,0,0,0,0,0,0,0,0,0,0,0,0,0,7500,7373,0,0,0,0,0,0
2,2025,'030483000',123,  ,KG,0,1989,3578,0,0,0,0,630,1167,0,747,1339,0,612,1072,0,0,0,0,0,0,0,0,0,0,0,0,0,0,0,0,0,0,0,0,0,0,0,0
2,2025,'030483000',201,  ,KG,0,900665,1363929,0,71603,118185,0,42424,58955,0,63831,85307,0,18156,32585,0,42375,72693,0,109353,136341,0,72014,100124,0,76698,110920,0,87596,135131,0,109248,164545,0,106814,181490,0,100553,167653
2,2025,'030483000',202,  ,KG,0,656185,1202422,0,59606,107459,0,18461,34977,0,112379,192078,0,26160,44791,0,52676,91822,0,32895,53439,0,61962,109142,0,63979,117350,0,39489,74323,0,68194,128940,0,60704,122660,0,59680,125441
2,2025,'030483000',204,  ,KG,0,57347,110658,0,5376,10000,0,0,0,0,7110,12719,0,10217,18148,0,0,0,0,11001,20590,0,0,0,0,4533,8860,0,5492,10618,0,7030,13698,0,6076,14774,0,512,1251
2,2025,'030483000',213,  ,KG,0,28382,53017,0,4882,7211,0,700,1306,0,1962,2922,0,698,1171,0,0,0,0,7472,15020,0,1692,3116,0,3060,6508,0,3268,6286,0,0,0,0,1378,2876,0,3270,6601
2,2025,'030483000',218,  ,KG,0,37581,68108,0,5116,9408,0,0,0,0,3216,5253,0,6162,10335,0,6928,13220,0,4764,9318,0,3673,6180,0,3390,6033,0,2022,3977,0,300,294,0,1401,2825,0,609,1265
2,2025,'030483000',224,  ,KG,0,27840,24262,0,4947,5163,0,14004,12496,0,0,0,0,0,0,0,0,0,0,8889,6603,0,0,0,0,0,0,0,0,0,0,0,0,0,0,0,0,0,0
2,2025,'030483000',301,  ,KG,0,587048,1059292,0,133559,204843,0,34906,57379,0,17379,29816,0,39070,66776,0,67552,121355,0,35695,62015,0,51301,100063,0,35906,69260,0,33159,59979,0,34776,70609,0,56715,118495,0,47030,98702
2,2025,'030483000',302,  ,KG,0,176538,264170,0,35321,52891,0,13669,21621,0,6612,10207,0,6790,7955,0,21685,25382,0,0,0,0,17400,32993,0,12971,18566,0,15021,15058,0,13550,17635,0,19439,33555,0,14080,28307
2,2025,'030483000',304,  ,KG,0,7103948,6093346,0,673910,588007,0,278821,257097,0,519629,401891,0,675749,595516,0,672766,569321,0,513110,424051,0,722733,628083,0,616268,494423,0,496720,441423,0,600846,511337,0,669224,580197,0,664172,602000
2,2025,'030484000',103,  ,KG,0,12050,12777,0,0,0,0,0,0,0,0,0,0,0,0,0,2910,3010,0,0,0,0,0,0,0,6960,7198,0,198,480,0,0,0,0,1982,2089,0,0,0
2,2025,'030484000',105,  ,KG,0,383099,444578,0,28716,31172,0,12833,14736,0,29125,29909,0,40700,46725,0,40995,48688,0,60099,69665,0,38423,46021,0,39875,49423,0,26396,34558,0,18100,20228,0,45449,51541,0,2388,1912
2,2025,'030484000',106,  ,KG,0,978294,1069423,0,32069,38247,0,60580,67898,0,73148,80710,0,204190,220659,0,100414,111169,0,105453,111856,0,127674,136302,0,21380,22932,0,57576,60251,0,131550,143427,0,23670,26333,0,40590,49639
2,2025,'030484000',118,  ,KG,0,211272,193648,0,27280,26942,0,3713,4866,0,792,1103,0,28724,24056,0,10301,10129,0,7461,7851,0,31150,27317,0,11915,11907,0,37910,31697,0,10939,11334,0,16168,14827,0,24919,21619
2,2025,'030484000',218,  ,KG,0,3024,3932,0,3024,3932,0,0,0,0,0,0,0,0,0,0,0,0,0,0,0,0,0,0,0,0,0,0,0,0,0,0,0,0,0,0,0,0,0
2,2025,'030484000',312,  ,KG,0,152829,166962,0,0,0,0,0,0,0,0,0,0,17819,19400,0,34820,37990,0,17560,19202,0,46480,50540,0,36150,39830,0,0,0,0,0,0,0,0,0,0,0,0
2,2025,'030484000',544,  ,KG,0,67610,75727,0,23590,26280,0,0,0,0,0,0,0,0,0,0,0,0,0,9400,9800,0,17000,18443,0,0,0,0,0,0,0,0,0,0,17620,21204,0,0,0
2,2025,'030484000',547,  ,KG,0,8000,7193,0,8000,7193,0,0,0,0,0,0,0,0,0,0,0,0,0,0,0,0,0,0,0,0,0,0,0,0,0,0,0,0,0,0,0,0,0
2,2025,'030484000',611,  ,KG,0,201406,228988,0,610,679,0,0,0,0,17650,19303,0,4440,4695,0,880,706,0,18300,19952,0,18400,20079,0,0,0,0,17600,19947,0,45460,51292,0,13200,15611,0,64866,76724
2,2025,'030486000',201,  ,KG,0,210125,85585,0,95500,42442,0,42000,17378,0,72625,25765,0,0,0,0,0,0,0,0,0,0,0,0,0,0,0,0,0,0,0,0,0,0,0,0,0,0,0
2,2025,'030486000',202,  ,KG,0,1805437,686327,0,170620,63859,0,223231,82362,0,228576,87044,0,198000,73972,0,843160,321972,0,22000,8441,0,42100,18705,0,0,0,0,61130,23291,0,16620,6681,0,0,0,0,0,0
2,2025,'030486000',224,  ,KG,0,394547,133238,0,0,0,0,11400,4617,0,7000,1848,0,5000,2429,0,32477,10589,0,137170,34635,0,22000,8072,0,31712,10960,0,66500,28005,0,25180,10044,0,46108,17448,0,10000,4591
2,2025,'030486000',304,  ,KG,0,116580,42023,0,32000,14460,0,10800,3891,0,18380,5225,0,0,0,0,17500,7162,0,20000,6529,0,0,0,0,0,0,0,10000,2614,0,0,0,0,7900,2142,0,0,0
2,2025,'030487020',103,  ,KG,0,16104,37542,0,0,0,0,0,0,0,0,0,0,0,0,0,0,0,0,0,0,0,0,0,0,0,0,0,0,0,0,0,0,0,0,0,0,16104,37542
2,2025,'030487020',105,  ,KG,0,760,1114,0,0,0,0,0,0,0,0,0,0,0,0,0,760,1114,0,0,0,0,0,0,0,0,0,0,0,0,0,0,0,0,0,0,0,0,0
2,2025,'030487020',210,  ,KG,0,983756,2608236,0,39865,88494,0,271892,754372,0,507,764,0,373833,979679,0,293843,762332,0,0,0,0,0,0,0,3535,21816,0,0,0,0,281,779,0,0,0,0,0,0
2,2025,'030487020',217,  ,KG,0,388489,1083083,0,0,0,0,0,0,0,0,0,0,181230,480774,0,0,0,0,0,0,0,0,0,0,0,0,0,0,0,0,0,0,0,207259,602309,0,0,0
2,2025,'030487020',218,  ,KG,0,2374454,6643685,0,445748,1194473,0,298075,785404,0,373308,1035503,0,360780,1006279,0,77213,219023,0,0,0,0,206850,648127,0,258510,742297,0,322322,939204,0,21840,57780,0,735,1493,0,9073,14102
2,2025,'030487020',220,  ,KG,0,1204713,3087564,0,280162,627032,0,483808,1255651,0,65,329,0,440138,1203054,0,0,0,0,0,0,0,0,0,0,0,0,0,0,0,0,540,1498,0,0,0,0,0,0
2,2025,'030487020',221,  ,KG,0,5669641,14864603,0,2635987,6887830,0,1577435,3965883,0,322714,797216,0,42181,119018,0,39952,105248,0,0,0,0,497142,1325942,0,62772,172044,0,109893,312984,0,0,0,0,0,0,0,381565,1178438
2,2025,'030487020',229,  ,KG,0,73314,185736,0,0,0,0,0,0,0,0,0,0,0,0,0,73314,185736,0,0,0,0,0,0,0,0,0,0,0,0,0,0,0,0,0,0,0,0,0
2,2025,'030487020',234,  ,KG,0,5003042,12632634,0,3582,16947,0,0,0,0,0,0,0,2144674,4858185,0,904919,2300353,0,1224567,3318576,0,3815,15338,0,316639,922410,0,309354,832179,0,967,2684,0,63853,237440,0,30672,128522
2,2025,'030487020',241,  ,KG,0,2933768,6794687,0,0,0,0,0,0,0,0,0,0,952940,2160917,0,1380440,3216664,0,351610,817126,0,0,0,0,66855,157483,0,181923,442497,0,0,0,0,0,0,0,0,0
2,2025,'030487020',501,  ,KG,0,3401499,10636622,0,732091,2025553,0,393529,1183149,0,0,0,0,266980,828480,0,382189,1011231,0,0,0,0,23081,108147,0,22626,69003,0,0,0,0,20160,56869,0,900825,3185699,0,660018,2168491
2,2025,'030487020',504,  ,KG,0,2003224,5341727,0,192877,482254,0,391461,1003211,0,353849,963262,0,293510,744032,0,0,0,0,176769,477260,0,346744,888917,0,0,0,0,0,0,0,413,1967,0,0,0,0,247601,780824
2,2025,'030487020',505,  ,KG,0,324297,909942,0,0,0,0,0,0,0,0,0,0,0,0,0,0,0,0,0,0,0,264757,700446,0,0,0,0,0,0,0,22973,53356,0,0,0,0,36567,156140
2,2025,'030487030',118,  ,KG,0,1900,3871,0,0,0,0,0,0,0,0,0,0,0,0,0,0,0,0,0,0,0,0,0,0,1900,3871,0,0,0,0,0,0,0,0,0,0,0,0
2,2025,'030487030',601,  ,KG,0,12035,35113,0,0,0,0,0,0,0,0,0,0,0,0,0,0,0,0,0,0,0,0,0,0,0,0,0,0,0,0,0,0,0,12035,35113,0,0,0
2,2025,'030487040',103,  ,KG,0,2674299,3296053,0,202275,218041,0,124265,140752,0,240429,244353,0,173679,196920,0,190291,218567,0,164804,182146,0,168861,194714,0,188740,219102,0,467751,627382,0,217494,296309,0,356775,497501,0,178935,260266
2,2025,'030487040',105,  ,KG,0,10879567,14379289,0,542278,678536,0,641298,762717,0,360358,458572,0,905230,1097829,0,1025001,1233073,0,582551,730433,0,987481,1285493,0,1095659,1373707,0,1016533,1395820,0,1556837,2189171,0,953506,1365220,0,1212835,1808718
2,2025,'030487040',106,  ,KG,0,1809923,2114201,0,72502,89534,0,81423,90236,0,118347,141213,0,160805,156167,0,94040,108987,0,129910,146012,0,110900,117560,0,272655,309522,0,179915,216362,0,193291,225997,0,132164,202645,0,263971,309966
2,2025,'030487040',110,  ,KG,0,503540,797610,0,26571,40639,0,19586,37819,0,42013,71688,0,36268,61073,0,61557,92619,0,52874,87179,0,82098,109278,0,43891,68673,0,36323,54618,0,23659,43730,0,45428,71021,0,33272,59273
2,2025,'030487040',117,  ,KG,0,521689,1242439,0,67667,130046,0,63176,157514,0,52821,133986,0,32260,80503,0,18205,45647,0,36844,84621,0,29223,71900,0,49744,121719,0,35046,80175,0,57441,141870,0,26495,67416,0,52767,127042
2,2025,'030487040',118,  ,KG,0,2914779,3446473,0,218862,262477,0,155848,201076,0,218682,232380,0,204737,252750,0,239294,272257,0,192828,222440,0,269680,358508,0,310492,354069,0,262571,291488,0,221806,244307,0,229124,263251,0,390855,491470
2,2025,'030487040',402,  ,KG,0,157500,133805,0,90000,76749,0,67500,57056,0,0,0,0,0,0,0,0,0,0,0,0,0,0,0,0,0,0,0,0,0,0,0,0,0,0,0,0,0,0
2,2025,'030487040',517,  ,KG,0,26228,25596,0,0,0,0,0,0,0,0,0,0,0,0,0,10014,9544,0,3816,3638,0,0,0,0,0,0,0,0,0,0,12398,12414,0,0,0,0,0,0
2,2025,'030487040',544,  ,KG,0,5090,5019,0,0,0,0,0,0,0,0,0,0,0,0,0,0,0,0,4740,4680,0,0,0,0,0,0,0,350,339,0,0,0,0,0,0,0,0,0
2,2025,'030487040',602,  ,KG,0,7345,6008,0,0,0,0,6025,5574,0,0,0,0,0,0,0,0,0,0,0,0,0,0,0,0,0,0,0,0,0,0,0,0,0,0,0,0,1320,434
2,2025,'030487040',611,  ,KG,0,708715,603099,0,7995,9308,0,22500,20264,0,157500,138340,0,22500,18151,0,48220,39231,0,135000,112818,0,45000,37854,0,135000,114454,0,0,0,0,0,0,0,135000,112679,0,0,0
2,2025,'030487040',612,  ,KG,0,379776,389403,0,70650,74805,0,0,0,0,74726,75736,0,21000,22085,0,21000,21512,0,22000,22881,0,23000,21496,0,46000,43398,0,41700,44609,0,0,0,0,37225,37098,0,22475,25783
2,2025,'030487040',613,  ,KG,0,117500,103165,0,0,0,0,0,0,0,0,0,0,0,0,0,0,0,0,0,0,0,23500,19876,0,0,0,0,23500,20000,0,0,0,0,47000,41921,0,23500,21368
2,2025,'030487040',615,  ,KG,0,1080905,1016149,0,119400,117665,0,0,0,0,24000,25504,0,160086,123699,0,157881,147375,0,103900,103892,0,129467,122097,0,88212,88144,0,12003,15014,0,165136,152324,0,118873,117462,0,1947,2973
2,2025,'030487040',617,  ,KG,0,312640,247092,0,0,0,0,0,0,0,67500,49489,0,45000,33703,0,135000,112213,0,0,0,0,22500,18789,0,30540,21585,0,0,0,0,9950,9303,0,2150,2010,0,0,0
2,2025,'030487040',624,  ,KG,0,5520,1802,0,0,0,0,5520,1802,0,0,0,0,0,0,0,0,0,0,0,0,0,0,0,0,0,0,0,0,0,0,0,0,0,0,0,0,0,0
2,2025,'030487040',625,  ,KG,0,10000,7946,0,0,0,0,0,0,0,0,0,0,0,0,0,0,0,0,0,0,0,0,0,0,0,0,0,10000,7946,0,0,0,0,0,0,0,0,0
2,2025,'030487040',626,  ,KG,0,185115,167462,0,0,0,0,15475,14317,0,22500,19748,0,0,0,0,46070,43153,0,0,0,0,11995,12757,0,1600,496,0,42850,39705,0,11995,13392,0,27950,22354,0,4680,1540
2,2025,'030487050',103,  ,KG,0,5342299,9054410,0,412773,642719,0,289376,451091,0,406857,660104,0,479284,714887,0,385154,657763,0,424017,672681,0,638123,1149502,0,437030,725907,0,552997,930666,0,529394,966160,0,460341,841387,0,326953,641543
2,2025,'030487050',105,  ,KG,0,7124789,10559284,0,415842,587426,0,350257,480376,0,318405,464967,0,785570,1037675,0,659797,908012,0,512754,735010,0,775947,1083237,0,591933,850783,0,800513,1227665,0,702973,1141089,0,689091,1136264,0,521707,906780
2,2025,'030487050',106,  ,KG,0,860497,1387903,0,45259,77963,0,0,0,0,88215,128175,0,24732,42785,0,69788,99690,0,61075,85585,0,34953,47386,0,72965,112073,0,34520,58090,0,136346,216768,0,155884,261148,0,136760,258240
2,2025,'030487050',110,  ,KG,0,130,273,0,0,0,0,0,0,0,0,0,0,0,0,0,0,0,0,0,0,0,0,0,0,0,0,0,0,0,0,130,273,0,0,0,0,0,0
2,2025,'030487050',117,  ,KG,0,9412,34857,0,1278,5125,0,2236,8965,0,1003,4017,0,170,646,0,0,0,0,405,1381,0,405,1381,0,405,1380,0,450,1534,0,855,2910,0,855,2916,0,1350,4602
2,2025,'030487050',118,  ,KG,0,42374,50887,0,500,395,0,1956,1658,0,2958,7061,0,600,1531,0,0,0,0,17672,18387,0,732,598,0,0,0,0,7960,6675,0,6796,8708,0,3200,5874,0,0,0
2,2025,'030487050',517,  ,KG,0,64642,60467,0,0,0,0,0,0,0,12000,11435,0,5016,4779,0,0,0,0,2712,2449,0,8002,7625,0,0,0,0,15000,14284,0,11832,11268,0,0,0,0,10080,8627
2,2025,'030487050',544,  ,KG,0,13049,22024,0,0,0,0,0,0,0,0,0,0,0,0,0,0,0,0,0,0,0,0,0,0,0,0,0,0,0,0,0,0,0,13049,22024,0,0,0
2,2025,'030487050',612,  ,KG,0,37175,44139,0,14325,16714,0,0,0,0,4250,4875,0,2000,2480,0,2000,2480,0,1000,1200,0,0,0,0,0,0,0,4300,5006,0,0,0,0,8775,10682,0,525,702
2,2025,'030487050',615,  ,KG,0,96727,132815,0,0,0,0,0,0,0,0,0,0,0,0,0,35534,58206,0,26675,29016,0,1403,1248,0,0,0,0,21701,28852,0,7556,10296,0,0,0,0,3858,5197
2,2025,'030487050',626,  ,KG,0,68735,63611,0,0,0,0,250,231,0,0,0,0,0,0,0,42075,38926,0,25160,23320,0,0,0,0,0,0,0,1250,1134,0,0,0,0,0,0,0,0,0
2,2025,'030487060',103,  ,KG,0,595061,598768,0,36698,41646,0,42758,43497,0,22800,20651,0,35432,39787,0,82303,81343,0,80619,81065,0,66212,59399,0,83508,83655,0,37404,42638,0,44257,39155,0,39470,45243,0,23600,20689
2,2025,'030487060',105,  ,KG,0,7886538,7220467,0,464971,416275,0,393102,368705,0,544512,508483,0,622418,564459,0,739523,644508,0,659148,569231,0,595486,544323,0,442497,403256,0,1012559,943328,0,993973,915415,0,593125,554539,0,825224,787945
2,2025,'030487060',106,  ,KG,0,333055,355027,0,0,0,0,23500,24174,0,20100,20635,0,54630,62036,0,23500,24708,0,29700,29200,0,0,0,0,38550,35969,0,42325,45595,0,47000,50097,0,14000,15653,0,39750,46960
2,2025,'030487060',110,  ,KG,0,1640,1211,0,0,0,0,0,0,0,0,0,0,0,0,0,0,0,0,0,0,0,0,0,0,0,0,0,1640,1211,0,0,0,0,0,0,0,0,0
2,2025,'030487060',118,  ,KG,0,3000,1542,0,0,0,0,0,0,0,0,0,0,1725,986,0,375,204,0,0,0,0,0,0,0,0,0,0,0,0,0,0,0,0,0,0,0,900,352
2,2025,'030487090',117,  ,KG,0,20728,15892,0,0,0,0,0,0,0,0,0,0,0,0,0,0,0,0,0,0,0,20728,15892,0,0,0,0,0,0,0,0,0,0,0,0,0,0,0
2,2025,'030488000',110,  ,KG,0,13500,12544,0,0,0,0,0,0,0,0,0,0,0,0,0,0,0,0,0,0,0,13500,12544,0,0,0,0,0,0,0,0,0,0,0,0,0,0,0
2,2025,'030489100',103,  ,KG,0,1823590,1470761,0,163117,144971,0,105874,90351,0,116671,96523,0,158385,124667,0,118877,88452,0,195589,138447,0,156217,126656,0,100167,74574,0,141376,113432,0,189863,153338,0,152449,129199,0,225005,190151
2,2025,'030489100',105,  ,KG,0,5004358,3698863,0,271315,209760,0,131069,117591,0,333535,240440,0,365472,260515,0,478289,330602,0,647793,450583,0,658040,470197,0,466667,348126,0,520379,369508,0,291888,226869,0,469447,364655,0,370464,310017
2,2025,'030489100',106,  ,KG,0,610,367,0,0,0,0,0,0,0,0,0,0,0,0,0,0,0,0,0,0,0,0,0,0,0,0,0,0,0,0,610,367,0,0,0,0,0,0
2,2025,'030489100',110,  ,KG,0,465787,499801,0,0,0,0,7000,7196,0,84006,76738,0,43860,42516,0,29251,33575,0,29226,34664,0,88371,85582,0,28399,33794,0,32222,48653,0,57437,58733,0,15348,24648,0,50667,53702
2,2025,'030489100',111,  ,KG,0,21307,33134,0,0,0,0,0,0,0,0,0,0,9988,12033,0,1522,2852,0,3090,5746,0,4995,9305,0,1712,3198,0,0,0,0,0,0,0,0,0,0,0,0
2,2025,'030489100',201,  ,KG,0,2432926,2248675,0,224397,198944,0,131628,120679,0,180697,157618,0,304450,269910,0,273291,252319,0,160517,151209,0,281468,249028,0,157896,150559,0,203878,193182,0,170973,166032,0,205361,201268,0,138370,137927
2,2025,'030489100',202,  ,KG,0,28969895,27097263,0,3377212,2981021,0,2018875,1843917,0,2867283,2548128,0,2965215,2705735,0,2658229,2419851,0,2759182,2538315,0,2305426,2188815,0,1885145,1813651,0,2062127,1973677,0,2629503,2559739,0,1730152,1708099,0,1711546,1816315
2,2025,'030489100',204,  ,KG,0,37245,30593,0,0,0,0,0,0,0,0,0,0,36119,29139,0,0,0,0,0,0,0,0,0,0,960,954,0,0,0,0,0,0,0,166,500,0,0,0
2,2025,'030489100',205,  ,KG,0,7224061,6851143,0,743910,612298,0,296536,253006,0,346714,302907,0,367269,325691,0,477719,433019,0,784308,734187,0,774837,728615,0,604929,597754,0,751466,741724,0,699934,696118,0,643387,651894,0,733052,773930
2,2025,'030489100',206,  ,KG,0,1215039,1175295,0,107773,96484,0,36459,25711,0,62660,60246,0,127292,126248,0,100578,97406,0,80176,84573,0,46352,50523,0,69094,72367,0,121878,107476,0,66137,62967,0,51263,52306,0,345377,338988
2,2025,'030489100',207,  ,KG,0,384375,340760,0,0,0,0,0,0,0,0,0,0,30514,29904,0,59935,49701,0,29416,24715,0,77812,64221,0,53544,50614,0,35640,28617,0,19737,20968,0,30276,25425,0,47501,46595
2,2025,'030489100',210,  ,KG,0,230569,233737,0,0,0,0,0,0,0,0,0,0,16520,15877,0,9876,10063,0,520,511,0,37785,38868,0,18058,18856,0,35448,36428,0,41722,41856,0,51240,51982,0,19400,19296
2,2025,'030489100',213,  ,KG,0,26743,26151,0,0,0,0,0,0,0,0,0,0,0,0,0,0,0,0,22910,22233,0,2893,3049,0,0,0,0,0,0,0,0,0,0,940,869,0,0,0
2,2025,'030489100',218,  ,KG,0,6608,5302,0,0,0,0,0,0,0,0,0,0,0,0,0,0,0,0,0,0,0,322,242,0,6286,5060,0,0,0,0,0,0,0,0,0,0,0,0
2,2025,'030489100',249,  ,KG,0,1638754,1580584,0,30042,26551,0,48595,47595,0,97199,87157,0,58170,48675,0,314906,290254,0,103323,101947,0,214702,209497,0,152061,152096,0,173862,171290,0,131970,133651,0,209626,209212,0,104298,102659
2,2025,'030489100',301,  ,KG,0,330809,270316,0,42557,30478,0,7226,6159,0,3934,3173,0,51182,45240,0,33184,23838,0,45213,36941,0,75672,63525,0,29327,22337,0,29964,25157,0,4000,4387,0,8050,8485,0,500,596
2,2025,'030489100',304,  ,KG,0,17128,30419,0,0,0,0,0,0,0,2000,854,0,0,0,0,0,0,0,0,0,0,15128,29565,0,0,0,0,0,0,0,0,0,0,0,0,0,0,0
2,2025,'030489100',409,  ,KG,0,2936224,2215326,0,240696,179736,0,122511,88920,0,120975,90330,0,248810,177816,0,201432,145554,0,172835,127922,0,272627,195772,0,244813,177835,0,347002,268456,0,327982,254770,0,293885,238182,0,342656,270033
2,2025,'030489100',606,  ,KG,0,2765141,2252927,0,265758,224575,0,123653,100937,0,327417,260656,0,266316,211574,0,238807,191717,0,267485,215552,0,219178,183872,0,228223,190341,0,236346,194271,0,227670,176122,0,148058,123867,0,216230,179443
2,2025,'030489210',105,  ,KG,0,72094,58412,0,0,0,0,0,0,0,3420,3637,0,1710,1829,0,12948,12115,0,6384,6845,0,19450,13197,0,0,0,0,0,0,0,0,0,0,0,0,0,28182,20789
2,2025,'030489210',106,  ,KG,0,5090,8693,0,0,0,0,0,0,0,0,0,0,0,0,0,0,0,0,2000,3417,0,0,0,0,0,0,0,0,0,0,3090,5276,0,0,0,0,0,0
2,2025,'030489210',118,  ,KG,0,812326,797246,0,44845,44446,0,44019,44262,0,50786,50225,0,94321,91893,0,51163,50608,0,55492,55273,0,111056,108640,0,21883,22353,0,79041,73423,0,98642,98748,0,81539,80587,0,79539,76788
2,2025,'030489290',103,  ,KG,0,4537845,4844345,0,484554,560229,0,199762,222931,0,245647,249249,0,559213,610752,0,516260,614248,0,306661,298879,0,391277,375201,0,265628,265307,0,305531,292315,0,371909,373877,0,376209,378507,0,515194,602850
2,2025,'030489290',105,  ,KG,0,7662130,7288428,0,823635,825789,0,362485,393675,0,570410,547551,0,885104,803100,0,642191,563536,0,637571,587605,0,693392,629106,0,606077,542062,0,493604,516523,0,672473,650676,0,528389,495784,0,746799,733021
2,2025,'030489290',106,  ,KG,0,107583,170384,0,0,0,0,2719,7747,0,17860,23830,0,19370,23649,0,0,0,0,6680,14773,0,0,0,0,20040,40886,0,7500,15831,0,23200,26263,0,7070,12367,0,3144,5038
2,2025,'030489290',110,  ,KG,0,1293080,1190636,0,81576,73867,0,58144,52382,0,89687,74412,0,145184,128558,0,150373,127207,0,122390,116522,0,135175,114453,0,99097,106346,0,101351,107592,0,109044,119442,0,65737,54129,0,135322,115726
2,2025,'030489290',111,  ,KG,0,387116,307175,0,14604,11934,0,43922,35247,0,51670,33405,0,38060,25787,0,30482,29311,0,15543,15946,0,36576,28311,0,23506,19195,0,24821,17559,0,48646,41165,0,7794,10791,0,51492,38524
2,2025,'030489290',113,  ,KG,0,20045,8959,0,8960,4621,0,0,0,0,11085,4338,0,0,0,0,0,0,0,0,0,0,0,0,0,0,0,0,0,0,0,0,0,0,0,0,0,0,0
2,2025,'030489290',117,  ,KG,0,3599,5046,0,0,0,0,0,0,0,0,0,0,0,0,0,0,0,0,0,0,0,0,0,0,0,0,0,3599,5046,0,0,0,0,0,0,0,0,0
2,2025,'030489290',118,  ,KG,0,118689,140905,0,0,0,0,22422,30615,0,7550,7394,0,9830,10775,0,12890,14027,0,9650,11237,0,3000,4332,0,19920,26814,0,11440,11270,0,4070,4746,0,12810,14089,0,5107,5606
2,2025,'030489290',122,  ,KG,0,4559,6239,0,0,0,0,2016,2691,0,0,0,0,0,0,0,0,0,0,0,0,0,0,0,0,0,0,0,0,0,0,0,0,0,1012,1399,0,1531,2149
2,2025,'030489290',123,  ,KG,0,31690,37607,0,0,0,0,0,0,0,4840,6033,0,0,0,0,9000,10051,0,8750,10680,0,0,0,0,0,0,0,9100,10843,0,0,0,0,0,0,0,0,0
2,2025,'030489290',127,  ,KG,0,300,257,0,0,0,0,0,0,0,0,0,0,0,0,0,0,0,0,0,0,0,0,0,0,0,0,0,0,0,0,0,0,0,0,0,0,300,257
2,2025,'030489290',141,  ,KG,0,14796,30910,0,0,0,0,9180,19142,0,5616,11768,0,0,0,0,0,0,0,0,0,0,0,0,0,0,0,0,0,0,0,0,0,0,0,0,0,0,0
2,2025,'030489290',149,  ,KG,0,10000,10625,0,0,0,0,0,0,0,0,0,0,0,0,0,10000,10625,0,0,0,0,0,0,0,0,0,0,0,0,0,0,0,0,0,0,0,0,0
2,2025,'030489290',201,  ,KG,0,114049,169425,0,16456,22884,0,5193,10503,0,8287,10929,0,10000,16515,0,16358,21323,0,5918,8744,0,10737,18972,0,1288,1398,0,6200,7553,0,9771,13947,0,9301,13725,0,14540,22932
2,2025,'030489290',202,  ,KG,0,3490128,2912529,0,371410,309960,0,159711,129934,0,260557,207067,0,236625,192385,0,358401,285238,0,463407,364912,0,254654,201630,0,332322,282286,0,269487,227912,0,342893,304210,0,159029,146273,0,281632,260722
2,2025,'030489290',206,  ,KG,0,21300,41801,0,0,0,0,0,0,0,4280,8520,0,0,0,0,4260,8085,0,0,0,0,4280,8318,0,0,0,0,4240,8295,0,0,0,0,4240,8583,0,0,0
2,2025,'030489290',213,  ,KG,0,28175,32420,0,0,0,0,0,0,0,0,0,0,0,0,0,0,0,0,0,0,0,0,0,0,0,0,0,16680,19170,0,2005,2216,0,8290,9946,0,1200,1088
2,2025,'030489290',217,  ,KG,0,54391,63062,0,3064,3845,0,0,0,0,13479,13757,0,6773,8290,0,8532,10338,0,7343,8343,0,3924,5432,0,0,0,0,5556,6580,0,4280,4568,0,0,0,0,1440,1909
2,2025,'030489290',224,  ,KG,0,96552,79930,0,360,260,0,1440,1222,0,0,0,0,720,511,0,300,702,0,3000,2396,0,936,748,0,3780,2730,0,6204,6754,0,40000,29438,0,31620,25626,0,8192,9543
2,2025,'030489290',301,  ,KG,0,77920,82126,0,7863,8677,0,9552,10475,0,6325,6551,0,13922,14328,0,0,0,0,3572,3996,0,2694,2554,0,1378,1312,0,4010,4611,0,10116,9745,0,13033,14122,0,5455,5755
2,2025,'030489290',302,  ,KG,0,16620,12774,0,0,0,0,0,0,0,0,0,0,0,0,0,16620,12774,0,0,0,0,0,0,0,0,0,0,0,0,0,0,0,0,0,0,0,0,0
2,2025,'030489290',304,  ,KG,0,15966775,13803416,0,1645620,1405876,0,886913,771655,0,1410601,1212208,0,1487639,1231715,0,1181603,959349,0,1160739,952917,0,1521208,1277278,0,1082649,934809,0,1339057,1189258,0,1562824,1380423,0,1415318,1296476,0,1272604,1191452
2,2025,'030489290',305,  ,KG,0,141833,135580,0,8826,8723,0,6462,6979,0,9814,9351,0,14052,12838,0,20982,19640,0,4276,3876,0,14740,14069,0,9100,8746,0,15751,15364,0,10308,9778,0,2934,2634,0,24588,23582
2,2025,'030489290',412,  ,KG,0,1610,1733,0,0,0,0,1610,1733,0,0,0,0,0,0,0,0,0,0,0,0,0,0,0,0,0,0,0,0,0,0,0,0,0,0,0,0,0,0
2,2025,'030489290',501,  ,KG,0,21481,30434,0,2990,4168,0,3260,4567,0,0,0,0,0,0,0,6230,8497,0,6338,9208,0,0,0,0,2663,3994,0,0,0,0,0,0,0,0,0,0,0,0
2,2025,'030489290',540,  ,KG,0,54120,64210,0,14227,17070,0,1746,2874,0,3035,3838,0,11511,12646,0,12398,14324,0,7012,7957,0,4191,5501,0,0,0,0,0,0,0,0,0,0,0,0,0,0,0
2,2025,'030489290',547,  ,KG,0,3530,5941,0,0,0,0,0,0,0,0,0,0,0,0,0,0,0,0,3530,5941,0,0,0,0,0,0,0,0,0,0,0,0,0,0,0,0,0,0
2,2025,'030489290',550,  ,KG,0,9422,10382,0,0,0,0,0,0,0,0,0,0,0,0,0,0,0,0,0,0,0,0,0,0,0,0,0,4306,4567,0,0,0,0,2873,3191,0,2243,2624
2,2025,'030489290',551,  ,KG,0,115542,124035,0,16800,16727,0,11748,11699,0,3778,3813,0,2904,3182,0,21472,20265,0,4758,5177,0,13208,13485,0,6018,8420,0,11187,12264,0,10853,15246,0,5334,5695,0,7482,8062
2,2025,'030489290',601,  ,KG,0,5732,21049,0,0,0,0,0,0,0,0,0,0,1060,3701,0,0,0,0,1202,4369,0,1350,4991,0,1540,5766,0,0,0,0,580,2222,0,0,0,0,0,0
2,2025,'030489290',606,  ,KG,0,2073460,2065161,0,167316,184875,0,95679,116795,0,130487,139226,0,191638,207026,0,126818,114976,0,192136,180808,0,167581,164309,0,175604,163551,0,224174,202131,0,247220,217868,0,161733,162658,0,193074,210938
2,2025,'030489290',607,  ,KG,0,414645,829570,0,30559,74997,0,53957,106179,0,39648,77383,0,23783,47206,0,59502,107244,0,23901,40280,0,40403,87580,0,10811,18354,0,20657,37572,0,24879,52276,0,21768,45046,0,64777,135453
2,2025,'030491000',106,  ,KG,0,2011,10683,0,0,0,0,0,0,0,0,0,0,2011,10683,0,0,0,0,0,0,0,0,0,0,0,0,0,0,0,0,0,0,0,0,0,0,0,0
2,2025,'030491000',118,  ,KG,0,1800,2137,0,0,0,0,0,0,0,0,0,0,1025,1224,0,0,0,0,0,0,0,0,0,0,0,0,0,775,913,0,0,0,0,0,0,0,0,0
2,2025,'030491000',218,  ,KG,0,7160,6850,0,7160,6850,0,0,0,0,0,0,0,0,0,0,0,0,0,0,0,0,0,0,0,0,0,0,0,0,0,0,0,0,0,0,0,0,0
2,2025,'030492000',537,  ,KG,0,6672,5065,0,6672,5065,0,0,0,0,0,0,0,0,0,0,0,0,0,0,0,0,0,0,0,0,0,0,0,0,0,0,0,0,0,0,0,0,0
2,2025,'030492000',601,  ,KG,0,4064,3256,0,1199,949,0,0,0,0,0,0,0,0,0,0,0,0,0,0,0,0,587,460,0,0,0,0,0,0,0,2278,1847,0,0,0,0,0,0
2,2025,'030493000',105,  ,KG,0,5218,9226,0,0,0,0,0,0,0,500,1257,0,0,0,0,150,336,0,1985,3682,0,400,880,0,503,885,0,0,0,0,0,0,0,0,0,0,1680,2186
2,2025,'030493000',110,  ,KG,0,87609,41126,0,0,0,0,4904,2373,0,5200,2168,0,504,264,0,1260,631,0,4362,1958,0,33698,16227,0,0,0,0,0,0,0,10500,4224,0,25881,11836,0,1300,1445
2,2025,'030494010',224,  ,KG,0,24606760,9117164,0,1393200,427300,0,1251300,401933,0,1880560,652374,0,2886260,1012501,0,1845000,666764,0,2972020,1152364,0,2465860,955486,0,1483160,552541,0,1661280,601598,0,2836820,1185763,0,2047400,763473,0,1883900,745067
2,2025,'030494010',304,  ,KG,0,78197656,32956040,0,4263020,1602036,0,3040200,1119123,0,3649659,1432958,0,9838040,4206653,0,10017720,4148672,0,7524600,3203794,0,4037760,1740000,0,3815360,1579576,0,7001190,2824673,0,11279022,4913190,0,7086586,3139008,0,6644499,3046357
2,2025,'030494090',224,  ,KG,0,48500,29674,0,0,0,0,0,0,0,24250,13977,0,0,0,0,0,0,0,0,0,0,0,0,0,0,0,0,24250,15697,0,0,0,0,0,0,0,0,0
2,2025,'030494090',304,  ,KG,0,64699,22352,0,0,0,0,0,0,0,0,0,0,0,0,0,0,0,0,0,0,0,0,0,0,22045,7335,0,0,0,0,0,0,0,0,0,0,42654,15017
2,2025,'030495110',304,  ,KG,0,711500,267244,0,43200,16815,0,110400,35167,0,132000,42966,0,44900,12216,0,75480,28977,0,0,0,0,82800,41416,0,88200,32725,0,113400,47872,0,0,0,0,0,0,0,21120,9090
2,2025,'030495200',223,  ,KG,0,497440,234154,0,0,0,0,0,0,0,24000,10751,0,0,0,0,137440,63498,0,120000,54382,0,144000,71106,0,48000,24489,0,24000,9928,0,0,0,0,0,0,0,0,0
2,2025,'030495200',409,  ,KG,0,384660,219253,0,384660,219253,0,0,0,0,0,0,0,0,0,0,0,0,0,0,0,0,0,0,0,0,0,0,0,0,0,0,0,0,0,0,0,0,0
2,2025,'030495200',413,  ,KG,0,5827470,2698733,0,961520,441743,0,0,0,0,1705860,779907,0,879510,398858,0,771380,334222,0,0,0,0,711360,331649,0,291600,151344,0,145800,74860,0,360440,186150,0,0,0,0,0,0
2,2025,'030495200',606,  ,KG,0,126960,67865,0,0,0,0,0,0,0,0,0,0,0,0,0,0,0,0,0,0,0,0,0,0,0,0,0,0,0,0,0,0,0,126960,67865,0,0,0
2,2025,'030499110',202,  ,KG,0,13919,14243,0,0,0,0,11819,5262,0,0,0,0,0,0,0,0,0,0,0,0,0,840,3501,0,840,3650,0,420,1830,0,0,0,0,0,0,0,0,0
2,2025,'030499110',224,  ,KG,0,24502,7946,0,0,0,0,0,0,0,0,0,0,0,0,0,0,0,0,24502,7946,0,0,0,0,0,0,0,0,0,0,0,0,0,0,0,0,0,0
2,2025,'030499120',103,  ,KG,0,37178,38965,0,1142,1590,0,768,1055,0,1200,1605,0,1200,1567,0,13394,10217,0,1344,1767,0,7522,6673,0,4062,5556,0,3762,5120,0,960,1297,0,864,1183,0,960,1335
2,2025,'030499120',105,  ,KG,0,399455,285969,0,68760,32195,0,10812,7337,0,12910,6338,0,17681,15400,0,23370,17814,0,41626,31349,0,70872,34813,0,23649,23706,0,36388,47962,0,53822,36046,0,11745,10139,0,27820,22870
2,2025,'030499120',106,  ,KG,0,10170,6044,0,0,0,0,0,0,0,0,0,0,0,0,0,0,0,0,0,0,0,0,0,0,0,0,0,0,0,0,10170,6044,0,0,0,0,0,0
2,2025,'030499120',110,  ,KG,0,30966,27719,0,0,0,0,0,0,0,0,0,0,0,0,0,4385,5183,0,0,0,0,7788,6671,0,612,216,0,0,0,0,4251,2943,0,0,0,0,13930,12706
2,2025,'030499120',113,  ,KG,0,32000,8592,0,9000,2358,0,15000,4308,0,0,0,0,0,0,0,0,0,0,0,0,0,0,0,0,8000,1926,0,0,0,0,0,0,0,0,0,0,0,0
2,2025,'030499120',123,  ,KG,0,860,235,0,0,0,0,860,235,0,0,0,0,0,0,0,0,0,0,0,0,0,0,0,0,0,0,0,0,0,0,0,0,0,0,0,0,0,0
2,2025,'030499120',202,  ,KG,0,63170,38458,0,9100,5474,0,4200,2674,0,2268,1391,0,7330,4455,0,3540,2087,0,3780,2239,0,7860,4688,0,1980,1211,0,8160,4948,0,4800,2900,0,8220,5158,0,1932,1233
2,2025,'030499120',205,  ,KG,0,364258,357435,0,43661,45940,0,36911,31693,0,25743,25007,0,56879,58139,0,33639,31357,0,18870,18575,0,32907,31468,0,19111,18835,0,38454,38022,0,19269,19417,0,18909,19419,0,19905,19563
2,2025,'030499120',207,  ,KG,0,171108,171893,0,0,0,0,0,0,0,0,0,0,4550,3602,0,12051,12144,0,0,0,0,45047,46776,0,20423,21325,0,20932,21267,0,20725,19202,0,36604,36639,0,10776,10938
2,2025,'030499120',407,  ,KG,0,336000,82173,0,72000,16500,0,72000,16169,0,24000,5277,0,24000,6434,0,48000,12368,0,0,0,0,24000,6289,0,72000,19136,0,0,0,0,0,0,0,0,0,0,0,0
2,2025,'030499910',103,  ,KG,0,7274,7704,0,0,0,0,3400,3605,0,0,0,0,2111,2216,0,0,0,0,0,0,0,0,0,0,0,0,0,0,0,0,0,0,0,820,823,0,943,1060
2,2025,'030499910',105,  ,KG,0,368700,205466,0,25000,11139,0,0,0,0,25000,13334,0,156000,96482,0,8000,5203,0,47640,24331,0,37060,19679,0,25000,11126,0,0,0,0,10000,5375,0,35000,18797,0,0,0
2,2025,'030499910',110,  ,KG,0,355076,135782,0,43130,17483,0,15000,5393,0,9366,5850,0,39000,15480,0,12660,4441,0,18000,5884,0,60000,22721,0,39920,13792,0,0,0,0,0,0,0,57000,22825,0,61000,21913
2,2025,'030499910',111,  ,KG,0,40620,29590,0,20980,12610,0,1940,2171,0,0,0,0,5460,3188,0,0,0,0,0,0,0,0,0,0,0,0,0,0,0,0,7240,5991,0,5000,5630,0,0,0
2,2025,'030499910',122,  ,KG,0,15160,6319,0,15160,6319,0,0,0,0,0,0,0,0,0,0,0,0,0,0,0,0,0,0,0,0,0,0,0,0,0,0,0,0,0,0,0,0,0
2,2025,'030499930',201,  ,KG,0,26046,18479,0,4992,2984,0,0,0,0,432,259,0,0,0,0,6496,3829,0,880,492,0,0,0,0,2000,985,0,6798,5114,0,2400,2771,0,0,0,0,2048,2045
2,2025,'030499930',202,  ,KG,0,185676,97382,0,23020,10727,0,0,0,0,1968,1309,0,16040,6912,0,18852,10584,0,31944,16464,0,26860,11960,0,8900,5517,0,31620,17123,0,5860,3216,0,16460,10765,0,4152,2805
2,2025,'030499930',224,  ,KG,0,2700,1125,0,0,0,0,0,0,0,0,0,0,0,0,0,0,0,0,0,0,0,0,0,0,2700,1125,0,0,0,0,0,0,0,0,0,0,0,0
2,2025,'030499991',103,  ,KG,0,586,2356,0,0,0,0,0,0,0,0,0,0,0,0,0,0,0,0,0,0,0,0,0,0,0,0,0,0,0,0,0,0,0,0,0,0,586,2356
2,2025,'030499991',210,  ,KG,0,20775,25161,0,831,732,0,8111,11608,0,0,0,0,6370,6930,0,5463,5891,0,0,0,0,0,0,0,0,0,0,0,0,0,0,0,0,0,0,0,0,0
2,2025,'030499991',217,  ,KG,0,3153,8744,0,0,0,0,0,0,0,0,0,0,1648,4371,0,0,0,0,0,0,0,0,0,0,0,0,0,0,0,0,0,0,0,0,0,0,1505,4373
2,2025,'030499991',218,  ,KG,0,16851,25092,0,3347,5293,0,716,502,0,5404,4975,0,2530,3329,0,1694,1477,0,0,0,0,0,0,0,1872,5822,0,1288,3694,0,0,0,0,0,0,0,0,0
2,2025,'030499991',220,  ,KG,0,22961,26159,0,5791,5130,0,9415,12948,0,0,0,0,7755,8081,0,0,0,0,0,0,0,0,0,0,0,0,0,0,0,0,0,0,0,0,0,0,0,0
2,2025,'030499991',221,  ,KG,0,49046,126594,0,22911,59147,0,14356,34354,0,2695,7105,0,236,668,0,472,1245,0,0,0,0,2772,7337,0,711,1950,0,732,2058,0,0,0,0,0,0,0,4161,12730
2,2025,'030499991',229,  ,KG,0,1721,1749,0,0,0,0,0,0,0,0,0,0,0,0,0,1721,1749,0,0,0,0,0,0,0,0,0,0,0,0,0,0,0,0,0,0,0,0,0
2,2025,'030499991',234,  ,KG,0,73971,124666,0,3010,6062,0,0,0,0,0,0,0,28881,53939,0,23136,30193,0,12754,23009,0,0,0,0,0,0,0,2130,3281,0,0,0,0,0,0,0,4060,8182
2,2025,'030499991',241,  ,KG,0,31755,61986,0,0,0,0,0,0,0,0,0,0,9562,11298,0,14319,32223,0,1627,3807,0,4366,10120,0,0,0,0,0,0,0,1881,4538,0,0,0,0,0,0
2,2025,'030499991',501,  ,KG,0,56900,73226,0,7785,8064,0,6758,7487,0,0,0,0,6005,7736,0,10811,14295,0,0,0,0,0,0,0,0,0,0,0,0,0,0,0,0,6866,8376,0,18675,27268
2,2025,'030499991',504,  ,KG,0,15748,41556,0,2064,5275,0,3040,7788,0,2823,7686,0,2019,5119,0,0,0,0,1153,2964,0,3053,7724,0,0,0,0,0,0,0,0,0,0,0,0,0,1596,5000
2,2025,'030499991',505,  ,KG,0,1979,5186,0,0,0,0,0,0,0,0,0,0,0,0,0,0,0,0,0,0,0,1851,4888,0,0,0,0,0,0,0,128,298,0,0,0,0,0,0
2,2025,'030499993',110,  ,KG,0,2817260,1099874,0,163880,66062,0,154700,61526,0,128400,46782,0,188020,70854,0,266620,99026,0,252000,93982,0,209340,81592,0,318260,125406,0,173000,67695,0,304000,116906,0,323880,133968,0,335160,136075
2,2025,'030499993',111,  ,KG,0,5228185,2464135,0,627800,286649,0,470700,215067,0,498400,219899,0,428260,199968,0,490960,225007,0,308600,141886,0,408100,192446,0,285625,133685,0,332640,158543,0,532640,258774,0,336140,172283,0,508320,259928
2,2025,'030499993',113,  ,KG,0,24000,11176,0,0,0,0,0,0,0,0,0,0,0,0,0,0,0,0,0,0,0,0,0,0,0,0,0,0,0,0,0,0,0,24000,11176,0,0,0
2,2025,'030499993',118,  ,KG,0,330260,140084,0,48000,19123,0,27060,14090,0,24000,8166,0,87000,35888,0,0,0,0,0,0,0,39200,16181,0,24000,10110,0,19000,7589,0,8000,3053,0,5000,2547,0,49000,23337
2,2025,'030499993',122,  ,KG,0,245140,94533,0,0,0,0,0,0,0,38000,14296,0,57000,20933,0,38000,13849,0,0,0,0,0,0,0,0,0,0,38000,14992,0,17140,6901,0,19000,7767,0,38000,15795
2,2025,'030499993',123,  ,KG,0,2782620,1229355,0,164900,64109,0,225000,91365,0,299240,138178,0,464500,209333,0,239400,104417,0,19000,7800,0,281300,119668,0,25000,9253,0,25000,11786,0,150000,70134,0,299680,136756,0,589600,266556
2,2025,'030499993',124,  ,KG,0,1135540,446732,0,0,0,0,120000,48818,0,168000,68620,0,192000,77939,0,120000,47297,0,163000,61939,0,72000,27930,0,21500,5598,0,0,0,0,207040,82846,0,48000,18201,0,24000,7544
2,2025,'030499999',103,  ,KG,0,1173250,1757947,0,119651,178786,0,29892,46786,0,90612,127664,0,92804,158656,0,80676,120876,0,62756,87153,0,182007,260201,0,106481,148519,0,110641,164234,0,116317,162259,0,69978,138643,0,111435,164170
2,2025,'030499999',105,  ,KG,0,17712072,6147207,0,1933492,671327,0,610870,250821,0,1699415,593572,0,1291324,485681,0,1501056,535191,0,1638028,581644,0,1486139,512072,0,1384909,474689,0,1394048,441621,0,1188441,400849,0,1850216,578223,0,1734134,621517
2,2025,'030499999',106,  ,KG,0,1897,488,0,0,0,0,0,0,0,0,0,0,0,0,0,0,0,0,1820,235,0,0,0,0,0,0,0,0,0,0,77,253,0,0,0,0,0,0
2,2025,'030499999',110,  ,KG,0,14326423,7314602,0,1489957,698270,0,881657,425770,0,633275,389001,0,1646935,869210,0,874505,496894,0,1226345,678937,0,1046697,564521,0,1001434,574020,0,1093594,574741,0,1333883,684218,0,1468029,648111,0,1630112,710909
2,2025,'030499999',111,  ,KG,0,7049396,3995334,0,666326,354328,0,471177,277449,0,699484,386723,0,643673,327866,0,496889,277643,0,574854,329714,0,562233,293204,0,416382,216620,0,672890,371235,0,691917,418770,0,635561,410916,0,518010,330866
2,2025,'030499999',113,  ,KG,0,2538720,726555,0,322520,85144,0,129000,33486,0,307520,87489,0,144760,39182,0,258760,68418,0,144000,38759,0,193520,57004,0,58000,17153,0,168760,50795,0,282360,83984,0,216760,67998,0,312760,97143
2,2025,'030499999',117,  ,KG,0,955800,1542362,0,104028,172839,0,161148,272099,0,105667,172207,0,87218,142072,0,40277,56715,0,86647,136012,0,42998,63803,0,85259,131770,0,40224,61144,0,78449,126043,0,50500,87548,0,73385,120110
2,2025,'030499999',118,  ,KG,0,768229,341415,0,48000,16007,0,95383,45065,0,121000,40780,0,65109,25573,0,22568,10671,0,50982,32291,0,106994,43601,0,52760,17009,0,26659,11712,0,68260,36532,0,48223,25516,0,62291,36658
2,2025,'030499999',122,  ,KG,0,193410,126938,0,29640,18663,0,24600,16310,0,24400,15954,0,24200,15232,0,2230,2073,0,19460,11927,0,0,0,0,1180,1226,0,24640,17013,0,22760,15370,0,800,625,0,19500,12545
2,2025,'030499999',123,  ,KG,0,40527560,11347380,0,3737700,1026495,0,3830140,1045392,0,3083700,827799,0,4464360,1220764,0,4060240,1059619,0,4132460,1154758,0,3262000,958319,0,2835620,827640,0,2297580,671356,0,1296600,368928,0,3707260,1057004,0,3819900,1129306
2,2025,'030499999',124,  ,KG,0,152020,42006,0,34000,9746,0,0,0,0,19000,5748,0,24000,4717,0,18000,5228,0,0,0,0,0,0,0,38020,10752,0,0,0,0,0,0,0,0,0,0,19000,5815
2,2025,'030499999',201,  ,KG,0,347032,1328699,0,37636,149165,0,21551,68645,0,17228,70765,0,12977,42410,0,32520,125418,0,33927,122027,0,30051,118812,0,49207,146298,0,30039,129434,0,36004,162330,0,29107,114662,0,16785,78733
2,2025,'030499999',202,  ,KG,0,7776983,12588760,0,754466,1105951,0,387863,575140,0,628958,950282,0,447737,869884,0,572875,806545,0,732872,1031922,0,684957,979707,0,732453,1115451,0,868280,1542287,0,666239,1275307,0,859849,1419693,0,440434,916591
2,2025,'030499999',203,  ,KG,0,3000,1283,0,0,0,0,3000,1283,0,0,0,0,0,0,0,0,0,0,0,0,0,0,0,0,0,0,0,0,0,0,0,0,0,0,0,0,0,0
2,2025,'030499999',204,  ,KG,0,62616,202483,0,3482,15421,0,4680,22419,0,0,0,0,10512,43668,0,3287,12844,0,3723,14867,0,0,0,0,6213,24108,0,4378,10809,0,14034,29837,0,6563,14920,0,5744,13590
2,2025,'030499999',205,  ,KG,0,77513,189771,0,1911,4337,0,3833,5383,0,0,0,0,7484,17863,0,0,0,0,11356,37295,0,8505,20358,0,8302,18669,0,17748,43699,0,9579,19292,0,7695,20128,0,1100,2747
2,2025,'030499999',206,  ,KG,0,113993,334029,0,0,0,0,0,0,0,0,0,0,13489,32908,0,230,342,0,0,0,0,0,0,0,0,0,0,22118,72633,0,34847,110121,0,21452,58016,0,21857,60009
2,2025,'030499999',207,  ,KG,0,6916,13998,0,4816,12491,0,2100,1507,0,0,0,0,0,0,0,0,0,0,0,0,0,0,0,0,0,0,0,0,0,0,0,0,0,0,0,0,0,0
2,2025,'030499999',210,  ,KG,0,32,276,0,0,0,0,0,0,0,0,0,0,0,0,0,0,0,0,0,0,0,0,0,0,0,0,0,0,0,0,32,276,0,0,0,0,0,0
2,2025,'030499999',218,  ,KG,0,141530,600207,0,16399,70272,0,17708,80286,0,8442,35817,0,11712,47160,0,24698,101640,0,11963,47267,0,9331,37781,0,8729,38270,0,6527,25494,0,9460,33471,0,4601,21379,0,11960,61370
2,2025,'030499999',222,  ,KG,0,105660,34940,0,20800,7036,0,0,0,0,0,0,0,63300,20272,0,0,0,0,0,0,0,0,0,0,21560,7632,0,0,0,0,0,0,0,0,0,0,0,0
2,2025,'030499999',223,  ,KG,0,40249,100596,0,0,0,0,3080,1549,0,962,3207,0,6568,23581,0,1434,4921,0,2920,2170,0,0,0,0,14131,31942,0,3317,11411,0,6288,16094,0,0,0,0,1549,5721
2,2025,'030499999',224,  ,KG,0,9149,11078,0,0,0,0,1960,1462,0,1400,1683,0,190,235,0,0,0,0,1950,3021,0,389,592,0,200,205,0,0,0,0,0,0,0,3060,3880,0,0,0
2,2025,'030499999',232,  ,KG,0,1000,458,0,0,0,0,0,0,0,0,0,0,0,0,0,0,0,0,0,0,0,0,0,0,0,0,0,0,0,0,1000,458,0,0,0,0,0,0
2,2025,'030499999',234,  ,KG,0,377263,711558,0,31614,47734,0,35918,71134,0,23279,46035,0,32285,55022,0,36792,54282,0,24681,34981,0,23209,41681,0,29269,56783,0,29496,55021,0,26511,55823,0,29373,63379,0,54836,129683
2,2025,'030499999',249,  ,KG,0,78114,177076,0,7188,22084,0,11266,19519,0,0,0,0,3972,10007,0,28438,56249,0,14503,31978,0,2208,3444,0,0,0,0,3301,11235,0,3935,13600,0,2913,8002,0,390,958
2,2025,'030499999',301,  ,KG,0,371125,1427371,0,49701,177825,0,18498,73719,0,24146,92636,0,22417,85623,0,18215,69734,0,19548,69521,0,44175,168402,0,22999,84922,0,37492,138897,0,29111,114206,0,38743,155675,0,46080,196211
2,2025,'030499999',302,  ,KG,0,59564,217695,0,7970,23302,0,6160,25504,0,5550,14964,0,0,0,0,610,2476,0,6310,23954,0,3060,11687,0,3060,12632,0,4940,11364,0,4150,18619,0,3590,7296,0,14164,65897
2,2025,'030499999',304,  ,KG,0,1500628,3223655,0,81776,185289,0,87228,198520,0,92865,204002,0,104781,263143,0,120348,220576,0,87612,206270,0,156395,351444,0,88547,193492,0,162248,322926,0,261516,454567,0,118333,292759,0,138979,330667
2,2025,'030499999',404,  ,KG,0,653127,423429,0,72645,49611,0,23390,15190,0,24210,15865,0,24232,15274,0,24222,15896,0,72653,46303,0,72665,46503,0,48438,32178,0,96882,63486,0,72657,44846,0,48434,30749,0,72699,47528
2,2025,'030499999',407,  ,KG,0,876060,722948,0,67806,61398,0,111384,109196,0,98432,90827,0,142054,110283,0,80675,56661,0,88607,71696,0,0,0,0,83465,61740,0,43060,34120,0,71989,57152,0,45092,36071,0,43496,33804
2,2025,'030499999',409,  ,KG,0,2757645,2479124,0,184623,279640,0,152599,222583,0,289403,179993,0,112123,144967,0,163045,143678,0,229173,178364,0,308086,296988,0,223769,227989,0,417855,291373,0,401532,202315,0,122527,115899,0,152910,195335
2,2025,'030499999',413,  ,KG,0,34903,35425,0,0,0,0,0,0,0,0,0,0,0,0,0,24000,10749,0,457,999,0,0,0,0,122,251,0,0,0,0,0,0,0,5086,11530,0,5238,11896
2,2025,'030499999',501,  ,KG,0,88096,59036,0,14400,10220,0,0,0,0,5248,3547,0,0,0,0,13200,8508,0,12400,8058,0,13936,9055,0,0,0,0,15200,10102,0,0,0,0,6912,4763,0,6800,4783
2,2025,'030499999',540,  ,KG,0,9744,11722,0,0,0,0,0,0,0,3364,3780,0,1280,1648,0,0,0,0,0,0,0,0,0,0,0,0,0,4268,5318,0,0,0,0,832,976,0,0,0
2,2025,'030499999',551,  ,KG,0,53344,69031,0,9603,12742,0,8341,9398,0,0,0,0,17364,22652,0,0,0,0,0,0,0,0,0,0,4745,6131,0,0,0,0,0,0,0,9383,12429,0,3908,5679
2,2025,'030499999',601,  ,KG,0,83395,141974,0,25246,44610,0,12539,21757,0,9880,16969,0,19587,32317,0,12183,19817,0,3960,6504,0,0,0,0,0,0,0,0,0,0,0,0,0,0,0,0,0,0
2,2025,'030499999',606,  ,KG,0,295313,323001,0,14924,17829,0,10158,10851,0,19360,20112,0,10430,10812,0,17656,18906,0,37767,39429,0,37719,39690,0,25104,27604,0,40583,44870,0,35594,39154,0,9044,9398,0,36974,44346
2,2025,'030499999',611,  ,KG,0,1980,286,0,0,0,0,0,0,0,0,0,0,0,0,0,1980,286,0,0,0,0,0,0,0,0,0,0,0,0,0,0,0,0,0,0,0,0,0
2,2025,'030499999',617,  ,KG,0,2000,266,0,0,0,0,0,0,0,0,0,0,0,0,0,0,0,0,0,0,0,0,0,0,2000,266,0,0,0,0,0,0,0,0,0,0,0,0
2,2025,'030499999',626,  ,KG,0,3440,476,0,0,0,0,0,0,0,0,0,0,0,0,0,0,0,0,0,0,0,0,0,0,0,0,0,0,0,0,0,0,0,2000,273,0,1440,203
2,2025,'030520010',105,  ,KG,0,135973,201483,0,0,0,0,0,0,0,34320,41413,0,0,0,0,22880,26033,0,11440,13228,0,0,0,0,10800,13209,0,20181,40040,0,24912,53026,0,0,0,0,11440,14534
2,2025,'030520010',202,  ,KG,0,23000,28702,0,0,0,0,0,0,0,0,0,0,0,0,0,0,0,0,0,0,0,0,0,0,0,0,0,0,0,0,0,0,0,0,0,0,23000,28702
2,2025,'030520010',205,  ,KG,0,32752,29862,0,0,0,0,0,0,0,0,0,0,0,0,0,0,0,0,0,0,0,0,0,0,4000,5565,0,14448,15958,0,0,0,0,0,0,0,14304,8339
2,2025,'030520010',207,  ,KG,0,294466,380204,0,907,1323,0,22496,28766,0,22530,30376,0,42883,61794,0,5332,5965,0,31946,34272,0,27048,37696,0,36637,39174,0,49789,67085,0,30035,38912,0,24863,34841,0,0,0
2,2025,'030520010',210,  ,KG,0,24246,22762,0,0,0,0,14448,11818,0,0,0,0,0,0,0,0,0,0,0,0,0,0,0,0,0,0,0,7440,8325,0,2358,2619,0,0,0,0,0,0
2,2025,'030520010',213,  ,KG,0,266880,320339,0,43784,53331,0,30723,36220,0,44048,53029,0,7256,9093,0,21886,21666,0,7912,9383,0,14448,15835,0,28247,37190,0,0,0,0,9782,10419,0,43994,51276,0,14800,22897
2,2025,'030520010',224,  ,KG,0,382142,520988,0,21442,33474,0,3732,5260,0,562,1368,0,23840,22085,0,0,0,0,39960,73511,0,21104,28067,0,20772,30966,0,74361,86777,0,92351,125027,0,63506,78924,0,20512,35529
2,2025,'030520010',302,  ,KG,0,676472,1508215,0,55840,137852,0,3197,9708,0,216,455,0,0,0,0,14064,33057,0,136306,330369,0,179880,373095,0,82200,188964,0,105236,218386,0,79664,175559,0,15243,33320,0,4626,7450
2,2025,'030520010',304,  ,KG,0,719049,1411521,0,141394,275190,0,15254,19619,0,29446,88192,0,1520,3665,0,0,0,0,21512,46900,0,83509,161854,0,70234,127752,0,117890,194203,0,131605,264632,0,86968,188351,0,19717,41163
2,2025,'030520020',105,  ,KG,0,587521,893135,0,52812,83524,0,26904,44887,0,36457,56449,0,66657,100873,0,34184,52176,0,62903,94735,0,66671,102819,0,58166,89902,0,43098,63090,0,42001,64254,0,49707,72104,0,47961,68322
2,2025,'030520020',110,  ,KG,0,358690,508047,0,28446,45018,0,22541,32719,0,26637,38098,0,41237,61011,0,29419,41208,0,21502,27209,0,40969,52870,0,45087,61863,0,26401,35566,0,29905,42876,0,20445,30396,0,26101,39213
2,2025,'030520020',218,  ,KG,0,121,521,0,0,0,0,0,0,0,0,0,0,0,0,0,0,0,0,0,0,0,0,0,0,121,521,0,0,0,0,0,0,0,0,0,0,0,0
2,2025,'030520020',220,  ,KG,0,466,2118,0,0,0,0,100,398,0,0,0,0,0,0,0,0,0,0,0,0,0,72,309,0,0,0,0,294,1411,0,0,0,0,0,0,0,0,0
2,2025,'030520020',224,  ,KG,0,12427,20964,0,1824,3195,0,1015,1770,0,1635,2748,0,2295,3910,0,336,561,0,336,557,0,1758,2839,0,1236,2004,0,0,0,0,384,637,0,1608,2743,0,0,0
2,2025,'030520020',304,  ,KG,0,22080,16574,0,0,0,0,0,0,0,0,0,0,0,0,0,0,0,0,0,0,0,22080,16574,0,0,0,0,0,0,0,0,0,0,0,0,0,0,0
2,2025,'030520030',204,  ,KG,0,182900,1164980,0,0,0,0,53900,304745,0,66140,427459,0,62860,432776,0,0,0,0,0,0,0,0,0,0,0,0,0,0,0,0,0,0,0,0,0,0,0,0
2,2025,'030520030',222,  ,KG,0,20665,87705,0,0,0,0,0,0,0,0,0,0,20665,87705,0,0,0,0,0,0,0,0,0,0,0,0,0,0,0,0,0,0,0,0,0,0,0,0
2,2025,'030520030',234,  ,KG,0,16702,22054,0,0,0,0,476,891,0,0,0,0,0,0,0,0,0,0,16226,21163,0,0,0,0,0,0,0,0,0,0,0,0,0,0,0,0,0,0
2,2025,'030520030',304,  ,KG,0,763695,2312661,0,31185,120497,0,0,0,0,0,0,0,0,0,0,0,0,0,5345,21367,0,0,0,0,0,0,0,227430,543793,0,208465,596254,0,51250,201471,0,240020,829279
2,2025,'030520040',302,  ,KG,0,41083,315498,0,0,0,0,0,0,0,0,0,0,0,0,0,15620,119162,0,13145,100582,0,12246,94980,0,0,0,0,0,0,0,0,0,0,72,774,0,0,0
2,2025,'030520040',304,  ,KG,0,183324,1027061,0,0,0,0,0,0,0,0,0,0,0,0,0,0,0,0,117036,616600,0,55286,340964,0,11002,69497,0,0,0,0,0,0,0,0,0,0,0,0
2,2025,'030520090',106,  ,KG,0,2678,46680,0,83,1414,0,166,2784,0,100,1949,0,100,1791,0,395,5133,0,82,1404,0,108,1837,0,278,4145,0,264,4140,0,208,3866,0,82,1394,0,812,16823
2,2025,'030520090',118,  ,KG,0,126570,634505,0,0,0,0,7700,52567,0,0,0,0,23150,71393,0,0,0,0,17800,35732,0,0,0,0,0,0,0,27950,207232,0,10930,79213,0,36950,184131,0,2090,4237
2,2025,'030520090',210,  ,KG,0,10,353,0,0,0,0,0,0,0,0,0,0,0,0,0,0,0,0,0,0,0,0,0,0,0,0,0,0,0,0,0,0,0,10,353,0,0,0
2,2025,'030520090',218,  ,KG,0,1316,14092,0,0,0,0,114,1230,0,306,3328,0,0,0,0,0,0,0,15,212,0,0,0,0,474,4501,0,103,1004,0,284,3433,0,20,384,0,0,0
2,2025,'030520090',220,  ,KG,0,20505,249265,0,894,10299,0,4261,49357,0,676,7281,0,1094,11853,0,2060,23306,0,2076,21666,0,565,6212,0,993,11174,0,1027,16463,0,4371,57849,0,360,4230,0,2128,29575
2,2025,'030520090',230,  ,KG,0,426,8768,0,0,0,0,62,1125,0,20,504,0,0,0,0,61,1287,0,0,0,0,59,1384,0,13,284,0,0,0,0,30,665,0,121,2348,0,60,1171
2,2025,'030520090',407,  ,KG,0,875200,2379738,0,42800,106703,0,84800,203546,0,170000,464580,0,128400,345112,0,149600,408199,0,85600,240759,0,128400,359792,0,64200,187635,0,21400,63412,0,0,0,0,0,0,0,0,0
2,2025,'030520090',410,  ,KG,0,21200,50864,0,0,0,0,0,0,0,0,0,0,0,0,0,0,0,0,0,0,0,0,0,0,0,0,0,0,0,0,0,0,0,21200,50864,0,0,0
2,2025,'030520090',506,  ,KG,0,30,331,0,0,0,0,0,0,0,0,0,0,0,0,0,0,0,0,0,0,0,0,0,0,0,0,0,30,331,0,0,0,0,0,0,0,0,0
2,2025,'030520090',601,  ,KG,0,7755,86882,0,0,0,0,0,0,0,737,5788,0,0,0,0,1226,8325,0,1261,16693,0,0,0,0,0,0,0,1697,23690,0,1859,22983,0,302,3624,0,673,5779
2,2025,'030531000',110,  ,KG,0,1422,1894,0,0,0,0,0,0,0,0,0,0,0,0,0,0,0,0,630,934,0,0,0,0,0,0,0,0,0,0,432,488,0,0,0,0,360,472
2,2025,'030531000',120,  ,KG,0,100,285,0,0,0,0,0,0,0,0,0,0,0,0,0,0,0,0,0,0,0,100,285,0,0,0,0,0,0,0,0,0,0,0,0,0,0,0
2,2025,'030532010',103,  ,KG,0,420,1558,0,0,0,0,0,0,0,0,0,0,0,0,0,0,0,0,0,0,0,0,0,0,0,0,0,420,1558,0,0,0,0,0,0,0,0,0
2,2025,'030532010',105,  ,KG,0,5500,12278,0,0,0,0,2500,5515,0,0,0,0,3000,6763,0,0,0,0,0,0,0,0,0,0,0,0,0,0,0,0,0,0,0,0,0,0,0,0
2,2025,'030532010',217,  ,KG,0,500,1404,0,0,0,0,0,0,0,0,0,0,0,0,0,0,0,0,0,0,0,260,660,0,0,0,0,0,0,0,0,0,0,240,744,0,0,0
2,2025,'030532010',224,  ,KG,0,24000,55007,0,0,0,0,0,0,0,0,0,0,0,0,0,0,0,0,8000,17257,0,0,0,0,0,0,0,0,0,0,8000,18514,0,8000,19236,0,0,0
2,2025,'030532090',105,  ,KG,0,1000,2490,0,0,0,0,1000,2490,0,0,0,0,0,0,0,0,0,0,0,0,0,0,0,0,0,0,0,0,0,0,0,0,0,0,0,0,0,0
2,2025,'030532090',110,  ,KG,0,1000,3514,0,0,0,0,0,0,0,0,0,0,0,0,0,0,0,0,1000,3514,0,0,0,0,0,0,0,0,0,0,0,0,0,0,0,0,0,0
2,2025,'030532090',205,  ,KG,0,445,5655,0,0,0,0,0,0,0,0,0,0,0,0,0,175,2160,0,0,0,0,0,0,0,0,0,0,0,0,0,270,3495,0,0,0,0,0,0
2,2025,'030532090',224,  ,KG,0,600,1442,0,0,0,0,0,0,0,0,0,0,0,0,0,0,0,0,0,0,0,0,0,0,0,0,0,0,0,0,400,955,0,0,0,0,200,487
2,2025,'030539100',105,  ,KG,0,328,1498,0,0,0,0,0,0,0,0,0,0,0,0,0,0,0,0,0,0,0,0,0,0,0,0,0,91,419,0,0,0,0,237,1079,0,0,0
2,2025,'030539100',111,  ,KG,0,35,332,0,0,0,0,0,0,0,0,0,0,0,0,0,0,0,0,0,0,0,0,0,0,0,0,0,35,332,0,0,0,0,0,0,0,0,0
2,2025,'030539100',224,  ,KG,0,45499,71118,0,0,0,0,0,0,0,0,0,0,0,0,0,0,0,0,2800,4047,0,8465,13284,0,10537,15269,0,12599,18741,0,10706,18453,0,392,1324,0,0,0
2,2025,'030539100',304,  ,KG,0,55319,77757,0,6158,9214,0,7816,11705,0,19035,26564,0,12139,17266,0,3004,3249,0,7167,9759,0,0,0,0,0,0,0,0,0,0,0,0,0,0,0,0,0,0
2,2025,'030539210',105,  ,KG,0,3612,3117,0,0,0,0,0,0,0,0,0,0,0,0,0,0,0,0,0,0,0,0,0,0,0,0,0,0,0,0,0,0,0,0,0,0,3612,3117
2,2025,'030539210',110,  ,KG,0,5400,5758,0,0,0,0,0,0,0,1452,1453,0,2748,2922,0,0,0,0,0,0,0,0,0,0,1200,1383,0,0,0,0,0,0,0,0,0,0,0,0
2,2025,'030539210',202,  ,KG,0,109760,131155,0,0,0,0,0,0,0,0,0,0,0,0,0,0,0,0,0,0,0,0,0,0,0,0,0,0,0,0,33760,35148,0,34620,35953,0,41380,60054
2,2025,'030539210',203,  ,KG,0,288,1563,0,0,0,0,0,0,0,0,0,0,288,1563,0,0,0,0,0,0,0,0,0,0,0,0,0,0,0,0,0,0,0,0,0,0,0,0
2,2025,'030539210',205,  ,KG,0,7788,8317,0,0,0,0,4164,4325,0,0,0,0,0,0,0,0,0,0,3624,3992,0,0,0,0,0,0,0,0,0,0,0,0,0,0,0,0,0,0
2,2025,'030539210',220,  ,KG,0,39000,82949,0,13000,27323,0,0,0,0,0,0,0,0,0,0,12500,25697,0,0,0,0,13500,29929,0,0,0,0,0,0,0,0,0,0,0,0,0,0,0
2,2025,'030539290',110,  ,KG,0,1019,2178,0,300,589,0,0,0,0,106,228,0,0,0,0,160,290,0,0,0,0,0,0,0,0,0,0,0,0,0,303,694,0,0,0,0,150,377
2,2025,'030539290',111,  ,KG,0,81,607,0,0,0,0,0,0,0,0,0,0,0,0,0,81,607,0,0,0,0,0,0,0,0,0,0,0,0,0,0,0,0,0,0,0,0,0
2,2025,'030539290',606,  ,KG,0,100,1039,0,0,0,0,0,0,0,0,0,0,0,0,0,0,0,0,0,0,0,0,0,0,0,0,0,100,1039,0,0,0,0,0,0,0,0,0
2,2025,'030541000',105,  ,KG,0,23090,63810,0,7090,20922,0,8000,21890,0,0,0,0,0,0,0,0,0,0,0,0,0,0,0,0,0,0,0,8000,20998,0,0,0,0,0,0,0,0,0
2,2025,'030541000',110,  ,KG,0,46994,120289,0,2624,5186,0,0,0,0,0,0,0,0,0,0,0,0,0,0,0,0,1756,3504,0,4750,13850,0,17792,45091,0,5854,15119,0,14218,37539,0,0,0
2,2025,'030541000',111,  ,KG,0,4337,14121,0,1038,3074,0,368,1236,0,0,0,0,270,1400,0,850,2620,0,1205,3852,0,606,1939,0,0,0,0,0,0,0,0,0,0,0,0,0,0,0
2,2025,'030541000',202,  ,KG,0,14036,52892,0,318,1144,0,2107,7554,0,610,2190,0,693,2486,0,6023,24262,0,421,1515,0,428,1496,0,443,1539,0,779,2664,0,1086,4107,0,513,1767,0,615,2168
2,2025,'030541000',204,  ,KG,0,1020,3386,0,0,0,0,0,0,0,0,0,0,0,0,0,0,0,0,0,0,0,0,0,0,0,0,0,0,0,0,1020,3386,0,0,0,0,0,0
2,2025,'030541000',205,  ,KG,0,1815,16296,0,0,0,0,0,0,0,397,3871,0,245,1899,0,0,0,0,0,0,0,0,0,0,277,3019,0,100,547,0,55,395,0,658,6000,0,83,565
2,2025,'030541000',206,  ,KG,0,260,1308,0,0,0,0,0,0,0,260,1308,0,0,0,0,0,0,0,0,0,0,0,0,0,0,0,0,0,0,0,0,0,0,0,0,0,0,0
2,2025,'030541000',207,  ,KG,0,6630,30679,0,510,2732,0,0,0,0,510,2577,0,510,2546,0,510,2473,0,510,2190,0,1020,4389,0,510,2255,0,510,2178,0,510,2257,0,510,2333,0,1020,4749
2,2025,'030541000',210,  ,KG,0,2413,13974,0,0,0,0,566,3322,0,0,0,0,0,0,0,192,1275,0,0,0,0,819,4663,0,0,0,0,0,0,0,701,3733,0,0,0,0,135,981
2,2025,'030541000',213,  ,KG,0,6480,22820,0,0,0,0,0,0,0,0,0,0,0,0,0,0,0,0,0,0,0,0,0,0,0,0,0,0,0,0,3600,12853,0,1200,4282,0,1680,5685
2,2025,'030541000',215,  ,KG,0,252,9090,0,25,826,0,17,592,0,18,610,0,23,815,0,18,616,0,18,616,0,17,626,0,14,560,0,17,609,0,26,961,0,19,737,0,40,1522
2,2025,'030541000',223,  ,KG,0,50440,95163,0,0,0,0,1680,6629,0,960,3827,0,720,2895,0,480,1852,0,2160,8760,0,0,0,0,0,0,0,0,0,0,17600,32433,0,9045,5077,0,17795,33690
2,2025,'030541000',236,  ,KG,0,1381,6580,0,0,0,0,0,0,0,0,0,0,0,0,0,1381,6580,0,0,0,0,0,0,0,0,0,0,0,0,0,0,0,0,0,0,0,0,0
2,2025,'030541000',302,  ,KG,0,2628,13418,0,0,0,0,0,0,0,0,0,0,0,0,0,0,0,0,0,0,0,0,0,0,0,0,0,22,266,0,0,0,0,2523,12682,0,83,470
2,2025,'030541000',409,  ,KG,0,71508,159431,0,0,0,0,315,966,0,0,0,0,0,0,0,20996,37796,0,19993,35991,0,4032,12138,0,0,0,0,6622,11404,0,13363,41499,0,2307,6955,0,3880,12682
2,2025,'030541000',601,  ,KG,0,155,1490,0,0,0,0,0,0,0,0,0,0,40,375,0,0,0,0,0,0,0,0,0,0,20,234,0,40,359,0,0,0,0,55,522,0,0,0
2,2025,'030541000',606,  ,KG,0,72,425,0,0,0,0,0,0,0,0,0,0,0,0,0,0,0,0,0,0,0,0,0,0,0,0,0,0,0,0,0,0,0,0,0,0,72,425
2,2025,'030543000',105,  ,KG,0,198884,516301,0,33595,86900,0,7377,17488,0,8790,21445,0,8837,21501,0,23355,59718,0,11103,30629,0,24440,65433,0,8050,22008,0,9102,22748,0,18070,48580,0,10270,24491,0,35895,95360
2,2025,'030543000',110,  ,KG,0,157539,376719,0,11227,21527,0,6666,13024,0,9779,27423,0,13199,27701,0,6712,12879,0,11680,21405,0,7093,17892,0,24742,65181,0,11679,26655,0,27604,68465,0,10707,29477,0,16451,45090
2,2025,'030543000',111,  ,KG,0,284820,829562,0,18200,49080,0,22390,69238,0,29040,87477,0,28423,81210,0,17296,48423,0,27898,78008,0,17998,51416,0,26650,75033,0,22493,64023,0,18916,56731,0,30646,95481,0,24870,73442
2,2025,'030543000',202,  ,KG,0,62617,207215,0,3411,12420,0,0,0,0,1464,4807,0,19442,60808,0,4194,15480,0,0,0,0,2098,7322,0,0,0,0,8426,26516,0,0,0,0,3199,10562,0,20383,69300
2,2025,'030543000',223,  ,KG,0,30447,108264,0,0,0,0,1612,5669,0,0,0,0,0,0,0,0,0,0,4972,15058,0,0,0,0,5327,11508,0,0,0,0,478,2958,0,3616,12133,0,14442,60938
2,2025,'030543000',234,  ,KG,0,7501,18394,0,211,736,0,0,0,0,0,0,0,0,0,0,0,0,0,0,0,0,0,0,0,0,0,0,0,0,0,7290,17658,0,0,0,0,0,0
2,2025,'030543000',238,  ,KG,0,63350,200163,0,8820,26329,0,8820,25485,0,8820,26889,0,9457,23821,0,0,0,0,0,0,0,0,0,0,0,0,0,6,204,0,2552,7723,0,12995,52345,0,11880,37367
2,2025,'030543000',409,  ,KG,0,587172,1677549,0,30929,102298,0,31289,97535,0,16077,51931,0,30601,101464,0,40262,119813,0,29828,87025,0,42874,125687,0,16354,50575,0,82882,233077,0,86680,209202,0,107147,289802,0,72249,209140
2,2025,'030544000',106,  ,KG,0,229,1007,0,76,267,0,0,0,0,0,0,0,0,0,0,0,0,0,0,0,0,153,740,0,0,0,0,0,0,0,0,0,0,0,0,0,0,0
2,2025,'030544000',111,  ,KG,0,3160,4567,0,700,1158,0,0,0,0,650,1142,0,860,797,0,0,0,0,0,0,0,400,577,0,0,0,0,0,0,0,400,617,0,150,276,0,0,0
2,2025,'030549090',110,  ,KG,0,1140,2539,0,0,0,0,0,0,0,0,0,0,0,0,0,0,0,0,0,0,0,0,0,0,0,0,0,1140,2539,0,0,0,0,0,0,0,0,0
2,2025,'030549090',111,  ,KG,0,245662,256880,0,4795,5136,0,19200,16980,0,31104,26648,0,17055,16124,0,31824,30225,0,28531,28530,0,25152,26981,0,6594,7077,0,35268,41755,0,15840,18733,0,12572,15949,0,17727,22742
2,2025,'030549090',117,  ,KG,0,175160,172399,0,25600,28919,0,0,0,0,11040,9095,0,34960,31599,0,33980,30135,0,10800,9238,0,0,0,0,0,0,0,0,0,0,29020,29691,0,24000,28509,0,5760,5213
2,2025,'030552000',110,  ,KG,0,1395,1582,0,0,0,0,0,0,0,600,643,0,180,205,0,0,0,0,330,384,0,285,350,0,0,0,0,0,0,0,0,0,0,0,0,0,0,0
2,2025,'030552000',111,  ,KG,0,3035,1863,0,1520,962,0,0,0,0,0,0,0,0,0,0,0,0,0,0,0,0,0,0,0,0,0,0,0,0,0,1515,901,0,0,0,0,0,0
2,2025,'030553100',103,  ,KG,0,1180,2998,0,0,0,0,0,0,0,480,1195,0,0,0,0,0,0,0,0,0,0,0,0,0,0,0,0,700,1803,0,0,0,0,0,0,0,0,0
2,2025,'030553100',105,  ,KG,0,43140,92415,0,10400,29088,0,6500,14873,0,0,0,0,14240,26271,0,0,0,0,0,0,0,0,0,0,0,0,0,0,0,0,12000,22183,0,0,0,0,0,0
2,2025,'030553900',105,  ,KG,0,630,1093,0,0,0,0,630,1093,0,0,0,0,0,0,0,0,0,0,0,0,0,0,0,0,0,0,0,0,0,0,0,0,0,0,0,0,0,0
2,2025,'030553900',606,  ,KG,0,22,201,0,0,0,0,0,0,0,0,0,0,0,0,0,0,0,0,0,0,0,0,0,0,22,201,0,0,0,0,0,0,0,0,0,0,0,0
2,2025,'030554100',103,  ,KG,0,20149,39966,0,0,0,0,2025,4832,0,0,0,0,0,0,0,0,0,0,0,0,0,0,0,0,0,0,0,0,0,0,13084,25678,0,0,0,0,5040,9456
2,2025,'030554100',110,  ,KG,0,1490,1397,0,0,0,0,0,0,0,0,0,0,0,0,0,0,0,0,0,0,0,1490,1397,0,0,0,0,0,0,0,0,0,0,0,0,0,0,0
2,2025,'030554100',117,  ,KG,0,1240,1408,0,0,0,0,0,0,0,240,363,0,650,681,0,0,0,0,0,0,0,0,0,0,0,0,0,350,364,0,0,0,0,0,0,0,0,0
2,2025,'030554900',103,  ,KG,0,26,284,0,0,0,0,0,0,0,0,0,0,0,0,0,0,0,0,0,0,0,0,0,0,0,0,0,0,0,0,0,0,0,26,284,0,0,0
2,2025,'030554900',111,  ,KG,0,1000,789,0,1000,789,0,0,0,0,0,0,0,0,0,0,0,0,0,0,0,0,0,0,0,0,0,0,0,0,0,0,0,0,0,0,0,0,0
2,2025,'030554900',117,  ,KG,0,500,793,0,350,505,0,0,0,0,0,0,0,0,0,0,0,0,0,0,0,0,0,0,0,0,0,0,150,288,0,0,0,0,0,0,0,0,0
2,2025,'030554900',125,  ,KG,0,845,521,0,644,276,0,0,0,0,0,0,0,0,0,0,0,0,0,0,0,0,0,0,0,0,0,0,0,0,0,201,245,0,0,0,0,0,0
2,2025,'030559010',103,  ,KG,0,76,363,0,0,0,0,0,0,0,0,0,0,0,0,0,0,0,0,0,0,0,0,0,0,0,0,0,0,0,0,0,0,0,0,0,0,76,363
2,2025,'030559010',105,  ,KG,0,72,300,0,0,0,0,0,0,0,0,0,0,0,0,0,0,0,0,0,0,0,0,0,0,0,0,0,0,0,0,0,0,0,0,0,0,72,300
2,2025,'030559020',111,  ,KG,0,44,427,0,0,0,0,0,0,0,0,0,0,0,0,0,0,0,0,0,0,0,0,0,0,0,0,0,44,427,0,0,0,0,0,0,0,0,0
2,2025,'030559090',103,  ,KG,0,268,1459,0,0,0,0,0,0,0,0,0,0,0,0,0,0,0,0,0,0,0,0,0,0,0,0,0,115,566,0,0,0,0,0,0,0,153,893
2,2025,'030559090',105,  ,KG,0,19316,73228,0,6034,26626,0,0,0,0,0,0,0,0,0,0,0,0,0,8310,28844,0,0,0,0,0,0,0,0,0,0,4900,17446,0,0,0,0,72,312
2,2025,'030559090',108,  ,KG,0,772,3601,0,0,0,0,160,813,0,0,0,0,0,0,0,0,0,0,84,379,0,269,1328,0,0,0,0,0,0,0,0,0,0,259,1081,0,0,0
2,2025,'030559090',110,  ,KG,0,389776,817190,0,22014,48645,0,14590,28433,0,21455,45510,0,29875,62968,0,30695,61151,0,14688,28750,0,29430,61774,0,44810,97458,0,32218,72669,0,16608,32729,0,89640,182991,0,43753,94112
2,2025,'030559090',111,  ,KG,0,60430,153854,0,20748,47285,0,3959,11192,0,4156,11539,0,9733,22442,0,3671,10700,0,0,0,0,3080,8743,0,3080,8883,0,436,1823,0,5338,15063,0,1626,4326,0,4603,11858
2,2025,'030559090',117,  ,KG,0,5677,6633,0,983,1220,0,0,0,0,1177,1503,0,340,431,0,772,738,0,340,304,0,0,0,0,0,0,0,1107,1388,0,0,0,0,760,817,0,198,232
2,2025,'030559090',118,  ,KG,0,95392,161846,0,15880,29597,0,8512,13746,0,17810,31079,0,7630,13136,0,14830,25580,0,8908,13866,0,13846,23546,0,0,0,0,0,0,0,5780,8057,0,0,0,0,2196,3239
2,2025,'030559090',122,  ,KG,0,18595,18185,0,0,0,0,500,665,0,3540,3066,0,5935,5751,0,0,0,0,940,1200,0,2235,2650,0,800,2021,0,2750,1476,0,0,0,0,1895,1356,0,0,0
2,2025,'030559090',125,  ,KG,0,15769,11383,0,0,0,0,3392,3002,0,3453,2826,0,0,0,0,810,436,0,700,556,0,2368,943,0,1033,829,0,447,406,0,1977,1279,0,619,554,0,970,552
2,2025,'030559090',127,  ,KG,0,1292,1212,0,0,0,0,0,0,0,0,0,0,964,668,0,0,0,0,0,0,0,0,0,0,328,544,0,0,0,0,0,0,0,0,0,0,0,0
2,2025,'030559090',202,  ,KG,0,1626,3332,0,0,0,0,0,0,0,0,0,0,930,1850,0,0,0,0,0,0,0,0,0,0,0,0,0,0,0,0,696,1482,0,0,0,0,0,0
2,2025,'030559090',218,  ,KG,0,30,206,0,0,0,0,0,0,0,0,0,0,0,0,0,0,0,0,0,0,0,0,0,0,0,0,0,30,206,0,0,0,0,0,0,0,0,0
2,2025,'030561000',202,  ,KG,0,687,2090,0,0,0,0,0,0,0,0,0,0,142,433,0,142,433,0,0,0,0,0,0,0,0,0,0,403,1224,0,0,0,0,0,0,0,0,0
2,2025,'030563000',218,  ,KG,0,2160,3795,0,0,0,0,0,0,0,0,0,0,0,0,0,0,0,0,0,0,0,0,0,0,1080,2007,0,0,0,0,0,0,0,1080,1788,0,0,0
2,2025,'030563000',220,  ,KG,0,1728,4400,0,0,0,0,0,0,0,0,0,0,0,0,0,864,2053,0,0,0,0,0,0,0,0,0,0,864,2347,0,0,0,0,0,0,0,0,0
2,2025,'030563000',501,  ,KG,0,340,547,0,0,0,0,0,0,0,0,0,0,0,0,0,0,0,0,0,0,0,0,0,0,0,0,0,0,0,0,0,0,0,0,0,0,340,547
2,2025,'030564000',120,  ,KG,0,432,968,0,0,0,0,0,0,0,0,0,0,0,0,0,0,0,0,0,0,0,432,968,0,0,0,0,0,0,0,0,0,0,0,0,0,0,0
2,2025,'030569099',105,  ,KG,0,28000,37439,0,0,0,0,0,0,0,0,0,0,0,0,0,7000,6445,0,0,0,0,0,0,0,4500,5927,0,0,0,0,16500,25067,0,0,0,0,0,0
2,2025,'030569099',108,  ,KG,0,185,1013,0,0,0,0,0,0,0,60,334,0,0,0,0,0,0,0,0,0,0,0,0,0,0,0,0,65,363,0,0,0,0,60,316,0,0,0
2,2025,'030569099',111,  ,KG,0,2000,1593,0,1000,790,0,1000,803,0,0,0,0,0,0,0,0,0,0,0,0,0,0,0,0,0,0,0,0,0,0,0,0,0,0,0,0,0,0
2,2025,'030569099',118,  ,KG,0,6810,12678,0,0,0,0,0,0,0,0,0,0,0,0,0,0,0,0,6810,12678,0,0,0,0,0,0,0,0,0,0,0,0,0,0,0,0,0,0
2,2025,'030569099',125,  ,KG,0,2806,982,0,0,0,0,0,0,0,634,219,0,0,0,0,0,0,0,0,0,0,0,0,0,0,0,0,0,0,0,0,0,0,650,225,0,1522,538
2,2025,'030571090',105,  ,KG,0,1305,39218,0,0,0,0,600,17806,0,0,0,0,0,0,0,0,0,0,0,0,0,0,0,0,0,0,0,0,0,0,705,21412,0,0,0,0,0,0
2,2025,'030571090',106,  ,KG,0,150,10105,0,0,0,0,0,0,0,0,0,0,150,10105,0,0,0,0,0,0,0,0,0,0,0,0,0,0,0,0,0,0,0,0,0,0,0,0
2,2025,'030571090',110,  ,KG,0,12826,598752,0,3370,136807,0,0,0,0,1780,98005,0,990,59369,0,0,0,0,1272,37694,0,1256,68766,0,714,35513,0,0,0,0,1392,61419,0,682,41616,0,1370,59563
2,2025,'030571090',112,  ,KG,0,10,306,0,0,0,0,0,0,0,0,0,0,0,0,0,0,0,0,0,0,0,0,0,0,0,0,0,0,0,0,0,0,0,0,0,0,10,306
2,2025,'030571090',118,  ,KG,0,3479,29148,0,511,3132,0,0,0,0,600,4408,0,232,1727,0,364,3089,0,232,1733,0,232,1728,0,452,5097,0,136,952,0,136,1017,0,332,4085,0,252,2180
2,2025,'030571090',407,  ,KG,0,6846,117425,0,3333,40840,0,480,17687,0,0,0,0,0,0,0,0,0,0,1388,22186,0,0,0,0,1195,20054,0,0,0,0,0,0,0,450,16658,0,0,0
2,2025,'030571090',501,  ,KG,0,20,299,0,0,0,0,0,0,0,0,0,0,0,0,0,0,0,0,0,0,0,20,299,0,0,0,0,0,0,0,0,0,0,0,0,0,0,0
2,2025,'030572229',110,  ,KG,0,102,543,0,0,0,0,0,0,0,102,543,0,0,0,0,0,0,0,0,0,0,0,0,0,0,0,0,0,0,0,0,0,0,0,0,0,0,0
2,2025,'030572400',108,  ,KG,0,66,2932,0,12,367,0,5,250,0,0,0,0,0,0,0,0,0,0,39,1864,0,10,451,0,0,0,0,0,0,0,0,0,0,0,0,0,0,0
2,2025,'030572400',110,  ,KG,0,210,2548,0,0,0,0,0,0,0,0,0,0,0,0,0,0,0,0,0,0,0,0,0,0,0,0,0,0,0,0,0,0,0,210,2548,0,0,0
2,2025,'030572400',542,  ,KG,0,30,1176,0,10,426,0,0,0,0,0,0,0,0,0,0,20,750,0,0,0,0,0,0,0,0,0,0,0,0,0,0,0,0,0,0,0,0,0
2,2025,'030579210',202,  ,KG,0,1250,2317,0,0,0,0,0,0,0,0,0,0,0,0,0,0,0,0,850,1535,0,0,0,0,0,0,0,0,0,0,0,0,0,0,0,0,400,782
2,2025,'030579210',210,  ,KG,0,438,4258,0,0,0,0,0,0,0,0,0,0,0,0,0,0,0,0,0,0,0,0,0,0,47,555,0,0,0,0,391,3703,0,0,0,0,0,0
2,2025,'030579400',105,  ,KG,0,120000,140793,0,0,0,0,0,0,0,0,0,0,0,0,0,20000,23018,0,0,0,0,20000,21981,0,0,0,0,40000,46628,0,0,0,0,20000,23174,0,20000,25992
2,2025,'030579400',108,  ,KG,0,10,1496,0,0,0,0,0,0,0,0,0,0,10,1496,0,0,0,0,0,0,0,0,0,0,0,0,0,0,0,0,0,0,0,0,0,0,0,0
2,2025,'030579400',111,  ,KG,0,126000,70899,0,18000,10203,0,18000,10241,0,0,0,0,18000,10075,0,18000,9629,0,0,0,0,18000,10090,0,0,0,0,18000,10316,0,18000,10345,0,0,0,0,0,0
2,2025,'030611000',117,  ,KG,0,3955,17060,0,455,2112,0,0,0,0,0,0,0,0,0,0,0,0,0,0,0,0,1500,6268,0,1000,4272,0,0,0,0,0,0,0,1000,4408,0,0,0
2,2025,'030611000',118,  ,KG,0,18490,56494,0,12940,40025,0,0,0,0,0,0,0,5550,16469,0,0,0,0,0,0,0,0,0,0,0,0,0,0,0,0,0,0,0,0,0,0,0,0
2,2025,'030611000',123,  ,KG,0,3750,8400,0,0,0,0,0,0,0,0,0,0,0,0,0,3750,8400,0,0,0,0,0,0,0,0,0,0,0,0,0,0,0,0,0,0,0,0,0
2,2025,'030611000',149,  ,KG,0,19670,54104,0,0,0,0,0,0,0,0,0,0,0,0,0,12490,32952,0,0,0,0,0,0,0,0,0,0,7180,21152,0,0,0,0,0,0,0,0,0
2,2025,'030611000',210,  ,KG,0,167985,569853,0,0,0,0,5590,22289,0,0,0,0,25000,91039,0,45610,120690,0,0,0,0,0,0,0,80535,297910,0,0,0,0,11250,37925,0,0,0,0,0,0
2,2025,'030611000',304,  ,KG,0,14400,46611,0,0,0,0,0,0,0,0,0,0,7200,22506,0,0,0,0,0,0,0,0,0,0,0,0,0,0,0,0,0,0,0,0,0,0,7200,24105
2,2025,'030611000',321,  ,KG,0,16660,60683,0,0,0,0,0,0,0,0,0,0,0,0,0,16660,60683,0,0,0,0,0,0,0,0,0,0,0,0,0,0,0,0,0,0,0,0,0
2,2025,'030611000',410,  ,KG,0,45294,175828,0,3620,11516,0,17353,64875,0,0,0,0,0,0,0,0,0,0,0,0,0,0,0,0,0,0,0,0,0,0,0,0,0,24321,99437,0,0,0
2,2025,'030611000',537,  ,KG,0,93860,324957,0,0,0,0,0,0,0,0,0,0,26410,91542,0,13000,44927,0,0,0,0,26190,88659,0,13000,45504,0,15260,54325,0,0,0,0,0,0,0,0,0
2,2025,'030611000',546,  ,KG,0,205118,666336,0,17370,59098,0,7280,23840,0,32490,105224,0,0,0,0,0,0,0,14260,45445,0,51830,164857,0,27520,88692,0,10250,32543,0,7270,22892,0,7280,23682,0,29568,100063
2,2025,'030611000',548,  ,KG,0,37200,136128,0,0,0,0,0,0,0,0,0,0,0,0,0,37200,136128,0,0,0,0,0,0,0,0,0,0,0,0,0,0,0,0,0,0,0,0,0
2,2025,'030611000',550,  ,KG,0,68890,265308,0,0,0,0,0,0,0,0,0,0,28000,111995,0,13990,54822,0,0,0,0,14000,53257,0,0,0,0,12900,45234,0,0,0,0,0,0,0,0,0
2,2025,'030611000',551,  ,KG,0,25706,15225,0,0,0,0,5820,2714,0,6400,3445,0,0,0,0,0,0,0,0,0,0,0,0,0,0,0,0,0,0,0,8336,6704,0,5150,2362,0,0,0
2,2025,'030611000',601,  ,KG,0,45094,110113,0,5500,27317,0,1200,6140,0,8170,4327,0,8130,27811,0,7664,9475,0,0,0,0,0,0,0,0,0,0,0,0,0,8740,4912,0,4490,22803,0,1200,7328
2,2025,'030612000',205,  ,KG,0,14349,128756,0,0,0,0,4337,53722,0,0,0,0,0,0,0,0,0,0,0,0,0,0,0,0,0,0,0,0,0,0,4581,38083,0,4828,32285,0,603,4666
2,2025,'030612000',210,  ,KG,0,3024,38066,0,0,0,0,615,7086,0,0,0,0,0,0,0,0,0,0,0,0,0,0,0,0,0,0,0,0,0,0,2409,30980,0,0,0,0,0,0
2,2025,'030612000',302,  ,KG,0,839474,2532166,0,14393,43521,0,15388,9540,0,22,211,0,1561,16921,0,35386,14676,0,0,0,0,46066,130141,0,348610,821271,0,260856,1038760,0,95372,335768,0,16763,98601,0,5057,22756
2,2025,'030614010',202,  ,KG,0,35535,112968,0,0,0,0,7190,22269,0,10301,18199,0,0,0,0,0,0,0,0,0,0,0,0,0,0,0,0,0,0,0,5743,28435,0,6535,22231,0,5766,21834
2,2025,'030614010',224,  ,KG,0,2827365,13447501,0,225534,1192931,0,533302,2190712,0,362931,1499053,0,173519,715350,0,228160,965795,0,183918,888853,0,238211,1280678,0,80107,398984,0,181164,985635,0,150716,826119,0,162905,854799,0,306898,1648592
2,2025,'030614010',304,  ,KG,0,2139,38542,0,0,0,0,0,0,0,0,0,0,0,0,0,0,0,0,0,0,0,0,0,0,0,0,0,0,0,0,0,0,0,0,0,0,2139,38542
2,2025,'030614020',103,  ,KG,0,348609,265718,0,21380,16782,0,12520,14781,0,28728,21436,0,33220,23265,0,30020,21544,0,35388,25606,0,20180,19740,0,16492,11482,0,13620,11129,0,24676,15993,0,64117,48968,0,48268,34992
2,2025,'030614020',110,  ,KG,0,6468,4485,0,0,0,0,0,0,0,0,0,0,0,0,0,6468,4485,0,0,0,0,0,0,0,0,0,0,0,0,0,0,0,0,0,0,0,0,0
2,2025,'030614020',202,  ,KG,0,796755,2125392,0,3134,8958,0,21860,46764,0,1644,4139,0,17892,46425,0,1008,2475,0,3785,9305,0,85950,211772,0,103085,245440,0,186361,456268,0,162911,438227,0,123220,369537,0,85905,286082
2,2025,'030614020',224,  ,KG,0,12052427,34328421,0,464264,1268725,0,347159,881173,0,980440,2280547,0,855544,1837348,0,558395,1441463,0,828211,2169558,0,1563945,4473831,0,1160238,3253036,0,1559486,4711149,0,1482848,4635572,0,1095347,3485815,0,1156550,3890204
2,2025,'030614020',301,  ,KG,0,68624,151761,0,0,0,0,15999,32543,0,482,5369,0,19811,44612,0,208,703,0,0,0,0,1092,2316,0,10249,20581,0,0,0,0,582,825,0,503,715,0,19698,44097
2,2025,'030614020',302,  ,KG,0,2679544,9666760,0,149175,636246,0,64010,228878,0,44734,173854,0,67973,225594,0,72767,258240,0,450533,1350924,0,543266,1739953,0,176159,581092,0,210647,929302,0,309092,1106438,0,358925,1437472,0,232263,998767
2,2025,'030614020',304,  ,KG,0,228806,871001,0,57833,209317,0,17598,37390,0,0,0,0,68412,293951,0,24154,125785,0,5938,3300,0,0,0,0,0,0,0,4983,13993,0,28099,116189,0,19781,63680,0,2008,7396
2,2025,'030614030',103,  ,KG,0,54796,148858,0,1000,1193,0,900,963,0,18961,49235,0,600,872,0,9000,26934,0,2520,8194,0,5215,6697,0,0,0,0,0,0,0,0,0,0,6960,32817,0,9640,21953
2,2025,'030614030',105,  ,KG,0,444936,335905,0,58858,48907,0,21408,17007,0,7500,5017,0,11064,11744,0,690,488,0,12430,8538,0,70426,45456,0,10164,6372,0,64752,45210,0,30516,21030,0,75552,53842,0,81576,72294
2,2025,'030614030',110,  ,KG,0,97705,61171,0,25337,11866,0,1010,722,0,0,0,0,1496,3520,0,1496,3388,0,12075,4271,0,13613,7650,0,12000,3989,0,13732,8086,0,0,0,0,12000,4100,0,4946,13579
2,2025,'030614030',111,  ,KG,0,26306,50514,0,0,0,0,1500,2868,0,0,0,0,3560,7629,0,1600,2869,0,6496,12046,0,2050,3822,0,0,0,0,8000,15152,0,1700,3300,0,0,0,0,1400,2828
2,2025,'030614030',118,  ,KG,0,7240,17887,0,728,1806,0,0,0,0,1152,2836,0,1640,4018,0,1000,2484,0,0,0,0,1544,3812,0,456,1127,0,0,0,0,0,0,0,400,1008,0,320,796
2,2025,'030614030',122,  ,KG,0,8000,13161,0,0,0,0,0,0,0,8000,13161,0,0,0,0,0,0,0,0,0,0,0,0,0,0,0,0,0,0,0,0,0,0,0,0,0,0,0
2,2025,'030614030',124,  ,KG,0,90840,29024,0,600,320,0,0,0,0,1200,600,0,0,0,0,26360,7368,0,0,0,0,7422,3640,0,0,0,0,22370,5249,0,0,0,0,16178,7438,0,16710,4409
2,2025,'030614030',125,  ,KG,0,8960,12835,0,0,0,0,3270,4398,0,0,0,0,2720,4045,0,0,0,0,2700,3962,0,0,0,0,270,430,0,0,0,0,0,0,0,0,0,0,0,0
2,2025,'030614030',127,  ,KG,0,10200,15424,0,0,0,0,0,0,0,0,0,0,0,0,0,5000,7415,0,0,0,0,0,0,0,0,0,0,5200,8009,0,0,0,0,0,0,0,0,0
2,2025,'030614030',135,  ,KG,0,575066,367526,0,50320,34857,0,18050,11773,0,0,0,0,37848,22980,0,0,0,0,0,0,0,18148,10815,0,112342,70943,0,142086,89215,0,123804,78391,0,18660,10915,0,53808,37637
2,2025,'030614030',504,  ,KG,0,12264,10909,0,0,0,0,0,0,0,0,0,0,0,0,0,0,0,0,0,0,0,0,0,0,0,0,0,0,0,0,0,0,0,0,0,0,12264,10909
2,2025,'030614040',224,  ,KG,0,900,4712,0,0,0,0,0,0,0,0,0,0,0,0,0,0,0,0,0,0,0,0,0,0,0,0,0,0,0,0,0,0,0,0,0,0,900,4712
2,2025,'030614090',103,  ,KG,0,121620,39329,0,0,0,0,0,0,0,0,0,0,0,0,0,0,0,0,20000,6892,0,80000,27561,0,0,0,0,21620,4876,0,0,0,0,0,0,0,0,0
2,2025,'030614090',105,  ,KG,0,186800,104418,0,41400,24900,0,0,0,0,19800,11198,0,28050,13111,0,4450,1170,0,8400,4627,0,15040,9327,0,29400,16535,0,0,0,0,0,0,0,40200,23339,0,60,211
2,2025,'030614090',110,  ,KG,0,40491,31989,0,3380,4994,0,4992,6616,0,0,0,0,3880,4925,0,0,0,0,3795,1726,0,6308,2575,0,4776,1905,0,2300,926,0,1620,841,0,6780,6407,0,2660,1074
2,2025,'030614090',111,  ,KG,0,10670,13198,0,788,1011,0,1202,1462,0,250,298,0,550,654,0,0,0,0,1350,1607,0,1150,1367,0,2220,3038,0,1100,1309,0,420,500,0,960,1142,0,680,810
2,2025,'030614090',122,  ,KG,0,70172,145415,0,7000,13082,0,6000,9826,0,7392,19905,0,0,0,0,6500,11154,0,0,0,0,7000,12069,0,7392,19299,0,7296,13236,0,14392,32658,0,0,0,0,7200,14186
2,2025,'030614090',127,  ,KG,0,56694,86307,0,0,0,0,0,0,0,19284,25013,0,0,0,0,5500,4850,0,5400,9906,0,0,0,0,0,0,0,19300,36485,0,7210,10053,0,0,0,0,0,0
2,2025,'030614090',205,  ,KG,0,2700,10776,0,2700,10776,0,0,0,0,0,0,0,0,0,0,0,0,0,0,0,0,0,0,0,0,0,0,0,0,0,0,0,0,0,0,0,0,0
2,2025,'030614090',206,  ,KG,0,6000,8662,0,0,0,0,0,0,0,0,0,0,0,0,0,0,0,0,0,0,0,0,0,0,0,0,0,0,0,0,0,0,0,0,0,0,6000,8662
2,2025,'030614090',224,  ,KG,0,463769,1657517,0,124389,464242,0,12620,43611,0,51594,174261,0,61837,206308,0,23687,85883,0,33150,125408,0,87122,310065,0,9500,31211,0,32986,110707,0,252,1230,0,26632,104591,0,0,0
2,2025,'030614090',231,  ,KG,0,14112,8561,0,0,0,0,0,0,0,0,0,0,0,0,0,0,0,0,0,0,0,0,0,0,0,0,0,14112,8561,0,0,0,0,0,0,0,0,0
2,2025,'030614090',409,  ,KG,0,60628,138137,0,0,0,0,0,0,0,3440,7451,0,0,0,0,0,0,0,0,0,0,0,0,0,10400,22926,0,34902,77311,0,6,316,0,0,0,0,11880,30133
2,2025,'030614090',535,  ,KG,0,873,1884,0,873,1884,0,0,0,0,0,0,0,0,0,0,0,0,0,0,0,0,0,0,0,0,0,0,0,0,0,0,0,0,0,0,0,0,0
2,2025,'030614090',550,  ,KG,0,104262,164141,0,0,0,0,0,0,0,0,0,0,0,0,0,70428,102139,0,2532,5291,0,0,0,0,15970,27070,0,0,0,0,0,0,0,374,841,0,14958,28800
2,2025,'030615000',202,  ,KG,0,310,4485,0,0,0,0,0,0,0,0,0,0,0,0,0,0,0,0,0,0,0,49,870,0,0,0,0,0,0,0,66,1521,0,195,2094,0,0,0
2,2025,'030615000',204,  ,KG,0,20160,52078,0,0,0,0,0,0,0,0,0,0,9240,22683,0,0,0,0,0,0,0,0,0,0,0,0,0,0,0,0,0,0,0,10920,29395,0,0,0
2,2025,'030615000',205,  ,KG,0,11083,35553,0,2112,5084,0,0,0,0,0,0,0,0,0,0,4914,14349,0,0,0,0,1544,6968,0,0,0,0,0,0,0,2513,9152,0,0,0,0,0,0
2,2025,'030615000',206,  ,KG,0,4122,11481,0,0,0,0,0,0,0,0,0,0,0,0,0,0,0,0,0,0,0,0,0,0,0,0,0,0,0,0,4122,11481,0,0,0,0,0,0
2,2025,'030615000',210,  ,KG,0,69,2040,0,0,0,0,0,0,0,0,0,0,0,0,0,62,1721,0,0,0,0,0,0,0,0,0,0,0,0,0,7,319,0,0,0,0,0,0
2,2025,'030616000',105,  ,KG,0,543372,395777,0,66600,54556,0,45600,34435,0,0,0,0,39720,27434,0,21000,14911,0,0,0,0,0,0,0,26556,18755,0,22800,14708,0,159600,111891,0,68400,48332,0,93096,70755
2,2025,'030616000',110,  ,KG,0,29037,21327,0,0,0,0,0,0,0,0,0,0,0,0,0,15600,4028,0,4437,14863,0,0,0,0,0,0,0,0,0,0,9000,2436,0,0,0,0,0,0
2,2025,'030616000',202,  ,KG,0,86737,80694,0,23004,21576,0,11600,7724,0,8569,6476,0,34927,29578,0,4250,6225,0,0,0,0,0,0,0,0,0,0,0,0,0,0,0,0,1280,2117,0,3107,6998
2,2025,'030616000',204,  ,KG,0,101080,215165,0,8324,39847,0,22711,41759,0,910,1401,0,0,0,0,22065,50613,0,42000,80358,0,0,0,0,0,0,0,0,0,0,0,0,0,0,0,0,5070,1187
2,2025,'030616000',217,  ,KG,0,14084,11779,0,0,0,0,0,0,0,0,0,0,0,0,0,0,0,0,0,0,0,0,0,0,14084,11779,0,0,0,0,0,0,0,0,0,0,0,0
2,2025,'030616000',224,  ,KG,0,1055202,4157828,0,122292,381084,0,0,0,0,192840,527626,0,127296,540083,0,102017,375323,0,116328,563718,0,44700,106016,0,149955,823055,0,21226,38623,0,22856,117861,0,63888,361086,0,91804,323353
2,2025,'030616000',235,  ,KG,0,59529,118942,0,3668,8601,0,0,0,0,4466,12134,0,10096,25996,0,11241,28835,0,2266,5368,0,25477,33533,0,2315,4475,0,0,0,0,0,0,0,0,0,0,0,0
2,2025,'030616000',236,  ,KG,0,4788,15988,0,0,0,0,0,0,0,0,0,0,0,0,0,0,0,0,0,0,0,0,0,0,0,0,0,0,0,0,3250,10892,0,1538,5096,0,0,0
2,2025,'030616000',237,  ,KG,0,608804,827489,0,27752,32642,0,25807,30699,0,2852,8763,0,59205,114745,0,53997,75125,0,45685,57280,0,88519,96477,0,31860,48210,0,94847,101552,0,80452,111068,0,16913,42875,0,80915,108053
2,2025,'030616000',301,  ,KG,0,2015383,3694463,0,183106,305408,0,118540,203563,0,150700,295481,0,231811,393030,0,156919,282928,0,125279,320316,0,193473,361341,0,222021,342549,0,199775,325318,0,146149,270772,0,131143,301386,0,156467,292371
2,2025,'030616000',302,  ,KG,0,2595673,3930210,0,131279,149200,0,157053,172055,0,128080,240594,0,299368,301137,0,235476,373976,0,248789,300906,0,281921,356683,0,212891,397912,0,241344,593240,0,177433,309023,0,170878,257125,0,311161,478359
2,2025,'030616000',304,  ,KG,0,169848,200899,0,0,0,0,4060,8480,0,6170,12332,0,9180,18258,0,15368,31238,0,6390,12147,0,20170,30693,0,27390,22683,0,25780,19963,0,41600,23416,0,6550,10028,0,7190,11661
2,2025,'030617000',103,  ,KG,0,1060,3277,0,0,0,0,0,0,0,0,0,0,0,0,0,0,0,0,134,939,0,0,0,0,566,1463,0,0,0,0,0,0,0,360,875,0,0,0
2,2025,'030617000',105,  ,KG,0,6747125,7217868,0,579800,602615,0,282244,332098,0,430411,386707,0,694875,684293,0,781053,779238,0,382669,364748,0,476481,484038,0,542243,533746,0,596864,627254,0,504370,634734,0,644772,816820,0,831343,971577
2,2025,'030617000',106,  ,KG,0,519842,1261662,0,62845,192116,0,27788,87100,0,66847,186551,0,61995,149362,0,71485,142645,0,50110,128141,0,27684,51603,0,13560,22141,0,32230,68785,0,48540,100344,0,43654,83398,0,13104,49476
2,2025,'030617000',110,  ,KG,0,23893746,38752368,0,1800827,2975274,0,1199680,1979644,0,1466105,2412948,0,2137680,3422391,0,1904987,2934304,0,2569444,3956623,0,2360031,3677877,0,1875444,2968247,0,2214544,3532707,0,2305899,3767836,0,1968030,3433326,0,2091075,3691191
2,2025,'030617000',111,  ,KG,0,5923663,8539623,0,505425,724335,0,369592,514205,0,392365,561249,0,677570,932067,0,646994,886248,0,430035,626372,0,505837,703439,0,533768,787050,0,417702,634998,0,592186,860921,0,418675,637014,0,433514,671725
2,2025,'030617000',113,  ,KG,0,946147,1199456,0,94305,114249,0,39367,50345,0,35343,45088,0,68785,108235,0,115178,139196,0,54311,58566,0,57554,68795,0,98306,125539,0,61538,74161,0,92566,107829,0,70215,93361,0,158679,214092
2,2025,'030617000',117,  ,KG,0,242094,307531,0,9817,19080,0,24156,25273,0,19573,28738,0,12552,14866,0,0,0,0,28246,31218,0,18100,24219,0,40369,53857,0,19749,23065,0,49099,58531,0,20433,28684,0,0,0
2,2025,'030617000',118,  ,KG,0,22955154,33488726,0,1579855,2357042,0,1521760,2185088,0,1709148,2399203,0,2434509,3534949,0,1760089,2446952,0,1958682,2817109,0,2070849,2932085,0,1876586,2731267,0,2109442,3019351,0,1976866,2920451,0,2061627,3226707,0,1895741,2918522
2,2025,'030617000',122,  ,KG,0,1518913,2145982,0,165426,254676,0,135087,161508,0,171428,164144,0,173172,185691,0,105073,131213,0,83522,93107,0,126576,159457,0,39551,37525,0,107984,200959,0,155446,288100,0,69814,119481,0,185834,350121
2,2025,'030617000',123,  ,KG,0,41060806,47642447,0,2932333,3488012,0,2387443,2791442,0,2431511,2808545,0,2686093,3020157,0,3133742,3387288,0,2748551,2980370,0,3634234,3909772,0,3727134,4043233,0,4527775,4964448,0,5205976,6377680,0,4355695,5645615,0,3290319,4225885
2,2025,'030617000',124,  ,KG,0,2009170,1810446,0,297948,251676,0,70916,64184,0,68025,46475,0,119760,93946,0,140520,118765,0,190508,180399,0,185614,163589,0,10988,14193,0,77312,72670,0,306862,302895,0,265432,249774,0,275285,251880
2,2025,'030617000',125,  ,KG,0,456916,681666,0,31405,55282,0,6363,15894,0,9315,16198,0,37053,67254,0,42080,67193,0,24935,39253,0,53119,66064,0,97598,140944,0,98955,125010,0,30223,43600,0,25870,44974,0,0,0
2,2025,'030617000',127,  ,KG,0,1027099,1343597,0,146136,225633,0,91421,151177,0,64769,95001,0,98180,136451,0,123556,112509,0,106882,107180,0,56338,55787,0,3232,10986,0,35000,47868,0,86047,102759,0,86372,118843,0,129166,179403
2,2025,'030617000',137,  ,KG,0,187039,275447,0,7424,19750,0,51864,50986,0,0,0,0,5029,8525,0,5069,8180,0,12228,26633,0,72896,77245,0,11760,26350,0,0,0,0,5389,14210,0,0,0,0,15380,43568
2,2025,'030617000',210,  ,KG,0,860,2965,0,0,0,0,0,0,0,0,0,0,0,0,0,162,559,0,0,0,0,320,1088,0,0,0,0,0,0,0,216,742,0,162,576,0,0,0
2,2025,'030617000',301,  ,KG,0,27820,16555,0,9000,5310,0,0,0,0,0,0,0,7820,4535,0,0,0,0,0,0,0,0,0,0,0,0,0,0,0,0,11000,6710,0,0,0,0,0,0
2,2025,'030617000',302,  ,KG,0,783,1949,0,0,0,0,0,0,0,0,0,0,759,1744,0,24,205,0,0,0,0,0,0,0,0,0,0,0,0,0,0,0,0,0,0,0,0,0
2,2025,'030617000',304,  ,KG,0,5800,17756,0,0,0,0,1000,3663,0,0,0,0,0,0,0,0,0,0,0,0,0,0,0,0,0,0,0,0,0,0,0,0,0,4800,14093,0,0,0
2,2025,'030617000',305,  ,KG,0,420883,654327,0,29258,54988,0,64968,99889,0,85344,116342,0,67458,97105,0,32982,65255,0,24433,46306,0,25906,50198,0,0,0,0,15636,36202,0,17298,17718,0,0,0,0,57600,70324
2,2025,'030617000',307,  ,KG,0,322096,432545,0,0,0,0,0,0,0,57031,79659,0,135207,177843,0,38319,47805,0,0,0,0,0,0,0,18910,24492,0,0,0,0,37020,51847,0,17733,25377,0,17876,25522
2,2025,'030617000',404,  ,KG,0,22056,57549,0,0,0,0,0,0,0,10116,27753,0,0,0,0,0,0,0,0,0,0,0,0,0,11940,29796,0,0,0,0,0,0,0,0,0,0,0,0
2,2025,'030617000',406,  ,KG,0,19384086,21278432,0,1223243,1424971,0,816373,986978,0,1325776,1537484,0,1948163,2213163,0,1712436,1855607,0,1985380,2127121,0,1757475,1868567,0,1865233,1940215,0,1358942,1419550,0,2134114,2258097,0,1756115,1925650,0,1500836,1721029
2,2025,'030617000',407,  ,KG,0,626901,701036,0,95340,110990,0,71941,78986,0,41636,44967,0,102346,109911,0,19530,19946,0,21600,22888,0,39756,44008,0,21109,24912,0,40623,45237,0,56991,62705,0,0,0,0,116029,136486
2,2025,'030617000',410,  ,KG,0,103510,253675,0,15600,38605,0,0,0,0,2856,6190,0,15080,36241,0,2800,7252,0,15008,33164,0,5772,14268,0,13888,30914,0,0,0,0,6732,18042,0,0,0,0,25774,68999
2,2025,'030617000',413,  ,KG,0,13843634,21508608,0,2104420,2616935,0,835305,1212000,0,423501,770763,0,533166,1078238,0,402349,776309,0,498762,846871,0,647634,1108216,0,492226,882154,0,572084,1021998,0,1702160,2596802,0,2441281,3666161,0,3190746,4932161
2,2025,'030617000',510,  ,KG,0,83395,99597,0,75609,79939,0,0,0,0,3075,8020,0,0,0,0,0,0,0,0,0,0,2279,6398,0,0,0,0,2432,5240,0,0,0,0,0,0,0,0,0
2,2025,'030617000',519,  ,KG,0,48,589,0,48,589,0,0,0,0,0,0,0,0,0,0,0,0,0,0,0,0,0,0,0,0,0,0,0,0,0,0,0,0,0,0,0,0,0
2,2025,'030617000',545,  ,KG,0,77555,194750,0,2923,7004,0,0,0,0,1057,3295,0,25787,59122,0,19325,44875,0,0,0,0,5870,18131,0,0,0,0,5710,14408,0,16883,47915,0,0,0,0,0,0
2,2025,'030617000',546,  ,KG,0,27593,75084,0,0,0,0,0,0,0,7401,17325,0,0,0,0,0,0,0,0,0,0,0,0,0,11520,27987,0,6608,24298,0,0,0,0,0,0,0,2064,5474
2,2025,'030617000',601,  ,KG,0,418255,1016289,0,20544,52889,0,3890,9370,0,10428,26811,0,10880,27225,0,10368,21661,0,20511,38927,0,17382,37127,0,10393,19490,0,29729,70602,0,82822,199117,0,103160,254818,0,98148,258252
2,2025,'030617000',602,  ,KG,0,52645,108899,0,0,0,0,0,0,0,0,0,0,0,0,0,0,0,0,0,0,0,0,0,0,13991,30612,0,10799,23094,0,7434,18522,0,0,0,0,20421,36671
2,2025,'030619100',105,  ,KG,0,58252,58587,0,0,0,0,0,0,0,0,0,0,0,0,0,0,0,0,12240,11497,0,12456,14334,0,18456,16895,0,0,0,0,6000,4539,0,9100,11322,0,0,0
2,2025,'030619100',110,  ,KG,0,29098,20364,0,684,357,0,504,244,0,0,0,0,2840,2041,0,3030,2130,0,560,418,0,7494,5246,0,1096,746,0,1960,1243,0,0,0,0,6820,5042,0,4110,2897
2,2025,'030619100',118,  ,KG,0,17520,32373,0,360,504,0,516,729,0,3730,8207,0,600,880,0,180,274,0,3180,7241,0,3200,6836,0,600,795,0,2160,1861,0,1500,1595,0,336,572,0,1158,2879
2,2025,'030619100',410,  ,KG,0,108,463,0,0,0,0,0,0,0,0,0,0,0,0,0,0,0,0,0,0,0,0,0,0,0,0,0,0,0,0,0,0,0,108,463,0,0,0
2,2025,'030619100',601,  ,KG,0,7812,32379,0,0,0,0,0,0,0,0,0,0,0,0,0,0,0,0,7812,32379,0,0,0,0,0,0,0,0,0,0,0,0,0,0,0,0,0,0
2,2025,'030619100',606,  ,KG,0,2592,18432,0,0,0,0,0,0,0,0,0,0,0,0,0,0,0,0,0,0,0,1212,8490,0,0,0,0,0,0,0,0,0,0,1380,9942,0,0,0
2,2025,'030619200',103,  ,KG,0,856175,168999,0,2010,540,0,2160,556,0,0,0,0,0,0,0,2370,578,0,502660,95829,0,139450,29590,0,2010,512,0,202050,40494,0,2130,549,0,0,0,0,1335,351
2,2025,'030619200',105,  ,KG,0,168776,103345,0,22000,7357,0,1500,328,0,150,265,0,24000,3845,0,48000,3672,0,24000,1759,0,0,0,0,0,0,0,0,0,0,1500,425,0,996,697,0,46630,84997
2,2025,'030619200',110,  ,KG,0,10360,14342,0,950,1330,0,0,0,0,0,0,0,4710,6495,0,0,0,0,0,0,0,0,0,0,4700,6517,0,0,0,0,0,0,0,0,0,0,0,0
2,2025,'030631000',551,  ,KG,0,4450,30682,0,350,2502,0,300,2100,0,600,4200,0,600,4200,0,600,4080,0,600,4080,0,700,4760,0,0,0,0,0,0,0,0,0,0,0,0,0,700,4760
2,2025,'030631000',601,  ,KG,0,102766,703290,0,7060,44957,0,8480,61253,0,9740,61075,0,9985,65783,0,8385,56899,0,7788,60033,0,9943,70009,0,8878,62962,0,5795,36525,0,6675,46000,0,6007,43425,0,14030,94369
2,2025,'030631000',606,  ,KG,0,19,201,0,0,0,0,0,0,0,0,0,0,0,0,0,0,0,0,0,0,0,0,0,0,0,0,0,19,201,0,0,0,0,0,0,0,0,0
2,2025,'030632000',205,  ,KG,0,18002,117304,0,1023,7714,0,1008,7358,0,1418,10741,0,1056,7832,0,1246,7540,0,1077,5899,0,2184,11761,0,1533,8465,0,1489,8574,0,1833,11084,0,2209,14894,0,1926,15442
2,2025,'030632000',206,  ,KG,0,7431,59323,0,529,4554,0,514,4200,0,333,2745,0,532,4609,0,463,3567,0,559,3859,0,560,3955,0,615,4212,0,606,4483,0,1298,10336,0,675,5978,0,747,6825
2,2025,'030632000',207,  ,KG,0,424,2813,0,0,0,0,0,0,0,0,0,0,0,0,0,0,0,0,0,0,0,0,0,0,0,0,0,0,0,0,100,598,0,212,1311,0,112,904
2,2025,'030632000',210,  ,KG,0,2757,22288,0,343,2894,0,214,1581,0,552,4830,0,324,2833,0,254,1851,0,248,1383,0,517,3954,0,0,0,0,0,0,0,0,0,0,126,1073,0,179,1889
2,2025,'030632000',302,  ,KG,0,419607,1692324,0,32364,154591,0,36322,177858,0,34915,174422,0,30831,150826,0,28939,90261,0,30355,93367,0,38958,138126,0,30066,113161,0,30388,114345,0,37013,151999,0,27751,114211,0,61705,219157
2,2025,'030632000',304,  ,KG,0,10523,47521,0,1047,4963,0,598,3115,0,449,2500,0,3267,18146,0,0,0,0,0,0,0,0,0,0,0,0,0,0,0,0,449,1848,0,2019,8104,0,2694,8845
2,2025,'030633110',224,  ,KG,0,93154,415509,0,135,1411,0,27,271,0,0,0,0,177,1955,0,17240,32962,0,0,0,0,31805,64633,0,0,0,0,0,0,0,2770,17660,0,8500,54301,0,32500,242316
2,2025,'030633129',224,  ,KG,0,200766,495490,0,1919,15647,0,1266,7643,0,1608,9275,0,3126,19096,0,54022,86375,0,53521,92879,0,20498,53460,0,35034,81036,0,3967,23136,0,4726,32962,0,4141,25778,0,16938,48203
2,2025,'030633130',105,  ,KG,0,53,1844,0,0,0,0,0,0,0,0,0,0,0,0,0,0,0,0,0,0,0,6,247,0,47,1597,0,0,0,0,0,0,0,0,0,0,0,0
2,2025,'030633130',110,  ,KG,0,560,1901,0,0,0,0,0,0,0,0,0,0,0,0,0,0,0,0,270,776,0,290,1125,0,0,0,0,0,0,0,0,0,0,0,0,0,0,0
2,2025,'030633130',125,  ,KG,0,46,276,0,0,0,0,0,0,0,0,0,0,0,0,0,0,0,0,0,0,0,0,0,0,46,276,0,0,0,0,0,0,0,0,0,0,0,0
2,2025,'030633140',224,  ,KG,0,114194,457732,0,10182,43126,0,19580,72432,0,0,0,0,11163,50478,0,5093,24029,0,0,0,0,0,0,0,0,0,0,20747,72434,0,21048,75486,0,19659,79024,0,6722,40723
2,2025,'030633150',105,  ,KG,0,110275,574863,0,7585,42074,0,360,1395,0,0,0,0,0,0,0,0,0,0,100,427,0,240,1023,0,270,1161,0,6873,25935,0,33862,172918,0,31269,178625,0,29716,151305
2,2025,'030633190',110,  ,KG,0,1393,5761,0,0,0,0,0,0,0,0,0,0,0,0,0,0,0,0,0,0,0,0,0,0,0,0,0,423,1662,0,630,2564,0,175,775,0,165,760
2,2025,'030633190',111,  ,KG,0,3,243,0,0,0,0,0,0,0,0,0,0,0,0,0,0,0,0,3,243,0,0,0,0,0,0,0,0,0,0,0,0,0,0,0,0,0,0
2,2025,'030633190',205,  ,KG,0,1905,3800,0,225,481,0,0,0,0,160,314,0,160,322,0,160,310,0,304,589,0,288,565,0,160,318,0,160,319,0,128,255,0,160,327,0,0,0
2,2025,'030633190',302,  ,KG,0,362,1462,0,0,0,0,181,744,0,0,0,0,181,718,0,0,0,0,0,0,0,0,0,0,0,0,0,0,0,0,0,0,0,0,0,0,0,0
2,2025,'030633190',304,  ,KG,0,136,1373,0,0,0,0,0,0,0,40,393,0,0,0,0,16,341,0,40,306,0,0,0,0,0,0,0,0,0,0,40,333,0,0,0,0,0,0
2,2025,'030633190',323,  ,KG,0,45,1940,0,0,0,0,0,0,0,6,240,0,10,496,0,0,0,0,6,236,0,0,0,0,0,0,0,10,454,0,6,246,0,0,0,0,7,268
2,2025,'030633190',606,  ,KG,0,125,777,0,0,0,0,0,0,0,0,0,0,0,0,0,0,0,0,0,0,0,0,0,0,0,0,0,0,0,0,0,0,0,73,441,0,52,336
2,2025,'030636110',111,  ,KG,0,0,1289,0,0,0,0,0,211,0,0,0,0,0,0,0,0,0,0,0,532,0,0,546,0,0,0,0,0,0,0,0,0,0,0,0,0,0,0
2,2025,'030636110',304,  ,KG,0,12,4125,0,0,0,0,4,1437,0,0,0,0,0,0,0,4,1348,0,4,1340,0,0,0,0,0,0,0,0,0,0,0,0,0,0,0,0,0,0
2,2025,'030636190',105,  ,KG,0,2237,37327,0,377,3640,0,127,2830,0,217,3010,0,503,5632,0,4,1096,0,24,3103,0,18,4135,0,2,729,0,4,1641,0,14,3697,0,559,4667,0,388,3147
2,2025,'030636190',106,  ,KG,0,2103,103708,0,101,6637,0,207,9034,0,258,8829,0,133,8649,0,166,7903,0,195,8134,0,177,8602,0,156,7935,0,180,8781,0,163,9005,0,168,9385,0,199,10814
2,2025,'030636190',111,  ,KG,0,1024,28612,0,4,4106,0,67,1009,0,98,4385,0,19,1676,0,467,1807,0,4,3448,0,62,444,0,3,2692,0,252,4053,0,0,618,0,3,3089,0,45,1285
2,2025,'030636190',117,  ,KG,0,20,459,0,0,0,0,0,0,0,0,0,0,0,0,0,0,0,0,0,0,0,0,0,0,0,0,0,0,0,0,0,0,0,20,257,0,0,202
2,2025,'030636190',118,  ,KG,0,471,12334,0,50,1378,0,29,507,0,11,458,0,31,534,0,37,1103,0,39,731,0,46,1824,0,10,573,0,26,1583,0,72,1500,0,10,494,0,110,1649
2,2025,'030636190',125,  ,KG,0,366,6092,0,18,487,0,25,452,0,61,1200,0,56,892,0,31,687,0,17,387,0,0,0,0,89,633,0,26,397,0,10,252,0,33,705,0,0,0
2,2025,'030636190',304,  ,KG,0,58,10258,0,15,338,0,9,2761,0,16,1720,0,0,0,0,4,1348,0,0,0,0,0,0,0,0,0,0,0,0,0,14,4091,0,0,0,0,0,0
2,2025,'030636190',524,  ,KG,0,8,420,0,5,214,0,0,0,0,0,0,0,0,0,0,0,0,0,0,0,0,0,0,0,0,0,0,3,206,0,0,0,0,0,0,0,0,0
2,2025,'030636900',125,  ,KG,0,58,269,0,0,0,0,0,0,0,0,0,0,0,0,0,0,0,0,0,0,0,0,0,0,58,269,0,0,0,0,0,0,0,0,0,0,0,0
2,2025,'030639100',304,  ,KG,0,5,235,0,0,0,0,0,0,0,0,0,0,0,0,0,0,0,0,0,0,0,0,0,0,0,0,0,0,0,0,0,0,0,0,0,0,5,235
2,2025,'030639100',601,  ,KG,0,7,224,0,0,0,0,0,0,0,0,0,0,0,0,0,0,0,0,0,0,0,0,0,0,0,0,0,0,0,0,0,0,0,7,224,0,0,0
2,2025,'030639900',304,  ,KG,0,10,1044,0,0,0,0,10,1044,0,0,0,0,0,0,0,0,0,0,0,0,0,0,0,0,0,0,0,0,0,0,0,0,0,0,0,0,0,0
2,2025,'030693900',105,  ,KG,0,320,337,0,0,0,0,0,0,0,0,0,0,0,0,0,0,0,0,0,0,0,0,0,0,0,0,0,0,0,0,320,337,0,0,0,0,0,0
2,2025,'030693900',110,  ,KG,0,30805,40316,0,2750,3629,0,700,958,0,2900,3856,0,2550,3375,0,2250,2847,0,3000,3660,0,5325,6778,0,1210,1481,0,0,0,0,3220,4296,0,4000,5442,0,2900,3994
2,2025,'030695900',103,  ,KG,0,15000,5096,0,0,0,0,0,0,0,0,0,0,0,0,0,0,0,0,0,0,0,0,0,0,0,0,0,0,0,0,0,0,0,15000,5096,0,0,0
2,2025,'030695900',105,  ,KG,0,922707,1086756,0,151480,220917,0,17670,34381,0,65139,113126,0,99697,88012,0,61384,57255,0,76781,91785,0,56742,64734,0,77689,82577,0,37550,56971,0,75280,46902,0,64884,108386,0,138411,121710
2,2025,'030695900',106,  ,KG,0,153360,993335,0,17290,86639,0,50,555,0,23447,173459,0,13421,105486,0,31621,251052,0,12600,106809,0,15660,105312,0,1500,11663,0,5601,34709,0,1420,9747,0,14820,69507,0,15930,38397
2,2025,'030695900',108,  ,KG,0,240,1321,0,0,0,0,75,423,0,0,0,0,0,0,0,0,0,0,0,0,0,90,472,0,0,0,0,0,0,0,0,0,0,75,426,0,0,0
2,2025,'030695900',110,  ,KG,0,603456,568516,0,58430,65001,0,27980,29484,0,56610,49554,0,44010,49570,0,59940,60044,0,35000,32669,0,65310,49719,0,59248,40356,0,49780,55297,0,59800,45115,0,54308,52057,0,33040,39650
2,2025,'030695900',111,  ,KG,0,1500,1670,0,0,0,0,0,0,0,500,583,0,1000,1087,0,0,0,0,0,0,0,0,0,0,0,0,0,0,0,0,0,0,0,0,0,0,0,0
2,2025,'030695900',113,  ,KG,0,16512,5304,0,0,0,0,0,0,0,0,0,0,0,0,0,16512,5304,0,0,0,0,0,0,0,0,0,0,0,0,0,0,0,0,0,0,0,0,0
2,2025,'030695900',117,  ,KG,0,74440,165428,0,0,0,0,10120,24705,0,10120,24705,0,20670,41695,0,10120,24905,0,0,0,0,10120,24905,0,1050,1940,0,8120,14943,0,4120,7630,0,0,0,0,0,0
2,2025,'030695900',122,  ,KG,0,2900,8462,0,0,0,0,0,0,0,400,1202,0,400,1182,0,0,0,0,400,1131,0,0,0,0,400,1160,0,500,390,0,0,0,0,0,0,0,800,3397
2,2025,'030699990',105,  ,KG,0,78110,49547,0,1640,1351,0,4000,3662,0,1850,1497,0,18700,7833,0,5000,3807,0,22620,14872,0,1500,1078,0,12000,9843,0,0,0,0,3800,2967,0,1000,763,0,6000,1874
2,2025,'030699990',110,  ,KG,0,69360,16171,0,0,0,0,0,0,0,0,0,0,0,0,0,35200,8276,0,17080,4161,0,0,0,0,0,0,0,17080,3734,0,0,0,0,0,0,0,0,0
2,2025,'030711000',103,  ,KG,0,90463,88445,0,0,0,0,0,0,0,200,210,0,0,0,0,0,0,0,0,0,0,0,0,0,0,0,0,7390,10763,0,21370,31097,0,14200,10267,0,47303,36108
2,2025,'030711000',105,  ,KG,0,26420,12737,0,2208,1104,0,1752,876,0,840,420,0,1752,876,0,2180,1092,0,1872,936,0,2100,1050,0,1404,702,0,1920,960,0,2760,1380,0,2148,1074,0,5484,2267
2,2025,'030711000',206,  ,KG,0,3646,6792,0,0,0,0,0,0,0,132,216,0,246,423,0,126,207,0,108,201,0,392,706,0,425,766,0,458,840,0,770,1508,0,435,832,0,554,1093
2,2025,'030711000',302,  ,KG,0,346,898,0,0,0,0,0,0,0,135,345,0,0,0,0,0,0,0,0,0,0,0,0,0,0,0,0,108,278,0,0,0,0,0,0,0,103,275
2,2025,'030711000',304,  ,KG,0,31487,37563,0,1080,1793,0,900,1067,0,1566,2481,0,864,1329,0,882,1370,0,0,0,0,915,1069,0,176,269,0,2265,2981,0,9796,11761,0,8108,8257,0,4935,5186
2,2025,'030711000',601,  ,KG,0,2150,3773,0,0,0,0,0,0,0,0,0,0,0,0,0,488,846,0,0,0,0,0,0,0,357,578,0,838,1450,0,467,899,0,0,0,0,0,0
2,2025,'030712000',103,  ,KG,0,3616598,3559362,0,0,0,0,79565,85467,0,418202,426964,0,1053488,1055817,0,604590,601970,0,411949,397075,0,405932,394987,0,246292,243314,0,69032,51159,0,165801,157989,0,101737,99339,0,60010,45281
2,2025,'030712000',105,  ,KG,0,9380,5448,0,9380,5448,0,0,0,0,0,0,0,0,0,0,0,0,0,0,0,0,0,0,0,0,0,0,0,0,0,0,0,0,0,0,0,0,0
2,2025,'030712000',110,  ,KG,0,16363,19925,0,0,0,0,0,0,0,0,0,0,16363,19925,0,0,0,0,0,0,0,0,0,0,0,0,0,0,0,0,0,0,0,0,0,0,0,0
2,2025,'030712000',601,  ,KG,0,1720,5732,0,0,0,0,0,0,0,0,0,0,0,0,0,0,0,0,0,0,0,0,0,0,0,0,0,0,0,0,0,0,0,1720,5732,0,0,0
2,2025,'030712000',606,  ,KG,0,30394,79426,0,0,0,0,6561,14960,0,0,0,0,0,0,0,0,0,0,0,0,0,0,0,0,5718,15515,0,0,0,0,6313,16840,0,5971,16525,0,5831,15586
2,2025,'030722100',105,  ,KG,0,415017,446089,0,59000,62881,0,9120,10824,0,17000,18861,0,60230,62855,0,26340,28923,0,33070,33086,0,17000,18802,0,26170,27934,0,41962,44587,0,10000,10797,0,46170,51097,0,68955,75442
2,2025,'030722100',210,  ,KG,0,596,4827,0,0,0,0,0,0,0,0,0,0,0,0,0,0,0,0,0,0,0,0,0,0,0,0,0,0,0,0,596,4827,0,0,0,0,0,0
2,2025,'030722210',105,  ,KG,0,577082,591786,0,42000,44934,0,103280,110461,0,20130,20546,0,0,0,0,6000,5786,0,88140,84457,0,8660,9241,0,91800,93470,0,117992,117286,0,40000,40064,0,19080,20820,0,40000,44721
2,2025,'030722210',413,  ,KG,0,234,820,0,117,445,0,0,0,0,0,0,0,0,0,0,0,0,0,0,0,0,0,0,0,0,0,0,0,0,0,0,0,0,0,0,0,117,375
2,2025,'030722290',103,  ,KG,0,610,897,0,0,0,0,0,0,0,0,0,0,0,0,0,0,0,0,0,0,0,0,0,0,0,0,0,0,0,0,610,897,0,0,0,0,0,0
2,2025,'030722290',105,  ,KG,0,110000,158468,0,0,0,0,0,0,0,0,0,0,0,0,0,0,0,0,0,0,0,0,0,0,0,0,0,44000,59965,0,22000,33375,0,44000,65128,0,0,0
2,2025,'030729291',105,  ,KG,0,212,966,0,0,0,0,0,0,0,0,0,0,0,0,0,0,0,0,212,966,0,0,0,0,0,0,0,0,0,0,0,0,0,0,0,0,0,0
2,2025,'030731000',210,  ,KG,0,19403,24821,0,211,212,0,0,0,0,0,0,0,0,0,0,0,0,0,0,0,0,2156,2756,0,4901,6102,0,4771,5968,0,4219,5607,0,2150,2976,0,995,1200
2,2025,'030731000',302,  ,KG,0,16509,22162,0,1436,2073,0,1292,1838,0,1257,1745,0,1209,1639,0,0,0,0,679,871,0,1788,2345,0,1583,2132,0,1474,1996,0,2154,2764,0,1666,2110,0,1971,2649
2,2025,'030732000',111,  ,KG,0,180,228,0,0,0,0,0,0,0,0,0,0,0,0,0,0,0,0,0,0,0,0,0,0,180,228,0,0,0,0,0,0,0,0,0,0,0,0
2,2025,'030732000',606,  ,KG,0,756,1168,0,0,0,0,0,0,0,0,0,0,0,0,0,300,494,0,0,0,0,0,0,0,0,0,0,0,0,0,0,0,0,456,674,0,0,0
2,2025,'030739200',601,  ,KG,0,50,481,0,0,0,0,0,0,0,0,0,0,0,0,0,0,0,0,0,0,0,50,481,0,0,0,0,0,0,0,0,0,0,0,0,0,0,0
2,2025,'030739200',606,  ,KG,0,1213,21600,0,40,505,0,15,495,0,215,2061,0,84,1575,0,175,1437,0,288,7545,0,134,2793,0,29,723,0,60,686,0,36,786,0,38,830,0,99,2164
2,2025,'030743010',110,  ,KG,0,1160297,1901012,0,105497,180093,0,77320,138628,0,56628,93737,0,107389,167187,0,124888,185718,0,79177,127232,0,79065,126332,0,102432,164225,0,93478,151873,0,114109,175619,0,98679,182703,0,121635,207665
2,2025,'030743010',111,  ,KG,0,1322987,2579327,0,148537,292460,0,72088,154188,0,102678,188759,0,127028,267616,0,93795,167060,0,82154,171819,0,95195,161232,0,46111,84402,0,125963,245044,0,169494,328125,0,110191,209792,0,149753,308830
2,2025,'030743010',113,  ,KG,0,335268,474098,0,31958,49422,0,48616,59187,0,30100,46652,0,12600,18668,0,26702,40119,0,7596,7553,0,49242,68704,0,5530,12320,0,28572,36192,0,42600,58685,0,11676,11780,0,40076,64816
2,2025,'030743010',117,  ,KG,0,33124,56403,0,1710,4295,0,6800,11860,0,1750,2072,0,6044,9433,0,150,299,0,490,564,0,4260,6170,0,610,1239,0,2454,4265,0,550,1234,0,7746,13712,0,560,1260
2,2025,'030743010',118,  ,KG,0,1340650,2311288,0,132384,215999,0,94564,173460,0,109566,183920,0,112934,191131,0,64380,117651,0,94359,162237,0,160066,269208,0,88971,142353,0,108226,207020,0,106561,192874,0,77388,137953,0,191251,317482
2,2025,'030743010',123,  ,KG,0,209687,596256,0,19770,67314,0,17500,49131,0,0,0,0,42658,119146,0,0,0,0,882,1677,0,47771,157127,0,0,0,0,18000,18909,0,25182,79963,0,26698,67591,0,11226,35398
2,2025,'030743010',124,  ,KG,0,31906,86457,0,4392,13437,0,0,0,0,4750,13845,0,0,0,0,3028,8412,0,5782,16217,0,0,0,0,0,0,0,3040,2203,0,6016,17489,0,2438,7204,0,2460,7650
2,2025,'030743010',125,  ,KG,0,54762,72223,0,360,484,0,445,600,0,9230,6832,0,1950,1617,0,7568,17787,0,7782,9471,0,3999,9400,0,600,601,0,5310,4055,0,4730,4299,0,0,0,0,12788,17077
2,2025,'030743010',141,  ,KG,0,192277,309825,0,0,0,0,25562,29136,0,3928,12007,0,23400,25997,0,9904,19071,0,6830,8834,0,6944,13465,0,3152,2795,0,0,0,0,0,0,0,84742,137529,0,27815,60991
2,2025,'030743010',501,  ,KG,0,439995,683862,0,37195,69303,0,36964,51197,0,13234,29362,0,1975,1739,0,36811,37489,0,73422,93630,0,50158,86851,0,20190,49983,0,29716,70056,0,14080,30545,0,17792,22879,0,108458,140828
2,2025,'030743020',105,  ,KG,0,3107556,4862997,0,416039,626639,0,33067,44038,0,239001,362258,0,242671,348806,0,236045,447641,0,329164,437261,0,279807,427484,0,219327,313893,0,269927,464418,0,261287,413255,0,274650,460286,0,306571,517018
2,2025,'030743030',103,  ,KG,0,12400,13376,0,12400,13376,0,0,0,0,0,0,0,0,0,0,0,0,0,0,0,0,0,0,0,0,0,0,0,0,0,0,0,0,0,0,0,0,0
2,2025,'030743030',105,  ,KG,0,29294360,28660948,0,4250341,3886667,0,887541,928991,0,2045989,1914100,0,2985889,2813016,0,2282969,2270763,0,2353300,2383253,0,2881120,2883906,0,2129561,2026407,0,2318514,2436887,0,2601950,2393529,0,2054205,2167418,0,2502981,2556011
2,2025,'030743030',106,  ,KG,0,1917486,2219814,0,47473,49505,0,37428,44895,0,46533,56295,0,104088,146439,0,196963,213875,0,143994,174991,0,380314,387829,0,547073,549525,0,162411,190000,0,101554,159374,0,70631,104119,0,79024,142967
2,2025,'030743030',110,  ,KG,0,2705,6835,0,0,0,0,0,0,0,0,0,0,0,0,0,0,0,0,0,0,0,0,0,0,0,0,0,0,0,0,0,0,0,2705,6835,0,0,0
2,2025,'030743030',118,  ,KG,0,1760,3535,0,1760,3535,0,0,0,0,0,0,0,0,0,0,0,0,0,0,0,0,0,0,0,0,0,0,0,0,0,0,0,0,0,0,0,0,0
2,2025,'030743030',304,  ,KG,0,387398,194716,0,24012,12885,0,0,0,0,0,0,0,0,0,0,0,0,0,0,0,0,22000,6997,0,0,0,0,183998,101273,0,114888,58921,0,21000,7234,0,21500,7406
2,2025,'030743030',305,  ,KG,0,333835,153937,0,0,0,0,0,0,0,0,0,0,0,0,0,0,0,0,0,0,0,21820,10386,0,120000,58272,0,48040,19820,0,24000,10397,0,119975,55062,0,0,0
2,2025,'030743030',406,  ,KG,0,4045,2545,0,0,0,0,0,0,0,0,0,0,0,0,0,0,0,0,0,0,0,0,0,0,1952,1375,0,0,0,0,0,0,0,2093,1170,0,0,0
2,2025,'030743030',407,  ,KG,0,20819784,11928325,0,515291,363368,0,184082,114723,0,453385,289267,0,677150,457457,0,1012963,646434,0,2402945,1426825,0,3702507,2181699,0,3473747,1792516,0,3209098,1629652,0,1881584,1008343,0,1497978,890211,0,1809054,1127830
2,2025,'030743030',409,  ,KG,0,9312473,5981937,0,442453,281457,0,301738,196793,0,950623,573530,0,1409884,868747,0,2032782,1187483,0,1445195,888102,0,1009348,657816,0,928801,654669,0,263105,213935,0,269948,215421,0,206574,169911,0,52022,74073
2,2025,'030743030',413,  ,KG,0,6643857,5207907,0,212542,232284,0,47037,65458,0,174390,174736,0,249927,230502,0,196068,164862,0,297086,239747,0,1321371,950948,0,1575222,1057745,0,1468202,1064619,0,512273,449801,0,244162,216781,0,345577,360424
2,2025,'030743090',105,  ,KG,0,607943,548300,0,57158,57365,0,44830,53111,0,83140,93157,0,72270,58771,0,42240,46623,0,32698,33686,0,82128,51986,0,94106,78568,0,19148,15779,0,28880,25580,0,28977,19269,0,22368,14405
2,2025,'030743090',110,  ,KG,0,1304966,1696649,0,111965,166730,0,61058,88823,0,108241,145069,0,138403,191322,0,111250,121941,0,89626,111215,0,103936,119041,0,85167,109271,0,131205,174963,0,111930,136202,0,153049,202579,0,99136,129493
2,2025,'030743090',111,  ,KG,0,366754,811418,0,25995,56556,0,12053,23480,0,18776,40345,0,24648,50938,0,44961,117854,0,49513,93106,0,33376,67055,0,43160,91246,0,27589,62237,0,13367,29626,0,17469,42493,0,55847,136482
2,2025,'030743090',113,  ,KG,0,33486,54771,0,0,0,0,3380,2368,0,0,0,0,0,0,0,0,0,0,7082,13353,0,6567,8476,0,0,0,0,3097,7702,0,5055,8873,0,900,621,0,7405,13378
2,2025,'030743090',117,  ,KG,0,427230,816854,0,60494,113720,0,17092,30394,0,20648,41659,0,40888,78903,0,24754,36574,0,55117,107705,0,37505,59799,0,54290,108646,0,17399,32025,0,43064,88039,0,36857,71827,0,19122,47563
2,2025,'030743090',118,  ,KG,0,2013000,3771372,0,137094,291455,0,128582,239958,0,160405,299616,0,175535,329831,0,130612,245190,0,198306,368833,0,174782,321726,0,120136,214308,0,187512,344539,0,208134,387102,0,199024,353929,0,192878,374885
2,2025,'030743090',122,  ,KG,0,13392,16231,0,1038,478,0,0,0,0,3260,1884,0,2900,934,0,0,0,0,0,0,0,6194,12935,0,0,0,0,0,0,0,0,0,0,0,0,0,0,0
2,2025,'030743090',123,  ,KG,0,1340170,2291001,0,171807,273273,0,33441,69322,0,117341,201843,0,100816,195679,0,209058,299744,0,75581,137953,0,114012,171693,0,90285,170882,0,74601,127968,0,118714,242590,0,170096,256021,0,64418,144033
2,2025,'030743090',124,  ,KG,0,6639,16493,0,0,0,0,0,0,0,0,0,0,0,0,0,0,0,0,0,0,0,1285,3218,0,3082,7724,0,88,217,0,165,431,0,160,425,0,1859,4478
2,2025,'030743090',125,  ,KG,0,228300,408422,0,9996,16785,0,33870,63185,0,36944,64022,0,66108,118788,0,21020,31827,0,0,0,0,8628,6288,0,17400,45070,0,6480,17344,0,12302,17396,0,15552,27717,0,0,0
2,2025,'030743090',224,  ,KG,0,2868583,1586560,0,31852,19099,0,143276,44264,0,57888,23694,0,173891,73436,0,212977,97450,0,411873,237711,0,192350,119110,0,141167,119466,0,208988,131460,0,548078,320602,0,346286,207642,0,399957,192626
2,2025,'030743090',304,  ,KG,0,3073391,1549968,0,235210,134074,0,164360,86777,0,518500,244192,0,0,0,0,191500,78493,0,96146,50894,0,468600,228203,0,90030,44298,0,119954,68775,0,518462,255253,0,401517,201374,0,269112,157635
2,2025,'030743090',305,  ,KG,0,168000,78444,0,24000,12352,0,0,0,0,0,0,0,24000,10357,0,0,0,0,0,0,0,24000,11034,0,24000,10978,0,24000,11007,0,24000,11264,0,24000,11452,0,0,0
2,2025,'030743090',414,  ,KG,0,123538,188961,0,0,0,0,21095,31408,0,0,0,0,20851,29794,0,10514,14776,0,10363,14510,0,0,0,0,20243,30803,0,10032,16256,0,10041,16607,0,10404,17383,0,9995,17424
2,2025,'030743090',501,  ,KG,0,50924,117496,0,0,0,0,0,0,0,0,0,0,0,0,0,0,0,0,0,0,0,0,0,0,0,0,0,0,0,0,0,0,0,13311,31509,0,37613,85987
2,2025,'030743090',551,  ,KG,0,24439,35551,0,23918,34605,0,0,0,0,0,0,0,0,0,0,0,0,0,0,0,0,0,0,0,0,0,0,0,0,0,0,0,0,521,946,0,0,0
2,2025,'030743090',606,  ,KG,0,23872,56804,0,0,0,0,800,1945,0,1344,3152,0,0,0,0,960,2194,0,960,2207,0,0,0,0,2160,5052,0,1152,2702,0,5040,11719,0,8160,19733,0,3296,8100
2,2025,'030749210',218,  ,KG,0,492,2196,0,0,0,0,56,338,0,74,436,0,0,0,0,113,687,0,0,0,0,0,0,0,0,0,0,249,735,0,0,0,0,0,0,0,0,0
2,2025,'030749290',105,  ,KG,0,601057,1688536,0,52590,129284,0,14886,40891,0,51470,140372,0,59899,155989,0,64120,170530,0,45670,125481,0,64010,175680,0,33442,96291,0,65700,194913,0,41120,124413,0,38710,121483,0,69440,213209
2,2025,'030749290',111,  ,KG,0,32980,241057,0,3760,28037,0,0,0,0,0,0,0,3700,26162,0,11820,89137,0,3400,23396,0,0,0,0,3540,25695,0,3410,24690,0,3350,23940,0,0,0,0,0,0
2,2025,'030749290',118,  ,KG,0,6100,13736,0,0,0,0,0,0,0,0,0,0,6100,13736,0,0,0,0,0,0,0,0,0,0,0,0,0,0,0,0,0,0,0,0,0,0,0,0
2,2025,'030749290',124,  ,KG,0,23780,82736,0,0,0,0,0,0,0,0,0,0,0,0,0,0,0,0,0,0,0,0,0,0,0,0,0,0,0,0,5000,16856,0,10280,35789,0,8500,30091
2,2025,'030749290',304,  ,KG,0,9380,20057,0,0,0,0,0,0,0,0,0,0,0,0,0,0,0,0,0,0,0,0,0,0,0,0,0,9380,20057,0,0,0,0,0,0,0,0,0
2,2025,'030749290',413,  ,KG,0,300,1435,0,300,1435,0,0,0,0,0,0,0,0,0,0,0,0,0,0,0,0,0,0,0,0,0,0,0,0,0,0,0,0,0,0,0,0,0
2,2025,'030749500',105,  ,KG,0,32130,51564,0,4005,6287,0,3510,5446,0,0,0,0,4245,6330,0,0,0,0,4635,7312,0,0,0,0,4785,7863,0,4440,7216,0,0,0,0,0,0,0,6510,11110
2,2025,'030751000',103,  ,KG,0,26281,58176,0,2152,4052,0,2144,4570,0,2612,5587,0,2519,5464,0,2428,5785,0,1616,3586,0,2113,4505,0,2555,5384,0,2386,5510,0,1971,4753,0,1899,4082,0,1886,4898
2,2025,'030752000',103,  ,KG,0,193121,318270,0,69809,121834,0,47577,78435,0,69776,104161,0,1204,1726,0,888,2120,0,1155,3202,0,0,0,0,1166,2951,0,0,0,0,0,0,0,1546,3841,0,0,0
2,2025,'030752000',105,  ,KG,0,5561058,9153815,0,479778,854853,0,322032,590685,0,448371,696040,0,499040,840075,0,561666,833898,0,402982,657898,0,553315,872965,0,421246,678128,0,349863,552243,0,471879,806971,0,448349,747831,0,602537,1022228
2,2025,'030752000',110,  ,KG,0,5846342,7503412,0,464086,605133,0,376925,466374,0,356233,471516,0,370229,435935,0,438933,540185,0,442075,576775,0,597646,743398,0,495130,613275,0,574405,754038,0,684923,896837,0,505346,664945,0,540411,735001
2,2025,'030752000',111,  ,KG,0,293064,317845,0,2172,2152,0,23826,24763,0,24480,26191,0,37692,39260,0,30648,32907,0,57904,65104,0,58500,65822,0,4932,4972,0,18912,19818,0,1368,1380,0,30242,32918,0,2388,2558
2,2025,'030752000',113,  ,KG,0,6710,6063,0,0,0,0,0,0,0,0,0,0,0,0,0,610,529,0,0,0,0,2400,1905,0,0,0,0,1290,1146,0,0,0,0,0,0,0,2410,2483
2,2025,'030752000',117,  ,KG,0,397483,515487,0,25922,30012,0,12254,16111,0,26935,31871,0,16059,23465,0,41785,47633,0,45626,54949,0,37591,46988,0,65563,84334,0,43390,51023,0,21452,32833,0,37311,55046,0,23595,41222
2,2025,'030752000',118,  ,KG,0,1384905,1775338,0,94097,131571,0,78480,111152,0,155430,194821,0,150660,213631,0,112658,132055,0,154812,192113,0,88992,113687,0,53759,59600,0,159798,210381,0,124120,151486,0,114793,152946,0,97306,111895
2,2025,'030752000',123,  ,KG,0,396166,321857,0,55868,41579,0,57168,56208,0,2400,1437,0,34580,22320,0,24024,18362,0,24480,15688,0,8470,8565,0,33320,22268,0,33120,23073,0,45920,36607,0,14152,10560,0,62664,65190
2,2025,'030752000',124,  ,KG,0,87637,113575,0,4310,5574,0,4530,6077,0,260,348,0,7620,9568,0,6310,7911,0,18772,23571,0,17040,21799,0,2520,3140,0,17105,22812,0,3190,4230,0,2760,4025,0,3220,4520
2,2025,'030752000',149,  ,KG,0,5940,6824,0,0,0,0,0,0,0,0,0,0,0,0,0,0,0,0,0,0,0,0,0,0,5940,6824,0,0,0,0,0,0,0,0,0,0,0,0
2,2025,'030752000',305,  ,KG,0,345158,555440,0,96990,123799,0,0,0,0,60612,101921,0,34404,68016,0,18480,35128,0,0,0,0,18444,35147,0,33120,64153,0,35868,70274,0,23240,26227,0,0,0,0,24000,30775
2,2025,'030752000',402,  ,KG,0,24340,29845,0,0,0,0,0,0,0,0,0,0,0,0,0,0,0,0,0,0,0,0,0,0,0,0,0,0,0,0,24340,29845,0,0,0,0,0,0
2,2025,'030752000',409,  ,KG,0,251875,290302,0,47060,50992,0,24000,24286,0,0,0,0,0,0,0,24000,24508,0,46825,47032,0,0,0,0,8120,8649,0,22000,23722,0,280,291,0,44010,59028,0,35580,51794
2,2025,'030752000',501,  ,KG,0,3294388,5387364,0,748149,1259765,0,450672,752695,0,23887,37596,0,263604,398928,0,612381,893556,0,160320,225597,0,37442,56738,0,24455,35666,0,433492,713227,0,141777,256807,0,42369,75468,0,355840,681321
2,2025,'030752000',509,  ,KG,0,7213376,12431003,0,695985,1199093,0,45143,83346,0,257602,500149,0,70122,143990,0,1450716,2387005,0,1533874,2458079,0,841926,1358769,0,401372,711793,0,219332,400267,0,258601,475970,0,567384,1107021,0,871319,1605521
2,2025,'030752000',510,  ,KG,0,489127,580287,0,20406,23548,0,0,0,0,0,0,0,5600,12986,0,28969,39125,0,128548,150450,0,97709,109902,0,0,0,0,18591,21343,0,47619,48796,0,32115,42452,0,109570,131685
2,2025,'030752000',512,  ,KG,0,955071,1331284,0,51516,64697,0,0,0,0,0,0,0,0,0,0,0,0,0,0,0,0,18036,27211,0,97443,131333,0,230958,314447,0,95661,121611,0,437157,638126,0,24300,33859
2,2025,'030760100',110,  ,KG,0,52689,20339,0,2510,1184,0,2200,848,0,3330,1418,0,4700,1697,0,2690,1072,0,4860,1818,0,6140,2344,0,4365,1669,0,3640,1219,0,4848,1963,0,5336,1819,0,8070,3288
2,2025,'030760100',210,  ,KG,0,130,1211,0,0,0,0,0,0,0,0,0,0,0,0,0,0,0,0,0,0,0,30,263,0,0,0,0,0,0,0,40,378,0,30,309,0,30,261
2,2025,'030771200',105,  ,KG,0,1416140,613118,0,104460,56915,0,231400,123402,0,83380,41525,0,181960,74389,0,145540,54534,0,73880,26094,0,11100,3406,0,0,0,0,70600,29212,0,91380,38642,0,185100,72523,0,237340,92476
2,2025,'030771200',106,  ,KG,0,68860,51935,0,0,0,0,63860,48088,0,0,0,0,0,0,0,0,0,0,0,0,0,0,0,0,0,0,0,0,0,0,0,0,0,0,0,0,5000,3847
2,2025,'030771310',103,  ,KG,0,300972,164267,0,27420,15242,0,8330,4645,0,19500,10849,0,20180,11224,0,33370,18523,0,19810,10453,0,32562,16541,0,77620,43087,0,31170,17186,0,13530,7244,0,9870,5208,0,7610,4065
2,2025,'030771310',105,  ,KG,0,1819066,1233155,0,179736,110859,0,142612,87923,0,201963,124531,0,195353,120258,0,167716,116638,0,107937,96253,0,90823,86177,0,26221,25732,0,123848,78882,0,183297,119774,0,164589,109966,0,234971,156162
2,2025,'030771310',224,  ,KG,0,2200,675,0,0,0,0,0,0,0,0,0,0,0,0,0,0,0,0,2200,675,0,0,0,0,0,0,0,0,0,0,0,0,0,0,0,0,0,0
2,2025,'030771320',103,  ,KG,0,728200,285831,0,0,0,0,0,0,0,0,0,0,3100,1717,0,1000,385,0,18220,7085,0,178180,70883,0,185020,72654,0,158400,62504,0,158060,61385,0,26220,9218,0,0,0
2,2025,'030771320',105,  ,KG,0,5547680,1153285,0,531220,115968,0,312980,68435,0,1399000,296238,0,1104240,217321,0,672440,129365,0,108880,22411,0,0,0,0,0,0,0,0,0,0,110160,22799,0,559560,115350,0,749200,165398
2,2025,'030771390',103,  ,KG,0,224413,455140,0,14730,39242,0,7970,19729,0,19263,47282,0,27465,48130,0,16587,40531,0,12807,32875,0,13027,34242,0,12847,34269,0,12886,34176,0,11182,26351,0,19521,41630,0,56128,56683
2,2025,'030771390',105,  ,KG,0,481120,101145,0,45800,9548,0,24600,4999,0,30360,6567,0,85200,16902,0,28060,6065,0,24500,5315,0,48500,9839,0,52900,11686,0,35000,7335,0,23200,6339,0,33500,6620,0,49500,9930
2,2025,'030771390',626,  ,KG,0,20,1196,0,0,0,0,20,1196,0,0,0,0,0,0,0,0,0,0,0,0,0,0,0,0,0,0,0,0,0,0,0,0,0,0,0,0,0,0
2,2025,'030772200',105,  ,KG,0,71078,107486,0,1500,2487,0,17800,20697,0,10178,24368,0,10850,12684,0,0,0,0,5500,4402,0,2140,2389,0,2900,2951,0,4060,3796,0,2530,2805,0,0,0,0,13620,30907
2,2025,'030772200',110,  ,KG,0,6200,1369,0,0,0,0,0,0,0,6200,1369,0,0,0,0,0,0,0,0,0,0,0,0,0,0,0,0,0,0,0,0,0,0,0,0,0,0,0
2,2025,'030772310',105,  ,KG,0,4770675,1762773,0,316008,122659,0,114425,43497,0,345801,139473,0,267259,95634,0,553213,198022,0,564211,193680,0,705200,266728,0,305785,111045,0,420702,150230,0,209848,74583,0,444866,166000,0,523357,201222
2,2025,'030772310',110,  ,KG,0,1900,1137,0,0,0,0,0,0,0,0,0,0,700,499,0,0,0,0,1200,638,0,0,0,0,0,0,0,0,0,0,0,0,0,0,0,0,0,0
2,2025,'030772390',103,  ,KG,0,9996,23404,0,0,0,0,0,0,0,0,0,0,0,0,0,1300,4809,0,0,0,0,6010,7977,0,0,0,0,0,0,0,0,0,0,1460,4947,0,1226,5671
2,2025,'030772390',105,  ,KG,0,1181356,3384897,0,29521,104514,0,32715,116608,0,97729,315156,0,93111,275976,0,145613,365395,0,167863,489991,0,116520,305428,0,126313,304446,0,88000,219088,0,76228,250886,0,91314,295356,0,116429,342053
2,2025,'030772390',110,  ,KG,0,13252,8647,0,0,0,0,0,0,0,1372,814,0,316,236,0,490,214,0,2055,1196,0,2125,1531,0,0,0,0,504,229,0,2565,1774,0,3100,2115,0,725,538
2,2025,'030772390',302,  ,KG,0,1498819,2238622,0,150943,180241,0,47620,47140,0,143361,222041,0,102935,127212,0,101145,109965,0,120774,205077,0,103769,153990,0,121972,182346,0,177560,264194,0,157867,277160,0,143891,203290,0,126982,265966
2,2025,'030781000',103,  ,KG,0,2389934,5385836,0,112431,278603,0,150710,352487,0,170160,373698,0,233395,516206,0,172419,397217,0,183790,427468,0,221694,509713,0,224600,495654,0,194000,424988,0,218170,484970,0,191914,428509,0,316651,696323
2,2025,'030781000',105,  ,KG,0,5795,29058,0,1210,5110,0,0,0,0,633,2718,0,692,3452,0,180,1003,0,560,2727,0,444,2532,0,564,2909,0,396,2287,0,192,1077,0,552,3164,0,372,2079
2,2025,'030781000',106,  ,KG,0,3030,12382,0,0,0,0,540,2160,0,1350,5413,0,0,0,0,0,0,0,0,0,0,0,0,0,0,0,0,0,0,0,0,0,0,0,0,0,1140,4809
2,2025,'030781000',601,  ,KG,0,40422,211795,0,2624,14874,0,3220,18213,0,4222,22874,0,3618,19028,0,3400,17164,0,2570,13355,0,3866,19489,0,2960,14830,0,3066,15127,0,3176,16213,0,3150,16196,0,4550,24432
2,2025,'030783000',103,  ,KG,0,72817,190146,0,0,0,0,0,0,0,0,0,0,1650,3705,0,10640,24562,0,9920,27336,0,3400,8748,0,12400,29439,0,7371,19437,0,5778,17003,0,4031,11486,0,17627,48430
2,2025,'030783000',105,  ,KG,0,465144,1438602,0,14510,66288,0,13791,66359,0,32484,105323,0,40000,111801,0,43260,88946,0,51448,123476,0,37116,162721,0,43218,105636,0,44272,113537,0,61379,168442,0,21742,57906,0,61924,268167
2,2025,'030783000',106,  ,KG,0,51040,166216,0,0,0,0,0,0,0,10000,16850,0,0,0,0,0,0,0,14544,42577,0,9896,15501,0,0,0,0,0,0,0,0,0,0,16600,91288,0,0,0
2,2025,'030783000',409,  ,KG,0,77493,172321,0,0,0,0,0,0,0,18318,49252,0,12125,22445,0,0,0,0,0,0,0,18000,36546,0,10040,32175,0,0,0,0,9040,12092,0,9970,19811,0,0,0
2,2025,'030783000',601,  ,KG,0,57523,262555,0,15444,69501,0,8400,34525,0,100,1604,0,0,0,0,0,0,0,0,0,0,0,0,0,20584,77099,0,1490,16295,0,2525,38102,0,5620,15534,0,3360,9895
2,2025,'030787900',551,  ,KG,0,20,1534,0,0,0,0,0,0,0,20,1534,0,0,0,0,0,0,0,0,0,0,0,0,0,0,0,0,0,0,0,0,0,0,0,0,0,0,0
2,2025,'030791010',103,  ,KG,0,15939,68651,0,1920,7906,0,1308,5275,0,1503,6002,0,1538,6171,0,1428,5656,0,1307,5181,0,0,0,0,0,0,0,414,1850,0,1362,6558,0,1457,6957,0,3702,17095
2,2025,'030791092',103,  ,KG,0,7420,3353,0,4200,1911,0,3220,1442,0,0,0,0,0,0,0,0,0,0,0,0,0,0,0,0,0,0,0,0,0,0,0,0,0,0,0,0,0,0
2,2025,'030791092',106,  ,KG,0,17000,9786,0,0,0,0,6000,2324,0,0,0,0,0,0,0,0,0,0,0,0,0,8000,5124,0,0,0,0,0,0,0,0,0,0,0,0,0,3000,2338
2,2025,'030791099',103,  ,KG,0,1104524,874832,0,122330,98881,0,54900,46713,0,144900,114062,0,118830,101693,0,79822,61966,0,19110,19353,0,3010,3634,0,13670,10234,0,15140,9874,0,56935,39706,0,273110,198446,0,202767,170270
2,2025,'030791099',105,  ,KG,0,19195,11634,0,0,0,0,0,0,0,405,247,0,3280,1939,0,4230,2578,0,3180,1937,0,2580,1571,0,1590,968,0,1500,913,0,1695,1033,0,0,0,0,735,448
2,2025,'030791099',210,  ,KG,0,2491,4220,0,0,0,0,0,0,0,0,0,0,0,0,0,0,0,0,0,0,0,324,563,0,748,1238,0,838,1416,0,581,1003,0,0,0,0,0,0
2,2025,'030792110',105,  ,KG,0,830108,1534011,0,3000,4662,0,32693,58146,0,32360,54118,0,58460,99486,0,77260,132867,0,68485,116074,0,140701,252701,0,40020,75712,0,90430,171287,0,97058,184300,0,101502,202858,0,88139,181800
2,2025,'030792132',105,  ,KG,0,466306,124571,0,0,0,0,24496,7183,0,31430,8355,0,69748,17908,0,45860,11803,0,23000,5323,0,29844,8209,0,24760,6740,0,98488,25402,0,29292,8369,0,26400,7607,0,62988,17672
2,2025,'030792132',110,  ,KG,0,14908,9161,0,900,668,0,504,243,0,970,652,0,0,0,0,0,0,0,2022,1232,0,1875,1148,0,2290,1344,0,1752,973,0,0,0,0,3340,2076,0,1255,825
2,2025,'030792132',123,  ,KG,0,98688,21781,0,8280,1949,0,0,0,0,21600,4820,0,0,0,0,38808,8443,0,12000,2600,0,0,0,0,18000,3969,0,0,0,0,0,0,0,0,0,0,0,0
2,2025,'030792139',105,  ,KG,0,76154,277374,0,7124,36138,0,7750,27545,0,5250,7250,0,10850,48570,0,11226,47270,0,800,3975,0,17011,58860,0,5490,22832,0,1921,2637,0,336,1743,0,0,0,0,8396,20554
2,2025,'030792139',110,  ,KG,0,19150,12946,0,1000,664,0,2700,1722,0,0,0,0,600,333,0,500,307,0,420,325,0,4920,3474,0,420,297,0,1630,1013,0,940,662,0,2320,1545,0,3700,2604
2,2025,'030792139',111,  ,KG,0,4512,10232,0,0,0,0,0,0,0,0,0,0,0,0,0,4512,10232,0,0,0,0,0,0,0,0,0,0,0,0,0,0,0,0,0,0,0,0,0
2,2025,'030792139',118,  ,KG,0,10408,7287,0,0,0,0,0,0,0,0,0,0,0,0,0,0,0,0,4000,4020,0,6408,3267,0,0,0,0,0,0,0,0,0,0,0,0,0,0,0
2,2025,'030792139',123,  ,KG,0,268252,116796,0,0,0,0,0,0,0,9420,3863,0,0,0,0,24000,11309,0,71800,28984,0,97200,43212,0,22800,11532,0,32000,12961,0,1032,456,0,10000,4479,0,0,0
2,2025,'030792139',205,  ,KG,0,78529,272483,0,0,0,0,550,361,0,0,0,0,0,0,0,4042,13885,0,8398,28572,0,1686,6042,0,0,0,0,4192,14733,0,23628,85051,0,23878,83979,0,12155,39860
2,2025,'030792139',206,  ,KG,0,268011,855545,0,16695,53935,0,16718,57006,0,19173,62846,0,21585,55574,0,28843,89777,0,6519,21757,0,18113,59721,0,17924,72476,0,53305,174172,0,22351,71034,0,17617,61066,0,29168,76181
2,2025,'030792139',207,  ,KG,0,100,500,0,0,0,0,0,0,0,0,0,0,0,0,0,100,500,0,0,0,0,0,0,0,0,0,0,0,0,0,0,0,0,0,0,0,0,0
2,2025,'030792139',210,  ,KG,0,100335,347301,0,8988,30819,0,5146,15917,0,0,0,0,0,0,0,14888,52170,0,10692,34910,0,12352,42869,0,8698,34985,0,20211,64446,0,1456,5653,0,0,0,0,17904,65532
2,2025,'030792139',224,  ,KG,0,1627429,5904741,0,90731,335166,0,46100,169327,0,100400,366426,0,153538,578562,0,103439,388774,0,137066,497305,0,103855,351330,0,153874,527892,0,193244,701257,0,181505,669415,0,160747,565522,0,202930,753765
2,2025,'030792139',302,  ,KG,0,257306,809558,0,28192,65333,0,19219,65488,0,28215,100184,0,30047,96716,0,30145,98787,0,20190,60565,0,23643,72619,0,11708,29746,0,5401,17565,0,16931,59823,0,19813,61305,0,23802,81427
2,2025,'030792139',407,  ,KG,0,36940,68031,0,0,0,0,0,0,0,0,0,0,0,0,0,10880,19990,0,0,0,0,7000,12084,0,0,0,0,10100,18612,0,0,0,0,0,0,0,8960,17345
2,2025,'030792139',409,  ,KG,0,8305,16760,0,0,0,0,8305,16760,0,0,0,0,0,0,0,0,0,0,0,0,0,0,0,0,0,0,0,0,0,0,0,0,0,0,0,0,0,0
2,2025,'030799399',105,  ,KG,0,7400,10354,0,0,0,0,0,0,0,0,0,0,0,0,0,0,0,0,0,0,0,7400,10354,0,0,0,0,0,0,0,0,0,0,0,0,0,0,0
2,2025,'030799399',606,  ,KG,0,1481,18036,0,0,0,0,0,0,0,172,1923,0,0,0,0,204,2089,0,184,2029,0,0,0,0,438,5748,0,0,0,0,0,0,0,483,6247,0,0,0
2,2025,'030821100',224,  ,KG,0,8741561,13709283,0,963564,1496599,0,773100,1202611,0,912127,1411733,0,1049535,1591207,0,782671,1185448,0,465884,690840,0,419562,617538,0,385327,593666,0,313907,474247,0,965256,1523190,0,912683,1464627,0,797945,1457577
2,2025,'030821100',302,  ,KG,0,235573,507779,0,10760,24420,0,1048,1691,0,0,0,0,0,0,0,0,0,0,0,0,0,0,0,0,0,0,0,53950,109431,0,66883,142400,0,61334,135041,0,41598,94796
2,2025,'030821100',304,  ,KG,0,59130,128014,0,6262,13237,0,3672,7103,0,0,0,0,0,0,0,0,0,0,0,0,0,0,0,0,0,0,0,0,0,0,16677,32149,0,19286,42005,0,13233,33520
2,2025,'030821200',105,  ,KG,0,913,13608,0,34,582,0,0,0,0,0,0,0,96,1146,0,258,3293,0,477,7394,0,36,736,0,6,220,0,6,237,0,0,0,0,0,0,0,0,0
2,2025,'030821200',224,  ,KG,0,303,5040,0,0,0,0,0,0,0,0,0,0,0,0,0,0,0,0,0,0,0,303,5040,0,0,0,0,0,0,0,0,0,0,0,0,0,0,0
2,2025,'030821200',302,  ,KG,0,98507,1445479,0,9660,142643,0,4416,61224,0,7805,104745,0,13074,174012,0,2408,30342,0,0,0,0,0,0,0,1211,13296,0,11489,171329,0,19789,305968,0,12361,179285,0,16294,262635
2,2025,'030821200',304,  ,KG,0,13616,231589,0,2601,49484,0,2651,40869,0,2401,32313,0,0,0,0,0,0,0,0,0,0,0,0,0,0,0,0,399,7666,0,579,11077,0,2195,36999,0,2790,53181
2,2025,'030821200',305,  ,KG,0,12391,135048,0,973,12729,0,474,5048,0,21,555,0,0,0,0,0,0,0,0,0,0,1411,16687,0,1699,17752,0,2524,20909,0,2850,26862,0,1262,16062,0,1177,18444
2,2025,'030821200',407,  ,KG,0,7626,101563,0,0,0,0,0,0,0,0,0,0,0,0,0,0,0,0,352,4454,0,598,7798,0,782,10163,0,1142,14740,0,2538,33530,0,1020,14140,0,1194,16738
2,2025,'030821200',409,  ,KG,0,1981,21033,0,0,0,0,0,0,0,0,0,0,0,0,0,34,442,0,438,4586,0,701,7399,0,700,7450,0,108,1156,0,0,0,0,0,0,0,0,0
2,2025,'030822000',105,  ,KG,0,52476,344430,0,0,0,0,0,0,0,2610,20403,0,0,0,0,10218,23499,0,1660,10795,0,1170,8949,0,3210,24279,0,8790,65782,0,2000,13896,0,8000,62152,0,14818,114675
2,2025,'030822000',302,  ,KG,0,1500,7414,0,0,0,0,0,0,0,0,0,0,0,0,0,0,0,0,1500,7414,0,0,0,0,0,0,0,0,0,0,0,0,0,0,0,0,0,0
2,2025,'030822000',305,  ,KG,0,2065,2974,0,0,0,0,0,0,0,0,0,0,0,0,0,0,0,0,0,0,0,2065,2974,0,0,0,0,0,0,0,0,0,0,0,0,0,0,0
2,2025,'030822000',407,  ,KG,0,1582,17238,0,0,0,0,0,0,0,1582,17238,0,0,0,0,0,0,0,0,0,0,0,0,0,0,0,0,0,0,0,0,0,0,0,0,0,0,0
2,2025,'030822000',409,  ,KG,0,1579299,10347568,0,204896,1273883,0,38320,213511,0,13288,65523,0,0,0,0,3,279,0,10648,65478,0,154523,936391,0,189644,1210473,0,243053,1697821,0,250499,1709856,0,230142,1565561,0,244283,1608792
2,2025,'030829900',105,  ,KG,0,541,3282,0,0,0,0,0,0,0,0,0,0,0,0,0,0,0,0,0,0,0,0,0,0,0,0,0,0,0,0,541,3282,0,0,0,0,0,0
2,2025,'030829900',224,  ,KG,0,42,840,0,0,0,0,0,0,0,0,0,0,0,0,0,0,0,0,0,0,0,42,840,0,0,0,0,0,0,0,0,0,0,0,0,0,0,0
2,2025,'030830300',105,  ,KG,0,649271,498419,0,56166,47642,0,31920,38927,0,34481,24120,0,92509,58804,0,57362,34763,0,52858,45250,0,46512,35668,0,58029,37722,0,78990,70139,0,44129,29575,0,31905,22123,0,64410,53686
2,2025,'030830300',111,  ,KG,0,454695,230108,0,52500,27582,0,0,0,0,47700,24467,0,45000,21882,0,67500,30238,0,15000,11421,0,22500,9348,0,22500,11134,0,38700,19005,0,38295,17125,0,22500,11464,0,82500,46442
2,2025,'030830300',113,  ,KG,0,291857,300214,0,15000,6983,0,14481,15440,0,16182,20444,0,20805,16978,0,15000,21987,0,43049,28882,0,26804,29581,0,10192,9498,0,22920,33538,0,51264,51296,0,10980,10031,0,45180,55556
2,2025,'030830300',118,  ,KG,0,10680,6428,0,0,0,0,0,0,0,0,0,0,0,0,0,9660,5946,0,0,0,0,0,0,0,0,0,0,0,0,0,0,0,0,0,0,0,1020,482
2,2025,'030890100',105,  ,KG,0,207505,615969,0,12552,35707,0,6453,19377,0,12389,35464,0,22941,73664,0,18820,56912,0,19736,57032,0,20918,61133,0,20536,59560,0,19511,56608,0,22861,66194,0,18905,55730,0,11883,38588
2,2025,'030890100',106,  ,KG,0,287,11523,0,1,395,0,93,1138,0,14,499,0,29,1343,0,60,2448,0,2,296,0,19,896,0,5,811,0,0,0,0,21,1393,0,0,0,0,43,2304
2,2025,'030890100',110,  ,KG,0,1026,10290,0,180,1473,0,0,0,0,12,480,0,160,1793,0,0,0,0,60,480,0,170,1412,0,20,543,0,70,590,0,160,1264,0,130,1333,0,64,922
2,2025,'030890100',113,  ,KG,0,1163,8408,0,106,1189,0,0,0,0,109,634,0,175,1406,0,81,430,0,130,646,0,90,743,0,129,879,0,82,438,0,6,253,0,184,1375,0,71,415
2,2025,'030890100',117,  ,KG,0,404,1960,0,30,288,0,7,246,0,0,0,0,28,203,0,0,0,0,0,0,0,329,201,0,0,0,0,0,0,0,0,0,0,0,0,0,10,1022
2,2025,'030890100',118,  ,KG,0,14046,87514,0,672,4878,0,1610,9191,0,2491,13356,0,579,2461,0,597,8034,0,668,3959,0,915,7743,0,909,7497,0,1208,6103,0,1322,5520,0,1658,8446,0,1417,10326
2,2025,'030890100',125,  ,KG,0,31,678,0,0,0,0,0,0,0,0,0,0,0,0,0,0,0,0,0,0,0,0,0,0,0,0,0,0,0,0,0,0,0,31,678,0,0,0
2,2025,'030890100',207,  ,KG,0,429,3601,0,30,230,0,77,697,0,30,224,0,30,273,0,82,700,0,30,256,0,30,239,0,0,0,0,30,241,0,30,242,0,30,241,0,30,258
2,2025,'030890100',302,  ,KG,0,10103,23261,0,3111,7355,0,0,0,0,0,0,0,0,0,0,0,0,0,0,0,0,0,0,0,0,0,0,0,0,0,0,0,0,1074,2476,0,5918,13430
2,2025,'030890100',304,  ,KG,0,22131,48199,0,0,0,0,0,0,0,0,0,0,5,226,0,0,0,0,0,0,0,0,0,0,0,0,0,0,0,0,898,1677,0,9258,18651,0,11970,27645
2,2025,'030890100',601,  ,KG,0,3445,85994,0,317,4346,0,254,4028,0,231,8168,0,224,7042,0,384,8448,0,98,6327,0,244,7548,0,388,9186,0,223,6646,0,414,9419,0,312,4505,0,356,10331
2,2025,'030890100',612,  ,KG,0,1560,5194,0,0,0,0,455,1602,0,118,398,0,150,639,0,0,0,0,0,0,0,406,1035,0,0,0,0,200,518,0,0,0,0,0,0,0,231,1002
2,2025,'030890100',614,  ,KG,0,477,12331,0,0,0,0,0,0,0,129,2523,0,0,0,0,0,0,0,55,2189,0,52,3566,0,101,1649,0,140,2404,0,0,0,0,0,0,0,0,0
2,2025,'030890211',103,  ,KG,0,135,2270,0,0,0,0,0,0,0,0,0,0,0,0,0,0,0,0,0,0,0,0,0,0,0,0,0,0,0,0,0,0,0,117,1991,0,18,279
2,2025,'030890211',105,  ,KG,0,9823,147889,0,0,0,0,49,805,0,49,803,0,0,0,0,971,13363,0,1243,17050,0,3617,55912,0,2947,45297,0,466,5736,0,137,2326,0,0,0,0,344,6597
2,2025,'030890211',302,  ,KG,0,494,6420,0,0,0,0,0,0,0,0,0,0,0,0,0,0,0,0,0,0,0,0,0,0,0,0,0,0,0,0,145,1857,0,77,980,0,272,3583
2,2025,'030890211',305,  ,KG,0,16108,187540,0,1262,18097,0,1053,14583,0,0,0,0,0,0,0,0,0,0,0,0,0,1940,17437,0,2486,31051,0,2048,19892,0,2590,25330,0,1808,20948,0,2921,40202
2,2025,'030890219',105,  ,KG,0,20,261,0,0,0,0,0,0,0,0,0,0,0,0,0,0,0,0,0,0,0,0,0,0,0,0,0,0,0,0,0,0,0,0,0,0,20,261
2,2025,'030890291',103,  ,KG,0,1056,13807,0,0,0,0,858,10738,0,0,0,0,0,0,0,0,0,0,0,0,0,0,0,0,0,0,0,0,0,0,0,0,0,0,0,0,198,3069
2,2025,'030890291',105,  ,KG,0,1957,13065,0,0,0,0,0,0,0,0,0,0,0,0,0,205,1325,0,0,0,0,0,0,0,0,0,0,1400,9090,0,0,0,0,352,2650,0,0,0
2,2025,'030890291',224,  ,KG,0,7,258,0,0,0,0,0,0,0,0,0,0,0,0,0,7,258,0,0,0,0,0,0,0,0,0,0,0,0,0,0,0,0,0,0,0,0,0
2,2025,'030890291',302,  ,KG,0,10290,25971,0,0,0,0,0,0,0,0,0,0,0,0,0,1092,9857,0,9000,12923,0,0,0,0,0,0,0,0,0,0,0,0,0,0,0,0,198,3191
2,2025,'030890291',305,  ,KG,0,1717,5479,0,0,0,0,1717,5479,0,0,0,0,0,0,0,0,0,0,0,0,0,0,0,0,0,0,0,0,0,0,0,0,0,0,0,0,0,0
2,2025,'030890291',601,  ,KG,0,730,11992,0,0,0,0,0,0,0,0,0,0,0,0,0,0,0,0,0,0,0,0,0,0,0,0,0,0,0,0,0,0,0,730,11992,0,0,0
2,2025,'030890299',111,  ,KG,0,60,469,0,0,0,0,0,0,0,0,0,0,0,0,0,60,469,0,0,0,0,0,0,0,0,0,0,0,0,0,0,0,0,0,0,0,0,0
2,2025,'030890411',103,  ,KG,0,10170,142279,0,2838,35117,0,1966,24519,0,350,3500,0,0,0,0,0,0,0,0,0,0,0,0,0,0,0,0,0,0,0,0,0,0,1720,21409,0,3296,57734
2,2025,'030890411',105,  ,KG,0,140,1062,0,0,0,0,0,0,0,0,0,0,0,0,0,0,0,0,0,0,0,0,0,0,0,0,0,0,0,0,0,0,0,0,0,0,140,1062
2,2025,'030890411',117,  ,KG,0,5724,13640,0,0,0,0,0,0,0,0,0,0,0,0,0,2862,6824,0,0,0,0,0,0,0,0,0,0,0,0,0,2862,6816,0,0,0,0,0,0
2,2025,'030890412',105,  ,KG,0,394866,261001,0,39920,25474,0,23530,16057,0,26560,21139,0,22150,11936,0,34118,23476,0,24540,17897,0,59915,42140,0,32315,16525,0,32270,19972,0,38250,23230,0,43925,29354,0,17373,13801
2,2025,'030890412',111,  ,KG,0,1578305,975964,0,90967,61136,0,63000,41593,0,81500,53709,0,97375,59379,0,74265,38168,0,246015,144149,0,168200,105016,0,225400,131924,0,142700,91690,0,119571,70082,0,151500,97644,0,117812,81474
2,2025,'030890412',113,  ,KG,0,105030,53750,0,30000,14582,0,0,0,0,30030,13869,0,0,0,0,0,0,0,0,0,0,0,0,0,0,0,0,0,0,0,0,0,0,15000,8836,0,30000,16463
2,2025,'030890412',124,  ,KG,0,750,473,0,0,0,0,0,0,0,0,0,0,0,0,0,0,0,0,0,0,0,0,0,0,0,0,0,0,0,0,750,473,0,0,0,0,0,0
2,2025,'030890412',305,  ,KG,0,130100,105554,0,6060,5806,0,4200,4923,0,8850,8379,0,4800,3283,0,15000,11550,0,12840,9954,0,21360,15927,0,10890,6965,0,6300,4008,0,8250,8602,0,15950,11884,0,15600,14273
2,2025,'030910900',105,  ,KG,0,134,882,0,0,0,0,0,0,0,0,0,0,0,0,0,0,0,0,0,0,0,0,0,0,0,0,0,134,882,0,0,0,0,0,0,0,0,0
2,2025,'030910900',210,  ,KG,0,289,1864,0,0,0,0,0,0,0,0,0,0,0,0,0,0,0,0,0,0,0,0,0,0,0,0,0,0,0,0,289,1864,0,0,0,0,0,0
2,2025,'030910900',220,  ,KG,0,105,1356,0,0,0,0,0,0,0,0,0,0,40,427,0,0,0,0,0,0,0,0,0,0,0,0,0,65,929,0,0,0,0,0,0,0,0,0
2,2025,'030990310',105,  ,KG,0,12050,16754,0,0,0,0,0,0,0,1000,1169,0,3000,4568,0,550,708,0,0,0,0,0,0,0,1600,1951,0,0,0,0,600,724,0,1100,1362,0,4200,6272
2,2025,'030990310',110,  ,KG,0,2340,2243,0,0,0,0,0,0,0,0,0,0,0,0,0,0,0,0,0,0,0,200,296,0,1440,1066,0,0,0,0,0,0,0,700,881,0,0,0
2,2025,'030990310',111,  ,KG,0,405,683,0,0,0,0,0,0,0,0,0,0,0,0,0,0,0,0,0,0,0,405,683,0,0,0,0,0,0,0,0,0,0,0,0,0,0,0
2,2025,'030990310',118,  ,KG,0,2210,1835,0,630,534,0,420,341,0,0,0,0,0,0,0,320,246,0,0,0,0,0,0,0,840,714,0,0,0,0,0,0,0,0,0,0,0,0
2,2025,'030990310',122,  ,KG,0,1200,1852,0,0,0,0,0,0,0,0,0,0,400,762,0,0,0,0,0,0,0,0,0,0,400,748,0,0,0,0,0,0,0,400,342,0,0,0
2,2025,'030990330',105,  ,KG,0,300,307,0,0,0,0,0,0,0,0,0,0,0,0,0,0,0,0,0,0,0,0,0,0,0,0,0,0,0,0,300,307,0,0,0,0,0,0
2,2025,'030990330',202,  ,KG,0,1011550,445265,0,253800,115821,0,0,0,0,0,0,0,0,0,0,0,0,0,115500,48100,0,184800,77467,0,0,0,0,0,0,0,226450,98176,0,0,0,0,231000,105701
2,2025,'030990330',304,  ,KG,0,95000,40179,0,0,0,0,0,0,0,0,0,0,0,0,0,0,0,0,0,0,0,0,0,0,0,0,0,0,0,0,0,0,0,0,0,0,95000,40179
2,2025,'030990330',606,  ,KG,0,11,356,0,0,0,0,0,0,0,0,0,0,0,0,0,0,0,0,0,0,0,0,0,0,0,0,0,0,0,0,0,0,0,0,0,0,11,356
2,2025,'030990349',105,  ,KG,0,20100,58012,0,4000,12167,0,0,0,0,0,0,0,4100,11689,0,0,0,0,4000,11121,0,0,0,0,0,0,0,4000,11456,0,0,0,0,4000,11579,0,0,0
2,2025,'030990349',123,  ,KG,0,200,414,0,0,0,0,0,0,0,0,0,0,0,0,0,0,0,0,0,0,0,0,0,0,0,0,0,200,414,0,0,0,0,0,0,0,0,0
2,2025,'030990349',606,  ,KG,0,3747,31382,0,620,6290,0,69,1239,0,400,2888,0,0,0,0,100,708,0,850,6203,0,410,2816,0,218,2409,0,270,2136,0,120,1401,0,590,4553,0,100,739
2,2025,'03XXXXXXA',618,  ,KG,0,331940,1001362,0,34340,95764,0,0,0,0,0,0,0,0,0,0,0,0,0,19840,54317,0,119040,360762,0,59520,184751,0,59520,183804,0,39680,121964,0,0,0,0,0,0
2,2025,'040120190',107,  ,KG,0,400,250,0,0,0,0,0,0,0,0,0,0,0,0,0,0,0,0,0,0,0,0,0,0,0,0,0,0,0,0,0,0,0,0,0,0,400,250
2,2025,'040120190',213,  ,KG,0,8317,5453,0,0,0,0,1364,775,0,0,0,0,1234,787,0,1360,832,0,619,468,0,1238,798,0,619,476,0,0,0,0,619,478,0,1264,839,0,0,0
2,2025,'040120190',223,  ,KG,0,40046,5488,0,0,0,0,0,0,0,0,0,0,0,0,0,0,0,0,0,0,0,20468,2559,0,0,0,0,0,0,0,0,0,0,19578,2929,0,0,0
2,2025,'040120190',304,  ,KG,0,600,506,0,0,0,0,0,0,0,600,506,0,0,0,0,0,0,0,0,0,0,0,0,0,0,0,0,0,0,0,0,0,0,0,0,0,0,0
2,2025,'040150119',208,  ,KG,0,11,209,0,0,0,0,0,0,0,0,0,0,0,0,0,0,0,0,0,0,0,0,0,0,0,0,0,0,0,0,0,0,0,11,209,0,0,0
2,2025,'040150119',606,  ,KG,0,1020,2194,0,0,0,0,0,0,0,0,0,0,0,0,0,100,241,0,200,446,0,200,408,0,0,0,0,0,0,0,400,837,0,120,262,0,0,0
2,2025,'040150121',205,  ,KG,0,29578,75059,0,4762,10647,0,215,1121,0,5823,14192,0,0,0,0,0,0,0,860,3214,0,860,2508,0,5490,13171,0,215,1163,0,5637,13944,0,0,0,0,5716,15099
2,2025,'040150129',205,  ,KG,0,38709,93393,0,0,0,0,1323,3031,0,890,3438,0,0,0,0,1213,2808,0,489,1468,0,6036,15425,0,3672,8336,0,5815,13841,0,4811,11202,0,13950,32621,0,510,1223
2,2025,'040210129',220,  ,KG,0,560,971,0,0,0,0,0,0,0,0,0,0,0,0,0,0,0,0,0,0,0,280,470,0,0,0,0,0,0,0,0,0,0,280,501,0,0,0
2,2025,'040210129',304,  ,KG,0,1,203,0,0,0,0,0,0,0,0,0,0,0,0,0,0,0,0,0,0,0,1,203,0,0,0,0,0,0,0,0,0,0,0,0,0,0,0
2,2025,'040210211',606,  ,KG,0,915725,442105,0,0,0,0,71775,33319,0,125650,60079,0,0,0,0,53850,26472,0,215475,97926,0,0,0,0,71950,35393,0,179525,88739,0,0,0,0,53925,27938,0,143575,72239
2,2025,'040210216',203,  ,KG,0,703375,288874,0,83975,31449,0,16425,6010,0,100600,42556,0,0,0,0,25125,10132,0,75450,30531,0,75300,30616,0,75325,31282,0,75450,30951,0,50000,21114,0,50275,21514,0,75450,32719
2,2025,'040210216',210,  ,KG,0,25125,10981,0,0,0,0,0,0,0,0,0,0,0,0,0,0,0,0,0,0,0,0,0,0,0,0,0,0,0,0,0,0,0,0,0,0,25125,10981
2,2025,'040210216',223,  ,KG,0,110000,44036,0,0,0,0,3000,1242,0,107000,42794,0,0,0,0,0,0,0,0,0,0,0,0,0,0,0,0,0,0,0,0,0,0,0,0,0,0,0
2,2025,'040210216',237,  ,KG,0,357475,133022,0,0,0,0,0,0,0,0,0,0,0,0,0,0,0,0,45650,16740,0,99800,36855,0,95000,35621,0,117025,43806,0,0,0,0,0,0,0,0,0
2,2025,'040210216',238,  ,KG,0,2580500,972407,0,168750,60223,0,222425,78712,0,21800,8140,0,0,0,0,18000,6850,0,217975,82235,0,392000,145759,0,106550,40501,0,431750,162896,0,389150,146248,0,397700,154564,0,214400,86279
2,2025,'040210216',239,  ,KG,0,101900,38862,0,0,0,0,0,0,0,2000,675,0,0,0,0,99900,38187,0,0,0,0,0,0,0,0,0,0,0,0,0,0,0,0,0,0,0,0,0
2,2025,'040210216',302,  ,KG,0,248500,103617,0,0,0,0,0,0,0,0,0,0,0,0,0,0,0,0,0,0,0,0,0,0,0,0,0,0,0,0,0,0,0,5000,2084,0,243500,101533
2,2025,'040210216',304,  ,KG,0,2665975,1064188,0,90550,34914,0,335350,142537,0,710175,287307,0,0,0,0,144025,54808,0,158550,60115,0,245400,94455,0,523950,209106,0,174700,65784,0,14000,5351,0,0,0,0,269275,109811
2,2025,'040210216',601,  ,KG,0,4165600,1611677,0,5000,1900,0,200125,74609,0,450575,169967,0,0,0,0,288725,107463,0,356550,132500,0,153150,56667,0,198725,75797,0,523900,197190,0,383075,144015,0,637250,248924,0,968525,402645
2,2025,'040210216',606,  ,KG,0,12611300,4834069,0,1171775,435215,0,1483000,543655,0,2259475,856906,0,0,0,0,1900375,736326,0,528475,198660,0,253650,98785,0,530750,202582,0,726575,276147,0,907125,345838,0,1896400,754445,0,953700,385510
2,2025,'040210217',238,  ,KG,0,3000,1181,0,0,0,0,0,0,0,0,0,0,0,0,0,0,0,0,0,0,0,0,0,0,0,0,0,0,0,0,0,0,0,3000,1181,0,0,0
2,2025,'040210217',239,  ,KG,0,45000,15952,0,45000,15952,0,0,0,0,0,0,0,0,0,0,0,0,0,0,0,0,0,0,0,0,0,0,0,0,0,0,0,0,0,0,0,0,0
2,2025,'040210221',207,  ,KG,0,261025,110572,0,0,0,0,63675,29372,0,0,0,0,0,0,0,0,0,0,0,0,0,99300,40531,0,98050,40669,0,0,0,0,0,0,0,0,0,0,0,0
2,2025,'040210221',210,  ,KG,0,198225,93567,0,0,0,0,0,0,0,0,0,0,0,0,0,0,0,0,0,0,0,0,0,0,0,0,0,0,0,0,0,0,0,198225,93567,0,0,0
2,2025,'040210221',304,  ,KG,0,156075,72325,0,0,0,0,0,0,0,156075,72325,0,0,0,0,0,0,0,0,0,0,0,0,0,0,0,0,0,0,0,0,0,0,0,0,0,0,0
2,2025,'040210222',208,  ,KG,0,79750,37584,0,24800,12251,0,0,0,0,0,0,0,0,0,0,24975,10555,0,0,0,0,24975,11846,0,0,0,0,0,0,0,5000,2932,0,0,0,0,0,0
2,2025,'040210222',606,  ,KG,0,35875,16335,0,0,0,0,0,0,0,0,0,0,0,0,0,0,0,0,0,0,0,0,0,0,0,0,0,0,0,0,17950,8055,0,17925,8280,0,0,0
2,2025,'040210229',205,  ,KG,0,43187,67983,0,1460,4850,0,3872,11634,0,0,0,0,0,0,0,1620,4869,0,2160,6442,0,1680,5011,0,0,0,0,1440,4295,0,0,0,0,6955,20417,0,24000,10465
2,2025,'040210229',207,  ,KG,0,194950,121865,0,0,0,0,0,0,0,4400,7484,0,175,438,0,9000,15402,0,0,0,0,9000,15616,0,0,0,0,0,0,0,4325,7934,0,24000,10890,0,144050,64101
2,2025,'040210229',208,  ,KG,0,191625,84041,0,0,0,0,0,0,0,0,0,0,0,0,0,0,0,0,0,0,0,0,0,0,0,0,0,0,0,0,0,0,0,0,0,0,191625,84041
2,2025,'040210229',210,  ,KG,0,42875,27465,0,6000,5361,0,0,0,0,0,0,0,0,0,0,0,0,0,6000,5546,0,0,0,0,0,0,0,30875,16558,0,0,0,0,0,0,0,0,0
2,2025,'040210229',213,  ,KG,0,211400,111935,0,36700,18371,0,0,0,0,28300,14412,0,0,0,0,27750,14297,0,0,0,0,46850,25428,0,10300,5564,0,9400,5106,0,50600,27906,0,0,0,0,1500,851
2,2025,'040210229',238,  ,KG,0,34925,13450,0,0,0,0,0,0,0,0,0,0,0,0,0,0,0,0,29925,11571,0,0,0,0,0,0,0,5000,1879,0,0,0,0,0,0,0,0,0
2,2025,'040210229',239,  ,KG,0,3000,1058,0,3000,1058,0,0,0,0,0,0,0,0,0,0,0,0,0,0,0,0,0,0,0,0,0,0,0,0,0,0,0,0,0,0,0,0,0
2,2025,'040210229',304,  ,KG,0,96775,47279,0,0,226,0,76425,36822,0,0,0,0,15300,7615,0,0,0,0,0,0,0,1250,598,0,0,0,0,3800,2018,0,0,0,0,0,0,0,0,0
2,2025,'040210229',601,  ,KG,0,1975175,856875,0,149275,64290,0,298625,123875,0,784275,329764,0,74725,29446,0,25375,10882,0,39900,17603,0,50000,22349,0,74975,33816,0,74875,32935,0,50900,22648,0,99850,48716,0,252400,120551
2,2025,'040210229',606,  ,KG,0,2078200,999249,0,67375,30079,0,474525,236786,0,518400,222442,0,53600,24397,0,73200,35313,0,50175,22957,0,91350,40980,0,86800,58815,0,201725,89976,0,131950,60370,0,68925,51322,0,260175,125812
2,2025,'040221131',207,  ,KG,0,18000,27477,0,0,0,0,9000,13294,0,0,0,0,0,0,0,0,0,0,0,0,0,9000,14183,0,0,0,0,0,0,0,0,0,0,0,0,0,0,0
2,2025,'040221131',606,  ,KG,0,15925,9572,0,0,0,0,15925,9572,0,0,0,0,0,0,0,0,0,0,0,0,0,0,0,0,0,0,0,0,0,0,0,0,0,0,0,0,0,0
2,2025,'040221132',207,  ,KG,0,323225,251572,0,49950,39218,0,0,0,0,0,0,0,24975,19508,0,73950,54588,0,0,0,0,0,0,0,0,0,0,74575,57545,0,99775,80713,0,0,0,0,0,0
2,2025,'040221132',210,  ,KG,0,40200,31370,0,0,0,0,3900,4173,0,10000,7631,0,0,0,0,0,0,0,0,0,0,20000,13779,0,0,0,0,0,0,0,6300,5787,0,0,0,0,0,0
2,2025,'040221132',213,  ,KG,0,125325,96961,0,24825,19120,0,0,0,0,75425,56831,0,0,0,0,0,0,0,0,0,0,0,0,0,0,0,0,0,0,0,25075,21010,0,0,0,0,0,0
2,2025,'040221132',222,  ,KG,0,99425,71762,0,0,0,0,0,0,0,0,0,0,39650,28879,0,0,0,0,0,0,0,59775,42883,0,0,0,0,0,0,0,0,0,0,0,0,0,0,0
2,2025,'040221132',601,  ,KG,0,1450,1545,0,250,362,0,0,0,0,1000,967,0,0,0,0,0,0,0,0,0,0,0,0,0,0,0,0,0,0,0,0,0,0,0,0,0,200,216
2,2025,'040221132',606,  ,KG,0,3330878,2101304,0,251972,144127,0,720700,406450,0,130947,78194,0,55200,33821,0,100475,62888,0,404872,256659,0,76197,48215,0,115450,78812,0,338400,238178,0,556144,362657,0,278396,182123,0,302125,209180
2,2025,'040221139',207,  ,KG,0,5000,7692,0,1025,1540,0,0,0,0,2275,3358,0,0,0,0,0,0,0,0,0,0,950,1497,0,0,0,0,0,0,0,0,0,0,750,1297,0,0,0
2,2025,'040221139',304,  ,KG,0,1304,7386,0,326,1933,0,0,0,0,326,1862,0,0,0,0,326,1781,0,0,0,0,326,1810,0,0,0,0,0,0,0,0,0,0,0,0,0,0,0
2,2025,'040221139',601,  ,KG,0,1325,2011,0,0,0,0,525,626,0,0,0,0,300,778,0,0,0,0,0,0,0,0,0,0,0,0,0,0,0,0,0,0,0,500,607,0,0,0
2,2025,'040221139',606,  ,KG,0,6125,12165,0,925,1704,0,0,0,0,0,0,0,0,0,0,3400,5674,0,900,2363,0,0,0,0,0,0,0,0,0,0,0,0,0,900,2424,0,0,0
2,2025,'040221142',606,  ,KG,0,47725,58397,0,0,0,0,23800,28920,0,11775,14550,0,12150,14927,0,0,0,0,0,0,0,0,0,0,0,0,0,0,0,0,0,0,0,0,0,0,0,0
2,2025,'040221149',107,  ,KG,0,200,700,0,0,0,0,0,0,0,0,0,0,0,0,0,0,0,0,0,0,0,0,0,0,0,0,0,0,0,0,0,0,0,200,700,0,0,0
2,2025,'040221149',207,  ,KG,0,11350,17936,0,0,0,0,0,0,0,0,0,0,350,700,0,5000,7083,0,0,0,0,1500,2328,0,500,856,0,0,0,0,1000,1989,0,0,0,0,3000,4980
2,2025,'040221149',601,  ,KG,0,448,1308,0,114,332,0,0,0,0,0,0,0,0,0,0,112,318,0,0,0,0,0,0,0,0,0,0,0,0,0,222,658,0,0,0,0,0,0
2,2025,'040221149',606,  ,KG,0,47875,65720,0,0,0,0,0,0,0,0,0,0,0,0,0,300,685,0,0,0,0,0,0,0,0,0,0,23650,30416,0,0,0,0,23925,34619,0,0,0
2,2025,'040221216',606,  ,KG,0,2150,805,0,0,0,0,0,0,0,0,0,0,0,0,0,2150,805,0,0,0,0,0,0,0,0,0,0,0,0,0,0,0,0,0,0,0,0,0
2,2025,'040221229',220,  ,KG,0,51,2107,0,0,0,0,21,859,0,0,0,0,0,0,0,0,0,0,0,0,0,30,1248,0,0,0,0,0,0,0,0,0,0,0,0,0,0,0
2,2025,'040229119',103,  ,KG,0,146200,45703,0,0,0,0,0,0,0,0,0,0,0,0,0,0,0,0,0,0,0,0,0,0,0,0,0,0,0,0,0,0,0,146200,45703,0,0,0
2,2025,'040291121',207,  ,KG,0,138900,174368,0,0,0,0,43200,54576,0,70900,88248,0,0,0,0,2350,3036,0,0,0,0,0,0,0,11250,14257,0,0,0,0,0,0,0,11200,14251,0,0,0
2,2025,'040291121',601,  ,KG,0,625580,575224,0,162220,156430,0,59340,48409,0,277100,254890,0,0,0,0,0,0,0,26640,22467,0,0,0,0,0,0,0,0,0,0,39560,36640,0,59340,54989,0,1380,1399
2,2025,'040291129',601,  ,KG,0,10080,6972,0,0,0,0,0,0,0,0,0,0,0,0,0,0,0,0,0,0,0,0,0,0,0,0,0,0,0,0,10080,6972,0,0,0,0,0,0
2,2025,'040291210',208,  ,KG,0,4080,3635,0,0,0,0,0,0,0,4080,3635,0,0,0,0,0,0,0,0,0,0,0,0,0,0,0,0,0,0,0,0,0,0,0,0,0,0,0
2,2025,'040291210',213,  ,KG,0,186828,141840,0,0,0,0,26004,18767,0,20796,14693,0,0,0,0,18672,13586,0,37320,27383,0,0,0,0,14928,11382,0,22872,18216,0,14496,11789,0,31740,26024,0,0,0
2,2025,'040291290',213,  ,KG,0,272724,211526,0,0,0,0,13056,9434,0,17508,12378,0,0,0,0,22512,16337,0,8700,6383,0,44016,32963,0,30840,23525,0,45504,35536,0,31308,25461,0,59280,49509,0,0,0
2,2025,'040299110',208,  ,KG,0,52353,48742,0,0,0,0,0,0,0,13440,12037,0,0,0,0,13200,12039,0,0,0,0,0,0,0,12210,11677,0,13503,12989,0,0,0,0,0,0,0,0,0
2,2025,'040299110',220,  ,KG,0,96389,175348,0,0,0,0,28845,50586,0,0,0,0,9720,17005,0,9097,16128,0,4374,7885,0,4374,8251,0,8764,16697,0,9720,17982,0,8748,16294,0,8748,16542,0,3999,7978
2,2025,'040299110',246,  ,KG,0,14991,15076,0,0,0,0,0,0,0,150,730,0,0,0,0,5040,4612,0,0,0,0,0,0,0,5040,4865,0,0,0,0,0,0,0,4761,4869,0,0,0
2,2025,'040299129',213,  ,KG,0,22089,9623,0,0,0,0,0,0,0,1840,747,0,1840,765,0,3689,1540,0,1840,779,0,3680,1602,0,1840,811,0,0,0,0,0,0,0,3680,1670,0,3680,1709
2,2025,'040299290',110,  ,KG,0,133746,41198,0,15327,4872,0,0,0,0,0,0,0,15603,4547,0,19872,5824,0,0,0,0,15552,4687,0,17280,5251,0,0,0,0,6912,2128,0,12960,4101,0,30240,9788
2,2025,'040299290',210,  ,KG,0,2076,6607,0,0,0,0,0,0,0,0,0,0,0,0,0,2076,6607,0,0,0,0,0,0,0,0,0,0,0,0,0,0,0,0,0,0,0,0,0
2,2025,'040320199',105,  ,KG,0,301,1285,0,129,569,0,0,0,0,108,452,0,0,0,0,0,0,0,0,0,0,64,264,0,0,0,0,0,0,0,0,0,0,0,0,0,0,0
2,2025,'040320199',110,  ,KG,0,110,527,0,0,0,0,0,0,0,0,0,0,110,527,0,0,0,0,0,0,0,0,0,0,0,0,0,0,0,0,0,0,0,0,0,0,0,0
2,2025,'040320199',207,  ,KG,0,5,263,0,0,0,0,0,0,0,0,0,0,0,0,0,0,0,0,0,0,0,5,263,0,0,0,0,0,0,0,0,0,0,0,0,0,0,0
2,2025,'040320199',210,  ,KG,0,150,296,0,0,0,0,0,0,0,0,0,0,0,0,0,0,0,0,0,0,0,0,0,0,0,0,0,150,296,0,0,0,0,0,0,0,0,0
2,2025,'040320199',213,  ,KG,0,2281,9070,0,201,1067,0,76,406,0,91,483,0,0,0,0,138,736,0,120,635,0,172,896,0,96,480,0,286,1440,0,158,792,0,565,239,0,378,1896
2,2025,'040320199',220,  ,KG,0,280,905,0,80,298,0,0,0,0,0,0,0,200,607,0,0,0,0,0,0,0,0,0,0,0,0,0,0,0,0,0,0,0,0,0,0,0,0
2,2025,'040320199',230,  ,KG,0,174,202,0,174,202,0,0,0,0,0,0,0,0,0,0,0,0,0,0,0,0,0,0,0,0,0,0,0,0,0,0,0,0,0,0,0,0,0
2,2025,'040320199',302,  ,KG,0,302,2767,0,0,0,0,0,0,0,0,0,0,0,0,0,0,0,0,0,0,0,0,0,0,0,0,0,0,0,0,0,0,0,0,0,0,302,2767
2,2025,'040320299',103,  ,KG,0,18319,20916,0,0,0,0,0,0,0,0,0,0,0,0,0,0,0,0,0,0,0,0,0,0,5725,6460,0,0,0,0,0,0,0,3381,3730,0,9213,10726
2,2025,'040390123',207,  ,KG,0,2750,2460,0,0,0,0,0,0,0,750,559,0,0,0,0,0,0,0,525,479,0,0,0,0,0,0,0,0,0,0,725,694,0,750,728,0,0,0
2,2025,'040390123',215,  ,KG,0,9750,9360,0,750,1088,0,0,0,0,0,0,0,3000,2609,0,0,0,0,0,0,0,3000,2734,0,0,0,0,0,0,0,0,0,0,3000,2929,0,0,0
2,2025,'040390123',222,  ,KG,0,1900,1806,0,0,0,0,0,0,0,0,0,0,750,666,0,0,0,0,0,0,0,600,556,0,0,0,0,0,0,0,550,584,0,0,0,0,0,0
2,2025,'040390123',304,  ,KG,0,294,1371,0,0,0,0,0,0,0,0,0,0,0,0,0,0,0,0,0,0,0,0,0,0,0,0,0,0,0,0,294,1371,0,0,0,0,0,0
2,2025,'040390123',606,  ,KG,0,3525,9538,0,0,0,0,2725,7373,0,0,0,0,0,0,0,0,0,0,0,0,0,0,0,0,0,0,0,800,2165,0,0,0,0,0,0,0,0,0
2,2025,'040390128',234,  ,KG,0,685,619,0,685,619,0,0,0,0,0,0,0,0,0,0,0,0,0,0,0,0,0,0,0,0,0,0,0,0,0,0,0,0,0,0,0,0,0
2,2025,'040390138',606,  ,KG,0,500,984,0,0,0,0,0,0,0,0,0,0,0,0,0,0,0,0,0,0,0,0,0,0,0,0,0,0,0,0,0,0,0,500,984,0,0,0
2,2025,'040410119',210,  ,KG,0,25000,5610,0,0,0,0,0,0,0,0,0,0,0,0,0,0,0,0,0,0,0,0,0,0,0,0,0,0,0,0,0,0,0,0,0,0,25000,5610
2,2025,'040410119',222,  ,KG,0,149850,36279,0,0,0,0,0,0,0,0,0,0,0,0,0,0,0,0,0,0,0,0,0,0,0,0,0,149850,36279,0,0,0,0,0,0,0,0,0
2,2025,'040410119',223,  ,KG,0,49575,12796,0,0,0,0,0,0,0,0,0,0,0,0,0,0,0,0,0,0,0,0,0,0,0,0,0,0,0,0,0,0,0,49575,12796,0,0,0
2,2025,'040410119',237,  ,KG,0,23900,4467,0,0,0,0,0,0,0,0,0,0,0,0,0,0,0,0,0,0,0,0,0,0,0,0,0,0,0,0,0,0,0,23900,4467,0,0,0
2,2025,'040410119',413,  ,KG,0,124975,44444,0,25000,7938,0,24975,7894,0,0,0,0,0,0,0,0,0,0,0,0,0,0,0,0,0,0,0,0,0,0,50000,18868,0,25000,9744,0,0,0
2,2025,'040410122',103,  ,KG,0,245750,78105,0,38000,12559,0,0,0,0,48000,15638,0,0,0,0,0,0,0,111775,35063,0,0,0,0,47975,14845,0,0,0,0,0,0,0,0,0,0,0,0
2,2025,'040410122',204,  ,KG,0,68680,66297,0,0,0,0,29880,28126,0,0,0,0,0,0,0,19920,18744,0,0,0,0,0,0,0,0,0,0,18880,19427,0,0,0,0,0,0,0,0,0
2,2025,'040410122',213,  ,KG,0,6000,1772,0,0,0,0,0,0,0,2000,562,0,0,0,0,2000,587,0,0,0,0,0,0,0,0,0,0,2000,623,0,0,0,0,0,0,0,0,0
2,2025,'040410125',204,  ,KG,0,59960,64392,0,0,0,0,0,0,0,0,0,0,9960,11952,0,0,0,0,0,0,0,10000,8970,0,0,0,0,30000,33010,0,0,0,0,10000,10460,0,0,0
2,2025,'040410125',207,  ,KG,0,147975,139187,0,0,0,0,0,0,0,37175,33028,0,0,0,0,19800,17489,0,0,0,0,19925,19398,0,19875,18470,0,0,0,0,51200,50802,0,0,0,0,0,0
2,2025,'040410125',210,  ,KG,0,150920,185903,0,10000,12530,0,9780,10869,0,20000,24123,0,0,0,0,10000,12244,0,1500,3057,0,9940,11690,0,19920,23773,0,19880,23807,0,10000,13111,0,39900,50699,0,0,0
2,2025,'040410125',213,  ,KG,0,5389520,1711826,0,595650,176958,0,420075,125000,0,1136095,332381,0,446975,135619,0,294245,90128,0,64540,19607,0,646485,206952,0,458325,154768,0,367725,128406,0,237775,83114,0,487100,173902,0,234530,84991
2,2025,'040410125',304,  ,KG,0,413009,330985,0,55994,42457,0,91063,73250,0,0,0,0,0,0,0,0,0,0,81622,73035,0,16591,13528,0,18144,8709,0,19300,23806,0,54432,26648,0,0,0,0,75863,69552
2,2025,'040410125',601,  ,KG,0,145314,128844,0,15160,13854,0,254,230,0,0,0,0,0,0,0,19160,16663,0,0,0,0,24700,23562,0,6440,6165,0,0,0,0,24560,16993,0,16900,17059,0,38140,34318
2,2025,'040410125',606,  ,KG,0,101950,120465,0,12350,15154,0,1400,1736,0,14750,17423,0,300,358,0,1400,1630,0,0,0,0,8400,9618,0,33175,38484,0,1400,1644,0,13800,16201,0,1400,1711,0,13575,16506
2,2025,'040410126',204,  ,KG,0,10000,11160,0,0,0,0,0,0,0,0,0,0,0,0,0,10000,11160,0,0,0,0,0,0,0,0,0,0,0,0,0,0,0,0,0,0,0,0,0
2,2025,'040410126',213,  ,KG,0,24725,7825,0,0,0,0,0,0,0,0,0,0,0,0,0,0,0,0,0,0,0,24725,7825,0,0,0,0,0,0,0,0,0,0,0,0,0,0,0
2,2025,'040410126',220,  ,KG,0,25200,5532,0,0,0,0,0,0,0,0,0,0,25200,5532,0,0,0,0,0,0,0,0,0,0,0,0,0,0,0,0,0,0,0,0,0,0,0,0
2,2025,'040410127',213,  ,KG,0,25000,7769,0,0,0,0,0,0,0,0,0,0,0,0,0,25000,7769,0,0,0,0,0,0,0,0,0,0,0,0,0,0,0,0,0,0,0,0,0
2,2025,'040410141',204,  ,KG,0,50300,17351,0,0,0,0,50300,17351,0,0,0,0,0,0,0,0,0,0,0,0,0,0,0,0,0,0,0,0,0,0,0,0,0,0,0,0,0,0
2,2025,'040410141',207,  ,KG,0,276425,96020,0,50075,18258,0,100400,35397,0,25350,8932,0,0,0,0,50525,16646,0,25000,8160,0,25075,8627,0,0,0,0,0,0,0,0,0,0,0,0,0,0,0
2,2025,'040410141',217,  ,KG,0,400000,71365,0,0,0,0,0,0,0,0,0,0,0,0,0,100000,16007,0,150000,26860,0,4275,794,0,87000,16836,0,58725,10868,0,0,0,0,0,0,0,0,0
2,2025,'040410141',218,  ,KG,0,166025,27361,0,0,0,0,0,0,0,0,0,0,0,0,0,0,0,0,49675,7877,0,57000,9145,0,13325,2171,0,0,0,0,0,0,0,0,0,0,46025,8168
2,2025,'040410141',220,  ,KG,0,7689600,1237699,0,646175,93894,0,581000,83434,0,983350,156023,0,25000,4556,0,783425,130003,0,220050,36683,0,777300,136652,0,487975,81640,0,770550,122632,0,1079600,169161,0,995275,163082,0,339900,59939
2,2025,'040410141',223,  ,KG,0,3251925,532823,0,20075,3504,0,55975,9771,0,1166475,185417,0,2000,311,0,418575,65477,0,151250,24045,0,232900,38129,0,375400,62577,0,4500,757,0,0,0,0,83925,14830,0,740850,128005
2,2025,'040410141',234,  ,KG,0,475000,113461,0,75000,13745,0,50000,13980,0,74975,24213,0,0,0,0,25000,4318,0,25000,6664,0,25000,8917,0,25000,9558,0,0,0,0,25000,4516,0,100000,18258,0,50025,9292
2,2025,'040410141',235,  ,KG,0,509700,76652,0,0,0,0,0,0,0,51000,7549,0,0,0,0,198625,30027,0,145675,21815,0,114400,17261,0,0,0,0,0,0,0,0,0,0,0,0,0,0,0
2,2025,'040410141',237,  ,KG,0,520675,83542,0,0,0,0,0,0,0,0,0,0,0,0,0,27000,3399,0,22000,3258,0,91000,13468,0,64000,10601,0,50975,7641,0,0,0,0,23300,3633,0,242400,41542
2,2025,'040410141',238,  ,KG,0,1078800,165377,0,104000,14270,0,56000,7610,0,0,0,0,0,0,0,0,0,0,85000,12970,0,96000,15191,0,119000,19161,0,112725,17822,0,210025,31774,0,159625,24876,0,136425,21703
2,2025,'040410141',239,  ,KG,0,197900,25774,0,0,0,0,119950,15742,0,77950,10032,0,0,0,0,0,0,0,0,0,0,0,0,0,0,0,0,0,0,0,0,0,0,0,0,0,0,0
2,2025,'040410141',245,  ,KG,0,174000,26044,0,0,0,0,0,0,0,100000,15089,0,0,0,0,25000,3591,0,0,0,0,29000,4338,0,20000,3026,0,0,0,0,0,0,0,0,0,0,0,0
2,2025,'040410141',302,  ,KG,0,138700,25708,0,0,0,0,0,0,0,0,0,0,0,0,0,0,0,0,0,0,0,0,0,0,0,0,0,0,0,0,0,0,0,82000,14795,0,56700,10913
2,2025,'040410141',304,  ,KG,0,7528850,1494968,0,833400,178853,0,811600,173468,0,957800,190854,0,121425,23710,0,673275,135254,0,411875,94798,0,663275,149004,0,521425,107330,0,889250,159108,0,446650,77887,0,612625,95409,0,586250,109293
2,2025,'040410141',409,  ,KG,0,4223400,1604649,0,301700,104361,0,299425,101513,0,501450,179557,0,0,0,0,375675,135410,0,50300,18390,0,35300,13860,0,256500,97435,0,251475,94264,0,600625,229424,0,621350,246563,0,929600,383872
2,2025,'040410141',413,  ,KG,0,2210885,788364,0,99950,32487,0,225000,70661,0,497910,172746,0,0,0,0,100000,31544,0,183025,61432,0,175000,62534,0,250000,92876,0,255000,94597,0,10000,3577,0,145000,56736,0,270000,109174
2,2025,'040410141',601,  ,KG,0,3456875,1304036,0,124600,39034,0,251400,90571,0,451125,162694,0,0,0,0,286475,105236,0,240900,89918,0,401025,150281,0,321975,121827,0,426500,161992,0,351225,137832,0,376550,149232,0,225100,95419
2,2025,'040410141',606,  ,KG,0,1931225,731029,0,301775,107310,0,200750,70412,0,175525,67046,0,0,0,0,450300,171518,0,201200,77493,0,200225,77597,0,100125,39489,0,100600,39719,0,0,0,0,200725,80445,0,0,0
2,2025,'040410142',207,  ,KG,0,79725,29886,0,0,0,0,0,0,0,0,0,0,0,0,0,19925,7066,0,0,0,0,19875,7220,0,0,0,0,19975,7508,0,19950,8092,0,0,0,0,0,0
2,2025,'040410142',210,  ,KG,0,226175,66854,0,24675,6692,0,24900,7599,0,29750,6698,0,0,0,0,0,0,0,49550,14099,0,0,0,0,0,0,0,24925,7391,0,0,0,0,0,0,0,72375,24375
2,2025,'040410142',213,  ,KG,0,211825,55850,0,0,0,0,24175,6058,0,17600,4453,0,0,0,0,59625,15149,0,0,0,0,46575,12219,0,0,0,0,0,0,0,18900,5193,0,24950,6973,0,20000,5805
2,2025,'040410142',601,  ,KG,0,675,270,0,0,0,0,675,270,0,0,0,0,0,0,0,0,0,0,0,0,0,0,0,0,0,0,0,0,0,0,0,0,0,0,0,0,0,0
2,2025,'040410145',207,  ,KG,0,703425,289159,0,68925,26743,0,96975,35862,0,93575,37862,0,0,0,0,89925,34415,0,0,0,0,37275,16342,0,106775,47576,0,80000,32831,0,119975,49761,0,0,0,0,10000,7767
2,2025,'040410145',210,  ,KG,0,929650,327499,0,124875,47291,0,49925,18386,0,69850,22576,0,0,0,0,149750,45712,0,0,0,0,74850,23366,0,174775,69784,0,74875,24658,0,99625,29060,0,74775,31449,0,36350,15217
2,2025,'040410145',213,  ,KG,0,724425,129506,0,3200,1195,0,138000,21297,0,38100,8097,0,109500,21064,0,38525,6146,0,51300,8647,0,157900,27658,0,84900,15765,0,46200,7815,0,28000,5775,0,28800,6047,0,0,0
2,2025,'040410145',304,  ,KG,0,518630,553333,0,12480,21121,0,89460,55485,0,37440,59517,0,25440,38891,0,4800,7575,0,33255,51653,0,47520,75534,0,27240,45086,0,18240,30528,0,24045,41207,0,12480,21850,0,186230,104886
2,2025,'040410146',206,  ,KG,0,406875,97430,0,0,0,0,6000,1686,0,0,0,0,77000,16967,0,33000,7727,0,24750,5450,0,32250,8335,0,100125,24457,0,86750,21032,0,0,0,0,24750,6134,0,22250,5642
2,2025,'040410146',207,  ,KG,0,24000,9418,0,6400,2517,0,3800,1451,0,5000,1859,0,800,308,0,0,0,0,0,0,0,4000,1597,0,0,0,0,0,0,0,0,0,0,0,0,0,4000,1686
2,2025,'040410146',208,  ,KG,0,157,314,0,0,0,0,0,0,0,0,0,0,0,0,0,157,314,0,0,0,0,0,0,0,0,0,0,0,0,0,0,0,0,0,0,0,0,0
2,2025,'040410146',210,  ,KG,0,1094250,226148,0,20400,5477,0,20000,4036,0,2250,443,0,502025,100951,0,37500,7714,0,225700,45368,0,111425,23249,0,102975,22791,0,10000,2239,0,25000,5661,0,12000,2754,0,24975,5465
2,2025,'040410146',213,  ,KG,0,410175,106714,0,4250,766,0,37450,8905,0,1200,220,0,67400,16793,0,74500,18396,0,3200,613,0,87875,23694,0,2400,481,0,41000,11015,0,72900,19713,0,0,0,0,18000,6118
2,2025,'040410146',218,  ,KG,0,919542,184852,0,0,0,0,0,0,0,24992,4826,0,125000,24315,0,25000,4906,0,297875,59227,0,148500,29549,0,273425,57352,0,0,0,0,0,0,0,24750,4677,0,0,0
2,2025,'040410146',220,  ,KG,0,1126300,248305,0,10000,1627,0,50425,9887,0,0,0,0,273125,58208,0,225750,48935,0,75600,16876,0,151200,35688,0,308200,71593,0,0,0,0,27000,4653,0,0,0,0,5000,838
2,2025,'040410146',222,  ,KG,0,674850,154477,0,10000,2294,0,52000,11779,0,36375,8110,0,276475,62791,0,100000,22939,0,150000,34701,0,25000,5842,0,25000,6021,0,0,0,0,0,0,0,0,0,0,0,0
2,2025,'040410146',223,  ,KG,0,421975,94752,0,12000,2760,0,15000,2889,0,38000,8592,0,113000,24934,0,43975,11891,0,150000,30774,0,0,0,0,50000,12912,0,0,0,0,0,0,0,0,0,0,0,0
2,2025,'040410146',227,  ,KG,0,374750,75567,0,0,0,0,8050,1642,0,0,0,0,141700,27908,0,25000,5142,0,125000,25189,0,50000,10334,0,25000,5352,0,0,0,0,0,0,0,0,0,0,0,0
2,2025,'040410146',235,  ,KG,0,23900,6038,0,0,0,0,0,0,0,0,0,0,0,0,0,0,0,0,0,0,0,0,0,0,0,0,0,0,0,0,0,0,0,0,0,0,23900,6038
2,2025,'040410146',237,  ,KG,0,48000,8143,0,0,0,0,0,0,0,0,0,0,0,0,0,0,0,0,24000,3816,0,0,0,0,24000,4327,0,0,0,0,0,0,0,0,0,0,0,0
2,2025,'040410146',238,  ,KG,0,21000,3405,0,0,0,0,0,0,0,0,0,0,0,0,0,0,0,0,0,0,0,0,0,0,0,0,0,0,0,0,16000,2575,0,5000,830,0,0,0
2,2025,'040410146',304,  ,KG,0,1139550,232776,0,259500,47537,0,14275,2584,0,0,0,0,396900,82217,0,91500,19137,0,90175,20813,0,38175,7307,0,16950,3921,0,76250,15726,0,57400,10840,0,38100,9439,0,60325,13255
2,2025,'040410147',213,  ,KG,0,6975,2602,0,0,0,0,0,0,0,3200,1160,0,0,0,0,3000,1132,0,0,0,0,0,0,0,0,0,0,775,310,0,0,0,0,0,0,0,0,0
2,2025,'040410147',304,  ,KG,0,81975,32861,0,0,0,0,40475,15832,0,40500,15573,0,0,0,0,800,950,0,0,0,0,0,0,0,0,0,0,0,0,0,0,0,0,0,0,0,200,506
2,2025,'040410147',409,  ,KG,0,2000,834,0,0,0,0,0,0,0,0,0,0,0,0,0,0,0,0,0,0,0,0,0,0,0,0,0,0,0,0,0,0,0,0,0,0,2000,834
2,2025,'040410147',601,  ,KG,0,10000,4701,0,0,0,0,0,0,0,0,0,0,0,0,0,0,0,0,0,0,0,0,0,0,10000,4701,0,0,0,0,0,0,0,0,0,0,0,0
2,2025,'040410147',606,  ,KG,0,127125,57960,0,50575,21031,0,0,0,0,51075,20113,0,25475,16816,0,0,0,0,0,0,0,0,0,0,0,0,0,0,0,0,0,0,0,0,0,0,0,0
2,2025,'040410148',207,  ,KG,0,5000,10761,0,0,0,0,0,0,0,0,0,0,0,0,0,0,0,0,0,0,0,5000,10761,0,0,0,0,0,0,0,0,0,0,0,0,0,0,0
2,2025,'040410148',215,  ,KG,0,2795,42897,0,0,0,0,1380,21965,0,0,0,0,0,0,0,0,0,0,0,0,0,1415,20932,0,0,0,0,0,0,0,0,0,0,0,0,0,0,0
2,2025,'040410148',304,  ,KG,0,348501,611062,0,19864,37229,0,45220,67381,0,4830,7869,0,63520,91834,0,3271,7021,0,12826,19853,0,22864,38765,0,28408,50355,0,20088,34597,0,24620,44572,0,48600,100191,0,54390,111395
2,2025,'040410168',207,  ,KG,0,400,1409,0,0,0,0,0,0,0,400,1409,0,0,0,0,0,0,0,0,0,0,0,0,0,0,0,0,0,0,0,0,0,0,0,0,0,0,0
2,2025,'040410181',304,  ,KG,0,9240,13187,0,0,0,0,0,0,0,0,0,0,0,0,0,0,0,0,0,0,0,0,0,0,0,0,0,1000,1443,0,8240,11744,0,0,0,0,0,0
2,2025,'040410181',413,  ,KG,0,64175,22314,0,0,0,0,0,0,0,47200,16508,0,0,0,0,0,0,0,16975,5806,0,0,0,0,0,0,0,0,0,0,0,0,0,0,0,0,0,0
2,2025,'040410185',207,  ,KG,0,10500,21817,0,0,0,0,0,0,0,0,0,0,240,479,0,0,0,0,1120,2262,0,1680,3483,0,1680,3462,0,2240,4549,0,0,0,0,1680,3579,0,1860,4003
2,2025,'040410186',601,  ,KG,0,50675,37008,0,0,0,0,0,0,0,0,0,0,9025,6206,0,0,0,0,0,0,0,0,0,0,0,0,0,20350,14192,0,0,0,0,21300,16610,0,0,0
2,2025,'040410188',204,  ,KG,0,3000,6355,0,0,0,0,0,0,0,0,0,0,0,0,0,0,0,0,0,0,0,0,0,0,0,0,0,0,0,0,0,0,0,3000,6355,0,0,0
2,2025,'040410188',205,  ,KG,0,4000,6084,0,0,0,0,0,0,0,0,0,0,0,0,0,0,0,0,0,0,0,4000,6084,0,0,0,0,0,0,0,0,0,0,0,0,0,0,0
2,2025,'040410188',207,  ,KG,0,5200,10877,0,960,2123,0,0,0,0,1120,2315,0,0,0,0,0,0,0,560,1127,0,0,0,0,720,1482,0,100,203,0,1120,2296,0,180,384,0,440,947
2,2025,'040410188',213,  ,KG,0,20640,27054,0,0,0,0,0,0,0,2640,3188,0,6600,8007,0,0,0,0,0,0,0,0,0,0,2160,3211,0,9240,12648,0,0,0,0,0,0,0,0,0
2,2025,'040410188',304,  ,KG,0,42480,63129,0,0,0,0,0,0,0,13800,19845,0,0,0,0,6680,10018,0,0,0,0,8240,12364,0,3760,5969,0,10000,14933,0,0,0,0,0,0,0,0,0
2,2025,'040410188',606,  ,KG,0,10100,22254,0,0,0,0,0,0,0,700,1726,0,0,0,0,0,0,0,0,0,0,0,0,0,0,0,0,0,0,0,0,0,0,0,0,0,9400,20528
2,2025,'040490116',103,  ,KG,0,375175,282225,0,8400,6514,0,12300,9355,0,144000,104685,0,0,0,0,0,0,0,10725,10861,0,0,0,0,96000,70067,0,0,0,0,96000,72347,0,7750,8396,0,0,0
2,2025,'040490116',111,  ,KG,0,178450,81862,0,0,0,0,0,0,0,59925,25782,0,0,0,0,0,0,0,0,0,0,0,0,0,0,0,0,0,0,0,59850,26566,0,0,0,0,58675,29514
2,2025,'040490116',112,  ,KG,0,173900,90325,0,0,0,0,0,0,0,81150,41338,0,0,0,0,0,0,0,2750,1332,0,0,0,0,80000,42145,0,0,0,0,0,0,0,10000,5510,0,0,0
2,2025,'040490116',304,  ,KG,0,523325,502247,0,1700,1531,0,32075,29673,0,120050,107427,0,0,0,0,6800,6149,0,76800,68337,0,14025,12578,0,51400,48823,0,67850,67945,0,27400,27584,0,95625,100248,0,29600,31952
2,2025,'040490117',112,  ,KG,0,401850,222181,0,0,0,0,100000,56172,0,200000,109775,0,0,0,0,0,0,0,0,0,0,0,0,0,1875,1024,0,99975,55210,0,0,0,0,0,0,0,0,0
2,2025,'040490117',207,  ,KG,0,1529950,696387,0,312000,142746,0,407950,188545,0,0,0,0,0,0,0,0,0,0,90000,40322,0,0,0,0,0,0,0,0,0,0,240000,105302,0,240000,108492,0,240000,110980
2,2025,'040490118',103,  ,KG,0,65970,110315,0,4500,9409,0,0,0,0,7800,15427,0,0,0,0,3200,6202,0,0,0,0,12000,23734,0,620,1231,0,1000,1987,0,12600,25799,0,0,0,0,24250,26526
2,2025,'040490118',112,  ,KG,0,6250,2986,0,0,0,0,0,0,0,0,0,0,0,0,0,6250,2986,0,0,0,0,0,0,0,0,0,0,0,0,0,0,0,0,0,0,0,0,0
2,2025,'040490118',207,  ,KG,0,25000,11220,0,0,0,0,0,0,0,0,0,0,0,0,0,0,0,0,25000,11220,0,0,0,0,0,0,0,0,0,0,0,0,0,0,0,0,0,0
2,2025,'040490118',210,  ,KG,0,100,1203,0,0,0,0,0,0,0,100,1203,0,0,0,0,0,0,0,0,0,0,0,0,0,0,0,0,0,0,0,0,0,0,0,0,0,0,0
2,2025,'040490118',304,  ,KG,0,81375,76567,0,35050,31702,0,22200,20540,0,4925,7166,0,8000,7196,0,0,0,0,8000,7080,0,3200,2883,0,0,0,0,0,0,0,0,0,0,0,0,0,0,0
2,2025,'040490121',220,  ,KG,0,1188,1501,0,0,0,0,0,0,0,0,0,0,0,0,0,0,0,0,0,0,0,0,0,0,0,0,0,0,0,0,1188,1501,0,0,0,0,0,0
2,2025,'040490126',103,  ,KG,0,1084645,1760324,0,132080,231214,0,69300,114453,0,154835,218154,0,43200,76987,0,118240,204294,0,106185,147479,0,0,0,0,165880,263929,0,48000,77895,0,117300,180926,0,88205,164846,0,41420,80147
2,2025,'040490126',111,  ,KG,0,121475,56074,0,0,0,0,0,0,0,0,0,0,0,0,0,0,0,0,39325,14964,0,0,0,0,0,0,0,40000,18071,0,0,0,0,0,0,0,42150,23039
2,2025,'040490126',112,  ,KG,0,781375,426230,0,37275,20927,0,69850,38374,0,381700,203551,0,0,0,0,0,0,0,0,0,0,0,0,0,13050,6925,0,40975,22370,0,93950,52727,0,76775,42885,0,67800,38471
2,2025,'040490126',304,  ,KG,0,25950,28655,0,0,0,0,0,0,0,0,0,0,0,0,0,0,0,0,0,0,0,0,0,0,1925,2933,0,0,0,0,0,0,0,8575,9023,0,15450,16699
2,2025,'040490126',606,  ,KG,0,14325,18787,0,0,0,0,4475,5222,0,0,0,0,0,0,0,0,0,0,0,0,0,4850,6263,0,0,0,0,0,0,0,0,0,0,5000,7302,0,0,0
2,2025,'040490127',112,  ,KG,0,999770,590345,0,0,0,0,199850,114071,0,278400,156842,0,0,0,0,0,0,0,0,0,0,0,0,0,121540,69421,0,100000,57759,0,0,0,0,199980,126192,0,100000,66060
2,2025,'040490128',103,  ,KG,0,83635,115632,0,8600,16276,0,0,0,0,1000,2038,0,5675,5627,0,26610,35359,0,0,0,0,8000,14185,0,0,0,0,32250,39846,0,1100,2030,0,0,0,0,400,271
2,2025,'040490128',111,  ,KG,0,8075,3131,0,0,0,0,1250,507,0,0,0,0,1250,482,0,2125,809,0,0,0,0,1250,474,0,0,0,0,0,0,0,2200,859,0,0,0,0,0,0
2,2025,'040490128',112,  ,KG,0,484450,259898,0,92000,52168,0,0,0,0,84000,45141,0,0,0,0,66400,34081,0,0,0,0,87200,44922,0,0,0,0,83200,44270,0,800,427,0,60000,32608,0,10850,6281
2,2025,'040490128',213,  ,KG,0,9375,16411,0,3300,6017,0,0,0,0,0,0,0,0,0,0,0,0,0,2825,4668,0,0,0,0,300,659,0,0,0,0,0,0,0,0,0,0,2950,5067
2,2025,'040490128',302,  ,KG,0,123378,920580,0,7050,59625,0,13826,108520,0,13500,99848,0,13500,99846,0,7050,51303,0,13500,99846,0,7267,51572,0,6750,49923,0,6750,49923,0,13935,100405,0,13500,99846,0,6750,49923
2,2025,'040490128',304,  ,KG,0,893600,1468705,0,40600,53248,0,86400,122347,0,83640,121211,0,63560,85360,0,37620,55489,0,56940,80507,0,90400,144104,0,110860,173408,0,62620,120966,0,100880,196821,0,62080,130884,0,98000,184360
2,2025,'040490128',601,  ,KG,0,130,1388,0,0,0,0,0,0,0,0,0,0,0,0,0,0,0,0,0,0,0,130,1388,0,0,0,0,0,0,0,0,0,0,0,0,0,0,0
2,2025,'040490128',606,  ,KG,0,10065,20326,0,440,1845,0,0,0,0,0,0,0,900,3864,0,0,0,0,0,0,0,0,0,0,3400,8399,0,0,0,0,1825,2697,0,0,0,0,3500,3521
2,2025,'040490137',601,  ,KG,0,2573500,1967757,0,969440,660366,0,576060,487646,0,611460,464404,0,0,0,0,0,0,0,0,0,0,0,0,0,0,0,0,0,0,0,0,0,0,297840,261725,0,118700,93616
2,2025,'040490137',606,  ,KG,0,207640,188735,0,0,0,0,0,0,0,121200,109394,0,0,0,0,0,0,0,0,0,0,0,0,0,260,234,0,0,0,0,0,0,0,0,0,0,86180,79107
2,2025,'040490138',601,  ,KG,0,3120,2005,0,0,0,0,0,0,0,0,0,0,0,0,0,3120,2005,0,0,0,0,0,0,0,0,0,0,0,0,0,0,0,0,0,0,0,0,0
2,2025,'040490200',220,  ,KG,0,72,265,0,0,0,0,0,0,0,0,0,0,72,265,0,0,0,0,0,0,0,0,0,0,0,0,0,0,0,0,0,0,0,0,0,0,0,0
2,2025,'040510110',123,  ,KG,0,2800,3063,0,0,0,0,0,0,0,0,0,0,0,0,0,0,0,0,0,0,0,0,0,0,0,0,0,0,0,0,2800,3063,0,0,0,0,0,0
2,2025,'040510110',205,  ,KG,0,24475,31093,0,0,0,0,0,0,0,0,0,0,0,0,0,0,0,0,0,0,0,0,0,0,0,0,0,0,0,0,0,0,0,24475,31093,0,0,0
2,2025,'040510110',206,  ,KG,0,24375,34396,0,0,0,0,0,0,0,0,0,0,0,0,0,0,0,0,0,0,0,0,0,0,0,0,0,0,0,0,24375,34396,0,0,0,0,0,0
2,2025,'040510110',207,  ,KG,0,759940,976457,0,0,0,0,89165,114640,0,4825,4493,0,66675,80315,0,73425,89654,0,20300,26969,0,178950,231848,0,195875,254155,0,0,0,0,48850,65162,0,81875,109221,0,0,0
2,2025,'040510110',208,  ,KG,0,392305,528398,0,36605,47501,0,0,0,0,21500,31658,0,24820,32019,0,67700,85447,0,49750,61298,0,65290,94738,0,24490,31908,0,28980,39180,0,42700,63843,0,0,0,0,30470,40806
2,2025,'040510110',210,  ,KG,0,1659805,2449643,0,144445,195867,0,23900,38649,0,142410,194691,0,77930,122144,0,93325,131866,0,217830,319672,0,202185,294953,0,31990,53269,0,390950,577391,0,68025,101492,0,154600,237474,0,112215,182175
2,2025,'040510110',213,  ,KG,0,363000,509149,0,0,0,0,0,0,0,99650,137963,0,0,0,0,95825,135545,0,0,0,0,47850,71050,0,0,0,0,0,0,0,0,0,0,0,0,0,119675,164591
2,2025,'040510110',304,  ,KG,0,1069275,1075108,0,0,0,0,0,0,0,0,0,0,74200,71570,0,74100,68081,0,39525,37475,0,0,0,0,288500,278265,0,49525,48124,0,272000,274055,0,147450,158790,0,123975,138748
2,2025,'040510110',412,  ,KG,0,24750,23462,0,0,0,0,0,0,0,0,0,0,24750,23462,0,0,0,0,0,0,0,0,0,0,0,0,0,0,0,0,0,0,0,0,0,0,0,0
2,2025,'040510110',413,  ,KG,0,99350,100292,0,0,0,0,24975,24765,0,24825,23447,0,0,0,0,24750,23782,0,0,0,0,0,0,0,0,0,0,0,0,0,0,0,0,24800,28298,0,0,0
2,2025,'040510110',601,  ,KG,0,169275,166679,0,0,0,0,0,0,0,0,0,0,0,0,0,49875,49326,0,59650,58294,0,59750,59059,0,0,0,0,0,0,0,0,0,0,0,0,0,0,0
2,2025,'040510110',606,  ,KG,0,6351090,7101625,0,478835,527889,0,661385,715093,0,1305245,1357093,0,426875,448409,0,383405,396399,0,380190,402271,0,145640,165692,0,358525,419789,0,158300,191643,0,754315,898835,0,550325,671915,0,748050,906597
2,2025,'040510121',204,  ,KG,0,4675,5732,0,0,0,0,0,0,0,0,0,0,0,0,0,4675,5732,0,0,0,0,0,0,0,0,0,0,0,0,0,0,0,0,0,0,0,0,0
2,2025,'040510121',304,  ,KG,0,51075,55111,0,0,0,0,0,0,0,0,0,0,0,0,0,0,0,0,24175,25021,0,0,0,0,0,0,0,0,0,0,0,0,0,0,0,0,26900,30090
2,2025,'040510121',601,  ,KG,0,1710,2094,0,0,0,0,0,0,0,0,0,0,0,0,0,0,0,0,0,0,0,0,0,0,0,0,0,0,0,0,1710,2094,0,0,0,0,0,0
2,2025,'040510121',606,  ,KG,0,7317,10401,0,1379,1867,0,200,242,0,0,0,0,0,0,0,2700,3675,0,216,470,0,0,0,0,0,0,0,0,0,0,0,0,0,1322,2027,0,1500,2120
2,2025,'040510129',123,  ,KG,0,250,256,0,0,0,0,0,0,0,0,0,0,0,0,0,0,0,0,0,0,0,0,0,0,0,0,0,0,0,0,250,256,0,0,0,0,0,0
2,2025,'040510129',204,  ,KG,0,192,769,0,0,0,0,96,355,0,0,0,0,0,0,0,0,0,0,0,0,0,0,0,0,0,0,0,0,0,0,0,0,0,96,414,0,0,0
2,2025,'040510129',205,  ,KG,0,200,575,0,0,0,0,0,0,0,0,0,0,0,0,0,200,575,0,0,0,0,0,0,0,0,0,0,0,0,0,0,0,0,0,0,0,0,0
2,2025,'040510129',206,  ,KG,0,24400,33218,0,0,0,0,0,0,0,0,0,0,0,0,0,0,0,0,0,0,0,24400,33218,0,0,0,0,0,0,0,0,0,0,0,0,0,0,0
2,2025,'040510129',207,  ,KG,0,102755,125296,0,2380,3520,0,0,0,0,27700,27987,0,0,0,0,0,0,0,7475,9132,0,0,0,0,0,0,0,0,0,0,65200,84657,0,0,0,0,0,0
2,2025,'040510129',208,  ,KG,0,157838,227848,0,8,203,0,15475,23931,0,23850,33426,0,300,1010,0,0,0,0,300,1020,0,300,1064,0,0,0,0,300,1070,0,30830,44243,0,24860,35219,0,61615,86662
2,2025,'040510129',210,  ,KG,0,465760,924522,0,28227,54358,0,41313,70926,0,76623,138103,0,32773,66119,0,22647,40522,0,34397,71277,0,17782,37788,0,42104,92802,0,29164,72082,0,80272,147022,0,27079,61835,0,33379,71688
2,2025,'040510129',213,  ,KG,0,33390,44553,0,5690,6481,0,20000,27502,0,0,0,0,0,0,0,0,0,0,0,0,0,0,0,0,0,0,0,310,417,0,500,673,0,6890,9480,0,0,0
2,2025,'040510129',220,  ,KG,0,802,3263,0,0,0,0,72,240,0,54,219,0,216,814,0,0,0,0,0,0,0,0,0,0,90,371,0,72,328,0,100,431,0,198,860,0,0,0
2,2025,'040510129',304,  ,KG,0,1350,1634,0,0,0,0,0,0,0,0,0,0,0,0,0,0,0,0,0,0,0,0,0,0,0,0,0,700,682,0,0,0,0,0,0,0,650,952
2,2025,'040510129',601,  ,KG,0,16552,31989,0,900,1837,0,2427,4780,0,0,0,0,0,0,0,1485,2530,0,0,0,0,4476,7614,0,0,0,0,1877,3437,0,0,0,0,1040,1989,0,4347,9802
2,2025,'040510129',606,  ,KG,0,2662856,3010632,0,382931,415007,0,534738,588059,0,995815,1076095,0,3211,5416,0,3857,6094,0,40785,45792,0,63967,79227,0,95701,122950,0,20450,24716,0,17649,23994,0,112742,146248,0,391010,477034
2,2025,'040510229',210,  ,KG,0,6675,22235,0,143,575,0,139,579,0,301,1053,0,2124,4927,0,247,946,0,223,949,0,380,1654,0,326,1374,0,215,979,0,415,1794,0,354,1726,0,1808,5679
2,2025,'040510229',220,  ,KG,0,180,756,0,15,209,0,0,0,0,0,0,0,75,344,0,0,0,0,0,0,0,0,0,0,90,203,0,0,0,0,0,0,0,0,0,0,0,0
2,2025,'040590190',127,  ,KG,0,162,313,0,0,0,0,0,0,0,162,313,0,0,0,0,0,0,0,0,0,0,0,0,0,0,0,0,0,0,0,0,0,0,0,0,0,0,0
2,2025,'040590190',205,  ,KG,0,132,379,0,0,0,0,0,0,0,0,0,0,0,0,0,132,379,0,0,0,0,0,0,0,0,0,0,0,0,0,0,0,0,0,0,0,0,0
2,2025,'040590190',210,  ,KG,0,3800,14492,0,53,277,0,247,886,0,350,1434,0,353,1451,0,110,300,0,283,811,0,386,1413,0,300,1374,0,475,1939,0,364,1359,0,300,1053,0,579,2195
2,2025,'040590190',220,  ,KG,0,177,908,0,0,0,0,177,908,0,0,0,0,0,0,0,0,0,0,0,0,0,0,0,0,0,0,0,0,0,0,0,0,0,0,0,0,0,0
2,2025,'040590210',123,  ,KG,0,37062,47169,0,10182,13699,0,0,0,0,10887,13681,0,0,0,0,0,0,0,8100,9877,0,0,0,0,7893,9912,0,0,0,0,0,0,0,0,0,0,0,0
2,2025,'040590210',207,  ,KG,0,4500,7394,0,0,0,0,0,0,0,0,0,0,0,0,0,0,0,0,0,0,0,0,0,0,0,0,0,0,0,0,0,0,0,4500,7394,0,0,0
2,2025,'040590210',606,  ,KG,0,162590,199664,0,0,0,0,67025,77261,0,11025,12085,0,0,0,0,0,0,0,0,0,0,0,0,0,0,0,0,0,0,0,15120,18378,0,6720,8465,0,62700,83475
2,2025,'040590229',123,  ,KG,0,3279,4255,0,0,0,0,567,787,0,240,338,0,0,0,0,273,375,0,468,557,0,360,465,0,240,306,0,0,0,0,360,426,0,771,1001,0,0,0
2,2025,'040590229',127,  ,KG,0,7260,12309,0,2440,4319,0,300,269,0,750,1520,0,486,696,0,440,652,0,1500,3295,0,480,657,0,0,0,0,0,0,0,864,901,0,0,0,0,0,0
2,2025,'040590229',131,  ,KG,0,49942,61288,0,1200,1669,0,2040,2533,0,9013,12290,0,9173,11466,0,11308,13243,0,480,803,0,0,0,0,436,765,0,8003,9570,0,8289,8949,0,0,0,0,0,0
2,2025,'040590229',207,  ,KG,0,13622,32134,0,200,416,0,200,397,0,200,386,0,11197,27482,0,125,217,0,0,0,0,500,919,0,0,0,0,700,1366,0,0,0,0,200,430,0,300,521
2,2025,'040590229',213,  ,KG,0,900,27032,0,0,0,0,0,0,0,0,0,0,0,0,0,0,0,0,0,0,0,0,0,0,0,0,0,500,13221,0,0,0,0,0,0,0,400,13811
2,2025,'040590229',220,  ,KG,0,102,1408,0,0,0,0,0,0,0,0,0,0,29,260,0,44,573,0,0,0,0,0,0,0,14,355,0,0,0,0,0,0,0,15,220,0,0,0
2,2025,'040590229',302,  ,KG,0,776,1228,0,0,0,0,0,0,0,604,952,0,0,0,0,0,0,0,0,0,0,0,0,0,0,0,0,0,0,0,172,276,0,0,0,0,0,0
2,2025,'040590229',542,  ,KG,0,42130,44746,0,0,0,0,0,0,0,14040,15654,0,0,0,0,0,0,0,0,0,0,14040,14587,0,0,0,0,0,0,0,14050,14505,0,0,0,0,0,0
2,2025,'040590229',606,  ,KG,0,14130,21311,0,5680,8654,0,210,313,0,2000,2812,0,0,0,0,210,313,0,0,0,0,2100,3090,0,0,0,0,0,0,0,0,0,0,0,0,0,3930,6129
2,2025,'040610010',204,  ,KG,0,61680,51379,0,4800,3780,0,4096,3153,0,4112,3143,0,5120,3983,0,3840,2988,0,4800,3765,0,12800,10891,0,4800,4151,0,2912,2542,0,1600,1431,0,8000,7136,0,4800,4416
2,2025,'040610010',210,  ,KG,0,21762,16200,0,4212,2744,0,0,0,0,4446,2870,0,0,0,0,0,0,0,0,0,0,0,0,0,0,0,0,0,0,0,6552,4939,0,6552,5647,0,0,0
2,2025,'040610010',601,  ,KG,0,1134500,731605,0,350480,232509,0,71900,46917,0,374460,237211,0,9000,5939,0,41660,24825,0,53780,32910,0,25600,15888,0,23520,14308,0,55520,34993,0,29840,18517,0,43540,27950,0,55200,39638
2,2025,'040610010',606,  ,KG,0,716280,507376,0,61380,44095,0,70140,49895,0,120420,80491,0,0,0,0,50900,34907,0,81580,54101,0,26280,17639,0,68140,47648,0,57160,39290,0,93320,69318,0,36860,28104,0,50100,41888
2,2025,'040610020',207,  ,KG,0,16800,13123,0,16800,13123,0,0,0,0,0,0,0,0,0,0,0,0,0,0,0,0,0,0,0,0,0,0,0,0,0,0,0,0,0,0,0,0,0
2,2025,'040610020',220,  ,KG,0,150,201,0,0,0,0,0,0,0,0,0,0,150,201,0,0,0,0,0,0,0,0,0,0,0,0,0,0,0,0,0,0,0,0,0,0,0,0
2,2025,'040610020',304,  ,KG,0,5722203,3887218,0,297840,194337,0,167535,116754,0,204767,145646,0,795812,561128,0,296617,196444,0,577075,394486,0,762037,504763,0,550518,364668,0,409462,268082,0,540724,365726,0,515319,352348,0,604497,422836
2,2025,'040610020',606,  ,KG,0,452820,313599,0,44352,32818,0,0,0,0,20328,12252,0,110976,72213,0,42504,29150,0,42504,29151,0,0,0,0,20328,12357,0,20328,12483,0,44352,34032,0,42504,30606,0,64644,48537
2,2025,'040610090',123,  ,KG,0,170538,132532,0,11060,8964,0,0,0,0,12292,9079,0,15107,11094,0,23600,17011,0,16800,12847,0,14558,11333,0,9528,7536,0,31648,26942,0,13325,9878,0,0,0,0,22620,17848
2,2025,'040610090',133,  ,KG,0,325,271,0,0,0,0,0,0,0,0,0,0,325,271,0,0,0,0,0,0,0,0,0,0,0,0,0,0,0,0,0,0,0,0,0,0,0,0
2,2025,'040610090',202,  ,KG,0,32598,40737,0,5600,6056,0,0,0,0,0,0,0,0,0,0,9840,11578,0,10599,13261,0,0,0,0,0,0,0,0,0,0,5760,7363,0,799,2479,0,0,0
2,2025,'040610090',204,  ,KG,0,1617679,1433700,0,37422,34904,0,68959,58302,0,69202,59617,0,262703,221555,0,155697,126966,0,155068,131889,0,141101,121510,0,175147,169198,0,138386,117703,0,210473,198173,0,85293,82709,0,118228,111174
2,2025,'040610090',207,  ,KG,0,9600,8487,0,0,0,0,0,0,0,0,0,0,0,0,0,0,0,0,0,0,0,9600,8487,0,0,0,0,0,0,0,0,0,0,0,0,0,0,0
2,2025,'040610090',208,  ,KG,0,52569,43583,0,0,0,0,0,0,0,12967,9436,0,10289,7475,0,0,0,0,0,0,0,0,0,0,0,0,0,23277,18015,0,6036,8657,0,0,0,0,0,0
2,2025,'040610090',210,  ,KG,0,2062857,1981702,0,221041,181726,0,110509,95591,0,156619,123301,0,145105,126548,0,199370,207086,0,178006,170366,0,186239,181335,0,198805,194250,0,166352,176957,0,189771,203029,0,160451,170693,0,150589,150820
2,2025,'040610090',213,  ,KG,0,832646,916908,0,158041,160963,0,1325,2590,0,23540,25491,0,82538,85335,0,122553,138521,0,105937,117316,0,50542,59563,0,55670,61645,0,38470,40742,0,122090,141630,0,24000,28445,0,47940,54667
2,2025,'040610090',215,  ,KG,0,143845,139765,0,0,0,0,14355,12998,0,0,0,0,28800,26409,0,14400,13395,0,0,0,0,0,0,0,14400,13989,0,14400,14126,0,0,0,0,28690,29264,0,28800,29584
2,2025,'040610090',218,  ,KG,0,119644,116734,0,14156,12231,0,0,0,0,15092,13371,0,792,1435,0,15131,13565,0,202,463,0,429,1125,0,17493,17864,0,16471,16571,0,24359,23257,0,516,1069,0,15003,15783
2,2025,'040610090',220,  ,KG,0,7662999,9879708,0,593078,726564,0,676330,802897,0,516882,618737,0,976669,1190177,0,499007,611999,0,727212,923760,0,556042,697095,0,632509,845410,0,652542,876979,0,678507,910408,0,442682,635433,0,711539,1040249
2,2025,'040610090',223,  ,KG,0,15120,11591,0,0,0,0,15120,11591,0,0,0,0,0,0,0,0,0,0,0,0,0,0,0,0,0,0,0,0,0,0,0,0,0,0,0,0,0,0
2,2025,'040610090',224,  ,KG,0,162,261,0,0,0,0,0,0,0,0,0,0,0,0,0,0,0,0,0,0,0,0,0,0,0,0,0,0,0,0,0,0,0,0,0,0,162,261
2,2025,'040610090',225,  ,KG,0,5184,5353,0,0,0,0,0,0,0,1620,1592,0,0,0,0,0,0,0,1296,1309,0,0,0,0,0,0,0,972,1092,0,1296,1360,0,0,0,0,0,0
2,2025,'040610090',227,  ,KG,0,53160,49412,0,0,0,0,30360,26345,0,0,0,0,0,0,0,0,0,0,0,0,0,0,0,0,0,0,0,6000,5895,0,10200,10121,0,0,0,0,6600,7051
2,2025,'040610090',230,  ,KG,0,32402,60825,0,672,1170,0,8191,15148,0,0,0,0,1344,2218,0,172,314,0,0,0,0,8515,16630,0,2616,4561,0,300,528,0,7952,15383,0,624,1198,0,2016,3675
2,2025,'040610090',234,  ,KG,0,32831,35804,0,6450,6200,0,0,0,0,6486,7568,0,2560,3827,0,11309,12674,0,0,0,0,0,0,0,0,0,0,3824,2892,0,0,0,0,396,487,0,1806,2156
2,2025,'040610090',236,  ,KG,0,18304,11558,0,0,0,0,0,0,0,0,0,0,9152,5771,0,9152,5787,0,0,0,0,0,0,0,0,0,0,0,0,0,0,0,0,0,0,0,0,0
2,2025,'040610090',246,  ,KG,0,98641,186646,0,6584,12010,0,6396,11625,0,2257,4013,0,22200,40573,0,15123,27956,0,8841,16621,0,8840,17190,0,12977,25858,0,8840,17501,0,2257,4542,0,4326,8757,0,0,0
2,2025,'040610090',302,  ,KG,0,24229,29011,0,0,0,0,7612,9266,0,0,0,0,0,0,0,0,0,0,0,0,0,8131,9514,0,0,0,0,0,0,0,8486,10231,0,0,0,0,0,0
2,2025,'040610090',304,  ,KG,0,4614139,4155851,0,323981,312597,0,377009,348295,0,383719,363303,0,378790,319927,0,536415,495870,0,557803,462296,0,535059,489619,0,221029,199407,0,275212,238753,0,426012,354640,0,308588,297491,0,290522,273653
2,2025,'040610090',412,  ,KG,0,20,214,0,0,0,0,0,0,0,0,0,0,0,0,0,0,0,0,0,0,0,0,0,0,0,0,0,0,0,0,0,0,0,0,0,0,20,214
2,2025,'040610090',601,  ,KG,0,35223458,23695413,0,2758110,1843690,0,2989661,1995425,0,3937510,2528385,0,2874120,1877025,0,3388860,2220755,0,3572383,2309027,0,3578926,2329050,0,3272664,2237811,0,1966804,1340674,0,2420416,1702275,0,1884479,1370365,0,2579525,1940931
2,2025,'040610090',606,  ,KG,0,12342292,8477649,0,1357840,917095,0,783900,515984,0,760472,533828,0,1615716,1093715,0,1167240,793481,0,1260060,838421,0,1110552,755823,0,687080,461672,0,984100,711286,0,1306020,905229,0,491740,352946,0,817572,598169
2,2025,'040620100',204,  ,KG,0,2034620,2310998,0,116320,127513,0,235560,244520,0,116680,117419,0,202580,228975,0,130040,140312,0,81780,99190,0,204660,248327,0,278400,292253,0,215840,275779,0,127080,129874,0,157300,199908,0,168380,206928
2,2025,'040620100',304,  ,KG,0,10000,5452,0,0,0,0,0,0,0,0,0,0,0,0,0,0,0,0,10000,5452,0,0,0,0,0,0,0,0,0,0,0,0,0,0,0,0,0,0
2,2025,'040620100',601,  ,KG,0,47014,70858,0,0,0,0,0,0,0,21004,30280,0,0,0,0,0,0,0,0,0,0,26010,40578,0,0,0,0,0,0,0,0,0,0,0,0,0,0,0
2,2025,'040620200',103,  ,KG,0,500,257,0,0,0,0,0,0,0,500,257,0,0,0,0,0,0,0,0,0,0,0,0,0,0,0,0,0,0,0,0,0,0,0,0,0,0,0
2,2025,'040620200',204,  ,KG,0,705140,1066162,0,53235,89032,0,31575,41799,0,52065,69870,0,69130,99732,0,57750,90802,0,38965,58843,0,39150,57891,0,80280,113101,0,84765,133264,0,88780,125281,0,32520,43511,0,76925,143036
2,2025,'040620200',207,  ,KG,0,14545,35915,0,0,0,0,0,0,0,0,0,0,0,0,0,1500,3126,0,1420,2970,0,0,0,0,1500,3281,0,0,0,0,0,0,0,0,0,0,10125,26538
2,2025,'040620200',210,  ,KG,0,800,3214,0,0,0,0,0,0,0,0,0,0,0,0,0,0,0,0,0,0,0,400,1562,0,0,0,0,0,0,0,0,0,0,0,0,0,400,1652
2,2025,'040620200',220,  ,KG,0,1480178,2386562,0,77747,117686,0,152732,225386,0,53690,87755,0,166056,252546,0,87524,137295,0,141729,217628,0,108398,178437,0,68565,116461,0,235974,382700,0,183117,306151,0,69846,125333,0,134800,239184
2,2025,'040620200',304,  ,KG,0,1761965,3109018,0,169831,303083,0,126050,225815,0,107777,187045,0,168510,303257,0,166275,279992,0,180260,307332,0,133266,236324,0,65189,112274,0,135359,231755,0,128395,224701,0,162806,292849,0,218247,404591
2,2025,'040630000',105,  ,KG,0,14937,15084,0,0,0,0,0,0,0,1488,1533,0,2880,2903,0,1920,1913,0,4800,4803,0,2409,2444,0,0,0,0,0,0,0,1440,1488,0,0,0,0,0,0
2,2025,'040630000',205,  ,KG,0,302,470,0,0,0,0,168,258,0,0,0,0,0,0,0,0,0,0,0,0,0,0,0,0,0,0,0,134,212,0,0,0,0,0,0,0,0,0
2,2025,'040630000',207,  ,KG,0,56231,61629,0,0,0,0,14165,14870,0,7028,7271,0,1614,2540,0,10762,10836,0,0,0,0,0,0,0,0,0,0,5809,6816,0,0,0,0,7246,8597,0,9607,10699
2,2025,'040630000',210,  ,KG,0,5376552,5119197,0,523796,449929,0,374252,323955,0,340646,321889,0,611418,561194,0,398736,358397,0,656726,607991,0,561825,549232,0,332650,342663,0,582647,578939,0,369860,375731,0,361100,371759,0,262896,277518
2,2025,'040630000',213,  ,KG,0,10090,13712,0,127,290,0,135,306,0,146,346,0,5049,5769,0,200,467,0,177,420,0,1880,2277,0,244,612,0,1642,1974,0,103,262,0,251,632,0,136,357
2,2025,'040630000',220,  ,KG,0,10150,22343,0,4606,7861,0,0,0,0,238,686,0,465,2046,0,150,241,0,2219,4427,0,0,0,0,615,2445,0,0,0,0,0,0,0,1707,4367,0,150,270
2,2025,'040630000',223,  ,KG,0,2062,2408,0,0,0,0,216,231,0,0,0,0,527,597,0,182,205,0,0,0,0,351,413,0,0,0,0,458,556,0,0,0,0,0,0,0,328,406
2,2025,'040630000',225,  ,KG,0,1995,2250,0,0,0,0,0,0,0,665,723,0,665,754,0,0,0,0,0,0,0,0,0,0,0,0,0,0,0,0,665,773,0,0,0,0,0,0
2,2025,'040630000',304,  ,KG,0,44892,37498,0,4081,4044,0,3264,2877,0,1632,1301,0,1632,1390,0,6530,5360,0,0,0,0,9796,7737,0,0,0,0,4082,3373,0,8163,6583,0,1632,1394,0,4080,3439
2,2025,'040630000',606,  ,KG,0,141516,101705,0,23662,17375,0,0,0,0,16670,11670,0,6810,4740,0,23607,16734,0,23480,16765,0,23662,17142,0,12239,8952,0,11386,8327,0,0,0,0,0,0,0,0,0
2,2025,'040640090',204,  ,KG,0,182374,344082,0,16609,27870,0,8958,16770,0,8353,16040,0,23542,43303,0,16889,29755,0,21411,36972,0,23247,44698,0,4849,10962,0,16356,31996,0,20881,42268,0,13061,25483,0,8218,17965
2,2025,'040640090',205,  ,KG,0,12391,35949,0,754,2423,0,1282,3263,0,231,842,0,551,1763,0,1382,3526,0,982,2360,0,1423,3722,0,1302,3716,0,2420,6993,0,841,3166,0,607,1983,0,616,2192
2,2025,'040640090',210,  ,KG,0,93247,238966,0,6876,18425,0,5137,11793,0,5099,12499,0,7237,17672,0,8914,21211,0,8057,22056,0,5835,16541,0,7251,17053,0,6533,15507,0,12318,33112,0,10407,26014,0,9583,27083
2,2025,'040640090',213,  ,KG,0,29302,56334,0,585,1046,0,2406,4087,0,195,343,0,2991,5376,0,2991,5213,0,2322,4244,0,3126,6172,0,2929,5820,0,2864,5899,0,3298,6716,0,3252,6604,0,2343,4814
2,2025,'040640090',218,  ,KG,0,692,2132,0,102,340,0,0,0,0,77,204,0,0,0,0,65,216,0,215,716,0,149,405,0,0,0,0,0,0,0,0,0,0,84,251,0,0,0
2,2025,'040640090',220,  ,KG,0,605036,1261374,0,40421,81950,0,59385,126532,0,19866,40556,0,54092,107145,0,43982,92573,0,67443,128397,0,63212,131322,0,39673,88737,0,55485,114064,0,51715,112187,0,51144,118714,0,58618,119197
2,2025,'040640090',304,  ,KG,0,239,850,0,0,0,0,0,0,0,0,0,0,0,0,0,0,0,0,0,0,0,239,850,0,0,0,0,0,0,0,0,0,0,0,0,0,0,0
2,2025,'040640090',606,  ,KG,0,221,709,0,71,246,0,0,0,0,0,0,0,150,463,0,0,0,0,0,0,0,0,0,0,0,0,0,0,0,0,0,0,0,0,0,0,0,0
2,2025,'040690010',204,  ,KG,0,957597,765784,0,101891,79954,0,4482,3558,0,202826,154656,0,0,0,0,16840,13226,0,74371,57323,0,52377,43156,0,105427,86927,0,49546,40741,0,151499,114977,0,148747,127288,0,49591,43978
2,2025,'040690010',205,  ,KG,0,3575,4859,0,0,0,0,0,0,0,1942,2609,0,0,0,0,0,0,0,821,1122,0,0,0,0,812,1128,0,0,0,0,0,0,0,0,0,0,0,0
2,2025,'040690010',206,  ,KG,0,1433565,1160642,0,114609,83425,0,147712,106708,0,279877,209581,0,36332,29771,0,57118,44328,0,39431,31422,0,138490,112003,0,71215,56286,0,191568,164029,0,112345,101914,0,122886,111168,0,121982,110007
2,2025,'040690010',207,  ,KG,0,131564,102968,0,7543,5432,0,7550,5394,0,15076,11223,0,15260,11497,0,7584,5769,0,7687,5856,0,13794,11021,0,7675,6127,0,11441,9173,0,7628,6212,0,18896,15615,0,11430,9649
2,2025,'040690010',208,  ,KG,0,139986,109622,0,0,0,0,0,0,0,23175,16058,0,0,0,0,0,0,0,0,0,0,0,0,0,0,0,0,0,0,0,46568,36781,0,46763,37565,0,23480,19218
2,2025,'040690010',210,  ,KG,0,81566,113407,0,8482,11275,0,0,0,0,10122,13032,0,0,0,0,17769,23554,0,0,0,0,13920,19540,0,5833,8399,0,0,0,0,12890,18712,0,2559,3795,0,9991,15100
2,2025,'040690010',213,  ,KG,0,1562365,1212429,0,169049,117828,0,123923,89689,0,187455,142245,0,60303,42022,0,223293,175017,0,97258,78315,0,136391,109910,0,127996,103815,0,100582,79339,0,138254,108352,0,128484,106542,0,69377,59355
2,2025,'040690010',220,  ,KG,0,7630,19996,0,0,0,0,792,2230,0,4975,12352,0,0,0,0,0,0,0,0,0,0,448,1350,0,0,0,0,685,2137,0,0,0,0,730,1927,0,0,0
2,2025,'040690010',304,  ,KG,0,2166092,1481544,0,151252,108009,0,157607,109387,0,247471,166181,0,78142,51738,0,162065,107913,0,211782,137230,0,146932,98575,0,169682,108157,0,186158,132382,0,263707,183413,0,130793,92738,0,260501,185821
2,2025,'040690010',601,  ,KG,0,2800060,2085776,0,483700,352116,0,553580,394567,0,702960,507144,0,0,0,0,33760,22999,0,93340,67970,0,119800,89833,0,134340,103260,0,142660,111365,0,67440,52119,0,49180,40510,0,419300,343893
2,2025,'040690010',606,  ,KG,0,17784801,13478991,0,1134135,857232,0,1560318,1135085,0,1646968,1187835,0,741980,533843,0,2152031,1572271,0,1721698,1262080,0,1470797,1096193,0,1285675,989207,0,1480608,1143366,0,1778648,1405471,0,1274344,1025958,0,1537599,1270450
2,2025,'040690090',103,  ,KG,0,8790,7190,0,600,500,0,0,0,0,400,322,0,0,0,0,450,338,0,700,563,0,400,326,0,500,416,0,2100,1735,0,900,729,0,1000,833,0,1740,1428
2,2025,'040690090',107,  ,KG,0,1156,4452,0,169,578,0,0,0,0,130,650,0,87,335,0,0,0,0,136,529,0,183,711,0,79,314,0,82,327,0,230,758,0,60,250,0,0,0
2,2025,'040690090',110,  ,KG,0,74323,78349,0,0,0,0,0,0,0,21526,22548,0,0,0,0,0,0,0,21526,22362,0,0,0,0,9734,10389,0,21537,23050,0,0,0,0,0,0,0,0,0
2,2025,'040690090',112,  ,KG,0,18050,26887,0,0,0,0,0,0,0,1000,1476,0,8020,12058,0,0,0,0,0,0,0,0,0,0,0,0,0,9030,13353,0,0,0,0,0,0,0,0,0
2,2025,'040690090',117,  ,KG,0,913,1072,0,0,0,0,352,423,0,259,282,0,0,0,0,302,367,0,0,0,0,0,0,0,0,0,0,0,0,0,0,0,0,0,0,0,0,0
2,2025,'040690090',123,  ,KG,0,2509,5016,0,0,0,0,0,0,0,150,500,0,0,0,0,400,1180,0,0,0,0,0,0,0,820,2330,0,0,0,0,884,232,0,0,0,0,255,774
2,2025,'040690090',131,  ,KG,0,16808,44713,0,1148,3241,0,1060,2553,0,1125,2837,0,771,3291,0,994,2860,0,1410,3126,0,3992,9729,0,630,2001,0,1030,2539,0,1230,2668,0,2968,8683,0,450,1185
2,2025,'040690090',147,  ,KG,0,240,350,0,0,0,0,0,0,0,240,350,0,0,0,0,0,0,0,0,0,0,0,0,0,0,0,0,0,0,0,0,0,0,0,0,0,0,0
2,2025,'040690090',202,  ,KG,0,75390,48428,0,592,877,0,0,0,0,984,1460,0,0,0,0,1213,1693,0,1583,2473,0,0,0,0,0,0,0,0,0,0,2779,4526,0,0,0,0,68239,37399
2,2025,'040690090',204,  ,KG,0,6922853,5834081,0,505949,412087,0,457591,368219,0,369310,285844,0,898847,722973,0,590692,505573,0,614804,512925,0,748941,598586,0,759948,616016,0,464245,441450,0,808601,687760,0,383846,374610,0,320079,308038
2,2025,'040690090',205,  ,KG,0,213675,289148,0,11023,15780,0,23859,29930,0,20269,25294,0,21582,28534,0,34982,45410,0,10769,13973,0,17964,23408,0,10675,13951,0,17987,29737,0,10180,13017,0,665,2213,0,33720,47901
2,2025,'040690090',206,  ,KG,0,6113350,4931953,0,270422,199750,0,509488,380786,0,548810,409959,0,847484,658681,0,793290,632539,0,466838,373048,0,650804,528777,0,324043,274862,0,437076,402414,0,459233,385408,0,370237,310594,0,435625,375135
2,2025,'040690090',207,  ,KG,0,16877536,13021008,0,1076161,767888,0,871220,649725,0,603041,422474,0,2190461,1649624,0,935063,701866,0,2382378,1768107,0,1915040,1456851,0,1505333,1174181,0,1504950,1183374,0,1714492,1408970,0,921532,789233,0,1257865,1048715
2,2025,'040690090',208,  ,KG,0,1616226,1191119,0,196705,132257,0,98076,63805,0,124071,92849,0,418784,300210,0,45957,33180,0,46688,35426,0,79620,58341,0,36846,28408,0,116341,90366,0,70180,54063,0,256431,201823,0,126527,100391
2,2025,'040690090',210,  ,KG,0,1718291,3799540,0,134858,281274,0,134719,276543,0,81065,185303,0,132677,291501,0,178153,370502,0,127582,267756,0,147116,310512,0,118663,260957,0,121473,275969,0,190214,433964,0,212494,494015,0,139277,351244
2,2025,'040690090',213,  ,KG,0,9737305,7309405,0,615093,438792,0,402043,295228,0,305169,215753,0,1396320,1010863,0,919728,669292,0,1122635,828685,0,782268,592368,0,818284,623811,0,760894,571457,0,892563,702332,0,1183202,915546,0,539106,445278
2,2025,'040690090',215,  ,KG,0,401674,1063656,0,30811,82141,0,29645,76060,0,26516,60976,0,28157,76564,0,39784,90296,0,10756,30272,0,30968,79731,0,35489,98984,0,58360,158555,0,39871,115761,0,52609,138404,0,18708,55912
2,2025,'040690090',218,  ,KG,0,95054,123938,0,2623,8914,0,4841,7593,0,8639,9909,0,7175,9653,0,1679,5134,0,10468,10537,0,1997,6677,0,20682,19759,0,26158,24688,0,8158,12552,0,1471,4626,0,1163,3896
2,2025,'040690090',220,  ,KG,0,2470696,5372952,0,173750,333204,0,85982,185821,0,69215,144281,0,348491,721059,0,186842,378139,0,335526,698757,0,290887,620329,0,239120,516907,0,131875,306736,0,235512,562232,0,154355,393003,0,219141,512484
2,2025,'040690090',222,  ,KG,0,22243,17032,0,0,0,0,0,0,0,0,0,0,0,0,0,0,0,0,0,0,0,0,0,0,22243,17032,0,0,0,0,0,0,0,0,0,0,0,0
2,2025,'040690090',223,  ,KG,0,4529,6907,0,0,0,0,0,0,0,285,409,0,571,848,0,571,885,0,0,0,0,285,443,0,571,899,0,1676,2482,0,0,0,0,570,941,0,0,0
2,2025,'040690090',225,  ,KG,0,1478,5532,0,0,0,0,189,729,0,220,576,0,179,689,0,0,0,0,177,698,0,179,699,0,179,724,0,0,0,0,177,675,0,178,742,0,0,0
2,2025,'040690090',230,  ,KG,0,52616,90381,0,3723,8058,0,6116,10431,0,1660,3071,0,2256,3465,0,4042,6907,0,7049,12175,0,6683,10644,0,4792,8186,0,2484,3865,0,4318,7859,0,6181,10327,0,3312,5393
2,2025,'040690090',232,  ,KG,0,280,764,0,0,0,0,0,0,0,0,0,0,0,0,0,0,0,0,0,0,0,0,0,0,0,0,0,0,0,0,280,764,0,0,0,0,0,0
2,2025,'040690090',233,  ,KG,0,1409,2177,0,0,0,0,0,0,0,0,0,0,0,0,0,0,0,0,0,0,0,0,0,0,0,0,0,1409,2177,0,0,0,0,0,0,0,0,0
2,2025,'040690090',234,  ,KG,0,726,741,0,0,0,0,0,0,0,0,0,0,0,0,0,0,0,0,0,0,0,0,0,0,0,0,0,0,0,0,0,0,0,0,0,0,726,741
2,2025,'040690090',235,  ,KG,0,18066,11532,0,0,0,0,6021,3852,0,12045,7680,0,0,0,0,0,0,0,0,0,0,0,0,0,0,0,0,0,0,0,0,0,0,0,0,0,0,0
2,2025,'040690090',236,  ,KG,0,335,1265,0,335,1265,0,0,0,0,0,0,0,0,0,0,0,0,0,0,0,0,0,0,0,0,0,0,0,0,0,0,0,0,0,0,0,0,0
2,2025,'040690090',237,  ,KG,0,34539,37361,0,0,0,0,0,0,0,0,0,0,8690,8475,0,0,0,0,8321,8651,0,0,0,0,0,0,0,8798,9882,0,0,0,0,0,0,0,8730,10353
2,2025,'040690090',245,  ,KG,0,4852,8209,0,0,0,0,0,0,0,0,0,0,0,0,0,1102,1764,0,0,0,0,2232,3684,0,0,0,0,1518,2761,0,0,0,0,0,0,0,0,0
2,2025,'040690090',304,  ,KG,0,34204738,23219678,0,778112,577404,0,2113514,1510392,0,1540167,1060228,0,4361672,2893989,0,2496493,1621568,0,3903328,2531323,0,2956541,1970801,0,2794100,1867882,0,2943311,1989855,0,3960731,2690563,0,2621675,1874527,0,3735094,2631146
2,2025,'040690090',409,  ,KG,0,851353,571550,0,23001,16076,0,0,0,0,46008,30604,0,117045,75871,0,136034,85564,0,92149,64719,0,23005,14894,0,0,0,0,46009,29406,0,115024,74425,0,138039,100397,0,115039,79594
2,2025,'040690090',413,  ,KG,0,12500,9099,0,0,0,0,0,0,0,0,0,0,0,0,0,0,0,0,12500,9099,0,0,0,0,0,0,0,0,0,0,0,0,0,0,0,0,0,0
2,2025,'040690090',601,  ,KG,0,23970899,17164024,0,1142240,801886,0,1486600,1025420,0,1658560,1122784,0,3342840,2250636,0,3490600,2408829,0,3110720,2136051,0,2195647,1524917,0,1480291,1093544,0,1396900,1087274,0,1702520,1332272,0,1472427,1148013,0,1491554,1232398
2,2025,'040690090',606,  ,KG,0,33298807,22811964,0,2744349,1926138,0,2356725,1613955,0,2136065,1453749,0,4448749,3027355,0,1435502,989563,0,3550611,2406271,0,2241975,1537179,0,3132244,2070529,0,2729358,1787060,0,3186895,2232932,0,2742001,1877149,0,2594333,1890084
2,2025,'040719000',106,  ,KG,0,1,3945,0,0,0,0,0,0,0,0,0,0,0,0,0,0,0,0,0,0,0,0,0,0,0,1107,0,0,1441,0,0,0,0,0,0,0,1,1397
2,2025,'040719000',117,  ,KG,0,0,3805,0,0,0,0,0,2922,0,0,0,0,0,0,0,0,0,0,0,0,0,0,0,0,0,0,0,0,883,0,0,0,0,0,0,0,0,0
2,2025,'040721000',111,  ,KG,0,1727207,528828,0,0,0,0,39326,12262,0,137478,41467,0,314269,96047,0,294590,87004,0,274956,84888,0,255310,79426,0,98214,30091,0,58464,17594,0,58464,17763,0,58641,18973,0,137495,43313
2,2025,'040721000',113,  ,KG,0,2444963,683693,0,0,0,0,0,0,0,0,0,0,60126,16342,0,140294,38001,0,240504,65039,0,240504,65390,0,279232,77295,0,340782,93839,0,421059,118375,0,341094,98053,0,381368,111359
2,2025,'040721000',213,  ,KG,0,42025,244223,0,3228,19369,0,4059,25056,0,4079,22521,0,2600,18560,0,4093,20696,0,3603,19861,0,4382,25238,0,2644,14258,0,6071,33807,0,3393,18496,0,2547,16995,0,1326,9366
2,2025,'040721000',304,  ,KG,0,4942,99111,0,378,8339,0,880,17232,0,562,9479,0,427,8641,0,151,3629,0,529,7655,0,246,6844,0,157,4687,0,120,4481,0,547,11719,0,205,5776,0,740,10629
2,2025,'040721000',410,  ,KG,0,2774188,892316,0,143772,44475,0,143772,42271,0,71886,19985,0,311506,85407,0,239620,64778,0,71864,23828,0,95848,35086,0,119893,42143,0,282067,94877,0,578761,192725,0,278230,94684,0,436969,152057
2,2025,'040790200',105,  ,KG,0,552747,251321,0,55864,23050,0,20344,7826,0,58169,22674,0,33371,14979,0,52192,21159,0,44661,16348,0,44925,18240,0,39881,18411,0,15826,6780,0,57026,45252,0,86744,37760,0,43744,18842
2,2025,'040790200',106,  ,KG,0,177231,126725,0,12270,11340,0,22944,13182,0,9972,9256,0,11627,9309,0,19889,13619,0,17748,12783,0,25203,15910,0,5400,5794,0,13987,7882,0,17598,11156,0,6426,3874,0,14167,12620
2,2025,'040790200',117,  ,KG,0,720,1402,0,0,0,0,0,0,0,0,0,0,0,0,0,0,0,0,0,0,0,0,0,0,0,0,0,0,0,0,0,0,0,0,0,0,720,1402
2,2025,'040811000',105,  ,KG,0,570900,547496,0,40000,37567,0,45300,41071,0,20000,19033,0,40000,37756,0,20000,18386,0,90000,78797,0,95000,86962,0,20000,18779,0,68000,64332,0,43000,44009,0,27400,31229,0,62200,69575
2,2025,'040811000',123,  ,KG,0,749750,918805,0,0,0,0,23750,29263,0,12000,17308,0,65750,85215,0,27750,36013,0,70500,83715,0,48000,53041,0,120000,136085,0,70500,80816,0,122500,149321,0,94500,122089,0,94500,125939
2,2025,'040811000',203,  ,KG,0,99126,335016,0,0,0,0,23742,53796,0,0,0,0,16813,44155,0,0,0,0,0,0,0,0,0,0,14000,65256,0,15543,47198,0,29028,124611,0,0,0,0,0,0
2,2025,'040811000',204,  ,KG,0,60000,95278,0,0,0,0,0,0,0,0,0,0,0,0,0,20000,30054,0,0,0,0,0,0,0,0,0,0,0,0,0,0,0,0,40000,65224,0,0,0
2,2025,'040811000',207,  ,KG,0,46500,132636,0,0,0,0,0,0,0,0,0,0,0,0,0,0,0,0,0,0,0,0,0,0,0,0,0,0,0,0,0,0,0,23250,65694,0,23250,66942
2,2025,'040811000',210,  ,KG,0,81750,204395,0,10000,17099,0,0,0,0,0,0,0,10000,21910,0,0,0,0,7000,17023,0,0,0,0,6000,15098,0,21750,57813,0,0,0,0,27000,75452,0,0,0
2,2025,'040811000',213,  ,KG,0,37500,82578,0,18750,35716,0,0,0,0,0,0,0,0,0,0,0,0,0,0,0,0,0,0,0,0,0,0,0,0,0,18750,46862,0,0,0,0,0,0
2,2025,'040811000',304,  ,KG,0,696698,1170893,0,60520,85455,0,94046,119498,0,75074,100526,0,93824,138120,0,18824,28707,0,47150,70516,0,47668,76558,0,56398,129531,0,0,0,0,18750,70543,0,128046,244688,0,56398,106751
2,2025,'040811000',413,  ,KG,0,162600,217160,0,23000,26966,0,23000,26102,0,0,0,0,0,0,0,0,0,0,29000,36922,0,0,0,0,0,0,0,41600,60233,0,0,0,0,23000,31825,0,23000,35112
2,2025,'040819000',105,  ,KG,0,7216,17826,0,1260,3297,0,0,0,0,0,0,0,840,2149,0,1680,4109,0,1344,3270,0,412,641,0,0,0,0,0,0,0,840,2136,0,420,1107,0,420,1117
2,2025,'040819000',106,  ,KG,0,6750,23770,0,0,0,0,2250,8147,0,0,0,0,0,0,0,0,0,0,2250,7485,0,0,0,0,0,0,0,0,0,0,0,0,0,0,0,0,2250,8138
2,2025,'040819000',111,  ,KG,0,46420,35122,0,0,0,0,0,0,0,0,0,0,0,0,0,340,515,0,0,0,0,0,0,0,0,0,0,0,0,0,46080,34607,0,0,0,0,0,0
2,2025,'040819000',237,  ,KG,0,133040,107743,0,45240,30393,0,22400,15100,0,0,0,0,0,0,0,0,0,0,0,0,0,0,0,0,0,0,0,700,1268,0,0,0,0,0,0,0,64700,60982
2,2025,'040819000',304,  ,KG,0,5540353,4195712,0,500027,339455,0,231200,154161,0,344000,249952,0,120000,89935,0,360000,266340,0,340000,276148,0,440000,341401,0,500000,379384,0,323126,257546,0,960000,734626,0,680000,510317,0,742000,596447
2,2025,'040819000',410,  ,KG,0,1019968,626522,0,43200,24182,0,90080,51645,0,64800,34895,0,108000,58258,0,44000,24346,0,86993,45018,0,109440,68722,0,43200,28614,0,109440,71379,0,165295,111101,0,44640,31264,0,110880,77098
2,2025,'040891000',103,  ,KG,0,100,833,0,100,833,0,0,0,0,0,0,0,0,0,0,0,0,0,0,0,0,0,0,0,0,0,0,0,0,0,0,0,0,0,0,0,0,0
2,2025,'040891000',105,  ,KG,0,280500,283796,0,0,0,0,0,0,0,0,0,0,0,0,0,25500,25876,0,50000,54528,0,50000,50455,0,0,0,0,25000,29554,0,25000,22402,0,44000,41723,0,61000,59258
2,2025,'040891000',123,  ,KG,0,1036300,1149198,0,75050,85383,0,54700,54762,0,47400,50929,0,114150,120484,0,102550,104219,0,76150,85348,0,139150,153202,0,103300,113625,0,67150,78464,0,139400,165976,0,69900,81105,0,47400,55701
2,2025,'040891000',204,  ,KG,0,20000,25273,0,20000,25273,0,0,0,0,0,0,0,0,0,0,0,0,0,0,0,0,0,0,0,0,0,0,0,0,0,0,0,0,0,0,0,0,0
2,2025,'040891000',207,  ,KG,0,36950,71795,0,15200,22983,0,0,0,0,0,0,0,0,0,0,0,0,0,0,0,0,0,0,0,0,0,0,0,0,0,21750,48812,0,0,0,0,0,0
2,2025,'040891000',210,  ,KG,0,43825,90203,0,400,643,0,0,0,0,0,0,0,600,1049,0,0,0,0,0,0,0,16225,32613,0,5200,10533,0,0,0,0,21000,44437,0,400,928,0,0,0
2,2025,'040891000',220,  ,KG,0,21000,26264,0,0,0,0,21000,26264,0,0,0,0,0,0,0,0,0,0,0,0,0,0,0,0,0,0,0,0,0,0,0,0,0,0,0,0,0,0
2,2025,'040891000',237,  ,KG,0,21750,22884,0,0,0,0,0,0,0,0,0,0,0,0,0,21750,22884,0,0,0,0,0,0,0,0,0,0,0,0,0,0,0,0,0,0,0,0,0
2,2025,'040891000',304,  ,KG,0,68195,115842,0,5216,9952,0,59000,85682,0,0,0,0,0,0,0,0,0,0,0,0,0,0,0,0,2404,10221,0,575,3892,0,0,0,0,500,3010,0,500,3085
2,2025,'040891000',413,  ,KG,0,576600,719763,0,75000,89583,0,40600,49992,0,18600,22260,0,37200,44022,0,106950,125446,0,40600,49861,0,23000,28541,0,50650,65214,0,63600,84049,0,64600,81803,0,37200,52193,0,18600,26799
2,2025,'040899010',111,  ,KG,0,1272408,483930,0,86880,34252,0,89352,35078,0,178596,67727,0,134280,50584,0,44760,16161,0,111900,40354,0,67140,24488,0,111900,42149,0,134280,50669,0,67140,25454,0,111900,43530,0,134280,53484
2,2025,'040899010',113,  ,KG,0,52800,19604,0,0,0,0,0,0,0,0,0,0,0,0,0,0,0,0,0,0,0,28800,10304,0,0,0,0,0,0,0,0,0,0,0,0,0,24000,9300
2,2025,'040899010',237,  ,KG,0,89500,35822,0,0,0,0,0,0,0,0,0,0,0,0,0,69000,24876,0,0,0,0,500,637,0,0,0,0,0,0,0,0,0,0,0,0,0,20000,10309
2,2025,'040899090',105,  ,KG,0,2774112,1563973,0,272680,160526,0,177408,105991,0,221645,113365,0,287297,163158,0,171378,86305,0,273782,154909,0,229815,122025,0,208126,118111,0,204946,112369,0,229445,133963,0,175228,105117,0,322362,188134
2,2025,'040899090',110,  ,KG,0,434239,301908,0,40912,25681,0,32439,23948,0,41428,31241,0,18060,12792,0,35719,23941,0,86708,56666,0,24595,17479,0,18060,12637,0,17258,11016,0,41870,30256,0,17659,12200,0,59531,44051
2,2025,'040899090',111,  ,KG,0,1301012,1080607,0,191953,157902,0,73944,60657,0,114168,94769,0,84605,68515,0,87349,69618,0,71039,62932,0,119297,97270,0,100031,73618,0,109709,96385,0,116499,93234,0,110011,100441,0,122407,105266
2,2025,'040900000',105,  ,KG,0,36764871,9810514,0,2705710,780334,0,2666679,754497,0,3970159,1078680,0,2806959,742453,0,3392249,841490,0,3350713,828178,0,2845857,736093,0,2636450,710022,0,3183547,816224,0,2779367,732808,0,3286144,915532,0,3141037,874203
2,2025,'040900000',106,  ,KG,0,5204,7091,0,0,0,0,0,0,0,0,0,0,126,403,0,0,0,0,160,320,0,550,877,0,0,0,0,3600,2718,0,360,1548,0,408,1225,0,0,0
2,2025,'040900000',110,  ,KG,0,1021694,265779,0,39600,9224,0,38400,8296,0,19200,4082,0,58800,12761,0,119770,30591,0,200970,53073,0,141760,37915,0,181930,49583,0,140560,42360,0,39820,8259,0,0,0,0,40884,9635
2,2025,'040900000',111,  ,KG,0,457915,183699,0,51760,20941,0,10560,2055,0,33107,23267,0,42000,12432,0,63469,26149,0,9984,4294,0,72966,25673,0,48408,13801,0,55152,22715,0,55209,23101,0,0,0,0,15300,9271
2,2025,'040900000',113,  ,KG,0,4966,8387,0,0,0,0,0,0,0,0,0,0,0,0,0,70,275,0,0,0,0,0,0,0,3456,5653,0,0,0,0,0,0,0,0,0,0,1440,2459
2,2025,'040900000',122,  ,KG,0,1784249,518078,0,141410,42618,0,61110,18530,0,219653,62487,0,224100,63875,0,220910,59761,0,200126,58043,0,280480,80553,0,163400,48699,0,76110,21757,0,101620,29709,0,60320,18935,0,35010,13111
2,2025,'040900000',123,  ,KG,0,329828,183238,0,70,371,0,45360,25491,0,15120,8014,0,22620,11747,0,15000,7666,0,15000,7684,0,58080,26240,0,35124,15868,0,43794,20329,0,44136,34246,0,34204,24597,0,1320,985
2,2025,'040900000',127,  ,KG,0,75000,33203,0,0,0,0,0,0,0,0,0,0,25000,10973,0,0,0,0,0,0,0,25000,10743,0,0,0,0,0,0,0,0,0,0,0,0,0,25000,11487
2,2025,'040900000',130,  ,KG,0,663,1008,0,0,0,0,0,0,0,663,1008,0,0,0,0,0,0,0,0,0,0,0,0,0,0,0,0,0,0,0,0,0,0,0,0,0,0,0
2,2025,'040900000',131,  ,KG,0,2046,2051,0,0,0,0,69,268,0,261,351,0,1500,1122,0,216,310,0,0,0,0,0,0,0,0,0,0,0,0,0,0,0,0,0,0,0,0,0
2,2025,'040900000',143,  ,KG,0,1433,2175,0,0,0,0,0,0,0,0,0,0,0,0,0,1433,2175,0,0,0,0,0,0,0,0,0,0,0,0,0,0,0,0,0,0,0,0,0
2,2025,'040900000',154,  ,KG,0,26935,32706,0,6925,6848,0,0,0,0,0,0,0,1362,883,0,8050,10443,0,0,0,0,225,261,0,8750,11668,0,0,0,0,826,1726,0,0,0,0,797,877
2,2025,'040900000',155,  ,KG,0,500,757,0,0,0,0,0,0,0,0,0,0,0,0,0,0,0,0,0,0,0,500,757,0,0,0,0,0,0,0,0,0,0,0,0,0,0,0
2,2025,'040900000',157,  ,KG,0,264,844,0,0,0,0,0,0,0,0,0,0,0,0,0,0,0,0,0,0,0,0,0,0,0,0,0,264,844,0,0,0,0,0,0,0,0,0
2,2025,'040900000',205,  ,KG,0,2945,5762,0,0,0,0,0,0,0,0,0,0,0,0,0,424,1501,0,582,910,0,163,349,0,0,0,0,1041,1777,0,0,0,0,0,0,0,735,1225
2,2025,'040900000',210,  ,KG,0,53505,115609,0,3975,9351,0,2364,5537,0,1070,3553,0,1585,3825,0,11073,18280,0,7070,19178,0,8109,11423,0,2438,9356,0,8553,13063,0,2840,11927,0,1312,2812,0,3116,7304
2,2025,'040900000',213,  ,KG,0,82246,89413,0,0,0,0,17611,16639,0,0,0,0,7559,10149,0,8064,6529,0,0,0,0,15704,21255,0,1728,1483,0,7614,5449,0,4284,3248,0,19682,24661,0,0,0
2,2025,'040900000',215,  ,KG,0,26409,48063,0,420,976,0,1746,3888,0,1275,2952,0,5969,9659,0,3889,7541,0,0,0,0,4302,7272,0,1992,3587,0,2490,4351,0,1650,2870,0,0,0,0,2676,4967
2,2025,'040900000',217,  ,KG,0,1020,1912,0,0,0,0,0,0,0,0,0,0,0,0,0,0,0,0,0,0,0,729,1223,0,0,0,0,291,689,0,0,0,0,0,0,0,0,0
2,2025,'040900000',218,  ,KG,0,155446,166755,0,19977,26370,0,22528,21679,0,879,2578,0,20791,17823,0,2154,3840,0,26604,27055,0,20105,16027,0,24113,26640,0,1008,2615,0,6931,8228,0,10260,13388,0,96,512
2,2025,'040900000',220,  ,KG,0,74544,138172,0,5432,11305,0,1497,3615,0,2576,4876,0,12842,23699,0,2648,4955,0,7464,17418,0,8286,17824,0,840,1627,0,10618,23543,0,19160,20929,0,1387,3331,0,1794,5050
2,2025,'040900000',222,  ,KG,0,504,1370,0,504,1370,0,0,0,0,0,0,0,0,0,0,0,0,0,0,0,0,0,0,0,0,0,0,0,0,0,0,0,0,0,0,0,0,0
2,2025,'040900000',223,  ,KG,0,884,3025,0,0,0,0,0,0,0,0,0,0,0,0,0,884,3025,0,0,0,0,0,0,0,0,0,0,0,0,0,0,0,0,0,0,0,0,0
2,2025,'040900000',224,  ,KG,0,495,1405,0,0,0,0,0,0,0,0,0,0,0,0,0,0,0,0,0,0,0,0,0,0,495,1405,0,0,0,0,0,0,0,0,0,0,0,0
2,2025,'040900000',225,  ,KG,0,6436,10454,0,0,0,0,320,911,0,3250,5764,0,306,550,0,0,0,0,0,0,0,408,692,0,0,0,0,2052,2320,0,0,0,0,0,0,0,100,217
2,2025,'040900000',227,  ,KG,0,1294863,1214764,0,71935,62100,0,115782,123763,0,82515,98411,0,287658,192923,0,147737,142239,0,139806,102124,0,59249,70595,0,110820,90723,0,42955,50310,0,61679,95038,0,68612,72687,0,106115,113851
2,2025,'040900000',228,  ,KG,0,19800,16449,0,0,0,0,0,0,0,0,0,0,0,0,0,0,0,0,0,0,0,19800,16449,0,0,0,0,0,0,0,0,0,0,0,0,0,0,0
2,2025,'040900000',230,  ,KG,0,8066,16275,0,0,0,0,960,2037,0,307,666,0,3000,5262,0,1120,2667,0,706,2012,0,0,0,0,284,665,0,1220,1628,0,159,470,0,0,0,0,310,868
2,2025,'040900000',231,  ,KG,0,571613,330313,0,126499,71116,0,0,0,0,0,0,0,3618,6444,0,60525,50481,0,20242,21283,0,84740,36281,0,104105,61701,0,27180,17663,0,61276,26562,0,83128,37970,0,300,812
2,2025,'040900000',232,  ,KG,0,242622,204020,0,1200,1748,0,3314,6459,0,22930,21882,0,24176,16857,0,12523,17459,0,7048,11654,0,17208,14836,0,73497,46032,0,5467,5349,0,2607,3318,0,3060,3359,0,69592,55067
2,2025,'040900000',234,  ,KG,0,48637,76419,0,18720,31796,0,1209,1723,0,0,0,0,0,0,0,7845,8731,0,7200,11913,0,0,0,0,0,0,0,3330,4568,0,0,0,0,10333,17688,0,0,0
2,2025,'040900000',235,  ,KG,0,4729,10603,0,780,1563,0,548,1487,0,0,0,0,482,1200,0,0,0,0,442,1132,0,0,0,0,624,1014,0,418,1039,0,406,1052,0,624,1063,0,405,1053
2,2025,'040900000',236,  ,KG,0,5364,9583,0,0,0,0,0,0,0,0,0,0,0,0,0,0,0,0,0,0,0,0,0,0,0,0,0,5248,9350,0,116,233,0,0,0,0,0,0
2,2025,'040900000',237,  ,KG,0,5351,7885,0,0,0,0,1041,1236,0,0,0,0,0,0,0,327,492,0,0,0,0,1606,2267,0,0,0,0,0,0,0,1132,1821,0,0,0,0,1245,2069
2,2025,'040900000',238,  ,KG,0,346136,116882,0,0,0,0,0,0,0,20103,6264,0,19261,6564,0,0,0,0,81398,28468,0,41300,13355,0,82600,27407,0,20060,6771,0,20060,6964,0,61354,21089,0,0,0
2,2025,'040900000',242,  ,KG,0,70,354,0,0,0,0,70,354,0,0,0,0,0,0,0,0,0,0,0,0,0,0,0,0,0,0,0,0,0,0,0,0,0,0,0,0,0,0
2,2025,'040900000',302,  ,KG,0,3183151,2474207,0,329878,299925,0,124533,94914,0,432637,342738,0,522120,346831,0,415665,341627,0,252224,183115,0,173829,140066,0,135106,82582,0,127557,103295,0,300870,209369,0,150677,149592,0,218055,180153
2,2025,'040900000',304,  ,KG,0,8278,21424,0,0,0,0,0,0,0,0,0,0,885,4092,0,1921,4264,0,0,0,0,891,1599,0,372,1766,0,725,2420,0,0,0,0,2587,5431,0,897,1852
2,2025,'040900000',305,  ,KG,0,510623,292323,0,19470,9242,0,2149,2416,0,0,0,0,38350,14393,0,61142,28296,0,0,0,0,80478,46172,0,1152,1314,0,97980,57697,0,71652,50321,0,118150,67792,0,20100,14680
2,2025,'040900000',410,  ,KG,0,3800,4177,0,2000,1871,0,1200,1136,0,0,0,0,600,1170,0,0,0,0,0,0,0,0,0,0,0,0,0,0,0,0,0,0,0,0,0,0,0,0
2,2025,'040900000',413,  ,KG,0,2714563,1116351,0,197279,88006,0,59496,26245,0,77425,30990,0,157335,68918,0,375679,150892,0,128085,50284,0,285949,113509,0,278293,117397,0,397084,154121,0,417157,167302,0,105943,52323,0,234838,96364
2,2025,'040900000',501,  ,KG,0,163,606,0,0,0,0,0,0,0,0,0,0,0,0,0,0,0,0,0,0,0,0,0,0,0,0,0,163,606,0,0,0,0,0,0,0,0,0
2,2025,'040900000',601,  ,KG,0,600418,706460,0,23373,34786,0,15924,43383,0,3107,4221,0,23177,44709,0,143719,126058,0,22816,49375,0,31905,46871,0,149073,111379,0,27692,49020,0,28246,61813,0,54602,53878,0,76784,80967
2,2025,'040900000',606,  ,KG,0,1195859,4248804,0,85719,311244,0,26053,141251,0,78991,209481,0,134881,481490,0,62883,257746,0,80685,239372,0,131486,429523,0,70295,240135,0,166562,539760,0,135390,442115,0,77713,389050,0,145201,567637
2,2025,'040900000',618,  ,KG,0,216,731,0,0,0,0,0,0,0,0,0,0,0,0,0,216,731,0,0,0,0,0,0,0,0,0,0,0,0,0,0,0,0,0,0,0,0,0
2,2025,'041010000',103,  ,KG,0,600,2565,0,0,0,0,0,0,0,0,0,0,0,0,0,0,0,0,0,0,0,0,0,0,500,530,0,100,2035,0,0,0,0,0,0,0,0,0
2,2025,'041010000',105,  ,KG,0,4796,54559,0,1703,5682,0,205,990,0,100,1976,0,0,0,0,1700,27858,0,0,0,0,360,4935,0,18,375,0,200,4545,0,100,1938,0,410,6260,0,0,0
2,2025,'041010000',106,  ,KG,0,400,9406,0,0,0,0,300,6864,0,0,0,0,0,0,0,0,0,0,0,0,0,0,0,0,100,2542,0,0,0,0,0,0,0,0,0,0,0,0
2,2025,'041010000',110,  ,KG,0,35592,18422,0,5284,2821,0,1520,1178,0,490,227,0,2523,1313,0,616,225,0,2620,1308,0,5278,2694,0,4464,2230,0,1524,592,0,320,227,0,2486,1193,0,8467,4414
2,2025,'041010000',111,  ,KG,0,407,12231,0,25,754,0,0,0,0,44,1417,0,51,1494,0,38,1299,0,48,1765,0,39,1600,0,52,1362,0,49,1228,0,0,0,0,61,1312,0,0,0
2,2025,'041090100',106,  ,KG,0,20,3470,0,0,0,0,0,0,0,0,0,0,0,0,0,0,0,0,0,0,0,20,3470,0,0,0,0,0,0,0,0,0,0,0,0,0,0,0
2,2025,'041090100',111,  ,KG,0,3,210,0,0,0,0,0,0,0,0,0,0,0,0,0,0,0,0,0,0,0,0,0,0,0,0,0,0,0,0,0,0,0,0,0,0,3,210
2,2025,'041090100',113,  ,KG,0,5160,456983,0,213,22556,0,400,32956,0,420,36862,0,412,34730,0,410,32694,0,430,39712,0,506,40665,0,509,48219,0,600,50284,0,460,49399,0,400,34886,0,400,34020
2,2025,'041090100',118,  ,KG,0,374,47205,0,51,7720,0,28,2956,0,20,3168,0,0,0,0,105,13126,0,6,472,0,15,2878,0,20,1918,0,0,0,0,80,8582,0,49,6385,0,0,0
2,2025,'041090200',105,  ,KG,0,474,16656,0,0,0,0,0,0,0,68,6291,0,0,0,0,19,478,0,0,0,0,0,0,0,170,2072,0,0,0,0,0,0,0,177,6558,0,40,1257
2,2025,'041090200',106,  ,KG,0,192,4557,0,0,0,0,0,0,0,0,0,0,0,0,0,66,1029,0,126,3528,0,0,0,0,0,0,0,0,0,0,0,0,0,0,0,0,0,0
2,2025,'041090200',110,  ,KG,0,12,2722,0,6,1386,0,0,0,0,0,0,0,0,0,0,0,0,0,0,0,0,0,0,0,0,0,0,0,0,0,0,0,0,6,1336,0,0,0
2,2025,'041090200',154,  ,KG,0,112,859,0,0,0,0,0,0,0,0,0,0,0,0,0,0,0,0,0,0,0,0,0,0,0,0,0,112,859,0,0,0,0,0,0,0,0,0
2,2025,'041090200',410,  ,KG,0,25,632,0,25,632,0,0,0,0,0,0,0,0,0,0,0,0,0,0,0,0,0,0,0,0,0,0,0,0,0,0,0,0,0,0,0,0,0
2,2025,'041090300',410,  ,KG,0,17741,343579,0,790,16494,0,1240,26085,0,200,4410,0,3500,75213,0,1300,25300,0,1060,18703,0,2016,36689,0,600,15757,0,762,13738,0,3545,59644,0,2388,43777,0,340,7769
2,2025,'041090300',601,  ,KG,0,54,921,0,0,0,0,0,0,0,0,0,0,0,0,0,0,0,0,54,921,0,0,0,0,0,0,0,0,0,0,0,0,0,0,0,0,0,0
2,2025,'050210000',105,  ,KG,0,14754,70316,0,4675,23240,0,50,274,0,1300,5945,0,1625,7742,0,100,513,0,3650,17647,0,954,4759,0,0,0,0,875,3739,0,1325,5751,0,100,415,0,100,291
2,2025,'050210000',123,  ,KG,0,890,9731,0,0,0,0,425,4524,0,0,0,0,0,0,0,0,0,0,165,2300,0,200,1893,0,0,0,0,0,0,0,0,0,0,0,0,0,100,1014
2,2025,'050290000',105,  ,KG,0,12437,152599,0,199,8176,0,1077,10207,0,404,20910,0,198,6067,0,2827,41938,0,1292,4956,0,1740,14014,0,406,10356,0,200,409,0,0,0,0,906,3570,0,3188,31996
2,2025,'050290000',205,  ,KG,0,109,61777,0,16,18440,0,0,0,0,38,14267,0,2,4271,0,0,0,0,0,0,0,0,0,0,12,3718,0,3,4918,0,6,1791,0,32,14372,0,0,0
2,2025,'050400011',105,  ,KG,0,2828385,13474945,0,268093,1297859,0,141067,612676,0,205457,1011013,0,236978,1197059,0,279440,1289610,0,263164,1168182,0,223518,1218648,0,288088,1353099,0,205918,1057352,0,277005,1243695,0,205864,941772,0,233793,1083980
2,2025,'050400011',107,  ,KG,0,18999,196113,0,4448,46869,0,0,0,0,0,0,0,5015,52120,0,0,0,0,1203,11235,0,2009,20224,0,0,0,0,1481,14205,0,0,0,0,4843,51460,0,0,0
2,2025,'050400011',304,  ,KG,0,80075,172852,0,0,0,0,17340,41469,0,0,0,0,23546,48398,0,0,0,0,0,0,0,18407,37315,0,4802,9244,0,0,0,0,15980,36426,0,0,0,0,0,0
2,2025,'050400011',412,  ,KG,0,1220,2050,0,0,0,0,0,0,0,0,0,0,220,234,0,0,0,0,0,0,0,0,0,0,0,0,0,0,0,0,1000,1816,0,0,0,0,0,0
2,2025,'050400011',601,  ,KG,0,657183,3104264,0,67461,299328,0,50858,254225,0,55660,231750,0,64986,326681,0,94708,408069,0,70351,391272,0,69199,315611,0,35416,162494,0,18164,93171,0,30579,169298,0,28545,134544,0,71256,317821
2,2025,'050400011',606,  ,KG,0,624013,3074398,0,41236,188126,0,7627,40538,0,29686,164791,0,65254,299466,0,66674,316677,0,48174,260095,0,60554,276251,0,29961,150778,0,97392,460143,0,49981,280686,0,27722,136738,0,99752,500109
2,2025,'050400012',218,  ,KG,0,84404,39815,0,3675,1594,0,39700,19771,0,0,0,0,3685,1377,0,10800,5098,0,4855,2202,0,14578,6467,0,230,243,0,0,0,0,6881,3063,0,0,0,0,0,0
2,2025,'050400012',220,  ,KG,0,517,478,0,0,0,0,517,478,0,0,0,0,0,0,0,0,0,0,0,0,0,0,0,0,0,0,0,0,0,0,0,0,0,0,0,0,0,0
2,2025,'050400012',302,  ,KG,0,718495,229352,0,22675,7305,0,60748,19433,0,67992,21053,0,45328,13840,0,67992,20100,0,45328,13396,0,90656,27155,0,45341,13810,0,22677,6880,0,113385,37652,0,22677,8006,0,113696,40722
2,2025,'050400012',304,  ,KG,0,10364652,4693753,0,959398,518003,0,883268,463801,0,887831,446472,0,803173,377805,0,944233,408058,0,892689,385778,0,1087538,442314,0,715749,296976,0,690950,277315,0,769899,320632,0,884936,367768,0,844988,388831
2,2025,'050400012',305,  ,KG,0,1457471,461185,0,175188,64055,0,124476,41488,0,130308,46970,0,84697,26891,0,204545,51962,0,156220,38313,0,92637,31951,0,104940,30361,0,131246,34391,0,165004,56159,0,36543,15263,0,51667,23381
2,2025,'050400012',312,  ,KG,0,7410,2703,0,2930,1383,0,0,0,0,1000,443,0,0,0,0,0,0,0,0,0,0,0,0,0,2000,506,0,1480,371,0,0,0,0,0,0,0,0,0
2,2025,'050400012',601,  ,KG,0,872511,362368,0,93275,34031,0,28554,13029,0,16828,6053,0,28824,14779,0,60685,24231,0,67868,21390,0,79108,34996,0,48573,21377,0,94994,41189,0,144437,57970,0,90459,39599,0,118906,53724
2,2025,'050400019',113,  ,KG,0,16114,26111,0,0,0,0,0,0,0,0,0,0,0,0,0,0,0,0,0,0,0,9184,15157,0,0,0,0,6930,10954,0,0,0,0,0,0,0,0,0
2,2025,'050400019',210,  ,KG,0,10000,5066,0,0,0,0,0,0,0,0,0,0,0,0,0,4000,2036,0,0,0,0,0,0,0,0,0,0,6000,3030,0,0,0,0,0,0,0,0,0
2,2025,'050400019',218,  ,KG,0,133050,82531,0,4100,2788,0,0,0,0,0,0,0,11320,6905,0,6070,4128,0,54180,31192,0,8320,5657,0,0,0,0,9860,5996,0,23140,14945,0,12000,8160,0,4060,2760
2,2025,'050400019',223,  ,KG,0,9375,5541,0,3663,2030,0,0,0,0,2422,1364,0,0,0,0,505,303,0,0,0,0,0,0,0,0,0,0,547,355,0,1112,727,0,0,0,0,1126,762
2,2025,'050400019',302,  ,KG,0,510619,301377,0,73100,54029,0,48600,33436,0,24300,16718,0,24300,16718,0,24300,15624,0,24300,15624,0,24300,15138,0,48800,28450,0,72209,36804,0,73300,34621,0,24300,10449,0,48810,23766
2,2025,'050400019',304,  ,KG,0,1181333,557457,0,79695,45715,0,89263,47660,0,88697,47510,0,148821,61861,0,95996,44640,0,118770,47223,0,42278,18498,0,174200,82724,0,31549,14751,0,95110,43136,0,107001,48837,0,109953,54902
2,2025,'050400019',305,  ,KG,0,228588,106711,0,12769,7678,0,31877,16231,0,6821,3536,0,22751,11068,0,26444,12420,0,21669,10025,0,13156,6132,0,14306,6414,0,9237,4483,0,20243,8368,0,45015,18537,0,4300,1819
2,2025,'050400019',312,  ,KG,0,18360,4613,0,1360,358,0,0,0,0,5215,1334,0,1485,372,0,1310,319,0,1500,363,0,0,0,0,1630,413,0,4285,1052,0,0,0,0,1575,402,0,0,0
2,2025,'050400019',409,  ,KG,0,20620,12442,0,4990,3032,0,5100,3321,0,0,0,0,1000,650,0,1000,605,0,1000,650,0,1000,650,0,500,286,0,1010,548,0,2020,1095,0,3000,1605,0,0,0
2,2025,'050400019',410,  ,KG,0,7900,3689,0,500,235,0,500,229,0,0,0,0,500,225,0,0,0,0,0,0,0,0,0,0,1000,444,0,1000,442,0,2400,1088,0,0,0,0,2000,1026
2,2025,'050400019',412,  ,KG,0,47125,24535,0,9130,4948,0,5600,3036,0,11970,6220,0,6960,3554,0,515,226,0,1180,555,0,1540,769,0,1510,764,0,3310,1657,0,1500,768,0,2520,1296,0,1390,742
2,2025,'050400019',413,  ,KG,0,6192,2270,0,0,0,0,0,0,0,2004,709,0,1164,467,0,0,0,0,1008,345,0,0,0,0,1008,397,0,1008,352,0,0,0,0,0,0,0,0,0
2,2025,'050400091',206,  ,KG,0,130196,105851,0,0,0,0,2550,3332,0,0,0,0,3066,4027,0,0,0,0,1576,1986,0,11900,8312,0,12000,7945,0,24250,20074,0,1374,1622,0,22790,16219,0,50690,42334
2,2025,'050400091',210,  ,KG,0,13252,7078,0,0,0,0,0,0,0,0,0,0,0,0,0,5740,2933,0,0,0,0,5000,2605,0,692,299,0,0,0,0,1820,1241,0,0,0,0,0,0
2,2025,'050400091',215,  ,KG,0,30,243,0,0,0,0,0,0,0,0,0,0,0,0,0,0,0,0,0,0,0,30,243,0,0,0,0,0,0,0,0,0,0,0,0,0,0,0
2,2025,'050400091',218,  ,KG,0,70739,45449,0,4097,2574,0,8310,4216,0,1456,947,0,7091,5485,0,3251,2328,0,0,0,0,2797,2117,0,21875,10735,0,9498,7747,0,4335,3739,0,8029,5561,0,0,0
2,2025,'050400091',220,  ,KG,0,7260,7012,0,0,0,0,2242,1710,0,0,0,0,0,0,0,1888,1811,0,0,0,0,0,0,0,520,629,0,0,0,0,2610,2862,0,0,0,0,0,0
2,2025,'050400091',222,  ,KG,0,2518,410,0,0,0,0,2518,410,0,0,0,0,0,0,0,0,0,0,0,0,0,0,0,0,0,0,0,0,0,0,0,0,0,0,0,0,0,0
2,2025,'050400091',223,  ,KG,0,513,309,0,0,0,0,0,0,0,0,0,0,0,0,0,0,0,0,0,0,0,0,0,0,513,309,0,0,0,0,0,0,0,0,0,0,0,0
2,2025,'050400091',225,  ,KG,0,29815,20249,0,0,0,0,0,0,0,17062,10935,0,0,0,0,4925,3908,0,0,0,0,0,0,0,0,0,0,0,0,0,0,0,0,7828,5406,0,0,0
2,2025,'050400091',302,  ,KG,0,37869,22791,0,0,0,0,9006,12327,0,0,0,0,0,0,0,8366,5679,0,0,0,0,0,0,0,20497,4785,0,0,0,0,0,0,0,0,0,0,0,0
2,2025,'050400091',304,  ,KG,0,699239,925750,0,79818,129045,0,60602,97761,0,22661,15609,0,105186,150782,0,48527,50257,0,60658,64321,0,58960,62435,0,33479,75182,0,67878,94707,0,18129,42636,0,78963,76509,0,64378,66506
2,2025,'050400091',305,  ,KG,0,282501,156927,0,14624,6602,0,16142,10423,0,16988,9434,0,30671,17456,0,29032,12246,0,27167,14001,0,25761,14977,0,13995,9620,0,17145,11988,0,30218,17873,0,20163,14219,0,40595,18088
2,2025,'050400091',310,  ,KG,0,250613,435418,0,35961,80529,0,7994,16087,0,16433,25833,0,29302,54843,0,13255,18913,0,34407,59026,0,0,0,0,16213,25023,0,19439,30985,0,14534,18059,0,50759,86594,0,12316,19526
2,2025,'050400091',311,  ,KG,0,133542,192987,0,0,0,0,9632,22958,0,0,0,0,23891,37790,0,23856,14251,0,12790,26392,0,0,0,0,24598,26605,0,0,0,0,0,0,0,24078,30124,0,14697,34867
2,2025,'050400091',312,  ,KG,0,85102,167932,0,10136,32336,0,0,0,0,11113,27686,0,12696,22691,0,8904,18032,0,8121,10708,0,0,0,0,6657,11067,0,12856,20980,0,8347,13112,0,6272,11320,0,0,0
2,2025,'050400091',409,  ,KG,0,177488,220803,0,10474,13967,0,13673,21025,0,1140,715,0,26313,37265,0,6159,11561,0,23307,28616,0,18798,22665,0,37820,31889,0,12308,15977,0,15143,15899,0,5231,9722,0,7122,11502
2,2025,'050400091',601,  ,KG,0,2226718,1749369,0,201212,221420,0,137091,150488,0,137015,130539,0,192545,184688,0,171811,148733,0,185913,146562,0,186831,126340,0,219234,149618,0,131219,75147,0,239915,151473,0,258903,162014,0,165029,102347
2,2025,'050400091',606,  ,KG,0,225665,302963,0,42022,64452,0,9333,13580,0,2488,3241,0,22997,27123,0,30276,37330,0,5972,20069,0,24849,32986,0,22769,21427,0,22752,24789,0,10889,18529,0,25010,34754,0,6308,4683
2,2025,'050400099',105,  ,KG,0,705,1556,0,0,0,0,0,0,0,0,0,0,0,0,0,0,0,0,0,0,0,0,0,0,0,0,0,0,0,0,705,1556,0,0,0,0,0,0
2,2025,'050400099',110,  ,KG,0,540,272,0,0,0,0,0,0,0,0,0,0,0,0,0,0,0,0,0,0,0,540,272,0,0,0,0,0,0,0,0,0,0,0,0,0,0,0
2,2025,'050400099',111,  ,KG,0,3816076,1588221,0,359011,158944,0,341724,151168,0,329423,135390,0,216756,90062,0,246326,101196,0,416507,160654,0,332765,133641,0,327013,132142,0,396972,154847,0,326829,139791,0,316083,128598,0,206667,101788
2,2025,'050400099',113,  ,KG,0,1400,588,0,0,0,0,0,0,0,0,0,0,0,0,0,0,0,0,0,0,0,0,0,0,0,0,0,1400,588,0,0,0,0,0,0,0,0,0
2,2025,'050400099',201,  ,KG,0,525,221,0,0,0,0,0,0,0,525,221,0,0,0,0,0,0,0,0,0,0,0,0,0,0,0,0,0,0,0,0,0,0,0,0,0,0,0
2,2025,'050400099',205,  ,KG,0,6913,4493,0,0,0,0,0,0,0,0,0,0,0,0,0,0,0,0,0,0,0,0,0,0,0,0,0,0,0,0,6913,4493,0,0,0,0,0,0
2,2025,'050400099',218,  ,KG,0,34450,11752,0,7500,3804,0,0,0,0,0,0,0,0,0,0,710,319,0,13920,3617,0,3860,1466,0,0,0,0,4450,1424,0,0,0,0,4010,1122,0,0,0
2,2025,'050400099',304,  ,KG,0,47948,10439,0,0,0,0,0,0,0,0,0,0,0,0,0,23509,4900,0,0,0,0,0,0,0,0,0,0,0,0,0,24439,5539,0,0,0,0,0,0
2,2025,'050400099',305,  ,KG,0,6995,5385,0,0,0,0,0,0,0,1195,925,0,0,0,0,500,374,0,240,299,0,500,358,0,500,358,0,290,369,0,1270,943,0,2000,1407,0,500,352
2,2025,'050400099',312,  ,KG,0,5380,2796,0,460,253,0,0,0,0,920,487,0,480,240,0,0,0,0,980,492,0,0,0,0,660,344,0,1450,749,0,0,0,0,430,231,0,0,0
2,2025,'050400099',409,  ,KG,0,11976,3313,0,0,0,0,3024,922,0,0,0,0,0,0,0,0,0,0,2016,514,0,1008,262,0,984,305,0,948,251,0,3996,1059,0,0,0,0,0,0
2,2025,'050400099',410,  ,KG,0,2701690,618283,0,156150,32407,0,72585,15387,0,103145,19853,0,168627,30838,0,284458,58130,0,269647,67326,0,142110,35328,0,333924,82238,0,383814,88065,0,320034,67743,0,144720,36087,0,322476,84881
2,2025,'050400099',601,  ,KG,0,87505,27635,0,0,0,0,25680,5698,0,9110,2747,0,0,0,0,0,0,0,0,0,0,0,0,0,1110,1157,0,14110,4634,0,3915,1712,0,3000,964,0,30580,10723
2,2025,'050400099',606,  ,KG,0,33998,238327,0,4059,33474,0,144,1709,0,2094,22542,0,3747,36931,0,3928,42560,0,304,4283,0,2300,21672,0,10790,4883,0,946,8694,0,2564,27111,0,2403,26248,0,719,8220
2,2025,'050510000',105,  ,KG,0,892043,6951510,0,18660,38342,0,14330,94168,0,10560,96856,0,22035,186435,0,33106,254786,0,44180,265981,0,95984,536386,0,156435,1280480,0,179058,1597697,0,114100,885538,0,104245,904131,0,99350,810710
2,2025,'050510000',106,  ,KG,0,304293,806723,0,43433,151446,0,5500,12622,0,23533,31353,0,22570,41566,0,24925,62973,0,16667,44414,0,37275,145110,0,21025,56018,0,29200,42020,0,28300,74566,0,28745,109764,0,23120,34871
2,2025,'050510000',110,  ,KG,0,74155,663161,0,6100,55156,0,2000,16638,0,1500,11338,0,740,11232,0,2230,12890,0,6800,43591,0,11400,87709,0,7550,51962,0,6640,66012,0,11665,132992,0,13250,153436,0,4280,20205
2,2025,'050510000',201,  ,KG,0,584,199273,0,80,28153,0,5,1679,0,135,45041,0,11,3645,0,50,15697,0,0,0,0,0,0,0,0,0,0,30,9432,0,63,21386,0,30,9866,0,180,64374
2,2025,'050510000',210,  ,KG,0,48136,460164,0,2565,18404,0,7604,70431,0,6225,49467,0,2000,10805,0,7611,82514,0,1500,11621,0,0,0,0,5540,55110,0,11392,120001,0,3199,36611,0,500,5200,0,0,0
2,2025,'050510000',213,  ,KG,0,2221,69039,0,0,0,0,0,0,0,2006,59993,0,0,0,0,0,0,0,0,0,0,0,0,0,215,9046,0,0,0,0,0,0,0,0,0,0,0,0
2,2025,'050510000',218,  ,KG,0,55883,580784,0,6192,65166,0,6221,64400,0,0,0,0,6185,64492,0,6244,62578,0,6213,61799,0,6216,63779,0,6212,64026,0,0,0,0,6197,67122,0,6203,67422,0,0,0
2,2025,'050510000',220,  ,KG,0,4640,90355,0,0,0,0,0,0,0,0,0,0,0,0,0,0,0,0,0,0,0,0,0,0,0,0,0,0,0,0,0,0,0,0,0,0,4640,90355
2,2025,'050510000',223,  ,KG,0,42965,992056,0,540,14581,0,8197,213497,0,3000,26742,0,0,0,0,3990,125774,0,2000,56982,0,6225,90219,0,3975,91127,0,3030,87782,0,6713,153734,0,0,0,0,5295,131618
2,2025,'050510000',224,  ,KG,0,9575,236898,0,0,0,0,0,0,0,0,0,0,0,0,0,9575,236898,0,0,0,0,0,0,0,0,0,0,0,0,0,0,0,0,0,0,0,0,0
2,2025,'050510000',227,  ,KG,0,209096,2254733,0,6500,76117,0,407,11672,0,9627,133147,0,620,13697,0,25940,307690,0,27781,298943,0,23798,296588,0,16560,125012,0,40300,296958,0,21177,296880,0,21386,287396,0,15000,110633
2,2025,'050510000',231,  ,KG,0,2000,51464,0,0,0,0,0,0,0,0,0,0,0,0,0,0,0,0,0,0,0,0,0,0,2000,51464,0,0,0,0,0,0,0,0,0,0,0,0
2,2025,'050510000',232,  ,KG,0,52226,502677,0,8597,76926,0,4619,32869,0,0,0,0,0,0,0,4120,26134,0,5040,56304,0,0,0,0,9103,91965,0,6599,58035,0,4980,60505,0,9168,99939,0,0,0
2,2025,'050510000',238,  ,KG,0,45670,510891,0,0,0,0,13697,87840,0,4861,70068,0,0,0,0,11241,78639,0,0,0,0,0,0,0,6063,120466,0,6230,114724,0,3578,39154,0,0,0,0,0,0
2,2025,'050510000',302,  ,KG,0,64200,507961,0,0,0,0,0,0,0,0,0,0,0,0,0,0,0,0,12840,100048,0,38520,304631,0,12840,103282,0,0,0,0,0,0,0,0,0,0,0,0
2,2025,'050590000',105,  ,KG,0,1282,13539,0,20,244,0,0,0,0,40,1204,0,20,297,0,100,1216,0,0,0,0,20,267,0,132,1648,0,130,1552,0,0,0,0,0,0,0,820,7111
2,2025,'050590000',107,  ,KG,0,25,395,0,25,395,0,0,0,0,0,0,0,0,0,0,0,0,0,0,0,0,0,0,0,0,0,0,0,0,0,0,0,0,0,0,0,0,0
2,2025,'050590000',111,  ,KG,0,17,2401,0,0,0,0,0,0,0,0,0,0,0,0,0,0,0,0,0,0,0,0,0,0,0,0,0,17,2401,0,0,0,0,0,0,0,0,0
2,2025,'050590000',304,  ,KG,0,86,10106,0,0,0,0,0,0,0,64,6833,0,0,0,0,0,0,0,8,1179,0,0,0,0,0,0,0,0,0,0,0,0,0,14,2094,0,0,0
2,2025,'050590000',551,  ,KG,0,1687,40454,0,205,5168,0,257,6426,0,80,1841,0,0,0,0,0,0,0,246,5887,0,250,5292,0,101,2424,0,0,0,0,0,0,0,30,956,0,518,12460
2,2025,'050610000',111,  ,KG,0,1425300,691895,0,100000,50382,0,120000,59860,0,80000,38530,0,100000,47617,0,140000,66672,0,80000,37360,0,120000,55872,0,100000,47937,0,100000,47933,0,128450,62354,0,150000,73216,0,206850,104162
2,2025,'050610000',123,  ,KG,0,2690000,1338922,0,246000,127288,0,94000,52479,0,376000,196452,0,40000,18596,0,408000,216048,0,176000,93486,0,174000,88815,0,284000,146129,0,130000,57994,0,252000,105724,0,180000,80174,0,330000,155737
2,2025,'050610000',124,  ,KG,0,2353000,1102988,0,210000,106188,0,273000,134126,0,252000,117631,0,147000,67179,0,189000,86305,0,189000,85083,0,126000,54857,0,232000,107644,0,168000,76862,0,189000,88325,0,210000,97606,0,168000,81182
2,2025,'050610000',302,  ,KG,0,906050,506291,0,80000,48768,0,60000,36222,0,60000,34339,0,40000,22732,0,95200,53746,0,120000,65023,0,120000,67280,0,120000,67157,0,60000,32158,0,87700,45869,0,50000,25985,0,13150,7012
2,2025,'050610000',410,  ,KG,0,24800,11442,0,0,0,0,0,0,0,0,0,0,0,0,0,24800,11442,0,0,0,0,0,0,0,0,0,0,0,0,0,0,0,0,0,0,0,0,0
2,2025,'050690010',105,  ,KG,0,50,210,0,0,0,0,0,0,0,0,0,0,0,0,0,0,0,0,0,0,0,50,210,0,0,0,0,0,0,0,0,0,0,0,0,0,0,0
2,2025,'050690010',111,  ,KG,0,4030,144202,0,0,0,0,250,34204,0,0,0,0,0,0,0,0,0,0,250,32855,0,3020,5097,0,250,34207,0,0,0,0,0,0,0,0,0,0,260,37839
2,2025,'050690010',304,  ,KG,0,1121845,101496,0,0,0,0,0,0,0,66012,6476,0,110020,10283,0,220040,20323,0,66010,6239,0,88016,8068,0,0,0,0,197679,16312,0,176032,16057,0,88016,7744,0,110020,9994
2,2025,'050690090',105,  ,KG,0,184241,261158,0,3594,3634,0,34160,68417,0,2170,2093,0,13790,12272,0,11500,8869,0,26070,51413,0,10740,8931,0,380,901,0,12080,10276,0,10820,9697,0,41487,68629,0,17450,16026
2,2025,'050690090',106,  ,KG,0,338484,141103,0,0,0,0,45600,19487,0,0,0,0,45000,20862,0,21600,8269,0,24000,9590,0,41544,15207,0,56120,23266,0,24000,9569,0,39020,16953,0,0,0,0,41600,17900
2,2025,'050690090',107,  ,KG,0,225,247,0,0,0,0,225,247,0,0,0,0,0,0,0,0,0,0,0,0,0,0,0,0,0,0,0,0,0,0,0,0,0,0,0,0,0,0
2,2025,'050690090',110,  ,KG,0,96167,165693,0,7651,9813,0,4315,6086,0,7515,9794,0,2592,3268,0,9260,12282,0,2614,2337,0,4567,5209,0,9328,13218,0,13635,31896,0,12159,26579,0,14229,33659,0,8302,11552
2,2025,'050690090',111,  ,KG,0,138448,71063,0,13770,8628,0,1660,532,0,16450,9672,0,340,519,0,28798,14372,0,10100,4375,0,16570,13564,0,18000,2091,0,12000,7106,0,16840,8458,0,3020,1183,0,900,563
2,2025,'050690090',118,  ,KG,0,763738,124597,0,7065,4183,0,172570,18834,0,8321,4677,0,219371,29829,0,4086,2676,0,132553,15764,0,14413,7230,0,7795,5468,0,174923,19827,0,11565,7879,0,5422,3839,0,5654,4391
2,2025,'050690090',122,  ,KG,0,1364280,118821,0,0,0,0,226900,20742,0,227680,19632,0,0,0,0,0,0,0,227230,19058,0,228320,19018,0,0,0,0,228000,19498,0,0,0,0,0,0,0,226150,20873
2,2025,'050690090',123,  ,KG,0,72364,5632,0,0,0,0,0,0,0,0,0,0,0,0,0,72364,5632,0,0,0,0,0,0,0,0,0,0,0,0,0,0,0,0,0,0,0,0,0
2,2025,'050690090',124,  ,KG,0,137930,9279,0,0,0,0,0,0,0,0,0,0,0,0,0,98890,6762,0,0,0,0,0,0,0,0,0,0,0,0,0,0,0,0,0,0,0,39040,2517
2,2025,'050690090',127,  ,KG,0,42110,3056,0,0,0,0,0,0,0,0,0,0,0,0,0,42110,3056,0,0,0,0,0,0,0,0,0,0,0,0,0,0,0,0,0,0,0,0,0
2,2025,'050690090',204,  ,KG,0,192960,19905,0,24020,2305,0,48580,4573,0,0,0,0,24020,2601,0,0,0,0,24070,2599,0,0,0,0,0,0,0,48000,5279,0,0,0,0,24270,2548,0,0,0
2,2025,'050690090',206,  ,KG,0,3010,704,0,0,0,0,0,0,0,0,0,0,0,0,0,0,0,0,0,0,0,0,0,0,0,0,0,0,0,0,0,0,0,0,0,0,3010,704
2,2025,'050690090',207,  ,KG,0,47950,4924,0,0,0,0,0,0,0,0,0,0,0,0,0,0,0,0,0,0,0,23600,2486,0,0,0,0,0,0,0,24350,2438,0,0,0,0,0,0
2,2025,'050690090',208,  ,KG,0,6090,701,0,0,0,0,0,0,0,0,0,0,0,0,0,0,0,0,0,0,0,6090,701,0,0,0,0,0,0,0,0,0,0,0,0,0,0,0
2,2025,'050690090',210,  ,KG,0,47990,5280,0,0,0,0,0,0,0,0,0,0,0,0,0,0,0,0,0,0,0,0,0,0,23990,2638,0,0,0,0,24000,2642,0,0,0,0,0,0
2,2025,'050690090',218,  ,KG,0,4025578,457667,0,71600,9112,0,71800,8756,0,169910,19781,0,192290,20732,0,335910,36238,0,371787,39537,0,456271,48719,0,599351,66279,0,385806,43550,0,578100,67327,0,417224,55756,0,375529,41880
2,2025,'050690090',220,  ,KG,0,51840,13903,0,0,0,0,0,0,0,0,0,0,0,0,0,17000,4688,0,0,0,0,1000,275,0,26840,6885,0,0,0,0,4000,1149,0,3000,906,0,0,0
2,2025,'050690090',222,  ,KG,0,617720,57299,0,72520,6230,0,24000,1922,0,24000,1922,0,44100,4090,0,118620,10877,0,47100,4611,0,24000,2018,0,47100,4308,0,96040,9522,0,24000,2283,0,0,0,0,96240,9516
2,2025,'050690090',225,  ,KG,0,510210,50625,0,44120,4453,0,21630,2095,0,43250,3909,0,91280,8884,0,21670,1875,0,21630,2034,0,0,0,0,43340,4434,0,0,0,0,21710,2002,0,133190,13572,0,68390,7367
2,2025,'050690090',302,  ,KG,0,3584614,491044,0,384028,53276,0,122500,16226,0,269500,35714,0,312876,42456,0,435766,58500,0,122500,16242,0,383305,52344,0,288457,39725,0,315836,42636,0,380674,53691,0,190365,27126,0,378807,53108
2,2025,'050690090',304,  ,KG,0,12786143,1038283,0,1016393,116620,0,567916,63248,0,561198,60224,0,195533,14926,0,1299203,91946,0,1657533,128840,0,1850048,139520,0,1192051,89380,0,912767,68536,0,988468,79876,0,1463850,101210,0,1081183,83957
2,2025,'050690090',305,  ,KG,0,869002,102663,0,72420,7500,0,75589,8348,0,82671,9101,0,119280,12676,0,69885,7860,0,60118,7206,0,67919,7715,0,54165,6681,0,70690,9050,0,88043,11532,0,74504,9726,0,33718,5268
2,2025,'050690090',407,  ,KG,0,16820,10382,0,3378,2257,0,891,1184,0,0,0,0,0,0,0,12024,5668,0,0,0,0,0,0,0,0,0,0,0,0,0,0,0,0,527,1273,0,0,0
2,2025,'050690090',409,  ,KG,0,50212,9785,0,31010,4433,0,14992,3499,0,0,0,0,0,0,0,4000,1152,0,0,0,0,0,0,0,0,0,0,100,327,0,0,0,0,110,374,0,0,0
2,2025,'050690090',410,  ,KG,0,5126562,832547,0,394082,49038,0,411858,75571,0,260600,39247,0,381734,63545,0,472143,78580,0,297737,53804,0,215158,31882,0,487877,78564,0,437376,64709,0,643630,104325,0,541496,100596,0,582871,92686
2,2025,'050690090',601,  ,KG,0,2525,2918,0,1298,448,0,0,0,0,0,0,0,136,369,0,0,0,0,0,0,0,0,0,0,0,0,0,0,0,0,1091,2101,0,0,0,0,0,0
2,2025,'050690090',606,  ,KG,0,913618,299792,0,37956,12640,0,88140,27046,0,1255,1069,0,25750,8341,0,2013,2306,0,78,377,0,19943,5611,0,959,227,0,158368,53236,0,342000,111030,0,106060,37262,0,131096,40647
2,2025,'050790010',105,  ,KG,0,2787,61776,0,473,18670,0,0,0,0,0,0,0,9,728,0,0,0,0,0,0,0,1090,39928,0,120,616,0,0,0,0,0,0,0,0,0,0,1095,1834
2,2025,'050790010',107,  ,KG,0,500,974,0,0,0,0,0,0,0,0,0,0,0,0,0,0,0,0,500,974,0,0,0,0,0,0,0,0,0,0,0,0,0,0,0,0,0,0
2,2025,'050790010',123,  ,KG,0,267760,43619,0,18000,2245,0,5950,7139,0,18300,2341,0,52110,7829,0,32600,4033,0,50750,6059,0,0,0,0,21000,5472,0,18000,1982,0,32450,4048,0,18000,2050,0,600,421
2,2025,'050790010',153,  ,KG,0,280,95071,0,0,0,0,0,0,0,0,0,0,0,0,0,280,95071,0,0,0,0,0,0,0,0,0,0,0,0,0,0,0,0,0,0,0,0,0
2,2025,'050790010',223,  ,KG,0,298,2403,0,0,0,0,0,0,0,0,0,0,0,0,0,0,0,0,0,0,0,0,0,0,0,0,0,0,0,0,298,2403,0,0,0,0,0,0
2,2025,'050790010',245,  ,KG,0,4019,22688,0,0,0,0,0,0,0,0,0,0,2511,13700,0,0,0,0,0,0,0,0,0,0,0,0,0,1508,8988,0,0,0,0,0,0,0,0,0
2,2025,'050790010',304,  ,KG,0,26938,35525,0,1088,1903,0,0,0,0,6531,8089,0,1905,2770,0,0,0,0,1632,2392,0,6531,7688,0,1088,1672,0,0,0,0,8163,11011,0,0,0,0,0,0
2,2025,'050790010',412,  ,KG,0,3125,1894,0,0,0,0,0,0,0,0,0,0,0,0,0,3125,1894,0,0,0,0,0,0,0,0,0,0,0,0,0,0,0,0,0,0,0,0,0
2,2025,'050790010',524,  ,KG,0,5880,3563,0,0,0,0,0,0,0,0,0,0,5880,3563,0,0,0,0,0,0,0,0,0,0,0,0,0,0,0,0,0,0,0,0,0,0,0,0
2,2025,'050790010',546,  ,KG,0,2400,5584,0,0,0,0,0,0,0,2400,5584,0,0,0,0,0,0,0,0,0,0,0,0,0,0,0,0,0,0,0,0,0,0,0,0,0,0,0
2,2025,'050790010',606,  ,KG,0,4693,47506,0,0,0,0,0,0,0,958,10399,0,834,3098,0,200,12200,0,153,3237,0,662,5909,0,150,5377,0,864,3636,0,0,0,0,872,3650,0,0,0
2,2025,'050790090',105,  ,KG,0,1230,5443,0,0,0,0,0,0,0,0,0,0,0,0,0,500,2885,0,0,0,0,0,0,0,312,948,0,418,1610,0,0,0,0,0,0,0,0,0
2,2025,'050790090',210,  ,KG,0,2,416,0,0,0,0,0,0,0,0,0,0,0,0,0,0,0,0,0,0,0,0,0,0,0,0,0,0,0,0,2,416,0,0,0,0,0,0
2,2025,'050790090',238,  ,KG,0,0,210,0,0,0,0,0,0,0,0,0,0,0,0,0,0,0,0,0,0,0,0,0,0,0,0,0,0,0,0,0,0,0,0,0,0,0,210
2,2025,'050790090',304,  ,KG,0,2,319,0,0,0,0,0,0,0,2,319,0,0,0,0,0,0,0,0,0,0,0,0,0,0,0,0,0,0,0,0,0,0,0,0,0,0,0
2,2025,'050800100',106,  ,KG,0,35037,2934,0,0,0,0,0,0,0,13000,928,0,0,0,0,0,0,0,9000,606,0,5000,344,0,37,500,0,0,0,0,0,0,0,8000,556,0,0,0
2,2025,'050800100',108,  ,KG,0,3,3150,0,0,0,0,0,0,0,0,0,0,0,0,0,0,0,0,3,3150,0,0,0,0,0,0,0,0,0,0,0,0,0,0,0,0,0,0
2,2025,'050800100',117,  ,KG,0,69480,4510,0,7110,546,0,0,0,0,14070,977,0,9040,640,0,16640,1060,0,10000,452,0,0,0,0,0,0,0,0,0,0,7620,460,0,0,0,0,5000,375
2,2025,'050800100',118,  ,KG,0,1106,2343,0,0,0,0,0,0,0,623,1728,0,0,0,0,0,0,0,0,0,0,0,0,0,0,0,0,0,0,0,0,0,0,483,615,0,0,0
2,2025,'050800200',103,  ,KG,0,121155,224490,0,7759,19523,0,4834,12576,0,11306,14687,0,15764,37388,0,7738,16801,0,31621,25795,0,12238,28825,0,600,1361,0,1302,3175,0,5728,11835,0,10290,25072,0,11975,27452
2,2025,'050800200',105,  ,KG,0,646671,214686,0,30200,18539,0,101452,32328,0,55806,21844,0,98693,23030,0,174700,6305,0,28544,18495,0,47227,19098,0,105,543,0,18448,15698,0,19983,26843,0,15200,1611,0,56313,30352
2,2025,'050800200',110,  ,KG,0,1684786,156488,0,165800,13172,0,113000,8521,0,104716,9212,0,130000,9865,0,183600,12006,0,104440,9193,0,120600,10225,0,78450,4882,0,196600,15419,0,217027,16260,0,108876,11054,0,161677,36679
2,2025,'050800200',111,  ,KG,0,20,224,0,0,0,0,0,0,0,0,0,0,0,0,0,0,0,0,0,0,0,0,0,0,0,0,0,0,0,0,0,0,0,20,224,0,0,0
2,2025,'050800200',117,  ,KG,0,28438,11203,0,0,0,0,102,223,0,2636,3185,0,6000,424,0,5000,351,0,0,0,0,7091,2786,0,3105,2492,0,0,0,0,0,0,0,0,0,0,4504,1742
2,2025,'050800200',118,  ,KG,0,1631020,152579,0,93520,6169,0,49640,2972,0,214700,19489,0,100100,9740,0,170500,15752,0,217560,18510,0,192140,19488,0,161400,15454,0,104460,9241,0,108480,11333,0,137620,10465,0,80900,13966
2,2025,'050800200',122,  ,KG,0,10000,1059,0,0,0,0,0,0,0,10000,1059,0,0,0,0,0,0,0,0,0,0,0,0,0,0,0,0,0,0,0,0,0,0,0,0,0,0,0
2,2025,'050800200',123,  ,KG,0,2127,2722,0,0,0,0,0,0,0,0,0,0,250,367,0,250,363,0,0,0,0,0,0,0,0,0,0,250,333,0,1377,1659,0,0,0,0,0,0
2,2025,'050800200',141,  ,KG,0,50,1050,0,0,0,0,0,0,0,0,0,0,0,0,0,0,0,0,50,1050,0,0,0,0,0,0,0,0,0,0,0,0,0,0,0,0,0,0
2,2025,'050800200',208,  ,KG,0,12800,1134,0,3000,249,0,6800,634,0,0,0,0,0,0,0,0,0,0,0,0,0,0,0,0,0,0,0,0,0,0,3000,251,0,0,0,0,0,0
2,2025,'050800200',210,  ,KG,0,296,956,0,0,0,0,60,335,0,0,0,0,0,0,0,0,0,0,0,0,0,176,253,0,0,0,0,0,0,0,60,368,0,0,0,0,0,0
2,2025,'050800200',220,  ,KG,0,271,894,0,0,0,0,70,215,0,100,333,0,0,0,0,0,0,0,0,0,0,101,346,0,0,0,0,0,0,0,0,0,0,0,0,0,0,0
2,2025,'050800200',302,  ,KG,0,45733,14895,0,3236,503,0,0,0,0,0,0,0,0,0,0,0,0,0,0,0,0,0,0,0,0,0,0,20000,5365,0,0,0,0,22497,9027,0,0,0
2,2025,'050800200',304,  ,KG,0,59874,30398,0,0,0,0,0,0,0,0,0,0,0,0,0,0,0,0,0,0,0,0,0,0,0,0,0,19958,9785,0,19958,10574,0,19958,10039,0,0,0
2,2025,'050800200',406,  ,KG,0,724390,113764,0,0,0,0,0,0,0,97000,15265,0,0,0,0,96000,14809,0,99000,15044,0,0,0,0,0,0,0,120040,18651,0,120000,18778,0,96320,15492,0,96030,15725
2,2025,'050800200',504,  ,KG,0,75000,4399,0,25000,1544,0,0,0,0,0,0,0,0,0,0,0,0,0,25000,1409,0,25000,1446,0,0,0,0,0,0,0,0,0,0,0,0,0,0,0
2,2025,'050800200',541,  ,KG,0,150,3452,0,0,0,0,0,0,0,0,0,0,0,0,0,0,0,0,150,3452,0,0,0,0,0,0,0,0,0,0,0,0,0,0,0,0,0,0
2,2025,'050800200',546,  ,KG,0,391,2272,0,0,0,0,0,0,0,0,0,0,391,2272,0,0,0,0,0,0,0,0,0,0,0,0,0,0,0,0,0,0,0,0,0,0,0,0
2,2025,'050800200',601,  ,KG,0,5628,4345,0,2740,2150,0,20,202,0,0,0,0,0,0,0,0,0,0,0,0,0,0,0,0,8,266,0,0,0,0,0,0,0,2860,1727,0,0,0
2,2025,'051000110',224,  ,KG,0,2,43479,0,0,0,0,0,0,0,0,0,0,0,232,0,0,0,0,0,0,0,0,0,0,2,43247,0,0,0,0,0,0,0,0,0,0,0,0
2,2025,'051000190',305,  ,KG,0,1,126159,0,0,10674,0,0,9993,0,0,9600,0,0,9284,0,0,9377,0,0,9425,0,0,0,0,0,9947,0,0,0,0,0,19519,0,0,9992,0,1,28348
2,2025,'051000190',311,  ,KG,0,0,7786,0,0,4910,0,0,2876,0,0,0,0,0,0,0,0,0,0,0,0,0,0,0,0,0,0,0,0,0,0,0,0,0,0,0,0,0,0
2,2025,'051000190',401,  ,KG,0,0,74805,0,0,0,0,0,0,0,0,0,0,0,9964,0,0,0,0,0,9502,0,0,0,0,0,8853,0,0,8914,0,0,8065,0,0,20112,0,0,9395
2,2025,'051000190',410,  ,KG,0,279,4825068,0,21,418590,0,39,682355,0,27,552578,0,30,543067,0,30,503476,0,26,427381,0,19,320266,0,17,254041,0,27,443921,0,0,0,0,18,299864,0,25,379529
2,2025,'051000190',601,  ,KG,0,2,35489,0,0,0,0,0,0,0,0,0,0,0,0,0,0,0,0,0,0,0,0,0,0,0,0,0,0,0,0,0,0,0,0,0,0,2,35489
2,2025,'051000200',107,  ,KG,0,12855,34977,0,0,0,0,1100,3080,0,0,0,0,0,0,0,0,0,0,3000,8400,0,1100,3080,0,3905,10934,0,0,0,0,2100,5380,0,0,0,0,1650,4103
2,2025,'051000200',206,  ,KG,0,1080,3875,0,0,0,0,0,0,0,0,0,0,0,0,0,0,0,0,0,0,0,0,0,0,0,0,0,1080,3875,0,0,0,0,0,0,0,0,0
2,2025,'051000200',210,  ,KG,0,15,209,0,0,0,0,0,0,0,0,0,0,0,0,0,0,0,0,0,0,0,0,0,0,0,0,0,0,0,0,0,0,0,15,209,0,0,0
2,2025,'051000200',302,  ,KG,0,48864,48236,0,0,0,0,0,0,0,0,0,0,0,0,0,24469,29995,0,0,0,0,0,0,0,0,0,0,24395,18241,0,0,0,0,0,0,0,0,0
2,2025,'051000200',304,  ,KG,0,267,12049,0,0,0,0,0,0,0,0,0,0,12,1301,0,0,0,0,0,0,0,0,0,0,0,0,0,0,0,0,200,7557,0,0,0,0,55,3191
2,2025,'051000200',410,  ,KG,0,1399,665,0,0,0,0,0,0,0,0,0,0,0,0,0,0,0,0,1399,665,0,0,0,0,0,0,0,0,0,0,0,0,0,0,0,0,0,0
2,2025,'051000200',412,  ,KG,0,5242,6551,0,498,655,0,0,0,0,1314,1664,0,510,629,0,508,609,0,402,482,0,502,610,0,0,0,0,500,615,0,0,0,0,501,629,0,507,658
2,2025,'051000200',413,  ,KG,0,8332,6949,0,627,613,0,0,0,0,2782,2327,0,0,0,0,0,0,0,0,0,0,4706,3773,0,0,0,0,217,236,0,0,0,0,0,0,0,0,0
2,2025,'051000200',538,  ,KG,0,80,10915,0,0,0,0,0,0,0,80,10915,0,0,0,0,0,0,0,0,0,0,0,0,0,0,0,0,0,0,0,0,0,0,0,0,0,0,0
2,2025,'051000200',601,  ,KG,0,11379,30472,0,0,0,0,0,0,0,0,0,0,0,0,0,0,0,0,0,0,0,0,0,0,200,1316,0,10822,27621,0,0,0,0,0,0,0,357,1535
2,2025,'051000200',606,  ,KG,0,8147,31516,0,0,0,0,0,0,0,0,0,0,0,0,0,4997,18638,0,0,0,0,0,0,0,0,0,0,3150,12878,0,0,0,0,0,0,0,0,0
2,2025,'051110000',207,  ,KG,0,11,53820,0,1,3561,0,2,6397,0,4,11019,0,1,4849,0,1,6340,0,0,3001,0,1,5743,0,0,4211,0,1,3038,0,0,2153,0,0,3508,0,0,0
2,2025,'051110000',210,  ,KG,0,0,2618,0,0,0,0,0,0,0,0,2618,0,0,0,0,0,0,0,0,0,0,0,0,0,0,0,0,0,0,0,0,0,0,0,0,0,0,0
2,2025,'051110000',302,  ,KG,0,47,446723,0,8,55296,0,6,41312,0,6,47438,0,3,22382,0,3,26279,0,3,38565,0,2,27951,0,1,22097,0,0,8629,0,11,94490,0,2,28680,0,2,33604
2,2025,'051110000',304,  ,KG,0,236,1606757,0,20,132251,0,14,102218,0,22,162126,0,26,177747,0,24,137839,0,31,218672,0,17,102254,0,17,121418,0,18,116535,0,16,120023,0,18,115625,0,13,100049
2,2025,'051191110',105,  ,KG,0,1520375,892189,0,118440,61035,0,58980,47559,0,150230,88122,0,222480,103596,0,177505,80550,0,145940,90987,0,81960,52632,0,82420,52784,0,112980,72132,0,118440,80977,0,132980,81142,0,118020,80673
2,2025,'051191110',110,  ,KG,0,225950,130888,0,0,0,0,20550,12833,0,35600,16939,0,0,0,0,21600,12420,0,21510,12419,0,21510,12499,0,21510,12704,0,21510,12706,0,21510,13010,0,0,0,0,40650,25358
2,2025,'051191110',111,  ,KG,0,266125,176722,0,25375,17909,0,26250,18273,0,16625,11202,0,15750,10716,0,32375,21637,0,11375,7157,0,13125,8374,0,32375,21049,0,20125,13018,0,32375,21294,0,20250,12286,0,20125,13807
2,2025,'051191110',118,  ,KG,0,1602320,414440,0,109460,23665,0,131420,37970,0,168620,40878,0,127360,24564,0,143580,55695,0,80980,37250,0,244700,39732,0,81700,25901,0,130000,44503,0,104600,16998,0,114400,35087,0,165500,32197
2,2025,'051191110',123,  ,KG,0,427200,218870,0,22400,12098,0,44800,24196,0,44800,24196,0,22400,12096,0,22400,11760,0,56800,26547,0,22400,11760,0,44800,23296,0,22400,11536,0,44800,23184,0,44800,23296,0,34400,14905
2,2025,'051191110',236,  ,KG,0,200,819,0,0,0,0,200,819,0,0,0,0,0,0,0,0,0,0,0,0,0,0,0,0,0,0,0,0,0,0,0,0,0,0,0,0,0,0
2,2025,'051191110',307,  ,KG,0,47250,30864,0,0,0,0,6125,4038,0,0,0,0,875,575,0,7875,5419,0,8750,5944,0,0,0,0,7875,5034,0,0,0,0,7875,4793,0,7875,5061,0,0,0
2,2025,'051191110',311,  ,KG,0,36750,22362,0,14875,8943,0,7875,4710,0,3500,2181,0,3500,2205,0,0,0,0,0,0,0,7000,4323,0,0,0,0,0,0,0,0,0,0,0,0,0,0,0
2,2025,'051191110',410,  ,KG,0,208000,173383,0,26000,27508,0,26000,23660,0,0,0,0,26000,20072,0,26000,19656,0,0,0,0,26000,19084,0,0,0,0,26000,20668,0,26000,20876,0,0,0,0,26000,21859
2,2025,'051191110',510,  ,KG,0,286000,21623,0,0,0,0,26000,1945,0,0,0,0,26000,1904,0,26000,1880,0,26000,1911,0,52000,3982,0,0,0,0,52000,4044,0,52000,3952,0,0,0,0,26000,2005
2,2025,'051191120',201,  ,KG,0,253,70210,0,20,5589,0,20,5461,0,20,6170,0,20,6139,0,25,7195,0,20,5902,0,28,5965,0,20,6181,0,20,5290,0,20,5296,0,20,5462,0,20,5560
2,2025,'051191120',202,  ,KG,0,6,448,0,0,0,0,0,0,0,0,0,0,0,0,0,0,0,0,0,0,0,0,0,0,0,0,0,0,219,0,0,0,0,0,0,0,6,229
2,2025,'051191120',213,  ,KG,0,0,801,0,0,0,0,0,0,0,0,0,0,0,801,0,0,0,0,0,0,0,0,0,0,0,0,0,0,0,0,0,0,0,0,0,0,0,0
2,2025,'051191120',304,  ,KG,0,2299,160740,0,334,39415,0,66,3259,0,104,4843,0,149,6349,0,114,6510,0,67,2842,0,55,3987,0,39,3772,0,28,1470,0,270,14538,0,312,18639,0,761,55116
2,2025,'051191190',105,  ,KG,0,4493,36251,0,127,1506,0,344,2900,0,0,0,0,1000,8208,0,404,3403,0,200,1320,0,0,0,0,0,0,0,0,0,0,2000,13807,0,0,0,0,418,5107
2,2025,'051191190',110,  ,KG,0,602,19140,0,0,0,0,0,0,0,51,1660,0,0,0,0,500,15805,0,0,0,0,0,0,0,51,1675,0,0,0,0,0,0,0,0,0,0,0,0
2,2025,'051191190',304,  ,KG,0,38731,367636,0,2175,19227,0,6128,70920,0,4620,42587,0,1601,15645,0,5267,44697,0,1090,8812,0,6027,56407,0,375,3578,0,3500,33065,0,749,8235,0,4043,34270,0,3156,30193
2,2025,'051191200',103,  ,KG,0,6682345,1128044,0,0,0,0,0,0,0,5,2724,0,178080,8231,0,71850,3223,0,1035740,172888,0,2537269,433989,0,1232000,208096,0,1470600,266743,0,97600,18511,0,59200,13078,0,1,561
2,2025,'051191200',105,  ,KG,0,6670434,752445,0,387218,69323,0,218195,13811,0,161915,35861,0,920179,91146,0,1363459,128382,0,751391,85846,0,421311,50869,0,638530,56705,0,658430,62779,0,399565,37782,0,317080,58427,0,433161,61514
2,2025,'051191200',106,  ,KG,0,2852,20696,0,160,1215,0,286,2204,0,422,2818,0,336,2558,0,373,2115,0,151,1031,0,142,1056,0,249,1511,0,0,0,0,313,3004,0,108,717,0,312,2467
2,2025,'051191200',110,  ,KG,0,66000,38257,0,0,0,0,0,0,0,0,0,0,0,0,0,0,0,0,14000,7980,0,0,0,0,26000,14895,0,0,0,0,26000,15382,0,0,0,0,0,0
2,2025,'051191200',117,  ,KG,0,74,360,0,0,0,0,0,0,0,0,0,0,0,0,0,0,0,0,0,0,0,74,360,0,0,0,0,0,0,0,0,0,0,0,0,0,0,0
2,2025,'051191200',202,  ,KG,0,121,4056,0,77,832,0,0,0,0,0,0,0,0,0,0,0,0,0,14,1410,0,14,808,0,16,1006,0,0,0,0,0,0,0,0,0,0,0,0
2,2025,'051191200',213,  ,KG,0,136,895,0,0,0,0,72,451,0,0,0,0,0,0,0,0,0,0,64,444,0,0,0,0,0,0,0,0,0,0,0,0,0,0,0,0,0,0
2,2025,'051191200',302,  ,KG,0,542,13198,0,0,0,0,0,0,0,169,4389,0,0,0,0,0,0,0,0,0,0,0,0,0,150,3432,0,0,0,0,173,4042,0,50,1335,0,0,0
2,2025,'051191200',304,  ,KG,0,407,5581,0,139,1816,0,0,0,0,0,0,0,39,519,0,0,0,0,91,1112,0,0,0,0,133,1628,0,0,0,0,5,506,0,0,0,0,0,0
2,2025,'051199110',103,  ,KG,0,308000,30372,0,28000,2776,0,28000,2772,0,28000,2762,0,28000,2760,0,28000,2754,0,28000,2754,0,28000,2750,0,28000,2756,0,28000,2758,0,28000,2762,0,28000,2768,0,0,0
2,2025,'051199110',105,  ,KG,0,137169,271302,0,5400,12881,0,0,0,0,11100,3410,0,420,634,0,1800,4084,0,14440,31252,0,0,0,0,39686,83365,0,20584,43954,0,20280,42485,0,5760,11647,0,17699,37590
2,2025,'051199110',107,  ,KG,0,8618,42394,0,845,4253,0,526,2046,0,547,2605,0,453,2067,0,273,1279,0,1137,5249,0,666,3250,0,552,2617,0,703,3482,0,835,4195,0,937,5117,0,1144,6234
2,2025,'051199110',111,  ,KG,0,112000,32449,0,22400,6788,0,0,0,0,22400,6358,0,22400,6362,0,0,0,0,22400,6155,0,0,0,0,0,0,0,0,0,0,22400,6786,0,0,0,0,0,0
2,2025,'051199110',123,  ,KG,0,36550,68503,0,3010,5933,0,2950,5726,0,3400,6361,0,2790,5253,0,3000,5396,0,6150,11119,0,0,0,0,6090,11226,0,0,0,0,3160,5858,0,3000,5773,0,3000,5858
2,2025,'051199110',205,  ,KG,0,6800,1955,0,0,0,0,0,0,0,0,0,0,0,0,0,0,0,0,6800,1955,0,0,0,0,0,0,0,0,0,0,0,0,0,0,0,0,0,0
2,2025,'051199110',206,  ,KG,0,150362,47703,0,26780,9963,0,0,0,0,4389,1463,0,16370,4451,0,0,0,0,23600,6595,0,0,0,0,35945,11384,0,6526,2903,0,0,0,0,28812,7733,0,7940,3211
2,2025,'051199110',210,  ,KG,0,57420,7143,0,0,0,0,0,0,0,0,0,0,0,0,0,5060,1801,0,24000,1970,0,26360,2646,0,0,0,0,0,0,0,2000,726,0,0,0,0,0,0
2,2025,'051199110',218,  ,KG,0,18450,5466,0,0,0,0,0,0,0,11891,3550,0,0,0,0,0,0,0,0,0,0,6559,1916,0,0,0,0,0,0,0,0,0,0,0,0,0,0,0
2,2025,'051199110',223,  ,KG,0,12845,4778,0,5215,2459,0,0,0,0,0,0,0,0,0,0,0,0,0,0,0,0,3285,961,0,0,0,0,0,0,0,0,0,0,0,0,0,4345,1358
2,2025,'051199110',302,  ,KG,0,238621,73744,0,0,0,0,35669,16074,0,0,0,0,45289,15406,0,22673,7542,0,0,0,0,0,0,0,22673,5525,0,22816,7241,0,44872,11539,0,44629,10417,0,0,0
2,2025,'051199110',304,  ,KG,0,1268487,466964,0,68953,26751,0,122464,58427,0,92093,61622,0,179729,61987,0,212049,66780,0,98177,34611,0,117706,37414,0,63664,19866,0,129343,39130,0,42703,14283,0,74031,23549,0,67575,22544
2,2025,'051199110',305,  ,KG,0,117404,57980,0,6695,3029,0,3198,2036,0,9002,4281,0,17290,8640,0,3708,1766,0,7234,3079,0,22268,9752,0,10512,5527,0,6444,3619,0,11892,5392,0,10301,5678,0,8860,5181
2,2025,'051199110',310,  ,KG,0,18542,8361,0,1142,756,0,0,0,0,1224,593,0,1129,537,0,1374,600,0,1483,634,0,0,0,0,2830,1215,0,1959,851,0,1415,632,0,3891,1631,0,2095,912
2,2025,'051199110',407,  ,KG,0,350,1290,0,0,0,0,0,0,0,0,0,0,350,1290,0,0,0,0,0,0,0,0,0,0,0,0,0,0,0,0,0,0,0,0,0,0,0,0
2,2025,'051199110',409,  ,KG,0,7684,3535,0,621,283,0,693,334,0,1005,440,0,610,267,0,799,347,0,495,216,0,691,307,0,714,334,0,655,311,0,0,0,0,585,283,0,816,413
2,2025,'051199110',410,  ,KG,0,65867,38190,0,8891,5943,0,8654,4116,0,0,0,0,4630,2734,0,288,209,0,735,430,0,18359,11556,0,779,522,0,8959,5003,0,13978,7289,0,594,388,0,0,0
2,2025,'051199110',412,  ,KG,0,31226,29353,0,3825,3564,0,1619,1515,0,2875,2737,0,1725,1593,0,2637,3443,0,3470,2889,0,2100,1912,0,1775,1635,0,4139,3590,0,1900,1772,0,2808,2601,0,2353,2102
2,2025,'051199110',413,  ,KG,0,54550,27828,0,7617,3698,0,2844,1194,0,0,0,0,4008,2310,0,2004,1149,0,2800,928,0,13328,7559,0,2754,1588,0,3009,1905,0,3400,1170,0,6992,3090,0,5794,3237
2,2025,'051199110',601,  ,KG,0,1493733,1342438,0,122815,75663,0,94931,72313,0,52179,17491,0,112147,31926,0,85913,70128,0,136236,117971,0,110868,90179,0,157015,147532,0,127375,181880,0,156312,139620,0,209578,268138,0,128364,129597
2,2025,'051199110',606,  ,KG,0,106935,161111,0,13500,19695,0,2804,6428,0,360,1462,0,11403,4740,0,5850,2038,0,0,0,0,17985,22192,0,9075,3095,0,10331,21935,0,5047,11383,0,9883,21800,0,20697,46343
2,2025,'051199120',105,  ,KG,0,21654,110950,0,3655,22668,0,0,0,0,1125,2760,0,2034,13919,0,1886,6567,0,1906,9631,0,3885,19630,0,2552,15516,0,2172,10191,0,0,0,0,0,0,0,2439,10068
2,2025,'051199120',205,  ,KG,0,8,2741,0,0,0,0,0,0,0,0,0,0,0,0,0,0,0,0,0,0,0,1,452,0,0,0,0,0,0,0,0,0,0,7,2289,0,0,0
2,2025,'051199190',105,  ,KG,0,0,8257,0,0,0,0,0,0,0,0,2482,0,0,0,0,0,0,0,0,731,0,0,1243,0,0,0,0,0,2706,0,0,0,0,0,0,0,0,1095
2,2025,'051199190',207,  ,KG,0,1,1748,0,1,250,0,0,0,0,0,0,0,0,0,0,0,0,0,0,0,0,0,0,0,0,294,0,0,293,0,0,300,0,0,302,0,0,309
2,2025,'051199190',304,  ,KG,0,0,6931,0,0,1284,0,0,5355,0,0,0,0,0,0,0,0,0,0,0,292,0,0,0,0,0,0,0,0,0,0,0,0,0,0,0,0,0,0
2,2025,'051199210',117,  ,KG,0,714,27974,0,38,3095,0,49,1697,0,91,3892,0,17,1068,0,0,0,0,73,2927,0,17,914,0,97,2788,0,32,2314,0,88,3461,0,123,2797,0,89,3021
2,2025,'051199210',220,  ,KG,0,89,3886,0,0,0,0,0,0,0,0,0,0,11,1038,0,0,0,0,0,0,0,76,2620,0,0,0,0,2,228,0,0,0,0,0,0,0,0,0
2,2025,'051199210',230,  ,KG,0,150,7981,0,36,1153,0,24,1172,0,17,977,0,6,254,0,0,0,0,22,968,0,10,491,0,25,1354,0,1,238,0,4,690,0,3,290,0,2,394
2,2025,'051199210',304,  ,KG,0,76,2561,0,13,379,0,0,0,0,27,748,0,11,326,0,13,317,0,4,258,0,8,533,0,0,0,0,0,0,0,0,0,0,0,0,0,0,0
2,2025,'051199900',103,  ,KG,0,4226,8982,0,0,0,0,0,0,0,966,2982,0,0,0,0,0,0,0,0,0,0,0,0,0,2000,1692,0,0,0,0,0,0,0,0,0,0,1260,4308
2,2025,'051199900',105,  ,KG,0,1065632,866699,0,62193,62275,0,44712,48393,0,47421,41363,0,42504,42232,0,123306,120777,0,33782,14917,0,108582,111899,0,184659,96799,0,60900,58329,0,109222,92794,0,44834,54689,0,203517,122232
2,2025,'051199900',110,  ,KG,0,5656,3238,0,0,0,0,0,0,0,0,0,0,0,0,0,0,0,0,3500,1334,0,600,277,0,300,211,0,0,0,0,0,0,0,0,0,0,1256,1416
2,2025,'051199900',111,  ,KG,0,8642,27006,0,592,307,0,0,0,0,560,298,0,560,285,0,250,500,0,560,291,0,0,0,0,0,0,0,560,298,0,2000,9714,0,560,305,0,3000,15008
2,2025,'051199900',112,  ,KG,0,5,6896,0,0,0,0,0,0,0,0,0,0,0,0,0,0,0,0,0,0,0,1,1584,0,2,2320,0,2,2992,0,0,0,0,0,0,0,0,0
2,2025,'051199900',113,  ,KG,0,181150,42921,0,0,0,0,26150,6265,0,0,0,0,0,0,0,0,0,0,25500,5729,0,2000,723,0,25500,5888,0,25500,5910,0,25500,6037,0,25500,6149,0,25500,6220
2,2025,'051199900',117,  ,KG,0,78,1155,0,0,0,0,0,0,0,0,0,0,16,853,0,0,0,0,0,0,0,0,0,0,0,0,0,0,0,0,0,0,0,0,0,0,62,302
2,2025,'051199900',118,  ,KG,0,55837,49296,0,9643,8026,0,192,399,0,14244,14941,0,707,944,0,300,294,0,15384,13981,0,0,0,0,0,0,0,612,786,0,8787,4970,0,5968,4955,0,0,0
2,2025,'051199900',123,  ,KG,0,93000,29135,0,21000,5290,0,9000,2080,0,0,0,0,21000,4449,0,0,0,0,0,0,0,21000,4454,0,0,8178,0,0,0,0,0,0,0,21000,4684,0,0,0
2,2025,'051199900',155,  ,KG,0,0,861,0,0,0,0,0,0,0,0,0,0,0,0,0,0,0,0,0,0,0,0,861,0,0,0,0,0,0,0,0,0,0,0,0,0,0,0
2,2025,'051199900',203,  ,KG,0,0,1056,0,0,0,0,0,0,0,0,0,0,0,0,0,0,0,0,0,0,0,0,0,0,0,0,0,0,0,0,0,0,0,0,0,0,0,1056
2,2025,'051199900',205,  ,KG,0,7,16082,0,2,201,0,0,0,0,0,207,0,0,579,0,0,0,0,0,202,0,0,233,0,0,1525,0,5,12546,0,0,231,0,0,358,0,0,0
2,2025,'051199900',207,  ,KG,0,0,26858,0,0,0,0,0,0,0,0,0,0,0,0,0,0,0,0,0,0,0,0,0,0,0,12397,0,0,0,0,0,0,0,0,0,0,0,14461
2,2025,'051199900',208,  ,KG,0,0,1927,0,0,0,0,0,0,0,0,1927,0,0,0,0,0,0,0,0,0,0,0,0,0,0,0,0,0,0,0,0,0,0,0,0,0,0,0
2,2025,'051199900',210,  ,KG,0,18131,23652,0,0,2904,0,3000,2361,0,0,0,0,14,1990,0,11060,3584,0,0,0,0,1017,2776,0,0,0,0,5,4111,0,3029,4891,0,0,0,0,6,1035
2,2025,'051199900',213,  ,KG,0,20,3445,0,0,0,0,10,1290,0,0,0,0,0,0,0,0,0,0,0,0,0,0,0,0,0,781,0,10,1374,0,0,0,0,0,0,0,0,0
2,2025,'051199900',215,  ,KG,0,466,40783,0,0,0,0,1,36059,0,0,0,0,0,0,0,0,0,0,465,4724,0,0,0,0,0,0,0,0,0,0,0,0,0,0,0,0,0,0
2,2025,'051199900',218,  ,KG,0,24177,32307,0,2815,6396,0,1382,644,0,0,0,0,4834,3516,0,2709,1497,0,0,0,0,471,10873,0,1346,941,0,0,0,0,6418,3199,0,4202,5241,0,0,0
2,2025,'051199900',220,  ,KG,0,0,326,0,0,0,0,0,0,0,0,326,0,0,0,0,0,0,0,0,0,0,0,0,0,0,0,0,0,0,0,0,0,0,0,0,0,0,0
2,2025,'051199900',223,  ,KG,0,519,22270,0,519,1680,0,0,0,0,0,0,0,0,0,0,0,0,0,0,0,0,0,0,0,0,0,0,0,0,0,0,20590,0,0,0,0,0,0
2,2025,'051199900',224,  ,KG,0,7,6013,0,0,0,0,0,683,0,0,239,0,1,322,0,0,322,0,1,449,0,1,979,0,0,0,0,2,1135,0,1,339,0,0,511,0,1,1034
2,2025,'051199900',225,  ,KG,0,2,47908,0,0,0,0,0,0,0,0,0,0,1,10799,0,0,0,0,0,0,0,0,5660,0,1,8577,0,0,4858,0,0,10939,0,0,0,0,0,7075
2,2025,'051199900',302,  ,KG,0,45,43014,0,0,4280,0,0,0,0,45,4952,0,0,3540,0,0,11119,0,0,8525,0,0,0,0,0,652,0,0,3859,0,0,0,0,0,0,0,0,6087
2,2025,'051199900',304,  ,KG,0,18510,788237,0,233,43136,0,1871,110420,0,683,28434,0,3358,66060,0,1105,66070,0,1892,51508,0,1771,58205,0,2632,110911,0,387,50231,0,2858,75496,0,922,84293,0,798,43473
2,2025,'051199900',305,  ,KG,0,35227,25687,0,2214,1708,0,2216,1800,0,2606,2057,0,4152,3343,0,2099,1429,0,3313,2058,0,4129,2824,0,4054,2839,0,2510,1825,0,3275,2327,0,3658,2665,0,1001,812
2,2025,'051199900',310,  ,KG,0,8818,3405,0,2245,1338,0,0,0,0,0,0,0,4563,1570,0,0,0,0,1110,271,0,0,0,0,900,226,0,0,0,0,0,0,0,0,0,0,0,0
2,2025,'051199900',311,  ,KG,0,6,213,0,0,0,0,0,0,0,0,0,0,0,0,0,0,0,0,0,0,0,0,0,0,0,0,0,0,0,0,0,0,0,0,0,0,6,213
2,2025,'051199900',312,  ,KG,0,5300,1196,0,0,0,0,0,0,0,0,0,0,0,0,0,0,0,0,1000,243,0,0,0,0,0,0,0,4300,953,0,0,0,0,0,0,0,0,0
2,2025,'051199900',407,  ,KG,0,20033,298563,0,0,0,0,10000,134833,0,33,855,0,0,0,0,0,0,0,0,0,0,0,0,0,0,0,0,0,0,0,10000,162875,0,0,0,0,0,0
2,2025,'051199900',409,  ,KG,0,9749,5440,0,1161,833,0,396,344,0,0,0,0,1290,846,0,0,0,0,499,264,0,1549,867,0,3225,1429,0,628,324,0,1001,533,0,0,0,0,0,0
2,2025,'051199900',410,  ,KG,0,101111,31965,0,0,0,0,40000,11871,0,0,0,0,20000,6267,0,0,0,0,20000,6044,0,0,0,0,1111,1549,0,20000,6234,0,0,0,0,0,0,0,0,0
2,2025,'051199900',412,  ,KG,0,492,271,0,492,271,0,0,0,0,0,0,0,0,0,0,0,0,0,0,0,0,0,0,0,0,0,0,0,0,0,0,0,0,0,0,0,0,0
2,2025,'051199900',501,  ,KG,0,110,12411,0,0,0,0,0,0,0,0,0,0,0,0,0,0,0,0,0,0,0,10,1802,0,40,4453,0,0,0,0,45,3485,0,0,0,0,15,2671
2,2025,'051199900',601,  ,KG,0,37532,28938,0,6852,5546,0,0,0,0,0,0,0,10309,8228,0,1802,1220,0,0,0,0,2840,1997,0,1100,632,0,2757,4301,0,2209,1440,0,2001,1248,0,7662,4326
2,2025,'051199900',606,  ,KG,0,3487,26228,0,0,0,0,121,711,0,83,532,0,0,0,0,58,371,0,703,5685,0,0,0,0,0,0,0,1019,8176,0,0,0,0,1503,10753,0,0,0
2,2025,'05XXXXXXA',127,  ,KG,0,229000,110524,0,23000,12958,0,23000,12679,0,0,0,0,20000,10729,0,20000,9803,0,0,0,0,40000,18927,0,0,0,0,20000,8510,0,43000,18966,0,20000,8901,0,20000,9051
2,2025,'05XXXXXXA',410,  ,KG,0,14,203251,0,0,0,0,0,0,0,0,0,0,0,0,0,0,0,0,0,0,0,0,0,0,0,0,0,0,0,0,14,203251,0,0,0,0,0,0
2,2025,'05XXXXXXA',538,  ,KG,0,30,4565,0,0,0,0,0,0,0,0,0,0,0,0,0,0,0,0,30,4565,0,0,0,0,0,0,0,0,0,0,0,0,0,0,0,0,0,0
